{"type":"FeatureCollection","name":"batas_administrasi_wgs84","crs":{"type":"name","properties":{"name":"urn:ogc:def:crs:OGC:1.3:CRS84"}},"features":[{"type":"Feature","properties":{"Kabupaten":"Bojonegoro"},"geometry":{"type":"MultiPolygon","coordinates":[[[[112.1522003,-7.1094194],[112.1522125,-7.109457],[112.1524434,-7.110175],[112.1526506,-7.1104691],[112.1528517,-7.1107547],[112.1530207,-7.1109471],[112.1529779,-7.1111196],[112.1529819,-7.1112132],[112.1529051,-7.1113744],[112.152857,-7.1115682],[112.1526333,-7.1121527],[112.1526053,-7.1122436],[112.1525483,-7.1124793],[112.1525358,-7.1128422],[112.1525306,-7.112995],[112.1525123,-7.1135275],[112.152387,-7.1140004],[112.1524222,-7.1140675],[112.1524526,-7.1141563],[112.1524615,-7.1142097],[112.1524788,-7.1146208],[112.1525022,-7.1147748],[112.1525019,-7.1151714],[112.1525075,-7.115995],[112.1531019,-7.1156876],[112.1531305,-7.1157122],[112.1531775,-7.1156594],[112.1534318,-7.1153737],[112.1534871,-7.1154392],[112.1535761,-7.1155396],[112.1537198,-7.115448],[112.1541221,-7.1153278],[112.1542778,-7.115746],[112.1543145,-7.1158483],[112.1542151,-7.1163061],[112.1542006,-7.1164978],[112.1540256,-7.1164994],[112.1540209,-7.1167279],[112.1542016,-7.1167444],[112.1541972,-7.1168928],[112.1541886,-7.1171838],[112.1541969,-7.1175941],[112.1541983,-7.1176645],[112.1542079,-7.1177566],[112.1542001,-7.1179222],[112.1542047,-7.1180001],[112.1542047,-7.1180002],[112.1541854,-7.1181042],[112.1541315,-7.1183052],[112.1541366,-7.1187574],[112.154128,-7.1190484],[112.1540774,-7.1192126],[112.1541037,-7.1194772],[112.1540664,-7.1196869],[112.1541042,-7.1197205],[112.1541018,-7.1198069],[112.1542872,-7.1197192],[112.1554285,-7.1191796],[112.1566231,-7.1186148],[112.1566135,-7.1183102],[112.1569268,-7.1182606],[112.1571231,-7.1182462],[112.1572161,-7.1183043],[112.1572498,-7.1183144],[112.1572921,-7.118327],[112.1573797,-7.118353],[112.1575299,-7.1182902],[112.1575305,-7.1182901],[112.1579013,-7.1182901],[112.1583582,-7.1183186],[112.1585438,-7.1183472],[112.1585599,-7.1183151],[112.158579,-7.1182769],[112.1586085,-7.1180612],[112.1586551,-7.1177201],[112.1587598,-7.1170538],[112.15899,-7.1170686],[112.1589908,-7.1170627],[112.1590457,-7.1170665],[112.1590499,-7.1169131],[112.1590501,-7.1169061],[112.1590618,-7.1168056],[112.1589494,-7.1168018],[112.1587504,-7.1167952],[112.1587527,-7.116459],[112.1587545,-7.1163417],[112.1587694,-7.1162775],[112.1587572,-7.1161746],[112.1587677,-7.1161462],[112.159072,-7.1161842],[112.1592738,-7.1162091],[112.1593071,-7.1159736],[112.1596307,-7.1160021],[112.1598282,-7.1160069],[112.1598573,-7.1159344],[112.1598644,-7.1158487],[112.1599082,-7.1157861],[112.1599437,-7.1157909],[112.1599453,-7.1157773],[112.16005,-7.1157773],[112.1601302,-7.1157726],[112.1601714,-7.1157702],[112.1602713,-7.1157631],[112.1602998,-7.115706],[112.160357,-7.1156703],[112.1603776,-7.1156614],[112.1604069,-7.1156489],[112.1607023,-7.115697],[112.1610637,-7.1157559],[112.1610971,-7.1157634],[112.1611723,-7.1157801],[112.1613891,-7.1158284],[112.1614021,-7.1157634],[112.1614471,-7.1155378],[112.1615819,-7.1155358],[112.1616957,-7.1150751],[112.1620588,-7.1151314],[112.1620998,-7.1151366],[112.162122,-7.1151765],[112.163809,-7.115343],[112.1639614,-7.1146962],[112.1639679,-7.1146688],[112.1641303,-7.1139796],[112.1641268,-7.1139793],[112.1639415,-7.113963],[112.1639404,-7.1139216],[112.1639354,-7.1138335],[112.1640636,-7.1130801],[112.1640827,-7.1128684],[112.1643226,-7.1128975],[112.1643968,-7.1129064],[112.1643766,-7.1130382],[112.1643598,-7.1131487],[112.1650487,-7.1132277],[112.1650626,-7.1130868],[112.165082,-7.1128898],[112.1651194,-7.1128925],[112.1652795,-7.1129041],[112.1654073,-7.1129133],[112.1654437,-7.112916],[112.1655484,-7.1131967],[112.1656269,-7.1134966],[112.165665,-7.1136155],[112.1656505,-7.1138171],[112.1656667,-7.1138244],[112.1656554,-7.1139223],[112.1656626,-7.114001],[112.1656436,-7.1142675],[112.1656222,-7.1143889],[112.1656079,-7.1146316],[112.1656081,-7.1146688],[112.1656103,-7.1151431],[112.1656448,-7.1151812],[112.1656626,-7.1152133],[112.1656769,-7.1152562],[112.1656841,-7.1152919],[112.1656876,-7.115349],[112.1656876,-7.1153989],[112.1656876,-7.1154489],[112.1656869,-7.1154581],[112.1656841,-7.1154953],[112.1656733,-7.1155488],[112.1656591,-7.1155881],[112.1656448,-7.1156309],[112.1656341,-7.1156809],[112.1655805,-7.1158558],[112.1655663,-7.1159522],[112.1655251,-7.1160629],[112.1655106,-7.1161697],[112.165507,-7.1161961],[112.165503,-7.1162457],[112.1655306,-7.1163198],[112.1655306,-7.116359],[112.1655341,-7.1163805],[112.1655341,-7.1164233],[112.1655377,-7.1164768],[112.1655341,-7.1165839],[112.1655413,-7.1166838],[112.1655366,-7.1168036],[112.1655377,-7.1168623],[112.1655377,-7.1169337],[112.165552,-7.116948],[112.1655752,-7.116982],[112.1656055,-7.1170265],[112.1656127,-7.1170872],[112.1656127,-7.117163],[112.1656127,-7.1172549],[112.1656091,-7.1173334],[112.1655984,-7.1174334],[112.1655877,-7.1175083],[112.1655698,-7.1175726],[112.1655663,-7.1176404],[112.165566,-7.1176432],[112.1655627,-7.1176796],[112.1655627,-7.1177403],[112.1655622,-7.1177455],[112.1655572,-7.1177975],[112.1655965,-7.1178118],[112.1656822,-7.1178403],[112.1655953,-7.1184934],[112.1655948,-7.118497],[112.164674,-7.1186897],[112.1642831,-7.1186184],[112.1642484,-7.118829],[112.1642315,-7.1189318],[112.1642261,-7.1189649],[112.1641263,-7.1195719],[112.1641029,-7.1197141],[112.1637178,-7.1196592],[112.163632,-7.120166],[112.163592,-7.120472],[112.1635902,-7.1204873],[112.1635162,-7.1205437],[112.1633986,-7.1206334],[112.1633723,-7.1206607],[112.1632765,-7.1207599],[112.1631838,-7.1207814],[112.1630321,-7.1207706],[112.1629767,-7.1210026],[112.1628988,-7.1211526],[112.1628358,-7.1212738],[112.1624693,-7.1211791],[112.1623063,-7.1211369],[112.1621487,-7.1215309],[112.1620559,-7.1216665],[112.1620223,-7.121772],[112.1620059,-7.1218236],[112.1619417,-7.1219877],[112.1619203,-7.1221376],[112.1618846,-7.122209],[112.1618275,-7.1223589],[112.1617162,-7.1224179],[112.1617092,-7.1225034],[112.1617058,-7.1225046],[112.1616394,-7.1225288],[112.1615961,-7.1225421],[112.1615373,-7.1225656],[112.1615218,-7.1225718],[112.161495,-7.1225986],[112.1614572,-7.1226781],[112.1614563,-7.1226802],[112.1614563,-7.1228372],[112.1614206,-7.1229443],[112.1613849,-7.1230514],[112.1613777,-7.1231656],[112.1613777,-7.1232298],[112.1613706,-7.1233012],[112.1613278,-7.1233583],[112.1613206,-7.1234797],[112.1613635,-7.1236296],[112.1613635,-7.1237152],[112.1613635,-7.1238009],[112.1612707,-7.1238509],[112.1612492,-7.1239437],[112.1612849,-7.1240721],[112.1613135,-7.1241293],[112.161392,-7.1242149],[112.1614705,-7.1242506],[112.1615134,-7.1242363],[112.1615299,-7.1241867],[112.1615419,-7.1241507],[112.1615646,-7.1241007],[112.1615776,-7.1240721],[112.1616419,-7.1241078],[112.1617061,-7.1242506],[112.1617127,-7.1242759],[112.1617418,-7.1243862],[112.1617775,-7.1245219],[112.161806,-7.1246004],[112.1618203,-7.1247146],[112.1617632,-7.1248288],[112.1617132,-7.1248931],[112.1617561,-7.1249644],[112.1618553,-7.1249831],[112.1618541,-7.1249967],[112.1619663,-7.124999],[112.1620059,-7.1250287],[112.1620202,-7.1251572],[112.1620131,-7.1252571],[112.162063,-7.1253571],[112.1620987,-7.1253785],[112.162163,-7.125457],[112.1621642,-7.1254709],[112.1621701,-7.1255355],[112.1621558,-7.1255926],[112.1620773,-7.1255998],[112.1620131,-7.1255998],[112.1619488,-7.1255926],[112.1619988,-7.1257497],[112.162063,-7.1258567],[112.1621344,-7.1260067],[112.1621507,-7.1260189],[112.1622201,-7.1260709],[112.1622915,-7.1261494],[112.1622915,-7.1262137],[112.1623486,-7.1263493],[112.1624128,-7.1264207],[112.1624628,-7.1265135],[112.1624985,-7.1265777],[112.1625199,-7.1266277],[112.1625199,-7.1267427],[112.1625199,-7.126749],[112.1625056,-7.1268918],[112.1624913,-7.127006],[112.1624699,-7.1270917],[112.1624699,-7.1272059],[112.1624699,-7.1274108],[112.1624699,-7.1275303],[112.1624699,-7.1276413],[112.1625342,-7.1277199],[112.1625376,-7.127725],[112.1625627,-7.1277627],[112.1625841,-7.1278555],[112.162577,-7.1279554],[112.162577,-7.1280411],[112.1626127,-7.1281482],[112.1626341,-7.1281767],[112.1626341,-7.1282552],[112.1626341,-7.1283195],[112.1626008,-7.1283993],[112.1625984,-7.1284051],[112.1625588,-7.1284268],[112.1625199,-7.128448],[112.1623843,-7.1285693],[112.1623271,-7.1287478],[112.1622843,-7.1289834],[112.1623457,-7.1291094],[112.1624075,-7.1292141],[112.1624313,-7.1292617],[112.1624742,-7.1293664],[112.1624803,-7.1294035],[112.1624806,-7.1294968],[112.1624689,-7.1296015],[112.1624259,-7.1298307],[112.1624127,-7.1299008],[112.1624065,-7.1299754],[112.162404,-7.1300055],[112.1623892,-7.1300833],[112.1623233,-7.1300745],[112.1622732,-7.1304036],[112.1623355,-7.1304103],[112.1623112,-7.1304892],[112.1623078,-7.1306226],[112.1623048,-7.1307422],[112.1622534,-7.1310616],[112.1622137,-7.1313192],[112.1622136,-7.1313192],[112.1622595,-7.1313598],[112.1623974,-7.1314695],[112.162535,-7.1314779],[112.1625306,-7.1315277],[112.1625633,-7.131833],[112.1625653,-7.1318536],[112.1625854,-7.1320591],[112.1624285,-7.1325405],[112.1623499,-7.132695],[112.1622174,-7.1329071],[112.1620634,-7.1331049],[112.161863,-7.1334429],[112.161727,-7.1336478],[112.1616701,-7.1339064],[112.1616187,-7.1340454],[112.161585,-7.1341368],[112.1615982,-7.1343159],[112.1615371,-7.1348685],[112.1615066,-7.1351928],[112.1614456,-7.1358012],[112.161293,-7.1364798],[112.1611938,-7.1370277],[112.1610565,-7.1375636],[112.1608429,-7.1381849],[112.1605682,-7.138605],[112.1603088,-7.1389965],[112.1601181,-7.1395086],[112.1602096,-7.1400432],[112.1602096,-7.1404733],[112.1601409,-7.1412939],[112.1600723,-7.1417021],[112.1597366,-7.1419453],[112.1591568,-7.142012],[112.1586456,-7.142013],[112.1580963,-7.1420707],[112.1575698,-7.1420712],[112.1573715,-7.1425981],[112.1572418,-7.143002],[112.1571197,-7.1432013],[112.1570205,-7.1434616],[112.1569137,-7.1437649],[112.1565933,-7.1446551],[112.1564407,-7.1450547],[112.1562881,-7.1452021],[112.15596,-7.1455564],[112.1557617,-7.1455235],[112.1554489,-7.1454987],[112.1547317,-7.1456069],[112.1545562,-7.1457991],[112.1543655,-7.1461376],[112.1541595,-7.1465987],[112.1536941,-7.1473741],[112.1537857,-7.1475081],[112.1538009,-7.147653],[112.1538009,-7.1477946],[112.1534271,-7.1479482],[112.1526947,-7.1480931],[112.152565,-7.1481432],[112.1523971,-7.1485809],[112.152359,-7.1488003],[112.1523895,-7.1489262],[112.1523866,-7.148936],[112.1523285,-7.1491331],[112.1522216,-7.149393],[112.1520309,-7.1494421],[112.1518478,-7.1494307],[112.1517028,-7.1494679],[112.1516723,-7.1495842],[112.1516189,-7.1500544],[112.1516494,-7.1505326],[112.1518325,-7.1510004],[112.1517868,-7.1511196],[112.1517028,-7.1513051],[112.1513595,-7.1525649],[112.1514511,-7.1526689],[112.1516037,-7.152841],[112.1516266,-7.1529931],[112.151535,-7.1531171],[112.1512298,-7.1534718],[112.151184,-7.1536745],[112.1511154,-7.1537932],[112.1510162,-7.1537923],[112.1509018,-7.1538257],[112.1508636,-7.1539191],[112.1508483,-7.154129],[112.1509018,-7.1544269],[112.1510238,-7.1544937],[112.1513671,-7.154591],[112.151596,-7.1546678],[112.1517334,-7.1547789],[112.1517944,-7.1549396],[112.1519012,-7.1551847],[112.1520538,-7.1552447],[112.1523666,-7.155353],[112.1523361,-7.1554679],[112.1522293,-7.1555523],[112.1520004,-7.1556176],[112.1517715,-7.15561],[112.151596,-7.1556329],[112.1515274,-7.1557459],[112.1515426,-7.1558961],[112.1516113,-7.1560525],[112.1517639,-7.1562938],[112.151802,-7.1565227],[112.1517563,-7.156927],[112.1516189,-7.157236],[112.1514816,-7.1576151],[112.1514663,-7.1579122],[112.1513214,-7.1581601],[112.1509323,-7.1584186],[112.1503753,-7.1586346],[112.1497421,-7.1586622],[112.148941,-7.1586126],[112.1480636,-7.1585287],[112.1474001,-7.1584191],[112.1473999,-7.158419],[112.1467361,-7.1583003],[112.1461258,-7.1581759],[112.1453781,-7.1579861],[112.1447691,-7.1578248],[112.1447677,-7.1578244],[112.1439437,-7.1576375],[112.1428375,-7.1574511],[112.1419754,-7.1573671],[112.1413345,-7.1573519],[112.1406021,-7.1573881],[112.1402206,-7.1574511],[112.1401291,-7.157627],[112.1399841,-7.1577324],[112.1397476,-7.157853],[112.1396103,-7.1579947],[112.1395187,-7.1582002],[112.1394348,-7.1584867],[112.1392974,-7.158925],[112.139244,-7.1590971],[112.1392135,-7.1592816],[112.139328,-7.1595554],[112.1394577,-7.1597943],[112.1395111,-7.1598867],[112.1396026,-7.1601323],[112.1396103,-7.1602372],[112.1394882,-7.1602811],[112.1393203,-7.1603197],[112.1390838,-7.1604957],[112.1389465,-7.1606726],[112.138855,-7.1609386],[112.1388548,-7.1609406],[112.1388015,-7.161468],[112.138771,-7.161641],[112.1386032,-7.1618733],[112.1384964,-7.1619963],[112.138504,-7.1620559],[112.1388168,-7.1622495],[112.1393508,-7.1624464],[112.1397705,-7.1625737],[112.1399002,-7.1626467],[112.1399688,-7.1627487],[112.1399307,-7.1628284],[112.1396408,-7.1629729],[112.1390304,-7.163164],[112.1386871,-7.1632399],[112.1384582,-7.163464],[112.1383209,-7.1635965],[112.1380691,-7.1635627],[112.1379013,-7.1635432],[112.1378097,-7.1635856],[112.1377334,-7.1637439],[112.1376953,-7.1641058],[112.1376953,-7.1643499],[112.1376419,-7.164463],[112.1374588,-7.164544],[112.13694,-7.1646465],[112.1367645,-7.1647114],[112.1366348,-7.1648573],[112.1363143,-7.1660475],[112.1361923,-7.1663498],[112.1360397,-7.1666612],[112.1359481,-7.1669869],[112.1359405,-7.1671995],[112.1361313,-7.1676139],[112.1362228,-7.1678032],[112.1362457,-7.168075],[112.1361694,-7.1684197],[112.1361693,-7.1684198],[112.1360855,-7.1685838],[112.1359252,-7.1687263],[112.1356582,-7.168868],[112.1354675,-7.1690477],[112.1354141,-7.1691951],[112.135437,-7.1693849],[112.1355667,-7.1697778],[112.1355819,-7.1699623],[112.1355056,-7.1701745],[112.1351931,-7.1705003],[112.1351928,-7.1705006],[112.1349182,-7.1708769],[112.1347961,-7.1711248],[112.1347503,-7.171862],[112.1347198,-7.172007],[112.1347191,-7.17201],[112.1344528,-7.1732129],[112.1342239,-7.1738624],[112.1341476,-7.1741008],[112.1341629,-7.1743631],[112.1341247,-7.175363],[112.1340637,-7.1757006],[112.133995,-7.175856],[112.1339035,-7.1759228],[112.1337432,-7.1759028],[112.133522,-7.1756381],[112.133377,-7.1754531],[112.1331939,-7.1753167],[112.1330566,-7.1752938],[112.1329574,-7.1753363],[112.1327896,-7.1757783],[112.132698,-7.1763715],[112.1325683,-7.1767821],[112.1325378,-7.1769122],[112.1325008,-7.1770402],[112.1324996,-7.1770443],[112.1325225,-7.1774038],[112.1325302,-7.1775855],[112.1321639,-7.1780075],[112.1320877,-7.1780962],[112.1319885,-7.178204],[112.131874,-7.1785754],[112.131813,-7.1787948],[112.1316909,-7.1789674],[112.1314544,-7.1791033],[112.131279,-7.1791767],[112.131195,-7.1801232],[112.1311874,-7.1801719],[112.1311645,-7.1803254],[112.1310195,-7.180602],[112.1308288,-7.1807493],[112.1307678,-7.18087],[112.1308059,-7.1811112],[112.1306381,-7.1821794],[112.1305262,-7.1823504],[112.1305236,-7.1823544],[112.1303253,-7.1826176],[112.1302261,-7.1830086],[112.1301193,-7.1834072],[112.1299743,-7.1836762],[112.1296997,-7.1840672],[112.1295928,-7.1841821],[112.1291885,-7.1842241],[112.129013,-7.1842002],[112.1288986,-7.1841187],[112.1287231,-7.1838759],[112.1285858,-7.1837906],[112.1284255,-7.1837877],[112.128006,-7.1841592],[112.127861,-7.1842484],[112.1276092,-7.1842841],[112.1274185,-7.1842646],[112.1272201,-7.1841496],[112.1269683,-7.1837076],[112.1268691,-7.1835441],[112.1267318,-7.1834253],[112.1265487,-7.1833781],[112.1263732,-7.183381],[112.1262588,-7.183443],[112.1261291,-7.1838855],[112.1260605,-7.1840343],[112.1258316,-7.1842245],[112.125679,-7.1844563],[112.1254196,-7.1848382],[112.1251678,-7.1853084],[112.125,-7.1854357],[112.1249982,-7.185436],[112.124649,-7.1854939],[112.1242904,-7.185657],[112.1241683,-7.1857909],[112.1241607,-7.1859955],[112.1242141,-7.1863536],[112.124115,-7.1865953],[112.1240005,-7.1868195],[112.1238861,-7.186892],[112.1238098,-7.1871299],[112.1238403,-7.1872606],[112.1241455,-7.187343],[112.1243972,-7.1874136],[112.1245117,-7.1875185],[112.1245498,-7.1875605],[112.1244812,-7.1879343],[112.1243209,-7.1882452],[112.1242141,-7.188558],[112.1241836,-7.188651],[112.124176,-7.1887154],[112.124115,-7.1889295],[112.124115,-7.1890515],[112.1241531,-7.1895031],[112.1241989,-7.1896733],[112.124443,-7.1899194],[112.1245803,-7.1900667],[112.1246414,-7.1902212],[112.1246414,-7.1903686],[112.1245575,-7.1905288],[112.1244277,-7.1906213],[112.1241989,-7.1906847],[112.1239242,-7.1906528],[112.1235733,-7.1906141],[112.1231842,-7.1903914],[112.1230239,-7.1903466],[112.1228713,-7.1903533],[112.122612,-7.1906632],[112.1224212,-7.1909865],[112.1222381,-7.1914071],[112.1221847,-7.1916732],[112.1221923,-7.1918468],[112.1222457,-7.1919598],[112.1223068,-7.1919955],[112.1223678,-7.1920346],[112.1224823,-7.1920399],[112.1226348,-7.1919416],[112.1227951,-7.1917667],[112.12294,-7.1916865],[112.1230239,-7.1916784],[112.1231765,-7.1922702],[112.123291,-7.1924976],[112.1233596,-7.1927713],[112.1233673,-7.1929568],[112.1232833,-7.1930989],[112.1228637,-7.1932444],[112.1227111,-7.1933164],[112.1225128,-7.1934714],[112.1224289,-7.1936068],[112.1223754,-7.1938552],[112.1223144,-7.1941322],[112.1223297,-7.1942777],[112.1226043,-7.1945104],[112.1226577,-7.1945662],[112.1226654,-7.1951489],[112.1226425,-7.1952676],[112.122528,-7.1953796],[112.1219558,-7.1956977],[112.1217651,-7.195887],[112.1216888,-7.1960048],[112.1216506,-7.1962666],[112.1217117,-7.196546],[112.1218338,-7.1968073],[112.1219101,-7.1973309],[112.1219024,-7.1974448],[112.1216583,-7.1974281],[112.1215667,-7.1974267],[112.1213684,-7.1975655],[112.1213679,-7.1975688],[112.1213302,-7.1978416],[112.1213073,-7.1979503],[112.1211319,-7.1981019],[112.1206741,-7.1982387],[112.1205444,-7.1982755],[112.1204528,-7.1984176],[112.1203231,-7.1986116],[112.1202316,-7.1987294],[112.1202316,-7.1988434],[112.1202545,-7.199263],[112.1203079,-7.1994867],[112.1203613,-7.1995968],[112.1205063,-7.1996659],[112.1207046,-7.1997146],[112.1208114,-7.1998056],[112.1209106,-7.2000336],[112.1209793,-7.2003774],[112.120964,-7.2006292],[112.1209258,-7.2007198],[112.1207961,-7.2007517],[112.1205749,-7.2007493],[112.1203689,-7.2007131],[112.1202621,-7.2007393],[112.1201705,-7.2008299],[112.1201476,-7.2009534],[112.1204834,-7.2013392],[112.120758,-7.201826],[112.1207597,-7.20183],[112.1208419,-7.2020201],[112.1211319,-7.2022762],[112.1212387,-7.2023787],[112.1212616,-7.2025489],[112.1212463,-7.2027015],[112.1212416,-7.2027114],[112.121231,-7.2027339],[112.1211853,-7.2028202],[112.1210479,-7.2028679],[112.120964,-7.2028503],[112.1207961,-7.2025203],[112.1207428,-7.2024459],[112.1205825,-7.2024106],[112.1203918,-7.2024521],[112.120285,-7.2025179],[112.1202468,-7.2029351],[112.120285,-7.2032637],[112.1204681,-7.203401],[112.1206741,-7.2035746],[112.1207885,-7.2038306],[112.1207885,-7.2039775],[112.1207428,-7.2041525],[112.1206512,-7.2042579],[112.1205063,-7.2043442],[112.1204071,-7.2043447],[112.1203537,-7.2042603],[112.1202392,-7.2040242],[112.1201324,-7.2040056],[112.1196899,-7.2040953],[112.1194229,-7.2041177],[112.1192398,-7.2041983],[112.1192322,-7.2042245],[112.1191864,-7.2043122],[112.1191711,-7.2044791],[112.1192093,-7.2047562],[112.1192855,-7.2048639],[112.1194381,-7.2049636],[112.1197967,-7.2050914],[112.1203384,-7.2052082],[112.1208801,-7.2053584],[112.1210861,-7.2054958],[112.1211242,-7.2056293],[112.1210785,-7.2057165],[112.1208648,-7.2059073],[112.1204452,-7.2061571],[112.1197128,-7.2065181],[112.119667,-7.2065391],[112.1194915,-7.2066092],[112.1187362,-7.2069019],[112.1185989,-7.2069363],[112.1181869,-7.2068981],[112.1173553,-7.206757],[112.117279,-7.2067431],[112.1172027,-7.2067932],[112.1171722,-7.2068161],[112.1170806,-7.206932],[112.117073,-7.2070712],[112.1172638,-7.2080945],[112.1173935,-7.208754],[112.1176147,-7.209217],[112.1176223,-7.2093724],[112.1175537,-7.2094421],[112.1172867,-7.209577],[112.1170196,-7.2097429],[112.1168746,-7.2099141],[112.1168746,-7.2100586],[112.1168899,-7.210091],[112.1169815,-7.2102641],[112.1171188,-7.210379],[112.1174087,-7.2104954],[112.1180877,-7.2107043],[112.118164,-7.2108206],[112.1182708,-7.2109422],[112.1186523,-7.2112316],[112.1186828,-7.2113871],[112.1186447,-7.2116994],[112.118576,-7.2119192],[112.1184463,-7.2121266],[112.1182937,-7.2122802],[112.1180572,-7.2124232],[112.1177215,-7.2125601],[112.1175689,-7.2125782],[112.1171341,-7.2125935],[112.116806,-7.2126531],[112.1159439,-7.2128958],[112.1156921,-7.2128486],[112.1154022,-7.2127904],[112.1148605,-7.2127632],[112.114418,-7.2128362],[112.1139831,-7.2129697],[112.1139602,-7.2129845],[112.1137619,-7.213107],[112.1136856,-7.213221],[112.1136016,-7.2134551],[112.1136703,-7.213623],[112.1138229,-7.2137712],[112.1140594,-7.214002],[112.1140136,-7.2141031],[112.1136322,-7.2149104],[112.1136169,-7.214939],[112.1134567,-7.2155642],[112.1133117,-7.2156505],[112.1132049,-7.2159375],[112.1130905,-7.2163719],[112.11306,-7.2168206],[112.1130218,-7.2170724],[112.1129531,-7.2171568],[112.1128616,-7.217163],[112.1120681,-7.2172012],[112.1113433,-7.2173194],[112.1111908,-7.2175082],[112.1111297,-7.2176584],[112.1108398,-7.218284],[112.1106033,-7.218316],[112.1103592,-7.2183575],[112.1100845,-7.2184066],[112.1098709,-7.2185315],[112.1097488,-7.2186751],[112.1096115,-7.2189283],[112.109581,-7.2191218],[112.1096038,-7.2192987],[112.1096573,-7.2197842],[112.1096191,-7.2200035],[112.1094894,-7.2201971],[112.1093521,-7.2202744],[112.1091995,-7.2203688],[112.1092834,-7.2205099],[112.1091308,-7.2205967],[112.1093139,-7.2207073],[112.1093597,-7.2208485],[112.1094589,-7.2209696],[112.1096038,-7.2210507],[112.109703,-7.2213334],[112.109703,-7.2215904],[112.1097183,-7.2218851],[112.1096573,-7.2221736],[112.1095275,-7.2223619],[112.1093444,-7.2225031],[112.108963,-7.2226872],[112.1087722,-7.2227835],[112.108406,-7.2229694],[112.107605,-7.2234444],[112.1072769,-7.2235412],[112.1069488,-7.2236351],[112.106948,-7.2236353],[112.1066742,-7.2237148],[112.1065216,-7.2237829],[112.1033706,-7.2250022],[112.1024704,-7.2254108],[112.1024703,-7.2254108],[112.1011047,-7.2256445],[112.1006164,-7.2260265],[112.0998992,-7.2265863],[112.0993347,-7.2270588],[112.0987625,-7.2274832],[112.0983276,-7.2278227],[112.0979537,-7.2280277],[112.0976104,-7.2281622],[112.0971908,-7.2282752],[112.0968551,-7.2283773],[112.0965805,-7.228393],[112.0961532,-7.2283558],[112.0960083,-7.2282995],[112.0956192,-7.2281631],[112.0952224,-7.2277574],[112.0948867,-7.2271299],[112.0944671,-7.2270021],[112.0943527,-7.2267965],[112.0943527,-7.2267298],[112.094345,-7.2264565],[112.0944061,-7.2263412],[112.0945205,-7.2261862],[112.0945282,-7.2259292],[112.0944747,-7.2257656],[112.0942535,-7.22548],[112.0939254,-7.225295],[112.0939102,-7.2252116],[112.0938873,-7.2248263],[112.0938644,-7.2246637],[112.0938415,-7.2244495],[112.09375,-7.2242913],[112.0933685,-7.2237877],[112.0930557,-7.223369],[112.0928344,-7.2231873],[112.0925791,-7.2230709],[112.092575,-7.2230691],[112.0924453,-7.2231692],[112.0923995,-7.2232327],[112.092369,-7.2234468],[112.0923767,-7.2236151],[112.0924377,-7.2237987],[112.0925521,-7.2240223],[112.0926666,-7.2242507],[112.092781,-7.224389],[112.0929794,-7.224481],[112.0932235,-7.2245773],[112.0933151,-7.2246489],[112.093338,-7.2248182],[112.0927429,-7.2251262],[112.0921707,-7.2254213],[112.0919494,-7.2254881],[112.0915985,-7.2255182],[112.0914306,-7.2255429],[112.0913391,-7.225594],[112.0912475,-7.2258033],[112.0912475,-7.2259268],[112.0913162,-7.2259993],[112.091629,-7.2260627],[112.0918045,-7.2261008],[112.0919036,-7.2262725],[112.091629,-7.2267674],[112.0915069,-7.2269124],[112.09095,-7.2271766],[112.0907974,-7.2271985],[112.0904998,-7.2270779],[112.0902862,-7.2270159],[112.0900497,-7.2271403],[112.0900192,-7.2273316],[112.0897522,-7.2277006],[112.0895843,-7.2279228],[112.0895462,-7.2281122],[112.0895004,-7.2283639],[112.0894317,-7.2285708],[112.0893936,-7.2287511],[112.0895004,-7.2291736],[112.0895385,-7.2292861],[112.0894775,-7.2293944],[112.0893936,-7.2294239],[112.0887832,-7.2292256],[112.0884246,-7.2291073],[112.0880813,-7.2291135],[112.0876617,-7.2292694],[112.0871734,-7.2295736],[112.0870819,-7.2296623],[112.0870742,-7.2297286],[112.0870738,-7.2297316],[112.0870437,-7.2299518],[112.0871505,-7.2300867],[112.0873642,-7.2301535],[112.0874481,-7.2301792],[112.0877151,-7.2301787],[112.0881195,-7.2300638],[112.0883865,-7.2300224],[112.0886001,-7.2300419],[112.0887298,-7.2300953],[112.088974,-7.23039],[112.0891265,-7.2306523],[112.0891876,-7.2310237],[112.0891037,-7.2313427],[112.0890426,-7.2318172],[112.0890121,-7.2319712],[112.0888137,-7.2323531],[112.0887451,-7.2325849],[112.0887375,-7.2328319],[112.0888061,-7.233067],[112.0889282,-7.2332405],[112.089096,-7.2335323],[112.0891037,-7.2335867],[112.0888672,-7.2337503],[112.0883484,-7.2339491],[112.0883255,-7.2339753],[112.0882339,-7.2340907],[112.088211,-7.2341985],[112.0883178,-7.2344321],[112.0885086,-7.2346257],[112.0886535,-7.2347979],[112.0886993,-7.2349271],[112.0886154,-7.2351827],[112.0884475,-7.2354702],[112.0883712,-7.2356709],[112.0883102,-7.2360968],[112.0883102,-7.236237],[112.0885086,-7.2371611],[112.0884094,-7.2374524],[112.0883331,-7.2376813],[112.088356,-7.2379455],[112.0884628,-7.2382158],[112.0885543,-7.2383603],[112.0886688,-7.2384309],[112.0889358,-7.238397],[112.0891265,-7.2383584],[112.0892715,-7.2383942],[112.0894089,-7.2384996],[112.0894699,-7.2388767],[112.0892181,-7.2395968],[112.0891571,-7.2397031],[112.0889816,-7.239757],[112.088768,-7.2397117],[112.0883178,-7.2393836],[112.0879974,-7.2390737],[112.0878372,-7.2389359],[112.0877151,-7.2389316],[112.0876388,-7.2389659],[112.0876464,-7.2392825],[112.087677,-7.239447],[112.0877227,-7.239571],[112.087677,-7.2397312],[112.0873108,-7.2401313],[112.0872039,-7.2402658],[112.0871276,-7.240406],[112.0870666,-7.2409071],[112.08712,-7.2411155],[112.0872192,-7.2412013],[112.0874099,-7.2412514],[112.0875015,-7.24131],[112.0875167,-7.2414054],[112.0873413,-7.2417053],[112.0872421,-7.2417802],[112.0868988,-7.2415332],[112.0867538,-7.2414712],[112.0866546,-7.2415108],[112.0864944,-7.2417683],[112.0859146,-7.2421664],[112.0857772,-7.2422241],[112.0856247,-7.2422361],[112.0853042,-7.2421507],[112.085144,-7.2421636],[112.0850448,-7.2422136],[112.0849762,-7.2423629],[112.084999,-7.2425312],[112.0855331,-7.2428426],[112.0856399,-7.2428626],[112.0858307,-7.2427363],[112.0860138,-7.2426156],[112.0864105,-7.2423538],[112.086708,-7.2422308],[112.0868377,-7.242227],[112.0869598,-7.2422861],[112.0870056,-7.2423963],[112.086975,-7.2425069],[112.0866165,-7.2427439],[112.0864944,-7.2428302],[112.0864181,-7.2430505],[112.0864257,-7.2431993],[112.0869217,-7.2432827],[112.0870208,-7.2433995],[112.0870361,-7.2435049],[112.0871276,-7.2440476],[112.0870895,-7.2443379],[112.0870056,-7.2443942],[112.086502,-7.2440619],[112.0864563,-7.2440318],[112.0863418,-7.2439569],[112.0861892,-7.243916],[112.0861511,-7.2439164],[112.0859832,-7.2440719],[112.0858535,-7.2441768],[112.0857315,-7.2442407],[112.0856399,-7.2444061],[112.085617,-7.2445754],[112.0856628,-7.2447104],[112.0857391,-7.2447719],[112.0857925,-7.2448129],[112.0860367,-7.2448301],[112.0864944,-7.2449187],[112.0867309,-7.245027],[112.0868606,-7.2451419],[112.0868988,-7.245263],[112.0866623,-7.2456535],[112.0865478,-7.2458381],[112.0864868,-7.2461094],[112.0866089,-7.2463421],[112.0867614,-7.246612],[112.0868606,-7.246848],[112.0869064,-7.2471489],[112.0868454,-7.2473053],[112.0865783,-7.2473702],[112.0864029,-7.247414],[112.0862045,-7.2475104],[112.0860519,-7.2476205],[112.0858612,-7.247507],[112.0857162,-7.247414],[112.085495,-7.2473978],[112.0853882,-7.2474403],[112.08535,-7.2475332],[112.0854034,-7.2476219],[112.0855789,-7.2477507],[112.085678,-7.2478971],[112.0857162,-7.2481002],[112.085678,-7.2485017],[112.08535,-7.2491631],[112.0852585,-7.2492923],[112.0846862,-7.2493176],[112.0842971,-7.2493905],[112.0841522,-7.2494592],[112.084053,-7.2496027],[112.0840072,-7.2496723],[112.0839691,-7.2497419],[112.0838546,-7.2499341],[112.083847,-7.2499999],[112.0840072,-7.2503528],[112.0842361,-7.2506046],[112.0844879,-7.2507438],[112.0847854,-7.2508382],[112.085083,-7.2510389],[112.0852508,-7.2510966],[112.085411,-7.2509798],[112.0856018,-7.2507919],[112.086029,-7.2507476],[112.0861587,-7.2507052],[112.0863113,-7.2506298],[112.0864181,-7.2506284],[112.0865249,-7.2507104],[112.0866546,-7.251089],[112.0867004,-7.2512597],[112.0869827,-7.2514881],[112.0873184,-7.251727],[112.0874862,-7.2518829],[112.087593,-7.2521061],[112.0880203,-7.2528318],[112.088089,-7.2529759],[112.0880279,-7.2533011],[112.087944,-7.2535366],[112.0878982,-7.2537126],[112.0878372,-7.253868],[112.0877304,-7.2539596],[112.0876312,-7.2539681],[112.0874023,-7.2538246],[112.0871811,-7.2536387],[112.0869293,-7.2535404],[112.0864791,-7.2535619],[112.0863494,-7.2535981],[112.086296,-7.2536944],[112.0863189,-7.2538981],[112.0865555,-7.2542242],[112.0866394,-7.2543525],[112.0866394,-7.2544316],[112.0865097,-7.2545194],[112.0861587,-7.2546019],[112.0857772,-7.2546882],[112.0854873,-7.2547511],[112.0853195,-7.2548293],[112.0851516,-7.2551297],[112.085083,-7.2552199],[112.0848083,-7.2552718],[112.0845565,-7.2552322],[112.0842971,-7.2551088],[112.0841217,-7.2549957],[112.0839309,-7.2549581],[112.083847,-7.2549943],[112.0838241,-7.255134],[112.0839386,-7.2553491],[112.0840149,-7.2556857],[112.0840683,-7.2558603],[112.0843124,-7.2563523],[112.0845642,-7.2566299],[112.0848999,-7.2568192],[112.0851593,-7.2569842],[112.0852966,-7.2571291],[112.0853271,-7.2574071],[112.0853271,-7.2574925],[112.0853347,-7.2576293],[112.0852661,-7.2580299],[112.0852127,-7.2583155],[112.0848922,-7.2587218],[112.0848007,-7.2588848],[112.0847244,-7.2591104],[112.0846023,-7.2592749],[112.0844039,-7.2594384],[112.0843429,-7.2595796],[112.0845413,-7.2605008],[112.0845871,-7.2607106],[112.0850372,-7.261773],[112.0851898,-7.2621893],[112.0852127,-7.2623028],[112.0852279,-7.262341],[112.0853042,-7.2624196],[112.0857009,-7.262422],[112.08609,-7.262351],[112.0866165,-7.2622565],[112.0869064,-7.2622418],[112.0869293,-7.2622546],[112.0869445,-7.2623843],[112.0869598,-7.2627405],[112.0870208,-7.2629828],[112.087387,-7.2634276],[112.0874557,-7.263565],[112.0870285,-7.2640084],[112.0868911,-7.2641625],[112.0868454,-7.2643837],[112.0868682,-7.2645234],[112.0871353,-7.2648276],[112.0874099,-7.264984],[112.0875473,-7.2650618],[112.0876083,-7.2651543],[112.0875778,-7.2653026],[112.0875015,-7.2654046],[112.0872497,-7.2655296],[112.0870132,-7.2656473],[112.0869293,-7.2657379],[112.0869064,-7.2658485],[112.0871505,-7.2661437],[112.0871811,-7.2661781],[112.0873337,-7.2663883],[112.0874328,-7.266703],[112.0874634,-7.2668938],[112.0875702,-7.267034],[112.0876922,-7.2671012],[112.0878677,-7.2670907],[112.0880355,-7.2670316],[112.0885162,-7.2671146],[112.0887832,-7.2671665],[112.0891647,-7.2672166],[112.0895996,-7.2672552],[112.0897903,-7.2672409],[112.0902481,-7.2671365],[112.0904922,-7.2670773],[112.0913238,-7.2668757],[112.0917358,-7.2667574],[112.0920486,-7.266662],[112.0921783,-7.2666926],[112.0923233,-7.266828],[112.0925064,-7.2672013],[112.0925827,-7.2675981],[112.0926361,-7.2677397],[112.0929412,-7.2679977],[112.0937729,-7.2687573],[112.0943069,-7.2690996],[112.0944061,-7.2691807],[112.0944214,-7.2693156],[112.0944183,-7.2693196],[112.0939712,-7.2698997],[112.0935745,-7.2703718],[112.0934295,-7.2705544],[112.0925827,-7.2715386],[112.0924224,-7.2716903],[112.092041,-7.2719726],[112.0919418,-7.2720784],[112.0919189,-7.2721729],[112.0920181,-7.2723102],[112.0922927,-7.2724561],[112.092659,-7.2725791],[112.0929947,-7.2726716],[112.0931396,-7.2727508],[112.0932159,-7.2728681],[112.0931777,-7.2730917],[112.0930175,-7.2734064],[112.0927582,-7.2737717],[112.0922317,-7.2739872],[112.0918197,-7.2740663],[112.0916366,-7.2740988],[112.091423,-7.2742108],[112.0913315,-7.2743429],[112.0913238,-7.2750148],[112.0913315,-7.2751793],[112.0913315,-7.2755193],[112.0914383,-7.2757243],[112.0916366,-7.2760915],[112.0917663,-7.2764177],[112.0917739,-7.2764505],[112.0917053,-7.2769231],[112.0916671,-7.2772483],[112.0916366,-7.2773871],[112.091484,-7.2775697],[112.0914077,-7.2776117],[112.091362,-7.2776383],[112.0910949,-7.2775268],[112.09095,-7.2774786],[112.090805,-7.2775201],[112.0904388,-7.2777394],[112.0902862,-7.2779011],[112.0901565,-7.278149],[112.0901031,-7.2782787],[112.090126,-7.2784204],[112.0902175,-7.2785186],[112.0904083,-7.2785791],[112.0905685,-7.2786139],[112.0907211,-7.2787298],[112.0907745,-7.2788805],[112.0907669,-7.2794689],[112.0907898,-7.2796249],[112.0909957,-7.2798452],[112.0911178,-7.2799663],[112.0911483,-7.2800702],[112.0909957,-7.2802524],[112.0908127,-7.2803287],[112.090454,-7.2804131],[112.0902786,-7.2805027],[112.0901794,-7.2806281],[112.0901565,-7.2807554],[112.0902481,-7.2809409],[112.0903472,-7.2810291],[112.0909957,-7.2811236],[112.0911178,-7.2811488],[112.0911712,-7.2812008],[112.0912399,-7.2812642],[112.0913009,-7.2816228],[112.0912704,-7.2819313],[112.0911636,-7.2822246],[112.091072,-7.282328],[112.0909347,-7.2823633],[112.0905609,-7.2821988],[112.0902099,-7.2820715],[112.0900116,-7.2820543],[112.0897598,-7.2821287],[112.089302,-7.282174],[112.0887985,-7.2823671],[112.0886612,-7.2824668],[112.0885238,-7.2828058],[112.088478,-7.2829179],[112.0883712,-7.2829727],[112.0881652,-7.2829689],[112.0877456,-7.2828607],[112.0874481,-7.2827934],[112.0871276,-7.2830247],[112.0868606,-7.2833156],[112.0867462,-7.2834119],[112.0862579,-7.2835068],[112.086174,-7.2835378],[112.0861752,-7.2835408],[112.0862808,-7.2838029],[112.0863113,-7.2838954],[112.0862274,-7.2840118],[112.0861358,-7.2841129],[112.0860977,-7.2842769],[112.0862655,-7.2845015],[112.0864868,-7.2846669],[112.0868682,-7.2850908],[112.0869598,-7.2851776],[112.0871658,-7.2852005],[112.0873184,-7.2852177],[112.0875091,-7.2852358],[112.0877304,-7.2853555],[112.0878219,-7.2854509],[112.0878372,-7.2856817],[112.0878448,-7.2858366],[112.0879135,-7.2859449],[112.0881119,-7.2859997],[112.0883102,-7.2859215],[112.0887375,-7.2858762],[112.0888977,-7.2859005],[112.0890045,-7.2859687],[112.0890731,-7.2861156],[112.0890808,-7.2865419],[112.0890273,-7.2869882],[112.0890197,-7.2870139],[112.0889129,-7.2871875],[112.0887909,-7.2872948],[112.0886917,-7.2873205],[112.088478,-7.2871656],[112.0883178,-7.2870406],[112.0881195,-7.2869629],[112.0876693,-7.2870807],[112.087532,-7.2871832],[112.0874557,-7.2873191],[112.0874557,-7.2874984],[112.0874939,-7.2878036],[112.0874939,-7.2879924],[112.0873794,-7.2881888],[112.0872268,-7.2884802],[112.0871276,-7.2886614],[112.0868377,-7.2888541],[112.0866699,-7.2889132],[112.0865631,-7.2888946],[112.0863876,-7.2887048],[112.0862121,-7.2883434],[112.0860214,-7.2880415],[112.0858764,-7.2878613],[112.0857391,-7.2878155],[112.0855789,-7.2878327],[112.0854492,-7.2879242],[112.08535,-7.2882079],[112.0853119,-7.288402],[112.0853424,-7.2885431],[112.0853882,-7.2887882],[112.0852432,-7.2892794],[112.0852127,-7.2894344],[112.0853195,-7.2896165],[112.0854873,-7.2897472],[112.0858459,-7.2898692],[112.0863876,-7.2900943],[112.0866317,-7.2901439],[112.0870285,-7.2902473],[112.0873108,-7.2903752],[112.0874099,-7.2904715],[112.087471,-7.2906617],[112.0873947,-7.2910284],[112.0873337,-7.2912769],[112.0872345,-7.2919826],[112.0872345,-7.292282],[112.0871734,-7.2925591],[112.0871505,-7.2926983],[112.0872421,-7.2928375],[112.087387,-7.2929148],[112.0878295,-7.292807],[112.0880432,-7.2927732],[112.0882644,-7.2929224],[112.0884017,-7.2931761],[112.0884704,-7.2932648],[112.0886154,-7.2933535],[112.0886764,-7.2934836],[112.0886764,-7.2936629],[112.0885925,-7.2938384],[112.0884628,-7.2939986],[112.0884017,-7.2943029],[112.088356,-7.2944969],[112.0883636,-7.294598],[112.0885238,-7.2948093],[112.0886993,-7.294958],[112.0893783,-7.2954425],[112.0895614,-7.2956242],[112.0896301,-7.2958273],[112.0896377,-7.2959627],[112.089508,-7.2961601],[112.0891342,-7.2966365],[112.0890502,-7.2968344],[112.0890273,-7.2970284],[112.0890426,-7.2970833],[112.0890655,-7.2971257],[112.0893707,-7.2971701],[112.0895309,-7.2971925],[112.0896454,-7.2972845],[112.0897369,-7.297501],[112.0898132,-7.297667],[112.0899505,-7.2978749],[112.0900192,-7.2980766],[112.0900192,-7.2983974],[112.089859,-7.2988013],[112.089569,-7.2991537],[112.0895004,-7.2992124],[112.089096,-7.2993316],[112.0889816,-7.2993888],[112.0888519,-7.2995848],[112.0887832,-7.2998127],[112.0888366,-7.3000144],[112.0889129,-7.3001746],[112.0888443,-7.3003854],[112.0886154,-7.3006138],[112.0885925,-7.3006305],[112.088417,-7.3007654],[112.0882415,-7.300867],[112.0881729,-7.3009838],[112.0882263,-7.3013391],[112.0882415,-7.3014769],[112.0881652,-7.3016127],[112.0876235,-7.3019718],[112.0874557,-7.3020944],[112.0873184,-7.3022656],[112.0872192,-7.3026184],[112.0872726,-7.3029379],[112.087593,-7.3034262],[112.0877304,-7.3035788],[112.0880432,-7.3037013],[112.0882568,-7.303697],[112.0886383,-7.3037361],[112.0889434,-7.3036975],[112.0891342,-7.3036198],[112.0893478,-7.3034634],[112.0895004,-7.3034157],[112.0896148,-7.3034462],[112.0899429,-7.3038291],[112.0900268,-7.3039965],[112.0899047,-7.3044476],[112.089775,-7.3047775],[112.0896454,-7.3049344],[112.0893936,-7.3050646],[112.0890273,-7.3050956],[112.0887756,-7.3051228],[112.0886917,-7.3051619],[112.0886535,-7.3053102],[112.0887069,-7.3055977],[112.0887604,-7.3058385],[112.0887298,-7.3061656],[112.0883331,-7.3066377],[112.0878219,-7.3068423],[112.0872192,-7.3071889],[112.0865249,-7.3075184],[112.0858841,-7.3077997],[112.0858678,-7.3078051],[112.0858078,-7.307825],[112.0855865,-7.3077625],[112.0854034,-7.3076176],[112.0851822,-7.3075122],[112.0848541,-7.3074731],[112.0846405,-7.3074507],[112.0845184,-7.3073796],[112.0845184,-7.3072924],[112.084732,-7.3070788],[112.0848694,-7.3069228],[112.0849456,-7.3063811],[112.0849227,-7.30621],[112.0848083,-7.3060226],[112.0845947,-7.305819],[112.0843658,-7.3056888],[112.0841903,-7.3056573],[112.0840606,-7.3056969],[112.0837936,-7.3060202],[112.0835952,-7.3062443],[112.0833816,-7.3065075],[112.083313,-7.3065852],[112.0832748,-7.3066272],[112.0830841,-7.3066577],[112.0829544,-7.3066677],[112.0828475,-7.3067736],[112.0828094,-7.3069114],[112.0829162,-7.3073324],[112.0829772,-7.307567],[112.0827713,-7.3080586],[112.082611,-7.3085383],[112.0825271,-7.3086585],[112.0819549,-7.3087281],[112.0818252,-7.3087587],[112.0817566,-7.3088421],[112.0817566,-7.3089517],[112.0821457,-7.3091797],[112.0823059,-7.3093008],[112.0823745,-7.3094348],[112.0823745,-7.3095254],[112.0822754,-7.3096017],[112.0819321,-7.3095488],[112.0817031,-7.3095006],[112.0815505,-7.3095254],[112.0813827,-7.3096379],[112.0812988,-7.3097572],[112.0812378,-7.3098826],[112.081047,-7.3100227],[112.0808487,-7.3101396],[112.080719,-7.3102283],[112.0806579,-7.3103784],[112.0806961,-7.3106369],[112.0807495,-7.3108276],[112.0807419,-7.3109464],[112.0805587,-7.3111128],[112.0804596,-7.3112082],[112.0804367,-7.311356],[112.0805969,-7.3118028],[112.0806655,-7.3120002],[112.0806732,-7.3122453],[112.0804596,-7.3124747],[112.080223,-7.3126206],[112.0800934,-7.3127011],[112.0798034,-7.3132877],[112.0797271,-7.3134331],[112.0795669,-7.3135489],[112.079071,-7.313631],[112.0788497,-7.3136615],[112.0786056,-7.3137306],[112.078331,-7.3137435],[112.0780868,-7.3136777],[112.0776062,-7.3133673],[112.0774002,-7.3132347],[112.0772629,-7.3132028],[112.0771255,-7.3132877],[112.0770721,-7.3133849],[112.077156,-7.3135542],[112.0772781,-7.3136744],[112.0774612,-7.3137783],[112.0775299,-7.3138656],[112.0775222,-7.3139786],[112.076683,-7.3144964],[112.0765533,-7.314608],[112.0764999,-7.314743],[112.0766273,-7.31498],[112.0766296,-7.3149842],[112.0768814,-7.3154463],[112.0770492,-7.3156756],[112.0772018,-7.315793],[112.077774,-7.3160423],[112.0779571,-7.3161496],[112.0780715,-7.3162917],[112.0781097,-7.3164176],[112.0778274,-7.3168477],[112.0777206,-7.3170003],[112.0777053,-7.3172068],[112.0776519,-7.3175453],[112.0776214,-7.3177408],[112.0777359,-7.3180026],[112.0777817,-7.3181242],[112.0776825,-7.3183169],[112.0776062,-7.3184938],[112.0775833,-7.3187146],[112.0777206,-7.3190774],[112.0777817,-7.3191685],[112.0778808,-7.3192872],[112.0780487,-7.3194021],[112.0783844,-7.3196839],[112.0785064,-7.3197993],[112.0785446,-7.3200315],[112.0784225,-7.3205957],[112.0783538,-7.3207516],[112.0780029,-7.3208274],[112.077919,-7.3208555],[112.0778808,-7.3209871],[112.0779495,-7.3212623],[112.0780868,-7.3214773],[112.0782699,-7.3216743],[112.0783462,-7.3218717],[112.0783538,-7.3220395],[112.0782699,-7.3222107],[112.0780563,-7.3224005],[112.0778045,-7.3225302],[112.0776138,-7.322595],[112.0774536,-7.3227834],[112.0774002,-7.3229217],[112.0774688,-7.3230251],[112.0776519,-7.323173],[112.0777588,-7.3233384],[112.077835,-7.323449],[112.0780334,-7.3235349],[112.0781936,-7.3235921],[112.0782699,-7.3236846],[112.0783386,-7.3239826],[112.0783233,-7.3241805],[112.0783081,-7.324221],[112.0782547,-7.3243016],[112.0781173,-7.3243689],[112.0781082,-7.3243668],[112.0778274,-7.3243035],[112.0776138,-7.3242554],[112.0770034,-7.3245682],[112.0766372,-7.3250102],[112.0764923,-7.3252339],[112.0763321,-7.3253683],[112.0761489,-7.3252725],[112.0760956,-7.3251676],[112.0760956,-7.3249616],[112.0760269,-7.3248762],[112.0757217,-7.3248324],[112.075119,-7.3250522],[112.0750809,-7.3250651],[112.0749664,-7.3250999],[112.0748367,-7.325252],[112.0747909,-7.3255109],[112.0748748,-7.3256888],[112.0749359,-7.3258041],[112.0748443,-7.3260912],[112.0744857,-7.3264012],[112.0742263,-7.3267912],[112.0741653,-7.3268975],[112.0741653,-7.3269748],[112.0741653,-7.3271226],[112.0744552,-7.3273372],[112.0744095,-7.3278007],[112.0743637,-7.3280286],[112.0744247,-7.3281421],[112.0745315,-7.3282498],[112.0746154,-7.3285684],[112.0746078,-7.3286733],[112.0745086,-7.3287868],[112.0744705,-7.3288411],[112.074295,-7.3289417],[112.073883,-7.3293676],[112.0737228,-7.3297252],[112.0736389,-7.3299383],[112.07341,-7.3304695],[112.0730819,-7.3315477],[112.0728988,-7.3321237],[112.0727996,-7.3325662],[112.0727615,-7.3327464],[112.0727462,-7.3328389],[112.0726318,-7.3330707],[112.0725631,-7.3332538],[112.0725631,-7.3334679],[112.0726089,-7.3335952],[112.0727005,-7.3336586],[112.0728988,-7.3336829],[112.073143,-7.3335055],[112.0732574,-7.3334474],[112.0734558,-7.333444],[112.073761,-7.3335942],[112.0742416,-7.3338546],[112.0744324,-7.3339714],[112.0745544,-7.3341431],[112.074646,-7.3345193],[112.0746917,-7.3346452],[112.0750732,-7.3352946],[112.0752563,-7.3355192],[112.0754165,-7.3356489],[112.0754471,-7.3356919],[112.0754928,-7.3357958],[112.0755767,-7.3361086],[112.0756836,-7.3363546],[112.0757827,-7.3364519],[112.076004,-7.3365063],[112.0764084,-7.3365111],[112.0766525,-7.3365626],[112.0767441,-7.3366241],[112.0767135,-7.3369974],[112.0766601,-7.3371967],[112.0765838,-7.3373608],[112.0765991,-7.3374728],[112.0768203,-7.3377122],[112.0769577,-7.3378624],[112.0770263,-7.3380079],[112.0770263,-7.3384665],[112.0768966,-7.3388399],[112.0764084,-7.3390054],[112.0762786,-7.3390641],[112.0762558,-7.3390984],[112.0762329,-7.3391628],[112.076271,-7.3392858],[112.0763855,-7.3393864],[112.0766754,-7.3395333],[112.0768356,-7.3396968],[112.0769119,-7.3400458],[112.0767135,-7.3404259],[112.076622,-7.3406042],[112.0766601,-7.3409022],[112.0766677,-7.3409247],[112.0766906,-7.3409657],[112.0772171,-7.3408345],[112.0774154,-7.3408178],[112.0774917,-7.3408541],[112.0775299,-7.3410253],[112.0774536,-7.3413548],[112.077423,-7.3415059],[112.0774688,-7.3416185],[112.0775909,-7.3418101],[112.077629,-7.3420409],[112.0778198,-7.3424367],[112.0781631,-7.3429126],[112.0782165,-7.3430051],[112.0781479,-7.3431596],[112.0780792,-7.3432802],[112.0780944,-7.3433827],[112.0782547,-7.3435525],[112.0784683,-7.3436484],[112.0786056,-7.3437027],[112.0786285,-7.3437218],[112.0786438,-7.3437695],[112.078537,-7.3440513],[112.0784607,-7.3441419],[112.0782775,-7.3441862],[112.0780944,-7.3441943],[112.0780334,-7.3442315],[112.0780563,-7.3443274],[112.0783462,-7.3445085],[112.0785522,-7.3446631],[112.0789184,-7.3450192],[112.0790558,-7.3454651],[112.0791549,-7.345714],[112.0792541,-7.3458456],[112.0793381,-7.3458919],[112.0794906,-7.3458351],[112.0796661,-7.3457369],[112.0798034,-7.3457236],[112.0799179,-7.3457774],[112.080017,-7.3463372],[112.0800094,-7.3464669],[112.0799179,-7.3465881],[112.0798416,-7.3466682],[112.079834,-7.3467859],[112.0800781,-7.3468932],[112.0806427,-7.3469795],[112.081314,-7.3472494],[112.0814819,-7.3473496],[112.081604,-7.3475036],[112.0816269,-7.3479294],[112.0816345,-7.3480348],[112.0817184,-7.3480801],[112.0820694,-7.348041],[112.082405,-7.347927],[112.0825729,-7.3478698],[112.0826568,-7.3478788],[112.0827636,-7.3480376],[112.0828475,-7.3485078],[112.0828781,-7.3486952],[112.0829696,-7.3488158],[112.0833664,-7.3488907],[112.0835113,-7.3489241],[112.0835876,-7.3489818],[112.0835952,-7.3491272],[112.083496,-7.3493947],[112.0833816,-7.3496708],[112.083374,-7.3497967],[112.0834198,-7.3499049],[112.0835418,-7.3499793],[112.0839004,-7.3500118],[112.0840225,-7.3500151],[112.0840759,-7.3500785],[112.0840912,-7.350243],[112.0841598,-7.3503589],[112.0842666,-7.3504228],[112.0844345,-7.3503031],[112.0845413,-7.3502139],[112.0847702,-7.3501739],[112.0849075,-7.3502101],[112.084999,-7.3502935],[112.0850524,-7.3506283],[112.0850448,-7.350912],[112.085144,-7.3511728],[112.085205,-7.3513297],[112.0850906,-7.3519854],[112.0850753,-7.3520645],[112.0850677,-7.3521632],[112.0851211,-7.3522548],[112.085495,-7.3523831],[112.0857696,-7.3524446],[112.0858612,-7.3524975],[112.0859062,-7.3526414],[112.085907,-7.3526439],[112.0857772,-7.3530006],[112.0857009,-7.3531851],[112.0857009,-7.3532804],[112.0857315,-7.3533439],[112.085617,-7.3534364],[112.0856094,-7.3536104],[112.0858078,-7.3538941],[112.0860214,-7.3542303],[112.0860977,-7.3544063],[112.08609,-7.3544792],[112.0859985,-7.3545379],[112.0856475,-7.3544644],[112.0851974,-7.3543872],[112.0850143,-7.3543662],[112.0848541,-7.3543233],[112.0847854,-7.3543381],[112.0847397,-7.3545641],[112.0847015,-7.3547019],[112.0845565,-7.3548836],[112.0844574,-7.3549952],[112.0844345,-7.3556665],[112.0844192,-7.3562755],[112.0844574,-7.3566264],[112.0848159,-7.3567342],[112.0851135,-7.3568939],[112.0855865,-7.3571867],[112.0855903,-7.3571898],[112.0856475,-7.3572368],[112.0858383,-7.357386],[112.08609,-7.3580021],[112.086441,-7.3581075],[112.0868454,-7.3580202],[112.0872039,-7.3579167],[112.0876159,-7.3579148],[112.0881652,-7.3578872],[112.0885009,-7.3578748],[112.0890045,-7.3584732],[112.0889358,-7.358664],[112.0889358,-7.3593997],[112.0887069,-7.3598127],[112.088623,-7.3599657],[112.0886383,-7.3603672],[112.0886917,-7.3605398],[112.0891647,-7.3610067],[112.089302,-7.3611359],[112.0893554,-7.3612894],[112.0893554,-7.3615283],[112.089302,-7.3616866],[112.0891571,-7.3618697],[112.0888519,-7.3620328],[112.0884475,-7.3622336],[112.0882339,-7.3624009],[112.0881119,-7.3625597],[112.088005,-7.3628153],[112.0879287,-7.3631853],[112.0879135,-7.3633656],[112.087944,-7.3635053],[112.0879669,-7.3635434],[112.0884399,-7.3636407],[112.0886535,-7.3637036],[112.0887451,-7.363768],[112.0888214,-7.3639788],[112.0888214,-7.3641004],[112.0886612,-7.364313],[112.0885772,-7.3644146],[112.0886535,-7.3645653],[112.0886764,-7.3647684],[112.0887451,-7.364911],[112.0888366,-7.3650259],[112.0888519,-7.3652252],[112.0890502,-7.3654937],[112.0893554,-7.3657006],[112.0894546,-7.3657784],[112.0894699,-7.3658117],[112.0894622,-7.3658747],[112.0894241,-7.3660592],[112.0894241,-7.3662967],[112.0893783,-7.3664378],[112.0891647,-7.3666343],[112.0889892,-7.3667716],[112.0889205,-7.3668837],[112.0890655,-7.3674358],[112.0891113,-7.3676848],[112.0891113,-7.3677105],[112.0891189,-7.3679399],[112.0891723,-7.3680991],[112.0893325,-7.3684896],[112.0892034,-7.3685076],[112.088272,-7.368637],[112.0881729,-7.368679],[112.0880508,-7.3689236],[112.0879974,-7.3690542],[112.0878677,-7.3691362],[112.0876617,-7.3691572],[112.0874557,-7.3691081],[112.0872116,-7.3690065],[112.0868835,-7.3689684],[112.0866089,-7.3690065],[112.0862884,-7.3691334],[112.0862579,-7.3691448],[112.08609,-7.3692512],[112.0860138,-7.3693818],[112.0860061,-7.369511],[112.0860824,-7.3696703],[112.086296,-7.3699607],[112.0863876,-7.3701433],[112.0864029,-7.3702954],[112.0861435,-7.3707031],[112.085968,-7.3709749],[112.0858841,-7.3712005],[112.085823,-7.3713912],[112.0855331,-7.3717736],[112.0854797,-7.3718299],[112.0853576,-7.3719901],[112.0852585,-7.3723864],[112.0852661,-7.372703],[112.0853195,-7.3728885],[112.08535,-7.3729557],[112.0862426,-7.3736199],[112.0865097,-7.3738212],[112.0866165,-7.3739471],[112.0866317,-7.3741168],[112.0865631,-7.374503],[112.0862884,-7.3749999],[112.086235,-7.3750986],[112.0861358,-7.3753189],[112.0861206,-7.375452],[112.0861129,-7.3755388],[112.0861206,-7.3757805],[112.0860977,-7.3758802],[112.0860824,-7.3759259],[112.0859832,-7.3760427],[112.0857086,-7.3762669],[112.0850372,-7.3767156],[112.0849151,-7.3768205],[112.0848465,-7.376954],[112.0848388,-7.3771872],[112.0849456,-7.3775629],[112.0850067,-7.3778042],[112.084999,-7.3781117],[112.0849456,-7.378344],[112.084877,-7.3784937],[112.0848083,-7.3785299],[112.0843429,-7.3785795],[112.084198,-7.3786153],[112.0839767,-7.3788022],[112.0837936,-7.3791532],[112.0836029,-7.3795656],[112.0834579,-7.3797978],[112.0828552,-7.3802218],[112.0823593,-7.3806957],[112.0821609,-7.3809766],[112.0821304,-7.3810295],[112.0818786,-7.3818058],[112.0817718,-7.3820991],[112.0817413,-7.3821486],[112.0815277,-7.3825549],[112.0813827,-7.3825983],[112.0811996,-7.3826574],[112.0810318,-7.3827409],[112.0808639,-7.3829278],[112.0806732,-7.3832425],[112.0805435,-7.383542],[112.0803604,-7.3838181],[112.0801544,-7.3839754],[112.0799789,-7.3840126],[112.0791702,-7.3840927],[112.0786896,-7.3841075],[112.0783844,-7.3840612],[112.0778503,-7.3841504],[112.0776214,-7.3841747],[112.0772781,-7.3840922],[112.0770111,-7.3839411],[112.0767669,-7.3837771],[112.076477,-7.3837299],[112.0761184,-7.3837594],[112.0759506,-7.3837957],[112.0757217,-7.3838734],[112.0756073,-7.383953],[112.0754699,-7.3842644],[112.0753936,-7.3848957],[112.075386,-7.384961],[112.0754165,-7.3853354],[112.0755157,-7.3859629],[112.075653,-7.3864464],[112.0756836,-7.3868727],[112.0755233,-7.3871059],[112.0754242,-7.3872551],[112.0754089,-7.3873977],[112.0754394,-7.3877567],[112.0754013,-7.3879208],[112.0752639,-7.3880848],[112.074295,-7.3885497],[112.0736847,-7.3889345],[112.0735549,-7.389049],[112.0735016,-7.3891],[112.0733566,-7.3893656],[112.0732498,-7.389954],[112.073204,-7.3901605],[112.0730133,-7.3907427],[112.0729751,-7.3908352],[112.0729675,-7.3908767],[112.0728836,-7.3909988],[112.0727615,-7.3910302],[112.0725402,-7.390993],[112.0719299,-7.3908729],[112.0717544,-7.3909301],[112.071434,-7.391149],[112.0712814,-7.3913521],[112.0712585,-7.3915171],[112.071167,-7.3924259],[112.070755,-7.3932528],[112.0704193,-7.3937663],[112.0703354,-7.3946065],[112.0702285,-7.3948654],[112.0701904,-7.3949727],[112.0699691,-7.3953389],[112.0698394,-7.3956932],[112.0696716,-7.395914],[112.0695953,-7.3960709],[112.0696411,-7.3962235],[112.069786,-7.3964581],[112.0698471,-7.3965959],[112.0697784,-7.3966993],[112.0696487,-7.3967633],[112.0693512,-7.3969597],[112.0692983,-7.3970081],[112.0692901,-7.3970155],[112.06926,-7.3970157],[112.0685882,-7.3970207],[112.0682678,-7.3969902],[112.0676651,-7.3969216],[112.0672302,-7.3968171],[112.0667343,-7.396604],[112.0660095,-7.3961772],[112.0654602,-7.3958601],[112.0647583,-7.3955068],[112.0643692,-7.3954424],[112.0640869,-7.3955015],[112.0635833,-7.3956889],[112.0633468,-7.3957376],[112.0629577,-7.3957972],[112.0626907,-7.3958043],[112.0622635,-7.3956913],[112.0622614,-7.3956914],[112.0617752,-7.3957023],[112.0613403,-7.3957471],[112.0610199,-7.3957891],[112.0606689,-7.3958687],[112.0602569,-7.3959369],[112.0597229,-7.396007],[112.0590896,-7.3960036],[112.0586166,-7.3960289],[112.0580597,-7.3960242],[112.0575027,-7.3960323],[112.0569687,-7.3960022],[112.0565109,-7.3959402],[112.0560608,-7.3958215],[112.0553512,-7.395513],[112.0549926,-7.3953623],[112.0549208,-7.3953237],[112.0549163,-7.3953213],[112.0545272,-7.3950943],[112.0541,-7.3949069],[112.0536346,-7.3946947],[112.0531921,-7.3945264],[112.0527572,-7.3942889],[112.0519256,-7.3940152],[112.0517578,-7.3940324],[112.0513916,-7.3940968],[112.0510787,-7.3941383],[112.0505294,-7.3941592],[112.0500412,-7.3941178],[112.0496673,-7.3942751],[112.0493698,-7.3944368],[112.0490112,-7.3944792],[112.0487518,-7.3944348],[112.0486068,-7.3943442],[112.0484237,-7.3941139],[112.0484008,-7.3938669],[112.0483322,-7.3937582],[112.0481491,-7.3937167],[112.0477905,-7.3940228],[112.0476684,-7.394123],[112.0474777,-7.3941616],[112.0474395,-7.3941616],[112.0471878,-7.3941611],[112.0464935,-7.3938798],[112.0464401,-7.3938555],[112.0463028,-7.3937754],[112.046318,-7.3938211],[112.0463562,-7.3941068],[112.0463562,-7.3941378],[112.0463943,-7.3943938],[112.0464477,-7.394813],[112.0464325,-7.3952617],[112.0464096,-7.3954467],[112.0463256,-7.3957242],[112.0463333,-7.3959517],[112.0464019,-7.3961042],[112.046524,-7.3962144],[112.0471267,-7.3965854],[112.0474853,-7.3968305],[112.0475921,-7.3969978],[112.0477066,-7.3972992],[112.048088,-7.3986062],[112.0480651,-7.399145],[112.0480041,-7.3995165],[112.0478744,-7.3996119],[112.0477142,-7.3996591],[112.0474014,-7.3996438],[112.046997,-7.3995752],[112.0466003,-7.3995256],[112.0460128,-7.3994931],[112.0455703,-7.3995298],[112.0452575,-7.3996991],[112.0451049,-7.3998865],[112.0449676,-7.4000925],[112.0449218,-7.400103],[112.0447082,-7.4000735],[112.044403,-7.4000544],[112.0439605,-7.4000892],[112.0437164,-7.4002026],[112.0435714,-7.4003143],[112.0434723,-7.4004969],[112.0433502,-7.4006285],[112.0432358,-7.40067],[112.0429992,-7.4006538],[112.0426635,-7.4006871],[112.0423812,-7.4007343],[112.0421113,-7.4007325],[112.0421066,-7.4007324],[112.0419464,-7.4007315],[112.041748,-7.4007906],[112.0411758,-7.4011416],[112.040863,-7.4013576],[112.0406951,-7.4013833],[112.0401763,-7.4013433],[112.0393981,-7.4011354],[112.0391083,-7.4011683],[112.0387725,-7.4012078],[112.0385589,-7.4011702],[112.0383224,-7.40104],[112.037857,-7.4008245],[112.0376892,-7.4007477],[112.0372924,-7.4006948],[112.0371017,-7.4010109],[112.0369262,-7.4012236],[112.0367584,-7.401339],[112.0362167,-7.4014415],[112.0355453,-7.4017538],[112.0353622,-7.4018368],[112.0351791,-7.4018425],[112.0347213,-7.4016079],[112.0345611,-7.4014849],[112.0343551,-7.4011516],[112.0341186,-7.4008559],[112.0339584,-7.4007277],[112.0337448,-7.4006786],[112.033638,-7.4006762],[112.0334701,-7.4007057],[112.0331878,-7.4007386],[112.0326843,-7.4005198],[112.0323715,-7.4003271],[112.0319061,-7.3999013],[112.0317154,-7.3997664],[112.0314712,-7.3997292],[112.0309829,-7.3999137],[112.0304946,-7.4001187],[112.0302658,-7.4001788],[112.0298843,-7.4002103],[112.0297851,-7.4001765],[112.0295944,-7.3996462],[112.0295486,-7.3995589],[112.0292892,-7.3990296],[112.0288849,-7.3990506],[112.0288391,-7.3990296],[112.0284881,-7.3988351],[112.0281982,-7.398342],[112.0281982,-7.3973998],[112.0281982,-7.3971738],[112.0281677,-7.3970708],[112.0277557,-7.3968806],[112.0275573,-7.3968305],[112.0269241,-7.3968887],[112.0261764,-7.3968877],[112.0258865,-7.396872],[112.025711,-7.3968162],[112.0255203,-7.3966498],[112.025383,-7.396285],[112.0253295,-7.3961949],[112.02491,-7.3960694],[112.0247039,-7.3959927],[112.024559,-7.3958844],[112.0244827,-7.3957872],[112.0244064,-7.3956403],[112.0241851,-7.395594],[112.0238876,-7.3958482],[112.0237045,-7.3960127],[112.0235366,-7.3961371],[112.0230865,-7.3963155],[112.0230941,-7.3965816],[112.0230331,-7.396748],[112.0230407,-7.3968434],[112.022995,-7.3970236],[112.0230178,-7.397407],[112.0229416,-7.397612],[112.0228119,-7.3977508],[112.0225906,-7.3979692],[112.0225601,-7.3980946],[112.022499,-7.3985185],[112.0223541,-7.3986816],[112.0220184,-7.3990382],[112.0217437,-7.3992714],[112.0214309,-7.399362],[112.0212631,-7.3993901],[112.0212326,-7.3993911],[112.0210266,-7.3994274],[112.0204238,-7.3997487],[112.0202408,-7.3999113],[112.0202026,-7.4000629],[112.0201111,-7.4007682],[112.0200119,-7.4011325],[112.019989,-7.4014911],[112.0199508,-7.4017657],[112.0200195,-7.401885],[112.0201797,-7.4020108],[112.0205993,-7.4022869],[112.0206146,-7.4023914],[112.0205306,-7.4035114],[112.020462,-7.4038519],[112.0201873,-7.4044122],[112.0202331,-7.4053096],[112.0201797,-7.4055471],[112.0201568,-7.4057831],[112.0202026,-7.4059872],[112.0203323,-7.406485],[112.0203476,-7.4069132],[112.0203552,-7.4075865],[112.020317,-7.4078721],[112.0202713,-7.4081201],[112.0201263,-7.4084968],[112.0200271,-7.4087667],[112.0199203,-7.4092487],[112.0196533,-7.4098329],[112.018898,-7.4098496],[112.018608,-7.4094729],[112.0185012,-7.4092249],[112.0183105,-7.4085469],[112.0181656,-7.4083309],[112.0179367,-7.4080781],[112.0176544,-7.4078073],[112.0173492,-7.4076366],[112.0169296,-7.4073619],[112.0164337,-7.4071502],[112.0159301,-7.4069761],[112.0152969,-7.4067229],[112.0145797,-7.4064645],[112.0138397,-7.4061941],[112.0131759,-7.4059471],[112.0124969,-7.4057135],[112.0119858,-7.4055833],[112.0115356,-7.4054708],[112.0108642,-7.4053864],[112.0090637,-7.4052309],[112.0086212,-7.4051122],[112.0081253,-7.4048881],[112.0076522,-7.4047073],[112.0069732,-7.4044985],[112.0064514,-7.4043378],[112.0064468,-7.4043364],[112.0063552,-7.4043073],[112.005928,-7.404201],[112.0054931,-7.4040946],[112.0050811,-7.403963],[112.0045395,-7.403902],[112.0040664,-7.4038462],[112.003395,-7.4037618],[112.0027847,-7.403664],[112.0020065,-7.4035815],[112.001152,-7.403531],[112.0002288,-7.4034375],[112.0,-7.4034051],[111.9993438,-7.4033875],[111.9986725,-7.4033827],[111.9981689,-7.4035343],[111.9979629,-7.4036268],[111.9977798,-7.4036793],[111.9975662,-7.4037584],[111.9974517,-7.4037851],[111.9968109,-7.4039172],[111.9962997,-7.4040956],[111.9958953,-7.4041561],[111.9958572,-7.4041542],[111.9947052,-7.4042272],[111.994049,-7.4043435],[111.9934997,-7.4044022],[111.9920578,-7.4046921],[111.9907989,-7.4049534],[111.9900207,-7.4052996],[111.9890137,-7.4056749],[111.9882965,-7.4060783],[111.9876022,-7.4063954],[111.9872741,-7.4065494],[111.9870224,-7.4066156],[111.9862213,-7.4068012],[111.9858169,-7.4069528],[111.9857635,-7.4069647],[111.985382,-7.4070148],[111.9846954,-7.4071087],[111.9843979,-7.4072331],[111.9840393,-7.4074258],[111.9838562,-7.4074282],[111.9837196,-7.4074182],[111.9837189,-7.4074182],[111.9831543,-7.4069804],[111.9827346,-7.4066595],[111.9823455,-7.4064636],[111.981987,-7.4063734],[111.9816055,-7.4063572],[111.9811859,-7.4063992],[111.9803314,-7.4065603],[111.9801788,-7.4065193],[111.9798355,-7.4064154],[111.9796447,-7.4064397],[111.9795379,-7.4064955],[111.9794311,-7.4065532],[111.9789962,-7.4067616],[111.97863,-7.4068059],[111.9784317,-7.4068083],[111.9782791,-7.4063586],[111.9781341,-7.4058999],[111.9777298,-7.4052691],[111.9774399,-7.4049544],[111.9771881,-7.4046859],[111.9770202,-7.4046687],[111.976448,-7.4046606],[111.9759979,-7.4047631],[111.9754638,-7.4049033],[111.9754257,-7.4049105],[111.9746017,-7.405302],[111.9742889,-7.4054689],[111.97406,-7.4054746],[111.9737625,-7.405364],[111.9733658,-7.4052471],[111.9714355,-7.4049858],[111.97126,-7.4049796],[111.9710388,-7.4051279],[111.9707184,-7.4053177],[111.9706344,-7.4053621],[111.9699631,-7.4059934],[111.9698104,-7.4061708],[111.9696274,-7.406443],[111.9692917,-7.4070176],[111.9692459,-7.4070524],[111.9683151,-7.4077806],[111.9680786,-7.4079885],[111.967926,-7.4082178],[111.9678268,-7.4085025],[111.9675598,-7.4086117],[111.9674377,-7.4086513],[111.9672851,-7.4085983],[111.9668731,-7.4085449],[111.9667663,-7.4085511],[111.9666671,-7.4086484],[111.9665909,-7.4087791],[111.9664917,-7.4088372],[111.9663925,-7.4088077],[111.9663391,-7.4086894],[111.9663085,-7.4086065],[111.9662094,-7.4085554],[111.9660721,-7.4085721],[111.9659347,-7.4086794],[111.965805,-7.4088053],[111.9656753,-7.4088506],[111.9656524,-7.4087142],[111.9656295,-7.4086355],[111.9654846,-7.4085779],[111.9654083,-7.4085855],[111.9653778,-7.4087858],[111.9653625,-7.4088701],[111.9652328,-7.4090041],[111.9651184,-7.4090652],[111.9650497,-7.4090408],[111.9649734,-7.4089197],[111.9648971,-7.4088787],[111.9647293,-7.409233],[111.9646759,-7.4093365],[111.9644775,-7.4092655],[111.9643173,-7.4091954],[111.96418,-7.409233],[111.9640655,-7.409295],[111.9637146,-7.409089],[111.9635772,-7.408935],[111.9635391,-7.4088806],[111.9634246,-7.4089331],[111.9632949,-7.4090523],[111.9631881,-7.4092869],[111.9631118,-7.4096197],[111.9628753,-7.4100713],[111.9625244,-7.4104432],[111.9620971,-7.410798],[111.9616546,-7.4110646],[111.9611969,-7.4112953],[111.9607849,-7.4115261],[111.9603805,-7.4118985],[111.9600982,-7.4121823],[111.9597244,-7.4125017],[111.9593506,-7.4127678],[111.9588394,-7.4130343],[111.9581451,-7.4132833],[111.958023,-7.413319],[111.9577407,-7.4132137],[111.957695,-7.4129952],[111.957695,-7.4129156],[111.9576339,-7.4126901],[111.9574585,-7.4124078],[111.9571151,-7.4121365],[111.9565658,-7.4117073],[111.9561157,-7.411364],[111.9558639,-7.4112701],[111.9557952,-7.4112619],[111.955719,-7.4110321],[111.9556503,-7.4108853],[111.955574,-7.4106325],[111.9554824,-7.4104356],[111.9553451,-7.4102873],[111.955162,-7.4101824],[111.9545135,-7.4098911],[111.9543838,-7.4097304],[111.9540939,-7.4093332],[111.9536743,-7.4090108],[111.9534378,-7.4089412],[111.9529419,-7.4087834],[111.952919,-7.4087686],[111.952774,-7.4086084],[111.952568,-7.4084157],[111.952301,-7.408276],[111.9517288,-7.4079923],[111.9510498,-7.407628],[111.9509124,-7.407525],[111.9507064,-7.4074139],[111.9503479,-7.4073247],[111.9501495,-7.407246],[111.9498138,-7.4070615],[111.9485931,-7.4068102],[111.9477386,-7.4066657],[111.9473114,-7.4064602],[111.9471664,-7.4064221],[111.9467773,-7.40631],[111.9460983,-7.405992],[111.9460372,-7.4059476],[111.9459838,-7.4058603],[111.9458541,-7.4058637],[111.9455871,-7.4058871],[111.9454269,-7.4059285],[111.9449005,-7.4060387],[111.9445038,-7.4060806],[111.9440384,-7.4061226],[111.9436569,-7.4061236],[111.9431839,-7.4063067],[111.943161,-7.4065093],[111.9430694,-7.4066867],[111.9430236,-7.4067925],[111.9428787,-7.4069027],[111.9425735,-7.4070639],[111.9424514,-7.4071712],[111.9423828,-7.4073214],[111.942543,-7.4079594],[111.9425888,-7.4080791],[111.9426116,-7.4081186],[111.9429092,-7.4085049],[111.943016,-7.4086274],[111.9431991,-7.4088754],[111.9432449,-7.4089832],[111.9432068,-7.4090675],[111.9430923,-7.4091248],[111.9427795,-7.409121],[111.9424286,-7.4090251],[111.9421234,-7.4089436],[111.941864,-7.408925],[111.9417419,-7.4089603],[111.9416122,-7.4090985],[111.9415436,-7.4092426],[111.9416275,-7.4095992],[111.9416656,-7.409769],[111.9416504,-7.4099073],[111.9417343,-7.4099464],[111.9417953,-7.4100675],[111.9418563,-7.4101791],[111.9419784,-7.4102477],[111.9420929,-7.4102301],[111.942131,-7.4102873],[111.9423141,-7.410725],[111.9424286,-7.410962],[111.9425583,-7.4110593],[111.9429703,-7.4112205],[111.9432601,-7.4112596],[111.9436874,-7.4112643],[111.9438553,-7.4112052],[111.9440612,-7.4110421],[111.9442444,-7.4109487],[111.9443969,-7.4109515],[111.9447631,-7.4110388],[111.9452819,-7.4111609],[111.9457931,-7.4111747],[111.9462432,-7.4111795],[111.9464493,-7.4112376],[111.9467086,-7.4113831],[111.946762,-7.4114975],[111.9469681,-7.4120135],[111.9471893,-7.4123115],[111.9473648,-7.4124326],[111.9475937,-7.412507],[111.9484939,-7.4127273],[111.9486312,-7.4127406],[111.9490737,-7.4128169],[111.9493179,-7.4129256],[111.9494705,-7.4130539],[111.9495468,-7.413237],[111.9496231,-7.4133205],[111.9496536,-7.4133596],[111.9498977,-7.413515],[111.9502182,-7.4136747],[111.9506301,-7.413866],[111.9508133,-7.4139785],[111.9513702,-7.4143962],[111.9520263,-7.4148773],[111.9524536,-7.4149589],[111.9528122,-7.4149865],[111.9530029,-7.4150137],[111.9532699,-7.4150953],[111.9535827,-7.4152507],[111.9537429,-7.4154109],[111.9539718,-7.4157528],[111.9541397,-7.4159235],[111.9542999,-7.4159784],[111.9553222,-7.4162244],[111.9556045,-7.4162511],[111.9558639,-7.4162382],[111.9560012,-7.4163112],[111.9561309,-7.4164576],[111.9562301,-7.4166707],[111.9562683,-7.4168939],[111.9563217,-7.4170746],[111.9566879,-7.417726],[111.9569778,-7.4179882],[111.9572448,-7.4181527],[111.9575195,-7.4183702],[111.957695,-7.4182843],[111.9577102,-7.4183292],[111.9579391,-7.419104],[111.958313,-7.419927],[111.9585266,-7.4201764],[111.9589309,-7.4206256],[111.9591827,-7.4210037],[111.9594497,-7.4213886],[111.9595184,-7.4215745],[111.959526,-7.4218053],[111.9595565,-7.4220609],[111.9596557,-7.4222245],[111.9598694,-7.4226173],[111.9599228,-7.4228148],[111.9599456,-7.4230208],[111.9598083,-7.4230537],[111.9595794,-7.4231285],[111.9591522,-7.4233088],[111.9591217,-7.4233207],[111.958641,-7.4235582],[111.9581298,-7.4239043],[111.9580536,-7.4240908],[111.9579773,-7.4244537],[111.958023,-7.424643],[111.9581146,-7.424787],[111.9584045,-7.4250712],[111.9591293,-7.4257616],[111.9595031,-7.4260849],[111.9597702,-7.4264158],[111.9598083,-7.4266156],[111.9598083,-7.4266206],[111.9598083,-7.4268793],[111.9597244,-7.4274568],[111.959671,-7.4278039],[111.9596328,-7.4281215],[111.9595337,-7.4283847],[111.9593734,-7.4286417],[111.9590606,-7.4292125],[111.9588623,-7.4294318],[111.9585724,-7.4296431],[111.9578476,-7.430077],[111.9566497,-7.4306869],[111.9561004,-7.4310197],[111.9558258,-7.4312877],[111.9553527,-7.4317412],[111.9551849,-7.4318694],[111.9551788,-7.431874],[111.9546508,-7.4322709],[111.9542312,-7.4324421],[111.9521789,-7.4328069],[111.9519729,-7.4329376],[111.9513168,-7.4331373],[111.951004,-7.4331774],[111.9505233,-7.4332298],[111.9498748,-7.4334521],[111.9496536,-7.4335135],[111.9489822,-7.4337186],[111.9489364,-7.4337267],[111.9485244,-7.4338073],[111.9480667,-7.4339012],[111.9474029,-7.434236],[111.9466857,-7.4346961],[111.9461593,-7.4351129],[111.9457626,-7.43546],[111.9453506,-7.4358591],[111.9450302,-7.436221],[111.944664,-7.4366831],[111.9444427,-7.4370188],[111.9440841,-7.4375119],[111.9436645,-7.4379062],[111.943222,-7.4384078],[111.9427948,-7.4387879],[111.9421768,-7.4391722],[111.9414901,-7.4394936],[111.9409408,-7.4397859],[111.940361,-7.4401211],[111.9397201,-7.4402756],[111.9390106,-7.4402866],[111.9384612,-7.4402808],[111.9378433,-7.4404048],[111.9373016,-7.4405231],[111.93647,-7.4405145],[111.9356613,-7.440401],[111.9352035,-7.4403714],[111.9346389,-7.4403652],[111.9340057,-7.4400424],[111.9333038,-7.4395284],[111.9329605,-7.4392895],[111.932579,-7.4390168],[111.9324111,-7.4389157],[111.9322357,-7.4388399],[111.9319229,-7.4387783],[111.9314041,-7.4387454],[111.9309463,-7.4387254],[111.9300842,-7.4383625],[111.9295501,-7.4381646],[111.9287567,-7.4378714],[111.9282684,-7.4377918],[111.9276504,-7.4375991],[111.9270248,-7.4374065],[111.9262313,-7.4370946],[111.9257812,-7.4368853],[111.9253692,-7.4366759],[111.9253686,-7.4366756],[111.9248123,-7.4364099],[111.9242477,-7.4361619],[111.9237747,-7.4358777],[111.9229583,-7.435491],[111.9221344,-7.4356374],[111.9216766,-7.4358005],[111.9208297,-7.4356922],[111.9197998,-7.4356007],[111.9191284,-7.4355754],[111.9182815,-7.4353184],[111.9169922,-7.4349513],[111.9166412,-7.4346189],[111.9166385,-7.4346177],[111.9160766,-7.4343771],[111.9145736,-7.4341816],[111.913887,-7.434534],[111.9134445,-7.4346103],[111.9127578,-7.4346031],[111.9121551,-7.4346217],[111.9115371,-7.4345221],[111.9109497,-7.4344601],[111.9102401,-7.4343099],[111.9095916,-7.4341048],[111.908966,-7.4338378],[111.9081726,-7.4336557],[111.9068374,-7.4334559],[111.9053573,-7.4333224],[111.9049225,-7.4333386],[111.9044571,-7.43333],[111.9039383,-7.4334034],[111.9036483,-7.4334678],[111.903305,-7.4335789],[111.9032516,-7.4335951],[111.902832,-7.4337658],[111.902687,-7.4338068],[111.9013748,-7.4341297],[111.9012909,-7.4341439],[111.9010391,-7.434184],[111.9007873,-7.4341783],[111.9006118,-7.434226],[111.900505,-7.4343237],[111.900238,-7.4345903],[111.8993835,-7.4352407],[111.8992843,-7.4353184],[111.8985519,-7.4358401],[111.8979644,-7.4360995],[111.8974762,-7.4363398],[111.8968429,-7.4366278],[111.8961639,-7.4369272],[111.8955002,-7.4372672],[111.8949051,-7.437458],[111.8939209,-7.4377307],[111.8935165,-7.4377674],[111.8930664,-7.4377355],[111.8928222,-7.4377222],[111.8926697,-7.4377555],[111.8917007,-7.4379291],[111.8913269,-7.4378766],[111.8910598,-7.4377779],[111.8907547,-7.4376334],[111.8900757,-7.4372563],[111.8894653,-7.4369926],[111.8887253,-7.4368467],[111.8878097,-7.4367747],[111.8870163,-7.4367766],[111.8862457,-7.4368076],[111.8857879,-7.4368524],[111.8848419,-7.4369578],[111.8839569,-7.4370479],[111.8830108,-7.4371971],[111.8823776,-7.4373602],[111.8817749,-7.4375676],[111.8812866,-7.4377569],[111.8812862,-7.4377579],[111.8808898,-7.4387412],[111.8806152,-7.4392285],[111.8803177,-7.4395976],[111.880043,-7.439978],[111.8797455,-7.4403109],[111.8794555,-7.4406251],[111.8785324,-7.4408359],[111.8778763,-7.440947],[111.8776321,-7.4409656],[111.8774337,-7.4409646],[111.876976,-7.4409103],[111.8764267,-7.4408793],[111.8761062,-7.440937],[111.875946,-7.4410514],[111.8759405,-7.441051],[111.8755188,-7.4410195],[111.875,-7.4410147],[111.8746948,-7.4410071],[111.8743362,-7.4409971],[111.87397,-7.4409756],[111.8727035,-7.4406528],[111.8706131,-7.4399146],[111.8690796,-7.4396691],[111.8678817,-7.4393038],[111.8667297,-7.4389123],[111.8658981,-7.4383764],[111.8652954,-7.4379038],[111.8645629,-7.4371595],[111.8639907,-7.4365992],[111.8634414,-7.4362564],[111.8624572,-7.4360232],[111.8615722,-7.4359059],[111.8609771,-7.4359383],[111.860527,-7.4360422],[111.8598404,-7.436201],[111.8589706,-7.436439],[111.8576278,-7.4367813],[111.8561325,-7.4373144],[111.854599,-7.4377112],[111.8536911,-7.4379062],[111.8524856,-7.4382457],[111.8509445,-7.4387297],[111.8494949,-7.4391245],[111.8482361,-7.4393777],[111.8469696,-7.4394502],[111.8459167,-7.4396862],[111.8446045,-7.4398283],[111.8436813,-7.4398803],[111.8423233,-7.439949],[111.8406753,-7.4399614],[111.8388824,-7.4399647],[111.836914,-7.4398097],[111.8356323,-7.439814],[111.8342819,-7.4398073],[111.8329391,-7.4399313],[111.8315506,-7.4401068],[111.8302612,-7.4403104],[111.8291854,-7.4404659],[111.8282089,-7.4406189],[111.8273163,-7.4405956],[111.8263855,-7.4405669],[111.8253402,-7.4404597],[111.824028,-7.4401278],[111.8227005,-7.4398088],[111.8215485,-7.4395108],[111.8210032,-7.4395543],[111.8209991,-7.4395546],[111.8197098,-7.4411053],[111.819107,-7.4419855],[111.8186493,-7.4426946],[111.8182373,-7.443602],[111.8176498,-7.4447126],[111.8173752,-7.4454922],[111.817009,-7.4464731],[111.8165435,-7.4474191],[111.8162384,-7.4483737],[111.8157424,-7.4493703],[111.8153839,-7.4499835],[111.8148727,-7.4506807],[111.8145141,-7.4510192],[111.8139877,-7.4513244],[111.8131866,-7.4516544],[111.812355,-7.4520974],[111.8113785,-7.4525122],[111.8105163,-7.4527191],[111.8096771,-7.4528317],[111.8087311,-7.4530215],[111.8080673,-7.4531111],[111.8073501,-7.4532771],[111.8066177,-7.4534935],[111.805809,-7.4539237],[111.8052521,-7.4543099],[111.8049087,-7.4546484],[111.8044128,-7.4552645],[111.803978,-7.455842],[111.8034439,-7.4567518],[111.8024978,-7.4577336],[111.801239,-7.4590153],[111.8005891,-7.4606579],[111.800415,-7.4610981],[111.7998276,-7.460987],[111.7995605,-7.460968],[111.7990951,-7.4609784],[111.7983856,-7.4610257],[111.7975998,-7.4612183],[111.7970352,-7.4613308],[111.7965164,-7.4615044],[111.7956924,-7.4617977],[111.7950516,-7.4620742],[111.7943039,-7.4623656],[111.7933883,-7.4627356],[111.7926254,-7.4629959],[111.7917099,-7.4633221],[111.7907867,-7.4636921],[111.789833,-7.464013],[111.7889633,-7.4642701],[111.788002,-7.464591],[111.7880001,-7.4645915],[111.7868805,-7.4649033],[111.7868788,-7.4649036],[111.7858505,-7.465126],[111.7837829,-7.4659085],[111.7830658,-7.4662117],[111.7823028,-7.4664597],[111.7812423,-7.4667644],[111.7802276,-7.4669933],[111.7789688,-7.4672899],[111.7780762,-7.4674906],[111.777565,-7.4677266],[111.776886,-7.4680476],[111.7754135,-7.4686732],[111.7746658,-7.4690208],[111.7737274,-7.4693288],[111.7729415,-7.46949],[111.7719192,-7.4695381],[111.77108,-7.4696254],[111.770462,-7.4696397],[111.7697754,-7.4694995],[111.7688598,-7.4692206],[111.7673111,-7.4687566],[111.7672348,-7.4687123],[111.767128,-7.4686598],[111.7669677,-7.4685048],[111.7667999,-7.4682802],[111.7666168,-7.4680456],[111.7664642,-7.4679198],[111.7661209,-7.467751],[111.7658767,-7.4677124],[111.76548,-7.4677987],[111.7653656,-7.4678387],[111.765335,-7.4676814],[111.7653198,-7.4675207],[111.7652893,-7.4672899],[111.7648697,-7.4672536],[111.7647552,-7.4672317],[111.7645035,-7.4671091],[111.7643661,-7.4670467],[111.7641372,-7.4668488],[111.7640075,-7.4667959],[111.7636871,-7.4668769],[111.763504,-7.4669022],[111.7633438,-7.4668297],[111.7630462,-7.4663481],[111.7629852,-7.4661292],[111.7628402,-7.4658846],[111.761795,-7.4657573],[111.760704,-7.4651956],[111.7598724,-7.4646224],[111.7590866,-7.4640664],[111.7580795,-7.4625759],[111.7579803,-7.4625768],[111.7578277,-7.46246],[111.7575607,-7.4620713],[111.7574615,-7.4619498],[111.7572708,-7.4618372],[111.7571335,-7.4618048],[111.7568893,-7.4618511],[111.7567215,-7.4618806],[111.7565765,-7.4618463],[111.7563934,-7.4617218],[111.75631,-7.4616598],[111.7563095,-7.4616594],[111.7560195,-7.4616441],[111.7557678,-7.461657],[111.7555847,-7.4616036],[111.7554397,-7.4614996],[111.7553329,-7.4613251],[111.7552948,-7.4611639],[111.7552795,-7.4608745],[111.7552185,-7.4608011],[111.7551117,-7.4607739],[111.7550659,-7.4607758],[111.7550049,-7.4608044],[111.7548904,-7.4608158],[111.7546615,-7.4608449],[111.7545166,-7.4608507],[111.7543564,-7.4607968],[111.7541275,-7.4606528],[111.7539901,-7.4604806],[111.7537155,-7.4599761],[111.7535858,-7.4598703],[111.7530517,-7.4595365],[111.7525253,-7.4593496],[111.7517471,-7.459433],[111.7513122,-7.4593839],[111.7511215,-7.4592904],[111.7510071,-7.4591622],[111.7507629,-7.4588279],[111.750473,-7.4585323],[111.7502517,-7.4584555],[111.7501068,-7.4584798],[111.75,-7.4585037],[111.7490158,-7.4570226],[111.7485275,-7.4567184],[111.7480468,-7.4563093],[111.7475662,-7.4559125],[111.7467727,-7.4553627],[111.7467346,-7.4553532],[111.7462921,-7.4549851],[111.7458572,-7.4547662],[111.7452392,-7.4545369],[111.7446746,-7.4543928],[111.7442398,-7.4543557],[111.7436066,-7.4542889],[111.7426834,-7.4541101],[111.7422028,-7.4539174],[111.7421799,-7.4538888],[111.7413559,-7.4534859],[111.7409668,-7.453133],[111.7404403,-7.4527015],[111.7397995,-7.4522204],[111.7373123,-7.4509038],[111.7365341,-7.4506821],[111.7359772,-7.4505443],[111.7356949,-7.4504838],[111.7356879,-7.4504823],[111.7352371,-7.450386],[111.7344665,-7.4500946],[111.733612,-7.4498448],[111.731781,-7.449583],[111.7314453,-7.449542],[111.7305603,-7.4494456],[111.7296981,-7.449346],[111.7291641,-7.449345],[111.7287674,-7.4492978],[111.7283478,-7.4492382],[111.7276993,-7.4490442],[111.7271805,-7.4488487],[111.7267074,-7.4486365],[111.7261123,-7.4483113],[111.7254333,-7.4478177],[111.7253723,-7.4477481],[111.7248993,-7.4473991],[111.7243271,-7.4469175],[111.7236099,-7.4464144],[111.722763,-7.4460024],[111.7223587,-7.4458246],[111.7216949,-7.445538],[111.7209701,-7.4452748],[111.7209676,-7.4452726],[111.7205887,-7.4449467],[111.7201156,-7.4446873],[111.7194443,-7.4444231],[111.718811,-7.4440851],[111.7177734,-7.4436941],[111.7167053,-7.4432139],[111.7161865,-7.4428911],[111.7157135,-7.4424939],[111.7154465,-7.4420313],[111.7151947,-7.4415812],[111.7148819,-7.4411029],[111.7145843,-7.4407109],[111.7141571,-7.4402084],[111.7137222,-7.4396867],[111.7133865,-7.4391674],[111.713356,-7.4391741],[111.7128753,-7.4386434],[111.7123794,-7.4381322],[111.7118072,-7.4375863],[111.7111816,-7.4369902],[111.7108612,-7.4366459],[111.7103271,-7.4362211],[111.7096481,-7.4358072],[111.7088241,-7.4353184],[111.7086193,-7.435125],[111.7086181,-7.4351239],[111.708374,-7.4349885],[111.707634,-7.4344634],[111.7070389,-7.4340839],[111.7062454,-7.433588],[111.705513,-7.4330792],[111.7048874,-7.4325465],[111.7041473,-7.4319901],[111.7032623,-7.4313678],[111.7019653,-7.4303035],[111.7013931,-7.4299173],[111.7006988,-7.4294781],[111.6999054,-7.4288835],[111.6995315,-7.4285588],[111.6989898,-7.4280767],[111.698555,-7.4276923],[111.6979522,-7.4271979],[111.6976013,-7.4269399],[111.6970672,-7.4265436],[111.6965027,-7.4261064],[111.6958084,-7.4255905],[111.695198,-7.4251565],[111.6946945,-7.4247827],[111.6939545,-7.4242801],[111.692696,-7.4234035],[111.6926956,-7.4234032],[111.6914825,-7.4226059],[111.6901703,-7.4214239],[111.688919,-7.4203877],[111.68824,-7.4197282],[111.6874084,-7.4189748],[111.6867218,-7.4183378],[111.6858139,-7.4177446],[111.6845398,-7.4166159],[111.6829147,-7.4157271],[111.6823196,-7.4153313],[111.681694,-7.4149885],[111.6808853,-7.4145936],[111.6801834,-7.4142851],[111.6792755,-7.4136791],[111.6778717,-7.4128322],[111.6778694,-7.4128307],[111.6773071,-7.4124555],[111.676445,-7.4119348],[111.6761169,-7.4118108],[111.6752319,-7.4114179],[111.674057,-7.4109101],[111.6736062,-7.4106614],[111.6732177,-7.4104471],[111.6723556,-7.410089],[111.6712189,-7.4095425],[111.6691437,-7.408266],[111.6689605,-7.4081459],[111.6685257,-7.407896],[111.6677017,-7.4074258],[111.6670303,-7.4071078],[111.6663284,-7.4067511],[111.6657028,-7.4062452],[111.6654587,-7.4060363],[111.665184,-7.4057984],[111.6647339,-7.4054665],[111.6639022,-7.4046654],[111.6632309,-7.404251],[111.6622696,-7.4036998],[111.6609726,-7.4028968],[111.6600952,-7.4025101],[111.6591034,-7.4020261],[111.6574249,-7.4009528],[111.6562042,-7.4006047],[111.6547089,-7.3991279],[111.6539764,-7.3989267],[111.6539691,-7.3989247],[111.6518173,-7.3983468],[111.6511154,-7.3981084],[111.6502533,-7.39783],[111.6493988,-7.3974752],[111.6482772,-7.3969607],[111.6465988,-7.3962759],[111.6447601,-7.395338],[111.6442261,-7.3950848],[111.6436386,-7.3949408],[111.6429748,-7.3947181],[111.6420974,-7.3945131],[111.6413803,-7.3942556],[111.6409607,-7.3940877],[111.6404571,-7.393618],[111.6399307,-7.3933009],[111.6392288,-7.3930277],[111.6385422,-7.3926968],[111.6376343,-7.3921699],[111.6371841,-7.3919577],[111.6365585,-7.3917183],[111.6358337,-7.3914418],[111.635025,-7.3911824],[111.6340942,-7.3908982],[111.6335068,-7.3907318],[111.6326446,-7.3904471],[111.6318817,-7.3901691],[111.6318805,-7.3901686],[111.6310882,-7.3898825],[111.630722,-7.3897395],[111.6299667,-7.3892178],[111.6289596,-7.3885841],[111.6281131,-7.3879956],[111.6281103,-7.3879936],[111.6278393,-7.3878052],[111.6278382,-7.3878045],[111.6274719,-7.3875498],[111.6268692,-7.3868551],[111.6256332,-7.3850936],[111.625,-7.3839855],[111.6248093,-7.3837509],[111.624588,-7.3834118],[111.6241913,-7.3829789],[111.6238784,-7.3826231],[111.6235199,-7.3822288],[111.623352,-7.3821702],[111.6231079,-7.3821172],[111.6227646,-7.3820857],[111.6224823,-7.3820705],[111.622139,-7.3819656],[111.6217804,-7.3819465],[111.6213531,-7.3818602],[111.6208648,-7.3816843],[111.6206054,-7.3815164],[111.6203766,-7.3814191],[111.6200027,-7.3811898],[111.619606,-7.3809638],[111.6191635,-7.3807883],[111.618721,-7.3804984],[111.6184005,-7.3803172],[111.6177063,-7.379755],[111.6176681,-7.3797264],[111.6173324,-7.379507],[111.6168594,-7.3794078],[111.6162796,-7.3793997],[111.6158142,-7.3785962],[111.6154938,-7.378015],[111.6152725,-7.3775487],[111.6149673,-7.3768782],[111.6146927,-7.3763832],[111.6143875,-7.3758015],[111.6142579,-7.3750009],[111.6142578,-7.3750004],[111.6143341,-7.3748979],[111.6144714,-7.3746294],[111.614685,-7.3739523],[111.6147842,-7.3734984],[111.6149215,-7.3726496],[111.6149978,-7.3725686],[111.6152496,-7.3723416],[111.6153259,-7.3721919],[111.615303,-7.3720016],[111.6151733,-7.3717217],[111.6149597,-7.3713645],[111.6148529,-7.3712601],[111.6146088,-7.3710684],[111.6145782,-7.3710503],[111.6145401,-7.371036],[111.6139984,-7.3709349],[111.6140136,-7.3707275],[111.6139603,-7.3704195],[111.6137854,-7.3698076],[111.6137848,-7.3698053],[111.6136627,-7.369852],[111.613121,-7.3700985],[111.6127243,-7.370377],[111.6125336,-7.3705945],[111.6122207,-7.3708038],[111.6120071,-7.3708562],[111.6114807,-7.3707342],[111.6112518,-7.3706274],[111.6111755,-7.3705615],[111.6111145,-7.3705091],[111.6110153,-7.3703713],[111.6109085,-7.3702325],[111.6107178,-7.3699746],[111.6106186,-7.3696932],[111.6105423,-7.369059],[111.6105194,-7.3686051],[111.6104507,-7.3683481],[111.6102752,-7.3680562],[111.6100921,-7.3678426],[111.6098785,-7.36769],[111.6096649,-7.3675885],[111.609024,-7.3673548],[111.6084366,-7.3672251],[111.6080093,-7.3671436],[111.6076049,-7.3669519],[111.6072693,-7.3667659],[111.6069717,-7.3665094],[111.606575,-7.3659329],[111.6063766,-7.3655052],[111.6062545,-7.3649025],[111.6062088,-7.3646407],[111.6061172,-7.3644757],[111.6059723,-7.3643402],[111.6052704,-7.3638868],[111.6049347,-7.3636183],[111.6046753,-7.3634677],[111.6033783,-7.3634252],[111.603157,-7.3634352],[111.60302,-7.3634357],[111.6030197,-7.3634357],[111.6029739,-7.3634271],[111.6022567,-7.363069],[111.6018676,-7.3627576],[111.60083,-7.3616809],[111.6005935,-7.361443],[111.6004867,-7.3613758],[111.6002502,-7.3613281],[111.5996094,-7.3612265],[111.5988693,-7.3610973],[111.5988388,-7.3610892],[111.5983505,-7.3609295],[111.5983276,-7.3609175],[111.5979995,-7.3606853],[111.5979233,-7.3606076],[111.5977859,-7.3602805],[111.5977325,-7.3601579],[111.5975799,-7.3597846],[111.597557,-7.3597283],[111.5973739,-7.3594822],[111.5973434,-7.3594574],[111.5970154,-7.3592538],[111.5969925,-7.3592395],[111.5967407,-7.3591413],[111.5967025,-7.3591265],[111.5966644,-7.3591022],[111.5966034,-7.3590736],[111.5963516,-7.3589754],[111.5962448,-7.3589358],[111.5958862,-7.3588152],[111.5953979,-7.3586559],[111.5952225,-7.3586373],[111.594841,-7.3586277],[111.5947189,-7.3586831],[111.5942993,-7.3589854],[111.5940323,-7.3592233],[111.5939636,-7.359231],[111.5939102,-7.3592395],[111.5934982,-7.3592653],[111.5930557,-7.3592429],[111.5929718,-7.3592204],[111.5927276,-7.3591084],[111.5926056,-7.3589963],[111.5925445,-7.3589253],[111.5924453,-7.3587045],[111.5923767,-7.3585071],[111.5922088,-7.3580284],[111.5920257,-7.3574705],[111.591835,-7.3571977],[111.5916671,-7.3570661],[111.5910415,-7.3567462],[111.591011,-7.356739],[111.5904159,-7.3565139],[111.5902176,-7.3564214],[111.5894241,-7.3560795],[111.5890427,-7.3558931],[111.5887909,-7.3557815],[111.5884475,-7.3556308],[111.5884246,-7.3556256],[111.5882492,-7.3555374],[111.5882034,-7.3555159],[111.5878067,-7.3553452],[111.5874252,-7.3551726],[111.5870208,-7.3549695],[111.5866775,-7.3548355],[111.5865783,-7.3547964],[111.5863418,-7.3546872],[111.5862045,-7.3546271],[111.5860214,-7.3545055],[111.5858306,-7.3544235],[111.5856857,-7.3543543],[111.5852279,-7.3541164],[111.5847549,-7.3538537],[111.5845642,-7.3537177],[111.5842743,-7.3535203],[111.5834885,-7.3529343],[111.5833359,-7.3529176],[111.5829162,-7.3529734],[111.5826263,-7.3531274],[111.5823516,-7.3533325],[111.582077,-7.3535647],[111.5818863,-7.353784],[111.5817413,-7.3540487],[111.5816269,-7.3544669],[111.5816116,-7.3546981],[111.5814209,-7.3547539],[111.5811767,-7.3548574],[111.5810699,-7.3548874],[111.5808639,-7.354916],[111.5805893,-7.3548769],[111.5801392,-7.3547067],[111.5800171,-7.3546342],[111.5794678,-7.35429],[111.5793381,-7.3541202],[111.5792618,-7.3539128],[111.5790405,-7.3532829],[111.578804,-7.3526759],[111.5786285,-7.3524804],[111.5781708,-7.3520746],[111.5774765,-7.3514575],[111.5773468,-7.3512816],[111.5772323,-7.3510084],[111.577034,-7.3505196],[111.5769119,-7.3504404],[111.5768432,-7.3504219],[111.5765533,-7.3503971],[111.5765152,-7.3503923],[111.5763244,-7.3503336],[111.5762634,-7.3502936],[111.5760193,-7.3501772],[111.5758438,-7.3500452],[111.5757522,-7.349945],[111.5756302,-7.3497919],[111.5753937,-7.3493733],[111.5751342,-7.3489289],[111.5750351,-7.3487191],[111.5749283,-7.3485813],[111.574913,-7.3485622],[111.5745392,-7.3488559],[111.5743027,-7.3489804],[111.5742263,-7.3490386],[111.573967,-7.3492417],[111.5736694,-7.3494949],[111.5735397,-7.3496017],[111.5726471,-7.350141],[111.5725937,-7.3502884],[111.572464,-7.3506531],[111.5723114,-7.3511934],[111.572258,-7.3514094],[111.5721435,-7.3517189],[111.5720215,-7.3519368],[111.5719528,-7.3520217],[111.5717544,-7.3521881],[111.5715942,-7.3522868],[111.5713196,-7.352437],[111.5709838,-7.3525834],[111.5708313,-7.3526473],[111.5705414,-7.3527889],[111.5705185,-7.3528065],[111.5702438,-7.353053],[111.5701828,-7.3531165],[111.569931,-7.3534212],[111.5698929,-7.3534989],[111.5698395,-7.3536243],[111.5696945,-7.3539772],[111.5694885,-7.3543352],[111.5694656,-7.3543581],[111.5692596,-7.3545098],[111.5689697,-7.354649],[111.568779,-7.3547425],[111.5684738,-7.354897],[111.5675583,-7.3553033],[111.567276,-7.3553175],[111.5671387,-7.355308],[111.5671921,-7.3557944],[111.5671844,-7.3558258],[111.5671463,-7.3561496],[111.5671234,-7.3563489],[111.5671692,-7.3564739],[111.5671997,-7.3568415],[111.5671158,-7.3575663],[111.567131,-7.3576602],[111.567131,-7.35784],[111.5670471,-7.3581976],[111.5670318,-7.3582625],[111.5668716,-7.3587808],[111.5666504,-7.3595657],[111.5664749,-7.3599505],[111.5663452,-7.3598122],[111.5659942,-7.3595166],[111.565834,-7.3593716],[111.5656433,-7.3592157],[111.5652313,-7.3589491],[111.5651627,-7.3589081],[111.5648956,-7.3587479],[111.5645828,-7.3584632],[111.5644302,-7.3583364],[111.5640182,-7.3580045],[111.5639496,-7.3579511],[111.5636673,-7.3577752],[111.5634231,-7.3576822],[111.5631714,-7.3576016],[111.5628433,-7.357551],[111.5628128,-7.3575501],[111.5625229,-7.3575849],[111.5624084,-7.3576207],[111.5620651,-7.3578081],[111.5619278,-7.3578963],[111.5617142,-7.3580351],[111.5615616,-7.3581495],[111.561264,-7.3583512],[111.5612793,-7.3586931],[111.5612182,-7.3592085],[111.5611343,-7.3594498],[111.5608902,-7.3598375],[111.5608139,-7.3599638],[111.5608101,-7.3599599],[111.560234,-7.3593587],[111.5601959,-7.3593983],[111.5600891,-7.3594889],[111.560028,-7.3595271],[111.559845,-7.3596115],[111.5596313,-7.3596787],[111.5595169,-7.3597083],[111.5593567,-7.3597784],[111.5593262,-7.3597893],[111.5592194,-7.3598298],[111.5590668,-7.3599066],[111.5590057,-7.3599371],[111.5588074,-7.3600001],[111.5587463,-7.3600134],[111.5585174,-7.3600564],[111.5581512,-7.3601889],[111.5581207,-7.3602447],[111.5578918,-7.360033],[111.5578155,-7.3599791],[111.5575638,-7.3598542],[111.5573959,-7.3597993],[111.5569839,-7.3595972],[111.5569229,-7.3595509],[111.5565033,-7.3593134],[111.556282,-7.3591475],[111.5561218,-7.359013],[111.5559158,-7.3588848],[111.5557632,-7.35886],[111.5554504,-7.3588266],[111.5554046,-7.3588142],[111.5553207,-7.3588476],[111.555252,-7.359013],[111.5552215,-7.3590541],[111.5551834,-7.359065],[111.5550919,-7.3590092],[111.5549927,-7.3589057],[111.5548324,-7.3588566],[111.5546685,-7.3588939],[111.5546646,-7.3588948],[111.5546341,-7.3589706],[111.5545296,-7.3591002],[111.5545273,-7.3591031],[111.5545073,-7.3591114],[111.5544739,-7.3591251],[111.5543594,-7.3589983],[111.5543429,-7.3589659],[111.5542297,-7.3587431],[111.5541382,-7.3586544],[111.5540274,-7.3586387],[111.5539398,-7.3586263],[111.5538247,-7.358641],[111.5537338,-7.3586526],[111.5536948,-7.3586788],[111.5536346,-7.3587193],[111.5536297,-7.3587321],[111.553626,-7.3587416],[111.553566,-7.3588976],[111.5535507,-7.3591094],[111.5535126,-7.3592076],[111.5532379,-7.3596553],[111.5531464,-7.3597412],[111.5531082,-7.3597631],[111.5528946,-7.3597888],[111.5528488,-7.3597855],[111.5526962,-7.3597979],[111.5524521,-7.3599395],[111.5523453,-7.3600144],[111.5522842,-7.3600411],[111.551979,-7.3600587],[111.5519485,-7.3600573],[111.5518494,-7.3600812],[111.5516891,-7.3601999],[111.5503845,-7.3607339],[111.5502624,-7.3608608],[111.5499572,-7.3611917],[111.5498275,-7.3614325],[111.5494537,-7.3629541],[111.5494079,-7.3632221],[111.5493545,-7.3639841],[111.5493622,-7.3641571],[111.5493011,-7.3646049],[111.5491867,-7.3652291],[111.5491867,-7.3653206],[111.5491333,-7.3655881],[111.5488739,-7.3662948],[111.5487366,-7.3664469],[111.5486145,-7.3665676],[111.5484161,-7.3668332],[111.5482864,-7.3670554],[111.547966,-7.3675675],[111.5477447,-7.3679203],[111.5477295,-7.3679423],[111.5474548,-7.3683533],[111.5472183,-7.3687324],[111.5469742,-7.369091],[111.546875,-7.3692159],[111.5466308,-7.3693065],[111.5465622,-7.3693456],[111.5463867,-7.3694243],[111.5462799,-7.3694667],[111.5461731,-7.3695192],[111.5461197,-7.3695392],[111.5460739,-7.3695587],[111.5460129,-7.3695912],[111.5459518,-7.369656],[111.5458603,-7.3697423],[111.5453949,-7.3699803],[111.5451126,-7.3701481],[111.5450515,-7.3701763],[111.5450287,-7.3701849],[111.5448837,-7.3702335],[111.544754,-7.3702745],[111.5446548,-7.3703069],[111.5443191,-7.3703274],[111.5433578,-7.3705816],[111.5433121,-7.3705935],[111.5429382,-7.3707003],[111.5427246,-7.370779],[111.5426025,-7.3708124],[111.5409317,-7.3696594],[111.5402984,-7.3693795],[111.5398483,-7.3693018],[111.539032,-7.3692622],[111.5384292,-7.3691668],[111.5381393,-7.3691916],[111.5377807,-7.3692726],[111.5376968,-7.3693003],[111.5374985,-7.3693494],[111.5371399,-7.3694701],[111.5369644,-7.3695502],[111.5369415,-7.3695659],[111.5368347,-7.3696732],[111.5366211,-7.3699088],[111.5364532,-7.3699974],[111.5362472,-7.3700032],[111.5361633,-7.370006],[111.536026,-7.3699917],[111.5357589,-7.3699154],[111.5357132,-7.369863],[111.5355377,-7.3697585],[111.5345154,-7.3699545],[111.5342712,-7.3700404],[111.5337677,-7.3704461],[111.5335998,-7.3705382],[111.5335159,-7.3705821],[111.5333099,-7.3706908],[111.532875,-7.3708343],[111.5326156,-7.3708958],[111.5323028,-7.3709173],[111.532135,-7.3709321],[111.5315246,-7.3708486],[111.5310898,-7.37079],[111.5307388,-7.3707704],[111.5305939,-7.3707866],[111.5304184,-7.3708448],[111.5300751,-7.3710303],[111.5297928,-7.3712601],[111.5295868,-7.3714022],[111.5295562,-7.3714346],[111.5295028,-7.3714995],[111.5294647,-7.3715219],[111.528511,-7.3719983],[111.5281601,-7.3721494],[111.5278549,-7.372189],[111.5275879,-7.372168],[111.5272674,-7.3721003],[111.5269546,-7.3719873],[111.5266876,-7.3718075],[111.5263061,-7.3715352],[111.526268,-7.3715152],[111.5262298,-7.3715047],[111.5260544,-7.3714647],[111.5258408,-7.371447],[111.5255432,-7.3714833],[111.5254059,-7.3715023],[111.5252685,-7.3715214],[111.5249481,-7.3715872],[111.5246582,-7.3716511],[111.524147,-7.371684],[111.5238495,-7.3716072],[111.5235443,-7.3715129],[111.5234298,-7.3714013],[111.5233459,-7.3713297],[111.5231399,-7.3711094],[111.5227696,-7.3706319],[111.5227661,-7.3706274],[111.5224075,-7.370202],[111.5223312,-7.370131],[111.522232,-7.3700447],[111.5222091,-7.3700251],[111.5221405,-7.3699197],[111.5221176,-7.3698925],[111.5219498,-7.3696379],[111.5218124,-7.3691425],[111.5217972,-7.3691139],[111.5217361,-7.3689021],[111.5215988,-7.3684859],[111.5215912,-7.3684582],[111.5215225,-7.3684058],[111.5213775,-7.3682513],[111.5211334,-7.3679719],[111.52108,-7.3679218],[111.5210342,-7.3678607],[111.5209656,-7.3677687],[111.5207901,-7.3675675],[111.5206909,-7.3674626],[111.520607,-7.3673644],[111.5205154,-7.3672647],[111.5204849,-7.3672347],[111.5203857,-7.3671436],[111.5203018,-7.3670544],[111.5201263,-7.3668737],[111.5200653,-7.3668055],[111.5197982,-7.3664889],[111.5196686,-7.3663549],[111.5194854,-7.3661966],[111.5194015,-7.366115],[111.5192184,-7.3659725],[111.5191345,-7.3659281],[111.5189896,-7.3658666],[111.518959,-7.3658585],[111.5189209,-7.3658394],[111.5185852,-7.3656687],[111.518486,-7.3656139],[111.5180053,-7.365344],[111.5179596,-7.3653016],[111.5177688,-7.3651761],[111.5174408,-7.3649315],[111.5161514,-7.3640551],[111.515625,-7.3638653],[111.5153351,-7.3637151],[111.5151748,-7.3636202],[111.5149765,-7.3635368],[111.5147934,-7.3634791],[111.5145416,-7.3633708],[111.5143814,-7.363275],[111.5142212,-7.3631911],[111.5140457,-7.3631019],[111.5135422,-7.3628964],[111.5130463,-7.3627681],[111.5122146,-7.362647],[111.5121612,-7.3626522],[111.5120544,-7.3626522],[111.5118484,-7.3626527],[111.511734,-7.3626532],[111.5111389,-7.3626184],[111.5110779,-7.3626065],[111.5108566,-7.3625621],[111.5106888,-7.3625278],[111.5105133,-7.3624777],[111.5090942,-7.3622136],[111.5087662,-7.3621659],[111.5082855,-7.3621025],[111.5082168,-7.3620858],[111.5074081,-7.3618974],[111.5070343,-7.3618106],[111.506607,-7.3617663],[111.5065002,-7.3617587],[111.5061493,-7.3617348],[111.5059433,-7.361741],[111.5058212,-7.3617467],[111.5051651,-7.3617763],[111.5049896,-7.3618497],[111.5047531,-7.3619747],[111.5045623,-7.3621191],[111.5043564,-7.3622613],[111.5042572,-7.3623266],[111.5039749,-7.3624644],[111.5036087,-7.3625798],[111.5033722,-7.362636],[111.5031356,-7.3626918],[111.5030595,-7.3627071],[111.5030594,-7.3627071],[111.5029297,-7.3627429],[111.5027694,-7.362813],[111.5026932,-7.3628439],[111.5024109,-7.3629589],[111.5022812,-7.3629603],[111.5010833,-7.3634104],[111.5003738,-7.363955],[111.5001907,-7.3639078],[111.5000305,-7.3638854],[111.5,-7.3638825],[111.4996109,-7.3638463],[111.4995422,-7.3638286],[111.4991684,-7.3637399],[111.4990692,-7.3637175],[111.498764,-7.3636813],[111.4987259,-7.3636798],[111.498558,-7.3639674],[111.4984894,-7.3640885],[111.4980926,-7.364469],[111.4980904,-7.3644686],[111.4976654,-7.3643999],[111.4974594,-7.3643722],[111.4974213,-7.3643641],[111.4973755,-7.364376],[111.4972992,-7.3644051],[111.4969558,-7.3644495],[111.4969558,-7.3642788],[111.4969558,-7.3642139],[111.4969864,-7.3639083],[111.4969787,-7.3636107],[111.4969177,-7.3633699],[111.4969101,-7.3633379],[111.4968567,-7.3629799],[111.496849,-7.3627748],[111.4968185,-7.3624496],[111.4967804,-7.3623314],[111.4966049,-7.3616275],[111.4965668,-7.3616175],[111.4964828,-7.3615422],[111.4963913,-7.3613205],[111.4962921,-7.3611841],[111.4961624,-7.3611245],[111.4957809,-7.3610572],[111.4955749,-7.3610153],[111.49543,-7.3610238],[111.494957,-7.36097],[111.4945984,-7.3609977],[111.4943237,-7.3611202],[111.4942779,-7.3611374],[111.4941177,-7.3611631],[111.4939194,-7.3611278],[111.4935684,-7.3610735],[111.4932632,-7.3611097],[111.4931869,-7.3610892],[111.4930496,-7.3608932],[111.4928894,-7.3606743],[111.4928055,-7.3606867],[111.492775,-7.360691],[111.492691,-7.3607316],[111.4925308,-7.3607864],[111.4924392,-7.3608031],[111.4923553,-7.3608121],[111.4921341,-7.3608202],[111.4919433,-7.3608441],[111.4914627,-7.3608379],[111.4913788,-7.3608174],[111.4911651,-7.3607955],[111.4909668,-7.3607497],[111.4902038,-7.3605132],[111.4894943,-7.3603935],[111.489418,-7.3603339],[111.4893188,-7.3603034],[111.4888992,-7.3602504],[111.4883041,-7.3602004],[111.488266,-7.3601894],[111.4880676,-7.3600597],[111.4878998,-7.3599772],[111.4875717,-7.3598737],[111.4874496,-7.3594927],[111.4873276,-7.3593397],[111.487236,-7.3592786],[111.4871979,-7.3592662],[111.4870834,-7.3592824],[111.4868393,-7.3594069],[111.4865875,-7.35954],[111.4865341,-7.3595352],[111.4865036,-7.359519],[111.4863891,-7.3593907],[111.48629,-7.3591947],[111.4861374,-7.3588862],[111.4860153,-7.3587899],[111.485878,-7.3587622],[111.4858398,-7.3587846],[111.4855575,-7.3589129],[111.4853286,-7.3589095],[111.4853134,-7.3588161],[111.4853363,-7.3587775],[111.4853897,-7.358716],[111.4855652,-7.3585066],[111.4855652,-7.3584733],[111.4854889,-7.3583569],[111.4853439,-7.358241],[111.4853058,-7.358222],[111.4851532,-7.3581771],[111.4849319,-7.3581771],[111.4847488,-7.358222],[111.4844894,-7.3583765],[111.4844436,-7.3584203],[111.4843903,-7.3585624],[111.4843979,-7.3586158],[111.4844131,-7.3586769],[111.4844284,-7.358879],[111.4843597,-7.3589277],[111.48423,-7.3589253],[111.483963,-7.3588447],[111.4838867,-7.3587679],[111.4837418,-7.3586268],[111.4836502,-7.3586463],[111.4835357,-7.3587546],[111.4831085,-7.3592343],[111.4829864,-7.3592219],[111.4827423,-7.359189],[111.4825897,-7.3592624],[111.4824219,-7.3593082],[111.4823303,-7.3592634],[111.4822006,-7.3591108],[111.4821396,-7.3590426],[111.4821014,-7.3590369],[111.4819946,-7.3590788],[111.4816971,-7.35924],[111.4815903,-7.3591632],[111.4813843,-7.3590469],[111.4811707,-7.3590517],[111.4810181,-7.3590197],[111.4810333,-7.3589644],[111.4810715,-7.3587946],[111.4809723,-7.3586888],[111.4807434,-7.3585195],[111.4805984,-7.3584866],[111.480484,-7.3584856],[111.4796448,-7.3584275],[111.4795914,-7.3584404],[111.479126,-7.3585386],[111.4789429,-7.3584694],[111.4788208,-7.3585119],[111.4786453,-7.3586802],[111.4784775,-7.3587894],[111.4781418,-7.3587789],[111.4780121,-7.3586836],[111.4778518,-7.358601],[111.4777222,-7.358613],[111.4775085,-7.3586216],[111.4773636,-7.3585338],[111.477211,-7.3584747],[111.477066,-7.3585033],[111.4770203,-7.3585691],[111.4770508,-7.3586945],[111.4771957,-7.3589148],[111.4774856,-7.3593311],[111.4775162,-7.3594951],[111.4774627,-7.3595194],[111.4773407,-7.3594384],[111.4771957,-7.3593535],[111.4771805,-7.3594293],[111.4771271,-7.3596019],[111.4770126,-7.3596358],[111.4769287,-7.3595862],[111.4767837,-7.3595032],[111.4766464,-7.3596496],[111.4765701,-7.359683],[111.4765015,-7.3596382],[111.4763107,-7.3594169],[111.4761276,-7.3594331],[111.4759369,-7.3595042],[111.4757919,-7.3596143],[111.4757156,-7.3596353],[111.4756851,-7.3595767],[111.4756165,-7.3594441],[111.4754944,-7.3594455],[111.4753265,-7.3594202],[111.4751816,-7.3593025],[111.4750366,-7.3591184],[111.4751053,-7.3590955],[111.475235,-7.3590388],[111.4752426,-7.3589658],[111.4751892,-7.3588881],[111.4750824,-7.3588562],[111.474823,-7.3587899],[111.4748993,-7.3587293],[111.4750366,-7.3585977],[111.4749756,-7.3585062],[111.4748382,-7.3584284],[111.474739,-7.3584337],[111.4746933,-7.3585152],[111.4746093,-7.3586206],[111.4742737,-7.3587331],[111.4740448,-7.3584771],[111.4739075,-7.3584337],[111.4739151,-7.3583755],[111.4740219,-7.358304],[111.4741211,-7.3581938],[111.4741363,-7.3580713],[111.4741211,-7.3577141],[111.4740295,-7.3575506],[111.4739151,-7.3574356],[111.4737549,-7.3573823],[111.4734878,-7.3573823],[111.4733505,-7.3574352],[111.4731445,-7.3574981],[111.4730682,-7.3573899],[111.4729767,-7.3573303],[111.4728928,-7.3573617],[111.4728165,-7.3574648],[111.4726867,-7.3576211],[111.4725799,-7.3576378],[111.4724045,-7.3575611],[111.4720917,-7.3574147],[111.471962,-7.3574657],[111.4717865,-7.3576245],[111.4715118,-7.3578476],[111.471199,-7.3580079],[111.4711075,-7.3579721],[111.471077,-7.357902],[111.4710159,-7.3577323],[111.4709015,-7.3576927],[111.4708971,-7.3576945],[111.4707565,-7.3577537],[111.4703217,-7.3580465],[111.4703674,-7.3581009],[111.4705429,-7.358179],[111.4707184,-7.3582997],[111.470726,-7.3583712],[111.470665,-7.3584847],[111.4705276,-7.3585624],[111.469078,-7.3590836],[111.4687195,-7.3590879],[111.4686508,-7.3591914],[111.4686508,-7.3593068],[111.4686355,-7.3594756],[111.4684982,-7.3597497],[111.4684143,-7.3598475],[111.4683227,-7.3598389],[111.4682083,-7.3598608],[111.4680557,-7.3599815],[111.4679336,-7.3601098],[111.4679305,-7.3601108],[111.4678116,-7.3601489],[111.4674454,-7.360239],[111.4673004,-7.3601903],[111.4671783,-7.360188],[111.46698,-7.3601975],[111.4668121,-7.3600377],[111.466629,-7.3599267],[111.4665298,-7.359941],[111.4664993,-7.3599891],[111.4664459,-7.3601713],[111.4664764,-7.3604016],[111.4665451,-7.3605451],[111.466568,-7.3605685],[111.4667511,-7.3606734],[111.4670181,-7.3606867],[111.4673843,-7.3607215],[111.467514,-7.3607936],[111.4676666,-7.360989],[111.4676666,-7.3611116],[111.467598,-7.3612952],[111.4673691,-7.3617253],[111.4672088,-7.3618593],[111.4670639,-7.3618888],[111.4669418,-7.3618474],[111.4665451,-7.3615889],[111.4659805,-7.361267],[111.4658279,-7.3612685],[111.4655685,-7.3613553],[111.4653168,-7.3614993],[111.4652633,-7.3616228],[111.4652633,-7.361783],[111.4653091,-7.3622603],[111.4652481,-7.3623232],[111.4650879,-7.3623466],[111.4647674,-7.3624362],[111.4645538,-7.3626003],[111.4643326,-7.3628745],[111.4641113,-7.3633227],[111.4639969,-7.3633031],[111.4638977,-7.3632111],[111.4638214,-7.3630371],[111.463768,-7.3627376],[111.463768,-7.3624353],[111.4637527,-7.3623371],[111.4636917,-7.3622541],[111.4636459,-7.3622546],[111.4634552,-7.3622565],[111.4630203,-7.3623104],[111.4629288,-7.3624186],[111.4628906,-7.3625645],[111.4627838,-7.3629508],[111.4626846,-7.363029],[111.4625778,-7.3630209],[111.462471,-7.3629536],[111.4624329,-7.362864],[111.4623184,-7.3625459],[111.4619522,-7.3620243],[111.4618321,-7.3614239],[111.4617621,-7.3606073],[111.4619568,-7.3598466],[111.4619559,-7.358952],[111.4619543,-7.3574184],[111.4613118,-7.3558854],[111.4609263,-7.3548634],[111.4598994,-7.3534587],[111.4578161,-7.3520467],[111.4568924,-7.351841],[111.4560068,-7.352011],[111.4548009,-7.3523504],[111.4531809,-7.3531788],[111.4515798,-7.3540636],[111.4502583,-7.3549781],[111.4495241,-7.3558244],[111.4489597,-7.3567645],[111.4481318,-7.3582121],[111.4475057,-7.3595179],[111.4469414,-7.3607022],[111.446169,-7.3609848],[111.4449252,-7.3610988],[111.4437139,-7.3601525],[111.4435052,-7.358781],[111.4431256,-7.3560945],[111.4422114,-7.3532208],[111.4417502,-7.3510597],[111.4417713,-7.3499746],[111.4420592,-7.3490664],[111.4423916,-7.348291],[111.4432792,-7.3474265],[111.4441959,-7.3463721],[111.4455273,-7.3451307],[111.4465263,-7.344554],[111.447503,-7.3439772],[111.4485243,-7.3435112],[111.449679,-7.3431778],[111.4509449,-7.3430216],[111.4523886,-7.3429758],[111.4536086,-7.343241],[111.4550772,-7.3439918],[111.4561734,-7.3446442],[111.4571996,-7.3454099],[111.4590275,-7.3464019],[111.4606269,-7.3465774],[111.4617817,-7.3463769],[111.462736,-7.3455344],[111.4628236,-7.3443828],[111.4627115,-7.3433421],[111.4616883,-7.3419038],[111.4608212,-7.3411074],[111.45963,-7.3406788],[111.4576777,-7.3403688],[111.4562503,-7.3401846],[111.4545624,-7.3403414],[111.4519416,-7.3405433],[111.4510087,-7.3405],[111.4501645,-7.3403015],[111.4482977,-7.3393068],[111.4466976,-7.3384669],[111.446297,-7.3376037],[111.4461632,-7.3370502],[111.446229,-7.3362308],[111.4464949,-7.3356105],[111.4472051,-7.3350561],[111.4476489,-7.3341131],[111.4481363,-7.3328061],[111.4486904,-7.3316319],[111.449295,-7.3306445],[111.4500272,-7.3298909],[111.4508925,-7.3290485],[111.4521576,-7.328095],[111.4534703,-7.3271985],[111.454802,-7.326245],[111.4557344,-7.325779],[111.456711,-7.3251137],[111.457399,-7.3245593],[111.4577535,-7.3238631],[111.4579521,-7.3225785],[111.4576401,-7.3215602],[111.456617,-7.3201883],[111.4552829,-7.3187059],[111.4536256,-7.3173847],[111.4520921,-7.3163676],[111.4510252,-7.3156157],[111.4498474,-7.3149526],[111.4487806,-7.314245],[111.4481583,-7.3138027],[111.4476694,-7.3135375],[111.4470252,-7.3134274],[111.4460177,-7.3135213],[111.443968,-7.3144179],[111.4425586,-7.3148027],[111.441662,-7.3153148],[111.4409476,-7.3155569],[111.437689,-7.3153187],[111.4328402,-7.3149226],[111.4308735,-7.3143635],[111.4257634,-7.3125747],[111.4243166,-7.3114605],[111.4235603,-7.3101768],[111.4235145,-7.3088039],[111.4242907,-7.3074966],[111.4250229,-7.3068094],[111.4267835,-7.3059384],[111.4279635,-7.305593],[111.4292956,-7.3049939],[111.4305382,-7.3038854],[111.4317783,-7.3023552],[111.4324905,-7.3016469],[111.4334668,-7.3006716],[111.4340928,-7.2999471],[111.4344255,-7.2994817],[111.435135,-7.2982852],[111.435911,-7.2969115],[111.4362922,-7.2953938],[111.4367353,-7.2942197],[111.4375557,-7.2928902],[111.4385608,-7.2922523],[111.4395977,-7.2916038],[111.440482,-7.2911002],[111.4408881,-7.2906787],[111.4415318,-7.2902352],[111.4419309,-7.2895926],[111.4422408,-7.2885293],[111.4423281,-7.286972],[111.4420598,-7.2851785],[111.4422804,-7.2836725],[111.4427781,-7.2821784],[111.4431666,-7.2814212],[111.4436735,-7.2805161],[111.4441865,-7.2796044],[111.4443854,-7.2786519],[111.4441835,-7.2778318],[111.4428525,-7.2768451],[111.4408747,-7.2755405],[111.4398301,-7.2747],[111.438874,-7.2735272],[111.4381845,-7.2720742],[111.4379839,-7.2713436],[111.437983,-7.2704578],[111.4379823,-7.2697049],[111.4385145,-7.268885],[111.4393132,-7.268087],[111.4405342,-7.2675987],[111.4416665,-7.2673318],[111.4423829,-7.2674464],[111.4436612,-7.2679915],[111.4441746,-7.2687578],[111.4449837,-7.2699684],[111.445652,-7.2720272],[111.4458447,-7.2729736],[111.4466151,-7.2745065],[111.4473245,-7.2755997],[111.4480799,-7.2759532],[111.4495678,-7.2758853],[111.4505889,-7.275375],[111.4514316,-7.274134],[111.4516777,-7.2726621],[111.4518969,-7.2698052],[111.4516063,-7.2679675],[111.451604,-7.2655554],[111.4516025,-7.2640218],[111.4516004,-7.261977],[111.4509574,-7.2596772],[111.4508272,-7.2576325],[111.4509538,-7.2560988],[111.4512082,-7.2541815],[111.4514134,-7.252926],[111.4515471,-7.2519647],[111.4516343,-7.2503259],[111.4515667,-7.2493738],[111.4515214,-7.2485323],[111.4516099,-7.2481336],[111.4518984,-7.2480005],[111.4522538,-7.2480887],[111.4526536,-7.2481326],[111.4539921,-7.2486927],[111.4554361,-7.2492227],[111.4564358,-7.2496646],[111.4565252,-7.2502403],[111.4562167,-7.2525658],[111.4556856,-7.2541502],[111.4554383,-7.2554553],[111.4553323,-7.2561436],[111.4553334,-7.2571844],[111.4557154,-7.2583014],[111.4567382,-7.2594962],[111.4577831,-7.2606467],[111.4597606,-7.2616855],[111.4616402,-7.2624189],[111.4634617,-7.2629264],[111.4650608,-7.2631019],[111.4665932,-7.2631668],[111.4687245,-7.2624781],[111.4690408,-7.2621921],[111.4701222,-7.2612144],[111.4714804,-7.2591186],[111.4723001,-7.257169],[111.4730159,-7.2556062],[111.4737698,-7.254476],[111.4747012,-7.2532571],[111.4756774,-7.2523703],[111.4772536,-7.2519036],[111.4784086,-7.2520795],[111.4792017,-7.2529512],[111.4800994,-7.2535892],[111.4809585,-7.25466],[111.4818479,-7.2557441],[111.4828928,-7.2567395],[111.4837821,-7.257713],[111.4848493,-7.2588634],[111.4855607,-7.2595934],[111.4863831,-7.2603011],[111.487583,-7.260942],[111.4888044,-7.2609629],[111.4902918,-7.2604298],[111.4910672,-7.2587681],[111.490531,-7.2571415],[111.4892002,-7.2560077],[111.4875747,-7.2545759],[111.4866631,-7.2536025],[111.4860402,-7.2525402],[111.4857351,-7.251155],[111.4857332,-7.2493658],[111.4857315,-7.2478322],[111.48573,-7.2464264],[111.4862414,-7.2452756],[111.4866972,-7.2443613],[111.4878374,-7.2429293],[111.489257,-7.2427088],[111.4903405,-7.2430288],[111.4923907,-7.243991],[111.4936595,-7.244784],[111.4951682,-7.2457167],[111.4961643,-7.2464018],[111.4972636,-7.2471807],[111.498391,-7.2480345],[111.5004943,-7.248803],[111.5027496,-7.2482563],[111.5044583,-7.247057],[111.5067439,-7.2452532],[111.5092926,-7.2428065],[111.510637,-7.2411723],[111.5120182,-7.2399371],[111.5124033,-7.2396438],[111.5127816,-7.2393557],[111.5137837,-7.2386148],[111.5162577,-7.2385394],[111.5173125,-7.238248],[111.5184038,-7.2381016],[111.5199682,-7.2380635],[111.5212049,-7.2376993],[111.5224411,-7.2370448],[111.5235661,-7.2344674],[111.5251755,-7.2307017],[111.5264581,-7.228489],[111.5280093,-7.2271427],[111.5298638,-7.2263423],[111.5315012,-7.2264492],[111.5331899,-7.2267189],[111.5364866,-7.2273868],[111.5392021,-7.2278434],[111.5416393,-7.2275139],[111.5429115,-7.2264965],[111.5432737,-7.2251536],[111.5430541,-7.2241017],[111.5403957,-7.2219641],[111.5388294,-7.2204058],[111.5371526,-7.2186628],[111.5367107,-7.2172258],[111.5366728,-7.2159196],[111.5374361,-7.2153019],[111.5391819,-7.2148645],[111.5392121,-7.2148563],[111.5414732,-7.214245],[111.5430371,-7.2138077],[111.5445634,-7.2123908],[111.5461256,-7.2106111],[111.5470411,-7.2090233],[111.5480208,-7.2068451],[111.5487469,-7.2055743],[111.5497644,-7.2046298],[111.551255,-7.2037935],[111.5526725,-7.202667],[111.5538724,-7.2021938],[111.5544541,-7.2018666],[111.5550725,-7.201757],[111.5556545,-7.20172],[111.5563829,-7.2024085],[111.5574265,-7.2038256],[111.5583014,-7.2053485],[111.5589197,-7.2061122],[111.5607408,-7.2068694],[111.5627788,-7.2074111],[111.5643029,-7.2075114],[111.5660964,-7.2072536],[111.5668159,-7.206499],[111.5674017,-7.2049275],[111.5677224,-7.204067],[111.5684847,-7.2027598],[111.5687739,-7.2012356],[111.5691746,-7.1993982],[111.5692829,-7.1987813],[111.5687745,-7.1971541],[111.5683697,-7.195771],[111.5672772,-7.1949015],[111.5656952,-7.1937073],[111.5648355,-7.1926268],[111.5642155,-7.191394],[111.5638975,-7.1905145],[111.5641038,-7.189326],[111.5650118,-7.1881275],[111.5657748,-7.1873284],[111.5665743,-7.186638],[111.5676287,-7.1862013],[111.5694113,-7.1862354],[111.5709399,-7.1867414],[111.5724685,-7.1872838],[111.5740471,-7.1876231],[111.5759107,-7.1882201],[111.5772198,-7.1878556],[111.5786016,-7.1873822],[111.5796924,-7.1869092],[111.5810377,-7.1863632],[111.582638,-7.1860347],[111.5837655,-7.1858155],[111.5847114,-7.1858869],[111.5857663,-7.1858493],[111.58653,-7.1855943],[111.5872211,-7.1855571],[111.5873287,-7.1843959],[111.5870733,-7.1837795],[111.5865969,-7.1827508],[111.5860825,-7.1812179],[111.5853653,-7.1799501],[111.5845413,-7.1782804],[111.5837606,-7.1767593],[111.5835037,-7.1750181],[111.5836468,-7.1733268],[111.5841528,-7.1707138],[111.585681,-7.1677994],[111.5866202,-7.1658125],[111.5877899,-7.1639778],[111.5897879,-7.1618345],[111.5909508,-7.1609622],[111.5919318,-7.1600539],[111.5934582,-7.1589635],[111.5940836,-7.1583596],[111.5953999,-7.1576901],[111.5964824,-7.1568326],[111.5979728,-7.1560325],[111.598808,-7.1549429],[111.5989878,-7.15331],[111.5988761,-7.1513146],[111.5983652,-7.1500816],[111.5978981,-7.1484264],[111.5978965,-7.1471565],[111.5982948,-7.1458135],[111.598658,-7.1453414],[111.5993486,-7.1449776],[111.5996758,-7.1448321],[111.6003304,-7.1447224],[111.6014218,-7.1448298],[111.6026229,-7.1453725],[111.6037511,-7.1457338],[111.6049522,-7.1463128],[111.6059211,-7.1466177],[111.6070966,-7.1468261],[111.6072827,-7.146664],[111.6073682,-7.1465895],[111.6071946,-7.146142],[111.6070964,-7.1460018],[111.6070912,-7.1458098],[111.6065945,-7.1453157],[111.6058194,-7.1441716],[111.605656,-7.14376],[111.6056557,-7.1434827],[111.6059717,-7.1433179],[111.6063622,-7.1432199],[111.6067054,-7.1431368],[111.6069031,-7.1430597],[111.607023,-7.142929],[111.6071892,-7.1427153],[111.6073975,-7.1424577],[111.6076912,-7.1422407],[111.6079184,-7.1422003],[111.6085682,-7.1422728],[111.6089392,-7.1423587],[111.6092506,-7.1425264],[111.6093885,-7.1427755],[111.6095976,-7.1430182],[111.6098818,-7.1432774],[111.610058,-7.1434307],[111.6103938,-7.1434636],[111.6105561,-7.1434634],[111.610638,-7.1433086],[111.6106172,-7.1424804],[111.6105933,-7.1419665],[111.6104558,-7.1416248],[111.610236,-7.1413028],[111.6098091,-7.1409253],[111.6093466,-7.1404653],[111.6091105,-7.1400696],[111.6089543,-7.1395265],[111.6091001,-7.1393644],[111.6092707,-7.1393358],[111.609487,-7.1393355],[111.6096887,-7.1393856],[111.6099134,-7.1394599],[111.6101953,-7.1396306],[111.6105128,-7.1398248],[111.6108062,-7.1401046],[111.6111163,-7.1404249],[111.611312,-7.1405851],[111.6117354,-7.1408015],[111.6118256,-7.1408014],[111.6119357,-7.1406912],[111.6119674,-7.1404789],[111.6119557,-7.1401935],[111.6118715,-7.1398867],[111.6118586,-7.1394623],[111.6121434,-7.1385584],[111.6121267,-7.1384514],[111.6120147,-7.1384],[111.611883,-7.1384002],[111.6117459,-7.1384459],[111.6113602,-7.1385305],[111.6109012,-7.1386397],[111.6105958,-7.1386645],[111.6102199,-7.1386774],[111.6099636,-7.1385569],[111.6098485,-7.1383994],[111.6098086,-7.1380974],[111.6098728,-7.137827],[111.6100354,-7.1375272],[111.6102399,-7.1372839],[111.6106435,-7.1371028],[111.6108361,-7.1370065],[111.6109435,-7.1367372],[111.6109801,-7.136479],[111.6111564,-7.1362273],[111.6113239,-7.1359925],[111.6113237,-7.1358048],[111.6111896,-7.1355993],[111.6109257,-7.1355009],[111.6107839,-7.1354686],[111.6105592,-7.1354902],[111.6104212,-7.1355858],[111.610248,-7.1357477],[111.6100422,-7.1359895],[111.609853,-7.1361284],[111.6095916,-7.1362653],[111.6092156,-7.1363747],[111.6089178,-7.1364702],[111.6086892,-7.1365504],[111.6085438,-7.1366622],[111.6084034,-7.136791],[111.6081729,-7.1370216],[111.6079365,-7.1371793],[111.6077324,-7.1371795],[111.6076848,-7.1369129],[111.6077352,-7.1366463],[111.6078345,-7.1363484],[111.6080387,-7.136024],[111.6081664,-7.1357096],[111.6082454,-7.1354386],[111.6081988,-7.1350837],[111.6081382,-7.13477],[111.608125,-7.1343375],[111.6082242,-7.1339772],[111.6084202,-7.1335406],[111.6086538,-7.1331838],[111.6089381,-7.1329119],[111.6091141,-7.1327945],[111.6092933,-7.132573],[111.6092519,-7.1323263],[111.6091085,-7.1320854],[111.6089089,-7.1319419],[111.6087078,-7.131853],[111.6084408,-7.1318186],[111.6080446,-7.1317593],[111.6076727,-7.1316979],[111.607306,-7.1314717],[111.6070988,-7.1312271],[111.6069715,-7.1307971],[111.6070073,-7.1303685],[111.6070552,-7.1300663],[111.6071043,-7.1298315],[111.607214,-7.1295762],[111.6072772,-7.1294074],[111.6072554,-7.1293427],[111.6071472,-7.1292743],[111.606951,-7.1291939],[111.6066142,-7.1290865],[111.6062869,-7.1289362],[111.6061359,-7.1287588],[111.6060341,-7.1283301],[111.6060465,-7.1279111],[111.6061704,-7.1277044],[111.6064363,-7.1275397],[111.6067988,-7.1273452],[111.6069744,-7.1274151],[111.6070347,-7.1276102],[111.6070221,-7.1278062],[111.6069731,-7.128014],[111.6069197,-7.1282618],[111.6069717,-7.1283396],[111.6071156,-7.1284607],[111.6072317,-7.1285237],[111.6074645,-7.1285566],[111.6075762,-7.1285463],[111.6077597,-7.128449],[111.607914,-7.1282949],[111.607914,-7.1282394],[111.6078711,-7.1281457],[111.607844,-7.1281368],[111.6077269,-7.1279944],[111.6074934,-7.1277745],[111.6073037,-7.1273835],[111.6073162,-7.1270994],[111.6073833,-7.1267899],[111.6076138,-7.1266747],[111.6078405,-7.1266617],[111.6082552,-7.126614],[111.6086833,-7.1265304],[111.6090968,-7.1264472],[111.6093921,-7.1263335],[111.6096092,-7.1261391],[111.6098076,-7.1259408],[111.6102871,-7.1252689],[111.6104466,-7.1251384],[111.6106679,-7.1251678],[111.6108088,-7.1252611],[111.6108964,-7.1256321],[111.6110284,-7.1258241],[111.6111339,-7.1258328],[111.6113921,-7.1257878],[111.6115181,-7.1257246],[111.6116937,-7.1255491],[111.6117926,-7.1253181],[111.6118379,-7.1249167],[111.6117899,-7.1245242],[111.6118133,-7.1241503],[111.611813,-7.1239493],[111.6117785,-7.1237715],[111.6115992,-7.1234566],[111.6111477,-7.1227448],[111.6109124,-7.1223118],[111.61109,-7.1220852],[111.6112431,-7.1218601],[111.611329,-7.1217484],[111.6115049,-7.1215629],[111.6115944,-7.1215344],[111.6116926,-7.1215031],[111.6120639,-7.1216554],[111.6123461,-7.121866],[111.6124013,-7.1220577],[111.6124449,-7.1226967],[111.6126124,-7.1229124],[111.6127404,-7.1230503],[111.6128701,-7.1231793],[111.6130349,-7.1232521],[111.6131228,-7.123252],[111.6132262,-7.123156],[111.6134597,-7.1228841],[111.6135992,-7.1226932],[111.6136801,-7.1226325],[111.6137989,-7.122096],[111.6137867,-7.1216913],[111.6136702,-7.1211946],[111.6133904,-7.1208003],[111.6130811,-7.1205178],[111.6129471,-7.1202965],[111.6131093,-7.1200746],[111.6135153,-7.1198246],[111.6140781,-7.119597],[111.6146137,-7.1193898],[111.6146295,-7.1191656],[111.6145807,-7.1189561],[111.614306,-7.118888],[111.6139884,-7.1188192],[111.6137134,-7.1184197],[111.6138393,-7.1182272],[111.6142104,-7.1179615],[111.6146472,-7.1177429],[111.6148554,-7.1176086],[111.6150919,-7.1175001],[111.6152356,-7.1173742],[111.6154365,-7.1171902],[111.6154601,-7.1166941],[111.6154024,-7.1163624],[111.6153401,-7.1161399],[111.6151798,-7.1159672],[111.6150097,-7.1158968],[111.6148196,-7.1159116],[111.6146299,-7.1160508],[111.6144394,-7.1162301],[111.6142501,-7.1164089],[111.6140329,-7.1165318],[111.6138577,-7.1165125],[111.6138197,-7.1163614],[111.6139583,-7.1160847],[111.614181,-7.115505],[111.6143416,-7.1148028],[111.6142482,-7.1145749],[111.6141999,-7.1145182],[111.6140674,-7.1144148],[111.6137237,-7.1145209],[111.6131782,-7.1147211],[111.6128083,-7.1147119],[111.6126066,-7.1145548],[111.6125371,-7.1141618],[111.6125568,-7.1138409],[111.6127926,-7.1133797],[111.6131032,-7.1123791],[111.6132641,-7.1111507],[111.6133205,-7.1108335],[111.6134052,-7.110678],[111.6136344,-7.1105431],[111.6138223,-7.1105428],[111.6143891,-7.1108133],[111.6150902,-7.1111291],[111.615377,-7.1112512],[111.6156865,-7.1112309],[111.6159182,-7.1111675],[111.6164893,-7.1109991],[111.6169724,-7.1109985],[111.6173474,-7.1109822],[111.6175537,-7.1107599],[111.6175963,-7.110263],[111.6177713,-7.1101183],[111.61826,-7.1101527],[111.6189937,-7.1103919],[111.6195695,-7.1104587],[111.6204085,-7.110426],[111.620455,-7.1103847],[111.620662,-7.1099823],[111.6209082,-7.109539],[111.6210705,-7.1093535],[111.6214895,-7.1091156],[111.6218445,-7.1089126],[111.6219388,-7.108655],[111.6219966,-7.1084282],[111.6217984,-7.1082029],[111.6213706,-7.1080075],[111.6208323,-7.107821],[111.6205714,-7.1077477],[111.6202252,-7.1078196],[111.6198375,-7.1079599],[111.6195937,-7.1079696],[111.6194017,-7.1078513],[111.6191472,-7.1075033],[111.6189821,-7.1072952],[111.6187831,-7.1070274],[111.6185123,-7.1068928],[111.618153,-7.1068114],[111.6174796,-7.1057923],[111.6172796,-7.1054801],[111.6169646,-7.1050047],[111.6166488,-7.1046487],[111.6164718,-7.1044029],[111.6163337,-7.1038029],[111.6162747,-7.1031336],[111.6163505,-7.1026032],[111.6165206,-7.1021654],[111.6164824,-7.1017645],[111.6161977,-7.1014426],[111.6158437,-7.1014065],[111.6151667,-7.1013442],[111.6148743,-7.1011901],[111.6146951,-7.100913],[111.6145462,-7.1004798],[111.6143677,-7.0996507],[111.6141196,-7.0992131],[111.6139012,-7.0987996],[111.6139517,-7.0981023],[111.6140577,-7.097925],[111.6142179,-7.0979381],[111.6151624,-7.0981751],[111.6154522,-7.0984865],[111.6157003,-7.0987025],[111.6158576,-7.0987633],[111.6160118,-7.0987289],[111.6161603,-7.0986298],[111.6166184,-7.0982888],[111.6168425,-7.0979729],[111.6169295,-7.0976822],[111.6167866,-7.0971054],[111.6164768,-7.0967773],[111.6161343,-7.0966509],[111.6156893,-7.0966082],[111.6152605,-7.0965018],[111.6149617,-7.0961674],[111.6147544,-7.0951405],[111.6148444,-7.0946883],[111.6148873,-7.0943206],[111.6149083,-7.0940974],[111.6148866,-7.0934829],[111.6146932,-7.0929015],[111.6143971,-7.0925957],[111.6141647,-7.0922841],[111.614155,-7.0919765],[111.6143214,-7.0916826],[111.6147609,-7.0912859],[111.6150125,-7.0910457],[111.615145,-7.0908143],[111.6150241,-7.0905194],[111.6147179,-7.0901364],[111.6144116,-7.089902],[111.6139201,-7.0897356],[111.6135028,-7.0895286],[111.6133108,-7.0892866],[111.6133105,-7.0890744],[111.6136497,-7.0887472],[111.613969,-7.088516],[111.6141527,-7.0883506],[111.6141336,-7.0879614],[111.6140369,-7.0878331],[111.6137138,-7.0877429],[111.6131497,-7.0875679],[111.6129865,-7.0872579],[111.6131744,-7.0869707],[111.6137002,-7.0867834],[111.6141675,-7.0866584],[111.6143502,-7.086418],[111.6145019,-7.0860635],[111.614458,-7.0849115],[111.6143067,-7.0846307],[111.6141185,-7.0843942],[111.6137165,-7.0842444],[111.6132027,-7.0842237],[111.612694,-7.0841881],[111.6125574,-7.0839661],[111.612545,-7.0835311],[111.612734,-7.0831208],[111.6127828,-7.0828012],[111.6126536,-7.0824336],[111.6126421,-7.0821893],[111.6127408,-7.0820969],[111.6130571,-7.0819437],[111.6134787,-7.0818688],[111.6137537,-7.0819256],[111.6141295,-7.0821521],[111.6144232,-7.0823295],[111.614794,-7.0824009],[111.6149353,-7.0824007],[111.6154846,-7.0827588],[111.6156934,-7.0828106],[111.6159383,-7.0827695],[111.6161798,-7.0825249],[111.6163805,-7.0823146],[111.6164281,-7.0820659],[111.6163187,-7.0817674],[111.6162266,-7.0815043],[111.6158879,-7.0810256],[111.6154852,-7.08056],[111.6152066,-7.0799287],[111.6149493,-7.0794915],[111.6147235,-7.079226],[111.6144745,-7.0790909],[111.6143724,-7.0789168],[111.6143721,-7.0787067],[111.6147765,-7.0778973],[111.6150754,-7.0773488],[111.615804,-7.0762002],[111.616657,-7.0752582],[111.6170161,-7.0749552],[111.6176692,-7.0745105],[111.6180627,-7.0743598],[111.618513,-7.0743082],[111.6186036,-7.0741599],[111.6186919,-7.0738275],[111.6188336,-7.0736342],[111.6191238,-7.0734648],[111.6193949,-7.0733939],[111.619639,-7.0733692],[111.619893,-7.0734434],[111.6199625,-7.0737328],[111.6199734,-7.0739958],[111.6200292,-7.0741069],[111.6203537,-7.0740603],[111.6207309,-7.0740044],[111.6209639,-7.0739925],[111.6213154,-7.0740459],[111.6214142,-7.0743825],[111.6213452,-7.0748812],[111.6211868,-7.0753466],[111.6212212,-7.0754915],[111.6212874,-7.0755903],[111.621412,-7.0756564],[111.6217318,-7.075656],[111.6221994,-7.0755633],[111.6226229,-7.0751913],[111.6229791,-7.0746987],[111.6230735,-7.0743199],[111.6231465,-7.0740636],[111.6233167,-7.0739089],[111.6235517,-7.0739362],[111.6240347,-7.0740765],[111.6242033,-7.07427],[111.6243053,-7.0744856],[111.6243057,-7.0747514],[111.624273,-7.0750704],[111.6242632,-7.0753872],[111.6243272,-7.0755416],[111.6244235,-7.0756522],[111.6246298,-7.0755982],[111.6248271,-7.075523],[111.6249418,-7.0753701],[111.6250027,-7.0752868],[111.6251467,-7.0750895],[111.6253312,-7.0748968],[111.6253743,-7.0746152],[111.6253108,-7.0742697],[111.6252455,-7.073946],[111.6251118,-7.0734926],[111.6250861,-7.0732146],[111.6251948,-7.0730243],[111.6253685,-7.0728639],[111.625758,-7.0728116],[111.6259519,-7.0729303],[111.6262164,-7.0735132],[111.6263411,-7.0737818],[111.6265941,-7.074023],[111.6268963,-7.0743419],[111.627,-7.0749463],[111.6272135,-7.0753873],[111.6273905,-7.0754956],[111.6277246,-7.0755815],[111.6279798,-7.0755048],[111.6281204,-7.0754169],[111.62812,-7.0751331],[111.6280861,-7.0747224],[111.6280506,-7.0744424],[111.6277894,-7.073923],[111.6272114,-7.0729138],[111.6269774,-7.0725475],[111.6265649,-7.0721046],[111.6261797,-7.0716763],[111.6259703,-7.0714047],[111.6257564,-7.071251],[111.6254939,-7.0711157],[111.6254409,-7.0708097],[111.6255418,-7.0706388],[111.62587,-7.0706197],[111.6263736,-7.0706762],[111.626612,-7.0706065],[111.6267256,-7.0704766],[111.6267254,-7.0703109],[111.626653,-7.0699217],[111.6263351,-7.0697027],[111.6259611,-7.069341],[111.6258732,-7.0690695],[111.625873,-7.0689189],[111.6260961,-7.0687989],[111.6268567,-7.0684771],[111.6270277,-7.0682775],[111.6271009,-7.0680364],[111.627367,-7.0675036],[111.6274444,-7.0673755],[111.6278189,-7.0672436],[111.6280939,-7.0671518],[111.628218,-7.0670649],[111.628326,-7.0669723],[111.628346,-7.066749],[111.6281415,-7.0666643],[111.6279188,-7.0666368],[111.6278651,-7.0665034],[111.6279432,-7.0663319],[111.6281773,-7.0660098],[111.6281137,-7.0658688],[111.6280565,-7.0656984],[111.6279086,-7.0654673],[111.6277952,-7.0652579],[111.6278801,-7.0650879],[111.6282856,-7.0647723],[111.628492,-7.0645551],[111.6286635,-7.0642414],[111.6288588,-7.0639701],[111.629039,-7.0636899],[111.6291044,-7.0635589],[111.6290562,-7.0633833],[111.6289406,-7.0633038],[111.6286029,-7.0630721],[111.6283578,-7.0625846],[111.6282119,-7.0624498],[111.6279718,-7.0621663],[111.6279907,-7.0620415],[111.6280895,-7.0619097],[111.6283608,-7.0618391],[111.628618,-7.061735],[111.6286921,-7.0616517],[111.6287005,-7.0614966],[111.6286721,-7.0613374],[111.6284588,-7.0608877],[111.6284992,-7.0606931],[111.6290793,-7.0603407],[111.6294944,-7.0600937],[111.6297231,-7.0598649],[111.6298493,-7.059726],[111.6298978,-7.0595358],[111.6298349,-7.0594107],[111.6297492,-7.0593349],[111.6294156,-7.0595796],[111.6289734,-7.0598272],[111.6288091,-7.0597046],[111.6285822,-7.0594353],[111.6282227,-7.0592006],[111.6277773,-7.0588551],[111.6277111,-7.0587974],[111.627507,-7.0587422],[111.6272746,-7.0587976],[111.6270433,-7.0589681],[111.6267709,-7.0592825],[111.6266354,-7.0593149],[111.6265873,-7.0592292],[111.6265362,-7.0586399],[111.6264323,-7.0584935],[111.6262856,-7.0584248],[111.6261559,-7.058425],[111.6260837,-7.0584491],[111.6259093,-7.0587026],[111.6257344,-7.0589909],[111.6254172,-7.0591651],[111.625117,-7.0593159],[111.6249553,-7.0591015],[111.6249423,-7.0587866],[111.6250589,-7.0583188],[111.6254502,-7.0577819],[111.6257478,-7.057282],[111.6257888,-7.0571176],[111.6258017,-7.0569808],[111.6257444,-7.0567959],[111.6255605,-7.0566411],[111.625112,-7.0565884],[111.6248191,-7.0561851],[111.6249161,-7.0559491],[111.6251589,-7.0556369],[111.6253778,-7.0554423],[111.6257117,-7.0553466],[111.6259985,-7.0553119],[111.626186,-7.0553116],[111.6266457,-7.0554944],[111.6268398,-7.0555959],[111.6272436,-7.055605],[111.6276231,-7.0552633],[111.6275678,-7.0542722],[111.6275998,-7.0539781],[111.6274319,-7.0538076],[111.6271007,-7.053742],[111.6268311,-7.0538205],[111.6266969,-7.0539636],[111.6264557,-7.0542071],[111.6263561,-7.0545261],[111.6262331,-7.0546415],[111.6260964,-7.0547207],[111.6259098,-7.0547805],[111.6257305,-7.0547569],[111.6255785,-7.0546214],[111.6254694,-7.0544088],[111.6255006,-7.0540827],[111.6256323,-7.0536829],[111.6256614,-7.0534184],[111.6256712,-7.0532073],[111.6255965,-7.0529851],[111.625441,-7.0528967],[111.6251967,-7.0528483],[111.6249396,-7.0528784],[111.6247648,-7.0529745],[111.6245789,-7.0531698],[111.624352,-7.0534419],[111.6242409,-7.0535382],[111.624021,-7.053561],[111.6237041,-7.0534697],[111.6233241,-7.0533082],[111.623047,-7.0534073],[111.6227743,-7.0535137],[111.6224499,-7.0535037],[111.6221097,-7.0533796],[111.6217858,-7.0532428],[111.6216936,-7.0530593],[111.6216449,-7.0528822],[111.6216768,-7.0526899],[111.6217896,-7.052438],[111.6219426,-7.0522594],[111.6222234,-7.0520721],[111.6224801,-7.0518769],[111.6226819,-7.0516302],[111.6227476,-7.0513096],[111.6227017,-7.0510713],[111.6225695,-7.0507537],[111.6223646,-7.0505754],[111.6222963,-7.0505158],[111.6219146,-7.0504],[111.6213243,-7.0503043],[111.6207662,-7.050107],[111.6205564,-7.0500082],[111.6202621,-7.0499428],[111.6200271,-7.0500474],[111.6196084,-7.0503998],[111.6192368,-7.0504457],[111.6187837,-7.0504061],[111.6184379,-7.0502707],[111.6182643,-7.050045],[111.6182357,-7.0498612],[111.6182536,-7.0497533],[111.6184242,-7.0496314],[111.6186116,-7.0494556],[111.6187132,-7.049333],[111.6187371,-7.0491239],[111.6185593,-7.0488761],[111.6182249,-7.0487615],[111.6179404,-7.0487644],[111.6178044,-7.0485351],[111.6176998,-7.0482405],[111.6176363,-7.0479885],[111.6175142,-7.0477797],[111.6174931,-7.0474284],[111.6175248,-7.0472155],[111.6175414,-7.0470706],[111.6177733,-7.0467431],[111.6179097,-7.0466066],[111.618019,-7.0465792],[111.6181829,-7.0465244],[111.6184699,-7.0465377],[111.6186478,-7.046701],[111.6192494,-7.0469865],[111.6194952,-7.0468635],[111.6193445,-7.0465502],[111.6188656,-7.04606],[111.6188787,-7.0456646],[111.6190817,-7.045306],[111.6191895,-7.0449605],[111.6184315,-7.0443572],[111.61776,-7.0437537],[111.6174565,-7.0432793],[111.617715,-7.0424372],[111.6180818,-7.0417507],[111.6186858,-7.0404765],[111.6187286,-7.0400879],[111.6185121,-7.0399803],[111.6174961,-7.0405644],[111.6167609,-7.0408459],[111.6165443,-7.0406088],[111.6169549,-7.0402845],[111.6170036,-7.0399728],[111.6167595,-7.0397883],[111.6162616,-7.0395084],[111.6163478,-7.0392277],[111.6167839,-7.0390143],[111.6169963,-7.0388384],[111.616931,-7.0385363],[111.6166953,-7.0380556],[111.6165622,-7.0378029],[111.6163887,-7.0374794],[111.6161719,-7.0371128],[111.6158905,-7.0369837],[111.615566,-7.0369841],[111.6153283,-7.0371787],[111.6149825,-7.0374165],[111.6144852,-7.037633],[111.614074,-7.0374825],[111.6140516,-7.0369429],[111.6143321,-7.0363814],[111.6143946,-7.035955],[111.6140697,-7.0356317],[111.6135632,-7.0353041],[111.6135281,-7.0350281],[111.6138522,-7.0347255],[111.6139599,-7.0344016],[111.6138514,-7.0340996],[111.6138725,-7.0337111],[111.6140453,-7.0334734],[111.6142398,-7.0333437],[111.6144513,-7.0332869],[111.6147371,-7.0331703],[111.6149317,-7.0330838],[111.6151479,-7.0329756],[111.6152557,-7.032738],[111.615277,-7.032479],[111.6153801,-7.0323441],[111.615558,-7.0323984],[111.6159546,-7.0324526],[111.6161205,-7.0322836],[111.6159673,-7.0318111],[111.6154882,-7.0313751],[111.6153784,-7.031034],[111.6154732,-7.0302424],[111.6146004,-7.0298583],[111.6147501,-7.0283605],[111.6145329,-7.0277133],[111.614078,-7.0272822],[111.6137962,-7.0267862],[111.6140982,-7.0261599],[111.6140323,-7.0253614],[111.6135339,-7.0247361],[111.6137924,-7.0242967],[111.6140111,-7.0240742],[111.6143786,-7.0238363],[111.6145296,-7.0235339],[111.6147889,-7.0232746],[111.6148533,-7.0229292],[111.6143119,-7.0224766],[111.6143111,-7.0218507],[111.6144198,-7.0213345],[111.6147646,-7.0212458],[111.6151965,-7.0206625],[111.6150078,-7.0201353],[111.615029,-7.0196776],[111.6149193,-7.0192637],[111.6147223,-7.0189153],[111.6141326,-7.0188289],[111.6137612,-7.0186551],[111.6136298,-7.0184156],[111.6136809,-7.0182365],[111.6139404,-7.0181498],[111.614438,-7.0182139],[111.614678,-7.0183924],[111.6149141,-7.0182996],[111.6150651,-7.0180188],[111.6151573,-7.0176073],[111.6152805,-7.0173063],[111.6153234,-7.0170257],[111.6153444,-7.0165508],[111.614954,-7.0157743],[111.6147584,-7.0151055],[111.6149522,-7.014393],[111.6149933,-7.0138399],[111.6146902,-7.0136029],[111.6140193,-7.0133879],[111.6133916,-7.0130866],[111.6134772,-7.0124174],[111.613714,-7.0115106],[111.6135838,-7.011187],[111.6131722,-7.0107774],[111.6143234,-7.009914],[111.6148172,-7.0090591],[111.6145055,-7.0083826],[111.6139193,-7.0078564],[111.6138325,-7.0075491],[111.6135722,-7.0071318],[111.6132292,-7.0066956],[111.613633,-7.0059827],[111.6143954,-7.0045653],[111.6148744,-7.0034752],[111.6150472,-7.0031066],[111.6150032,-7.0025455],[111.6152404,-7.0020056],[111.615391,-7.0013579],[111.6153687,-7.0008184],[111.6160382,-7.0000189],[111.616104,-6.9994418],[111.6170757,-6.9981455],[111.6172254,-6.9968503],[111.6169432,-6.9960305],[111.6168807,-6.9955058],[111.6173338,-6.9946419],[111.6176781,-6.9932817],[111.6183274,-6.9926032],[111.6189547,-6.9925592],[111.6195815,-6.9921915],[111.6205113,-6.9919097],[111.6211078,-6.9918576],[111.6217442,-6.9918433],[111.62196,-6.9914977],[111.6222838,-6.9909577],[111.6224126,-6.9902668],[111.622628,-6.9895327],[111.6223316,-6.9883756],[111.622192,-6.9870022],[111.6221478,-6.9863547],[111.6226335,-6.9874461],[111.6230796,-6.9888143],[111.6236745,-6.9894389],[111.6240727,-6.9895856],[111.6242396,-6.9896471],[111.6250427,-6.989885],[111.6256078,-6.9903312],[111.6263811,-6.9909855],[111.6272734,-6.9916399],[111.6278683,-6.9918183],[111.6286416,-6.9913424],[111.6295339,-6.9908368],[111.6297718,-6.9910748],[111.6298611,-6.9922942],[111.630099,-6.9927404],[111.6307236,-6.9921158],[111.631259,-6.9915804],[111.6314672,-6.9911937],[111.6318857,-6.9911919],[111.632538,-6.9919373],[111.633341,-6.9928891],[111.6344713,-6.9938706],[111.6353933,-6.9942573],[111.6360774,-6.9946142],[111.6368805,-6.9949711],[111.6377133,-6.995566],[111.6379473,-6.9956402],[111.6389328,-6.9959527],[111.6403307,-6.9960716],[111.6414907,-6.9961609],[111.641532,-6.9961609],[111.6422938,-6.9961609],[111.6427697,-6.9961906],[111.643305,-6.9962203],[111.6437214,-6.9962501],[111.6441164,-6.996281],[111.6447133,-6.9963432],[111.6455829,-6.9964705],[111.646691,-6.9969788],[111.6475536,-6.997306],[111.6483042,-6.9977102],[111.6483269,-6.9977224],[111.6491894,-6.9981685],[111.6498438,-6.9988824],[111.6502602,-6.9996854],[111.6508848,-6.9996854],[111.6513904,-6.9998044],[111.6518961,-7.0004588],[111.6521935,-7.0010834],[111.6524612,-7.0019162],[111.6514499,-7.0021541],[111.6514759,-7.0023203],[111.6515986,-7.0031059],[111.6518663,-7.0041469],[111.652253,-7.0052772],[111.6524909,-7.0062884],[111.6525439,-7.0066942],[111.6525802,-7.0069725],[111.6525504,-7.0081028],[111.6526694,-7.0091438],[111.6528014,-7.0094587],[111.6530561,-7.0100658],[111.6536472,-7.0114154],[111.654335,-7.0119991],[111.6552571,-7.0125643],[111.6562981,-7.0134863],[111.6563873,-7.0143786],[111.6562967,-7.014803],[111.6560792,-7.0158217],[111.6557223,-7.0167438],[111.6554248,-7.017993],[111.6553058,-7.0197479],[111.655305,-7.0197796],[111.6552761,-7.0208186],[111.6551274,-7.0217704],[111.6550646,-7.0222099],[111.6549192,-7.0232278],[111.6547705,-7.0248934],[111.6549103,-7.0264728],[111.6553029,-7.0280076],[111.6552919,-7.0282267],[111.6552446,-7.0291709],[111.6553041,-7.0300929],[111.655661,-7.0308068],[111.6568233,-7.0321785],[111.6571089,-7.0332064],[111.6571254,-7.0333182],[111.6573373,-7.0347483],[111.6574515,-7.0358334],[111.6575657,-7.0369755],[111.6583081,-7.0377179],[111.6591076,-7.0389743],[111.6615632,-7.0392598],[111.6637333,-7.039374],[111.6667029,-7.0397738],[111.6692418,-7.0402132],[111.6696724,-7.0402877],[111.6714999,-7.0408588],[111.6724136,-7.0417725],[111.6732702,-7.0428004],[111.6741839,-7.0439426],[111.6745265,-7.04577],[111.6746979,-7.0470835],[111.6750405,-7.0482256],[111.6765253,-7.0486872],[111.6783694,-7.0494605],[111.6796926,-7.0501021],[111.6803324,-7.0504123],[111.682117,-7.0514831],[111.6832473,-7.05184],[111.6849129,-7.0521969],[111.6863406,-7.0525538],[111.6874113,-7.0524349],[111.6884821,-7.052078],[111.6894933,-7.051721],[111.6901477,-7.05184],[111.690921,-7.0523159],[111.69104,-7.0531487],[111.6908762,-7.0537709],[111.6907426,-7.054279],[111.6908277,-7.0548283],[111.6913374,-7.0546954],[111.6923487,-7.0543384],[111.6933005,-7.0539815],[111.6938433,-7.0541276],[111.6940337,-7.0545083],[111.693177,-7.0549842],[111.6928915,-7.0555076],[111.6928439,-7.0564118],[111.692606,-7.0573636],[111.6924544,-7.0579699],[111.692368,-7.0583154],[111.6923779,-7.0593921],[111.6923185,-7.0604629],[111.6917923,-7.0611086],[111.6913964,-7.0616823],[111.6912073,-7.062094],[111.6912073,-7.0628376],[111.6912965,-7.0634324],[111.6917724,-7.0638786],[111.6923672,-7.0644735],[111.6926944,-7.0648601],[111.6930216,-7.065217],[111.6932298,-7.0656037],[111.6935819,-7.0662596],[111.6939139,-7.0667637],[111.6940031,-7.0674775],[111.694056,-7.067983],[111.6941194,-7.0685883],[111.6941257,-7.0686483],[111.6946257,-7.0691491],[111.6955612,-7.06995],[111.6965055,-7.070553],[111.6976952,-7.0708623],[111.6984329,-7.0708861],[111.6989088,-7.0705768],[111.6992895,-7.070315],[111.6995988,-7.0705384],[111.6998073,-7.070689],[111.7001461,-7.0709337],[111.7006458,-7.0715048],[111.7012644,-7.0721472],[111.7017641,-7.0728135],[111.7019545,-7.0735987],[111.7020973,-7.0745029],[111.7022162,-7.0751691],[111.7028825,-7.0754547],[111.7040484,-7.0751691],[111.7051192,-7.0752643],[111.7060472,-7.0755736],[111.707808,-7.0762399],[111.7086408,-7.0764778],[111.7091643,-7.0767396],[111.7096639,-7.077382],[111.7101794,-7.0782634],[111.7104016,-7.0786431],[111.7108537,-7.0794046],[111.711163,-7.080047],[111.7115035,-7.0806228],[111.711853,-7.0809512],[111.7126621,-7.0811892],[111.7133283,-7.0813081],[111.7142563,-7.0811892],[111.7145521,-7.080992],[111.7148274,-7.0808085],[111.7153271,-7.0801184],[111.7159933,-7.0791666],[111.7164454,-7.0786194],[111.7170879,-7.07831],[111.7178493,-7.0781435],[111.7183728,-7.0783814],[111.7185288,-7.0789488],[111.7186821,-7.0793808],[111.7192294,-7.0792142],[111.7194191,-7.0794798],[111.7195863,-7.0797139],[111.7203001,-7.0803802],[111.7210378,-7.0808085],[111.7221561,-7.0815937],[111.7226269,-7.0818459],[111.7228224,-7.0819506],[111.72356,-7.0821172],[111.72425,-7.0822599],[111.7249163,-7.0829976],[111.7253105,-7.0834143],[111.7257491,-7.083878],[111.726568,-7.0839426],[111.7266533,-7.0839493],[111.7278668,-7.0834972],[111.7284567,-7.0833364],[111.7294373,-7.0830689],[111.7298656,-7.0829262],[111.7304604,-7.0826644],[111.7313646,-7.081903],[111.7327923,-7.0807371],[111.733292,-7.0800946],[111.7341486,-7.0792142],[111.7348624,-7.0786194],[111.7353383,-7.0780959],[111.7356477,-7.0778817],[111.7362425,-7.0778341],[111.7371467,-7.0782148],[111.7384792,-7.0786431],[111.7391718,-7.0788658],[111.7398117,-7.0790714],[111.7404542,-7.0792142],[111.7413584,-7.0794284],[111.7425719,-7.0798091],[111.7436188,-7.0801184],[111.7445706,-7.0805943],[111.7452131,-7.081094],[111.7462125,-7.0815937],[111.7470691,-7.0820696],[111.7479971,-7.0825693],[111.7489726,-7.0833545],[111.749972,-7.0841635],[111.7509952,-7.0848297],[111.7517328,-7.0850439],[111.7523991,-7.0850439],[111.7530692,-7.0849936],[111.7533508,-7.0849725],[111.7547547,-7.0848297],[111.7555979,-7.0847889],[111.75623,-7.0847584],[111.7577291,-7.0847822],[111.7587998,-7.0847584],[111.7595136,-7.0849249],[111.7602989,-7.0855912],[111.7610365,-7.0864954],[111.7616552,-7.0871616],[111.7624642,-7.0878517],[111.7630115,-7.0877327],[111.7634398,-7.0874709],[111.7635587,-7.0868761],[111.7636777,-7.0860909],[111.764106,-7.0856864],[111.7645819,-7.0854008],[111.7650816,-7.0848773],[111.7660096,-7.0838304],[111.7666044,-7.0836162],[111.7675324,-7.0835924],[111.7685318,-7.0833545],[111.7692456,-7.0824979],[111.7699833,-7.0823551],[111.7706971,-7.0825217],[111.7716013,-7.0825752],[111.7723746,-7.0826942],[111.7734901,-7.0827059],[111.7742485,-7.0821291],[111.7748731,-7.0819803],[111.7755966,-7.0820317],[111.7759247,-7.0820465],[111.7760543,-7.0821194],[111.7763137,-7.0823096],[111.776474,-7.0824241],[111.7766495,-7.0824689],[111.7768097,-7.0824594],[111.7771148,-7.0823731],[111.7773056,-7.0823521],[111.7779922,-7.0823521],[111.778305,-7.0823254],[111.7784347,-7.0823898],[111.7786712,-7.0825481],[111.7788315,-7.0826439],[111.7791824,-7.0827326],[111.7793503,-7.0828151],[111.7795639,-7.0829253],[111.779869,-7.082962],[111.7806003,-7.0829113],[111.7812652,-7.0828652],[111.7816543,-7.0828685],[111.7817764,-7.08287],[111.7823366,-7.0828051],[111.782341,-7.0828046],[111.7829666,-7.0827426],[111.7835083,-7.0827254],[111.7838974,-7.0827865],[111.7843475,-7.0829138],[111.784996,-7.0830974],[111.7852859,-7.0831937],[111.785614,-7.08325],[111.7859954,-7.0832638],[111.7863312,-7.0831932],[111.7865295,-7.0831336],[111.78653,-7.0831333],[111.7866363,-7.0830707],[111.7871093,-7.0828566],[111.7874221,-7.0828075],[111.7878031,-7.0833307],[111.7882076,-7.0834497],[111.7885407,-7.0834972],[111.7887802,-7.0833296],[111.7890642,-7.0832117],[111.7893973,-7.0831165],[111.7897304,-7.0829976],[111.7900398,-7.08295],[111.7903967,-7.0827834],[111.7908726,-7.0825931],[111.7913485,-7.0824027],[111.7918243,-7.0821647],[111.7921813,-7.0820458],[111.792681,-7.0819268],[111.7933273,-7.0819749],[111.7935554,-7.0821856],[111.793829,-7.0824711],[111.7941503,-7.0827209],[111.7944239,-7.0830303],[111.7946856,-7.0832682],[111.7950545,-7.0837679],[111.7953519,-7.0841248],[111.7955898,-7.0845888],[111.7958992,-7.0851123],[111.796149,-7.0854692],[111.7963632,-7.0856834],[111.7965535,-7.0859213],[111.7968272,-7.0861117],[111.7970889,-7.0861831],[111.7973625,-7.0862069],[111.7977671,-7.0862069],[111.7980169,-7.086195],[111.7981993,-7.0860941],[111.7985761,-7.0858856],[111.7989092,-7.085612],[111.7992423,-7.0853146],[111.7996706,-7.0849695],[111.8004201,-7.0845174],[111.8006938,-7.084339],[111.8010269,-7.0841605],[111.8014909,-7.0838631],[111.8018359,-7.0837084],[111.8020858,-7.0837441],[111.8023834,-7.0837931],[111.8026212,-7.0838607],[111.8029186,-7.0838988],[111.8032874,-7.0839226],[111.8035967,-7.0839821],[111.8041202,-7.0840653],[111.8047389,-7.0841486],[111.8052195,-7.0841843],[111.805724,-7.0842985],[111.8059714,-7.0843176],[111.8068661,-7.0845555],[111.8075419,-7.0846888],[111.8078274,-7.084803],[111.8084175,-7.0849172],[111.8091409,-7.0850314],[111.8096739,-7.0851837],[111.8103021,-7.085336],[111.8107779,-7.0854883],[111.811368,-7.0856215],[111.8120724,-7.085888],[111.8132145,-7.0860403],[111.814014,-7.0862878],[111.8145089,-7.0864781],[111.8149848,-7.0866685],[111.8155178,-7.0868588],[111.8159937,-7.0870111],[111.8165458,-7.0871634],[111.8171739,-7.0874299],[111.817726,-7.0876964],[111.8181067,-7.0878487],[111.8185445,-7.0880961],[111.8188491,-7.0886672],[111.8189044,-7.0889624],[111.8189633,-7.0892764],[111.8191156,-7.0896951],[111.8194392,-7.0903424],[111.8196105,-7.091199],[111.819896,-7.0919604],[111.8201646,-7.0926031],[111.820429,-7.0932358],[111.8207336,-7.093883],[111.8210382,-7.0947586],[111.8213999,-7.0956533],[111.821984,-7.0968894],[111.8227871,-7.098674],[111.8235604,-7.0998638],[111.8242445,-7.1004289],[111.8247802,-7.1007265],[111.8255829,-7.1011725],[111.8264455,-7.1015591],[111.8276055,-7.1018566],[111.8283193,-7.1020945],[111.8291819,-7.1024217],[111.8301634,-7.1026299],[111.8309962,-7.1031355],[111.8312169,-7.1032725],[111.8318588,-7.1036709],[111.8327808,-7.1039089],[111.8339705,-7.1041468],[111.8347439,-7.104123],[111.8362191,-7.1041706],[111.8370757,-7.1044085],[111.8381703,-7.1047417],[111.83936,-7.105741],[111.8405498,-7.1064549],[111.842263,-7.1076922],[111.8432508,-7.1085742],[111.8435955,-7.1088819],[111.8445948,-7.1095006],[111.8473722,-7.1113329],[111.848009,-7.1117481],[111.8493062,-7.1125939],[111.8501505,-7.1130544],[111.8508766,-7.1134505],[111.8520664,-7.1140216],[111.8528674,-7.1143943],[111.8534147,-7.114894],[111.8539144,-7.1152034],[111.8544209,-7.1150721],[111.8545794,-7.1150516],[111.8549728,-7.1150007],[111.8552551,-7.1149115],[111.8554717,-7.1151194],[111.8555343,-7.1152633],[111.855915,-7.1152034],[111.8560672,-7.115132],[111.8563385,-7.1150273],[111.8564574,-7.1150734],[111.8565717,-7.1151177],[111.8566811,-7.1154508],[111.8566387,-7.1156684],[111.856605,-7.1158411],[111.856511,-7.1161832],[111.8564998,-7.1162238],[111.8564337,-7.1164645],[111.8563337,-7.116888],[111.8563337,-7.1171878],[111.8563263,-7.1172638],[111.8563004,-7.1175305],[111.8562433,-7.1176637],[111.8560863,-7.1178208],[111.8556913,-7.1181491],[111.8556047,-7.1182895],[111.8554771,-7.1184965],[111.8554426,-7.1187161],[111.8554248,-7.1188297],[111.8554316,-7.1189936],[111.8554347,-7.1190677],[111.8554391,-7.1191723],[111.8554676,-7.1195245],[111.8553443,-7.1201685],[111.8553391,-7.1201955],[111.8552344,-7.1203953],[111.8550583,-7.1206761],[111.8549792,-7.1207816],[111.8548299,-7.1209807],[111.8547347,-7.1212186],[111.8547062,-7.1214566],[111.8547114,-7.1215112],[111.8547347,-7.1217564],[111.854868,-7.1219515],[111.8549489,-7.1222799],[111.8551584,-7.1226579],[111.8554343,-7.1231555],[111.8556199,-7.1236552],[111.8558007,-7.1242786],[111.8559102,-7.1248973],[111.8560482,-7.1253161],[111.856167,-7.1254907],[111.85621,-7.125554],[111.8563381,-7.1256821],[111.8564717,-7.1258158],[111.8566526,-7.1259157],[111.8569143,-7.1259395],[111.8570856,-7.1258443],[111.8572712,-7.1257253],[111.8574188,-7.1255302],[111.8575139,-7.125297],[111.8574759,-7.1248211],[111.8574775,-7.1248066],[111.8575187,-7.1244309],[111.8576186,-7.1241501],[111.8577757,-7.1239217],[111.857976,-7.1236682],[111.8580089,-7.1236267],[111.8582325,-7.1234696],[111.8585704,-7.1233839],[111.8586482,-7.1233788],[111.8588518,-7.1233655],[111.8588607,-7.1233649],[111.8588659,-7.1233666],[111.8592176,-7.1234839],[111.8594984,-7.1236076],[111.8597584,-7.1236916],[111.8599553,-7.1237551],[111.8601552,-7.1238789],[111.8603217,-7.1240835],[111.8603741,-7.1243215],[111.8603074,-7.1246165],[111.8601361,-7.1249496],[111.8598982,-7.1252256],[111.8598837,-7.1252397],[111.8597411,-7.1253779],[111.8596793,-7.1256111],[111.8597031,-7.1258205],[111.8600267,-7.1265772],[111.8603693,-7.1268675],[111.8605787,-7.126996],[111.8606639,-7.1270561],[111.8608214,-7.1271673],[111.8609927,-7.127429],[111.861145,-7.1275579],[111.8611783,-7.1275861],[111.8613639,-7.1282571],[111.8613925,-7.1287853],[111.8614401,-7.129147],[111.8615165,-7.1293465],[111.8615309,-7.1293839],[111.8615495,-7.1294325],[111.8617351,-7.1295658],[111.8617951,-7.1295986],[111.8619873,-7.1297038],[111.8620353,-7.1297],[111.8622253,-7.1296848],[111.8624775,-7.1295182],[111.8628011,-7.1291851],[111.8628044,-7.1291815],[111.8628418,-7.1291408],[111.8628629,-7.1291179],[111.8631818,-7.128771],[111.8633769,-7.1284284],[111.8634959,-7.1282428],[111.8635245,-7.1281286],[111.8635673,-7.1279858],[111.8637243,-7.1275052],[111.8637434,-7.1271387],[111.8637529,-7.1268627],[111.8638338,-7.1267771],[111.8638814,-7.1265581],[111.8638624,-7.1263773],[111.8639861,-7.126187],[111.8641336,-7.1259871],[111.8642098,-7.1257682],[111.8642193,-7.1251447],[111.8641875,-7.1247102],[111.8641764,-7.1245594],[111.8642098,-7.1243357],[111.864362,-7.1241882],[111.8645191,-7.1241025],[111.8646714,-7.1241406],[111.8647713,-7.1242453],[111.8647748,-7.1242616],[111.8648046,-7.1244024],[111.8649141,-7.1245546],[111.8650616,-7.1248069],[111.8651949,-7.125021],[111.8652424,-7.1253161],[111.8652853,-7.1254731],[111.8652567,-7.1256159],[111.8650997,-7.1259395],[111.8651425,-7.1265534],[111.8652805,-7.1271007],[111.8653757,-7.1273862],[111.8655898,-7.1280096],[111.8657053,-7.1282123],[111.865804,-7.1283856],[111.8659968,-7.1285959],[111.8661604,-7.1287744],[111.8661704,-7.1287853],[111.8666588,-7.1291437],[111.8666892,-7.129166],[111.8668747,-7.1292469],[111.8670582,-7.129237],[111.8679265,-7.1291898],[111.8683167,-7.1290661],[111.8685023,-7.1288995],[111.8685642,-7.1286283],[111.8685071,-7.1283761],[111.86835,-7.1280905],[111.8681263,-7.1278478],[111.8678075,-7.1275385],[111.867522,-7.1274481],[111.8673293,-7.1274034],[111.8671936,-7.1273719],[111.8669829,-7.1273279],[111.8668747,-7.1273053],[111.8667424,-7.1271565],[111.8666463,-7.1270483],[111.8665706,-7.1269143],[111.8665226,-7.1268294],[111.8665321,-7.12672],[111.8665939,-7.1265743],[111.866594,-7.1264249],[111.8667177,-7.1262774],[111.86687,-7.1262393],[111.867127,-7.1262631],[111.8673122,-7.1263018],[111.8674458,-7.1263297],[111.8678123,-7.1265344],[111.8685499,-7.1271007],[111.8687117,-7.1271768],[111.8689592,-7.1272482],[111.8691067,-7.1273339],[111.8691563,-7.1273999],[111.8691781,-7.127429],[111.8693541,-7.1275813],[111.8694922,-7.1277955],[111.8695393,-7.1278287],[111.869654,-7.1279097],[111.869811,-7.1280524],[111.8699157,-7.1283618],[111.8701822,-7.128771],[111.8703297,-7.1290613],[111.8704297,-7.1291946],[111.8705439,-7.1292898],[111.870556,-7.1293007],[111.8706914,-7.129423],[111.8707315,-7.1295316],[111.8708056,-7.1297323],[111.8709817,-7.1299179],[111.8711768,-7.1300464],[111.8714671,-7.1301273],[111.8718621,-7.1302225],[111.8721476,-7.1302987],[111.8724237,-7.1303225],[111.8726283,-7.1303891],[111.873166,-7.1307032],[111.8734897,-7.1309221],[111.8739655,-7.1313171],[111.8741036,-7.1313456],[111.8742558,-7.1315169],[111.8745556,-7.1316407],[111.8748512,-7.1317963],[111.8750141,-7.1318821],[111.8755407,-7.1321594],[111.8760119,-7.1323498],[111.8765991,-7.1326856],[111.8768066,-7.1328042],[111.8778162,-7.1332977],[111.8779303,-7.1332731],[111.8773519,-7.1326324],[111.8770474,-7.132166],[111.8767499,-7.1316996],[111.8766881,-7.1315236],[111.87665,-7.1313618],[111.8766548,-7.1312571],[111.8766881,-7.1311762],[111.8767357,-7.1311429],[111.8768166,-7.1311191],[111.8768737,-7.1311143],[111.876945,-7.1311191],[111.8770069,-7.1311571],[111.8770783,-7.1312238],[111.8771306,-7.1313142],[111.8771782,-7.1314189],[111.8772211,-7.1315236],[111.8772829,-7.1316187],[111.8773591,-7.1316854],[111.8774828,-7.1317805],[111.8776541,-7.131909],[111.8777636,-7.1319852],[111.877873,-7.1320375],[111.8780539,-7.132128],[111.8782537,-7.1321708],[111.8784489,-7.1321851],[111.8785631,-7.1321565],[111.8786678,-7.132166],[111.8787058,-7.1321946],[111.8787772,-7.132266],[111.8788439,-7.1323421],[111.878901,-7.1324182],[111.8789486,-7.1324611],[111.8789961,-7.1324849],[111.8790723,-7.1324849],[111.8791151,-7.1324468],[111.8791913,-7.132304],[111.8792579,-7.1321755],[111.8792864,-7.1320994],[111.879334,-7.1319899],[111.8794054,-7.1318662],[111.8794482,-7.1317805],[111.8795339,-7.1315188],[111.8795577,-7.1314236],[111.8795862,-7.1313665],[111.8796338,-7.1313522],[111.879729,-7.1313427],[111.8798385,-7.1313713],[111.8798908,-7.1314094],[111.8799479,-7.131495],[111.8800003,-7.1316425],[111.8801002,-7.131733],[111.8801954,-7.131771],[111.8802906,-7.1318043],[111.8804095,-7.1318234],[111.8805238,-7.1318329],[111.8806332,-7.1318234],[111.8807665,-7.1317805],[111.8808426,-7.1317234],[111.8809092,-7.131614],[111.8809616,-7.1315616],[111.8810282,-7.1315521],[111.8811091,-7.1315474],[111.8811995,-7.1315759],[111.8812757,-7.131595],[111.8813661,-7.1316045],[111.8814613,-7.131595],[111.8815755,-7.1315616],[111.8816516,-7.1315283],[111.881723,-7.1314617],[111.8817563,-7.1313856],[111.8817706,-7.1312856],[111.8817563,-7.1312095],[111.8816802,-7.1311476],[111.8815993,-7.1310905],[111.8815231,-7.1310477],[111.8814375,-7.1309953],[111.8813518,-7.1309382],[111.881309,-7.1308859],[111.8812852,-7.1308097],[111.8813042,-7.1307098],[111.8813613,-7.1306622],[111.8813756,-7.1306051],[111.8813756,-7.1305242],[111.8813946,-7.1304576],[111.8814089,-7.1303957],[111.8814613,-7.1303529],[111.8815326,-7.1303434],[111.8816231,-7.1303243],[111.8817468,-7.1303243],[111.8818515,-7.1303053],[111.881999,-7.13031],[111.8821085,-7.1303481],[111.8821323,-7.1303719],[111.8821608,-7.1304338],[111.8822322,-7.1305575],[111.8822703,-7.1306099],[111.8823369,-7.1306574],[111.8823893,-7.130667],[111.8824939,-7.1306717],[111.8825463,-7.1306432],[111.8825891,-7.130567],[111.8826843,-7.1304338],[111.882789,-7.1300388],[111.8828937,-7.129639],[111.8828985,-7.1295581],[111.8828985,-7.1294677],[111.8828842,-7.129344],[111.8828176,-7.1292012],[111.8827271,-7.1290632],[111.8826415,-7.1289633],[111.8825511,-7.1288633],[111.8823036,-7.128711],[111.8822037,-7.1286349],[111.882137,-7.1285683],[111.8820847,-7.1284921],[111.8820466,-7.1283779],[111.8820419,-7.1282494],[111.8820466,-7.1280876],[111.8820847,-7.1279639],[111.8821323,-7.1278306],[111.8821799,-7.1277212],[111.8822655,-7.1275737],[111.8823464,-7.1274166],[111.8824273,-7.1272786],[111.8824749,-7.1271644],[111.8825035,-7.1270121],[111.8824987,-7.1268884],[111.8825273,-7.1267694],[111.8825653,-7.126698],[111.8826558,-7.126579],[111.8827271,-7.1265029],[111.8828604,-7.126441],[111.8829365,-7.1263887],[111.8830841,-7.1262792],[111.8832125,-7.1262031],[111.8833172,-7.126146],[111.8833981,-7.1260984],[111.88346,-7.1260127],[111.8834886,-7.1259271],[111.8834886,-7.1258414],[111.88346,-7.12577],[111.8834077,-7.1256701],[111.8832792,-7.1254845],[111.8832363,-7.1253322],[111.8832078,-7.1252275],[111.8832221,-7.1251593],[111.8832673,-7.1250951],[111.8833006,-7.1250498],[111.8833339,-7.1250261],[111.8833767,-7.125007],[111.8834148,-7.1249904],[111.8834505,-7.1249642],[111.8834886,-7.1249428],[111.8835195,-7.1249333],[111.8835695,-7.1249428],[111.8836052,-7.1249808],[111.8836337,-7.125007],[111.883667,-7.1250261],[111.8837075,-7.1250332],[111.8837622,-7.1250237],[111.8838383,-7.1249999],[111.883874,-7.1249785],[111.883924,-7.1249523],[111.883974,-7.1249166],[111.8840001,-7.1248785],[111.8840216,-7.1248286],[111.8840311,-7.1247548],[111.8840477,-7.1246953],[111.8840573,-7.1246572],[111.8840644,-7.1246049],[111.8840644,-7.124574],[111.8840644,-7.1245597],[111.8840239,-7.1245216],[111.88398,-7.124292],[111.8839335,-7.1241806],[111.883905,-7.1241378],[111.88388,-7.1240878],[111.8838693,-7.1240343],[111.8838479,-7.1239915],[111.8838336,-7.1239486],[111.88383,-7.123888],[111.8838264,-7.1238273],[111.8838193,-7.123788],[111.88382,-7.123737],[111.8838657,-7.1236917],[111.8838943,-7.1236631],[111.8839085,-7.1236274],[111.8839085,-7.1235846],[111.8838907,-7.1234989],[111.8838693,-7.123399],[111.8838514,-7.1233561],[111.8838193,-7.1233097],[111.8838015,-7.1232598],[111.8837872,-7.1232241],[111.8837658,-7.1231456],[111.8837515,-7.123092],[111.883755,-7.122967],[111.8837015,-7.1227066],[111.8836658,-7.1225459],[111.8836587,-7.1224817],[111.8836587,-7.1223711],[111.8836551,-7.1222426],[111.8836801,-7.1221676],[111.883705,-7.12212],[111.8840263,-7.1221069],[111.8842333,-7.1220712],[111.8845224,-7.122032],[111.8847651,-7.1219963],[111.8848615,-7.121982],[111.8849043,-7.121957],[111.88494,-7.1219356],[111.8849936,-7.1219178],[111.8850685,-7.1219071],[111.885122,-7.121893],[111.885197,-7.1219035],[111.8852898,-7.1218714],[111.8853362,-7.1218428],[111.8854005,-7.1218143],[111.8856503,-7.1218035],[111.8859001,-7.1217893],[111.8861429,-7.1217679],[111.886346,-7.121732],[111.8865604,-7.1217964],[111.8868567,-7.1218999],[111.8872993,-7.1220427],[111.8875277,-7.1220998],[111.88777,-7.122115],[111.8879846,-7.1221355],[111.8880845,-7.1221319],[111.8882665,-7.1221391],[111.8883129,-7.1221319],[111.8883236,-7.1221569],[111.8883236,-7.1221962],[111.888334,-7.122251],[111.8883843,-7.1222997],[111.8885842,-7.1224032],[111.8886199,-7.1224032],[111.8886734,-7.1224032],[111.88878,-7.122446],[111.8887609,-7.1225364],[111.8887222,-7.122584],[111.8886657,-7.1226465],[111.8886508,-7.1226941],[111.8886657,-7.1227298],[111.8886895,-7.1227714],[111.8887341,-7.1228279],[111.8889155,-7.1230569],[111.8889691,-7.1231194],[111.8890047,-7.1231432],[111.8890613,-7.123164],[111.8891237,-7.1231729],[111.8891862,-7.1231819],[111.8892308,-7.1232086],[111.8892665,-7.1232532],[111.8892962,-7.1232889],[111.8893349,-7.1233216],[111.8893736,-7.1233395],[111.8895223,-7.1233663],[111.8899208,-7.1234257],[111.8901558,-7.1234228],[111.89048,-7.1234109],[111.8905336,-7.1234257],[111.8906079,-7.1234674],[111.8908191,-7.1235536],[111.891001,-7.123586],[111.891182,-7.1236637],[111.8915032,-7.123747],[111.8916341,-7.1237262],[111.891705,-7.123721],[111.8917441,-7.1237499],[111.8918125,-7.1238422],[111.8918898,-7.12397],[111.891917,-7.124049],[111.8922051,-7.1242258],[111.89222,-7.1242526],[111.8922319,-7.1242913],[111.8922557,-7.124321],[111.8923063,-7.1243894],[111.8924639,-7.1245262],[111.8924758,-7.1245471],[111.8924847,-7.1246125],[111.892499,-7.124656],[111.8926126,-7.1247523],[111.8929993,-7.1250051],[111.893098,-7.125073],[111.893392,-7.12529],[111.893914,-7.125597],[111.8944121,-7.1258855],[111.894567,-7.125969],[111.8946824,-7.1260398],[111.8947616,-7.1260998],[111.8947938,-7.1261255],[111.894919,-7.126195],[111.895122,-7.126395],[111.89552,-7.126656],[111.8956932,-7.1267294],[111.8957082,-7.126753],[111.8957103,-7.1267915],[111.89571,-7.126837],[111.895829,-7.126869],[111.895853,-7.126939],[111.8958602,-7.1269735],[111.8958881,-7.1269821],[111.895998,-7.126989],[111.896083,-7.1270271],[111.8963142,-7.1271791],[111.8965605,-7.1273055],[111.896601,-7.127378],[111.8966012,-7.1274147],[111.8966312,-7.1274254],[111.8967854,-7.1274297],[111.896868,-7.127409],[111.8974621,-7.1274639],[111.8974792,-7.1274704],[111.897502,-7.127502],[111.8975704,-7.1275561],[111.8976417,-7.1275472],[111.8977399,-7.1275561],[111.8977875,-7.127571],[111.897844,-7.1275978],[111.898052,-7.127759],[111.898444,-7.127997],[111.8987452,-7.1281807],[111.8988553,-7.1282432],[111.898942,-7.128274],[111.899146,-7.128362],[111.899409,-7.128508],[111.899471,-7.128511],[111.899946,-7.128554],[111.9000926,-7.1285912],[111.9002145,-7.1286537],[111.900308,-7.128757],[111.9005744,-7.1290879],[111.9008124,-7.12943],[111.900858,-7.129478],[111.900941,-7.129589],[111.901103,-7.129916],[111.90115,-7.130023],[111.9011931,-7.1300843],[111.9012347,-7.1301022],[111.901306,-7.130112],[111.9014221,-7.1301706],[111.90158,-7.130275],[111.901672,-7.130331],[111.9016154,-7.1304442],[111.9015589,-7.1307208],[111.901597,-7.130976],[111.9016006,-7.1311729],[111.9015768,-7.1312711],[111.9016006,-7.1314644],[111.9016392,-7.1319076],[111.9016482,-7.131976],[111.9016244,-7.1320325],[111.9015619,-7.1321277],[111.9014905,-7.1321782],[111.9014459,-7.1322377],[111.901434,-7.1323032],[111.90144,-7.1323775],[111.9014519,-7.1325143],[111.9014519,-7.1326006],[111.9014429,-7.1326482],[111.9014191,-7.1326869],[111.9013745,-7.1327166],[111.9012972,-7.1327255],[111.9012347,-7.1327225],[111.9011693,-7.1327255],[111.9011336,-7.1327434],[111.9011009,-7.1327761],[111.9010711,-7.1328237],[111.9010355,-7.1328772],[111.9009968,-7.1329099],[111.9009492,-7.1329486],[111.9008808,-7.1329724],[111.9007856,-7.1329992],[111.9003157,-7.1330259],[111.9002235,-7.1330259],[111.9001402,-7.1330051],[111.9000718,-7.1329754],[111.9000093,-7.1329575],[111.8999439,-7.1329486],[111.8998665,-7.1329694],[111.8998071,-7.1329962],[111.8997386,-7.1330081],[111.8996851,-7.1330021],[111.8996375,-7.1329575],[111.8995632,-7.1329456],[111.8994858,-7.1329486],[111.8994323,-7.1329843],[111.8994115,-7.1330378],[111.8993907,-7.1331181],[111.8993222,-7.1331657],[111.8992479,-7.1331865],[111.8991795,-7.1331746],[111.899123,-7.1331211],[111.8990694,-7.1330705],[111.899007,-7.1330616],[111.8989534,-7.1330854],[111.898882,-7.13313],[111.8988315,-7.1331687],[111.8988017,-7.1332044],[111.899117,-7.1338528],[111.8990873,-7.1339153],[111.8989713,-7.1341413],[111.8989475,-7.1342246],[111.8989415,-7.1343019],[111.8989564,-7.1343822],[111.899001,-7.1344596],[111.8990664,-7.1345369],[111.8991349,-7.1345934],[111.8992181,-7.1346172],[111.8992925,-7.1346142],[111.8993698,-7.1345993],[111.8994442,-7.1345488],[111.899468,-7.1345696],[111.8994829,-7.134641],[111.8993341,-7.1351317],[111.8993163,-7.1351645],[111.899236,-7.1351912],[111.8991914,-7.1352091],[111.8991646,-7.1352477],[111.8991943,-7.1357117],[111.8992079,-7.1363289],[111.9001317,-7.1363641],[111.90111,-7.1364044],[111.9015165,-7.1364212],[111.9028776,-7.136621],[111.9039824,-7.1369061],[111.9045194,-7.1370446],[111.905909,-7.1373968],[111.9068975,-7.1376551],[111.9074747,-7.137806],[111.9081885,-7.1380487],[111.9089196,-7.1381116],[111.9090737,-7.1381249],[111.9100826,-7.1381296],[111.910263,-7.138109],[111.9111629,-7.1380059],[111.9121289,-7.13753],[111.9135756,-7.1365687],[111.9148177,-7.1357311],[111.915321,-7.1353198],[111.9156456,-7.1350545],[111.9163548,-7.1344748],[111.9171972,-7.1335849],[111.9178396,-7.1330756],[111.9186724,-7.1327045],[111.9196171,-7.132406],[111.9204286,-7.1321497],[111.9206759,-7.1320715],[111.9209857,-7.1320293],[111.9211112,-7.1320123],[111.9215198,-7.1319566],[111.9221614,-7.1318693],[111.9224939,-7.1318241],[111.9238835,-7.1316956],[111.9258537,-7.1317432],[111.927229,-7.1319383],[111.9287661,-7.1322666],[111.9289398,-7.1323084],[111.9291112,-7.1323495],[111.929618,-7.1324713],[111.9304317,-7.1327758],[111.93096,-7.1331375],[111.9312519,-7.1334322],[111.9313123,-7.1334933],[111.9314501,-7.1336324],[111.9316738,-7.1341321],[111.931754,-7.1344716],[111.9319356,-7.135241],[111.9321497,-7.136088],[111.9323543,-7.1369637],[111.9323583,-7.1380649],[111.9323591,-7.1382962],[111.9323781,-7.1398999],[111.9324117,-7.140985],[111.9324257,-7.1414371],[111.9323292,-7.1423846],[111.9322734,-7.1429314],[111.9322133,-7.1432851],[111.9319118,-7.1450586],[111.9318832,-7.1461103],[111.9315691,-7.1474428],[111.9315203,-7.1476041],[111.9311646,-7.1487801],[111.9308075,-7.1501733],[111.9306316,-7.1508597],[111.930427,-7.152216],[111.9304196,-7.1522815],[111.9303141,-7.1532104],[111.9302747,-7.153558],[111.9302722,-7.1536495],[111.9302455,-7.154643],[111.9302319,-7.1551523],[111.9302747,-7.1565086],[111.9304818,-7.1571547],[111.9306697,-7.1577411],[111.9311027,-7.1585454],[111.9314755,-7.1589396],[111.9317432,-7.1592228],[111.9320117,-7.1595067],[111.9326113,-7.1599493],[111.933156,-7.1601262],[111.9333585,-7.160192],[111.9335107,-7.1601934],[111.9337362,-7.1601954],[111.9344054,-7.1602015],[111.9348628,-7.160104],[111.9351685,-7.1600388],[111.9356332,-7.1599398],[111.9364461,-7.1596146],[111.9366326,-7.15954],[111.937009,-7.1593073],[111.9381412,-7.1586073],[111.9387094,-7.1582509],[111.9391882,-7.1579505],[111.9406349,-7.1569083],[111.9407496,-7.1567992],[111.9414106,-7.1561707],[111.942567,-7.1548905],[111.9434614,-7.1535586],[111.9436663,-7.1532535],[111.9441928,-7.1523821],[111.9443421,-7.1521351],[111.944416,-7.1519886],[111.9446264,-7.1515713],[111.9448941,-7.1510406],[111.9458269,-7.1485945],[111.9460374,-7.1480266],[111.9466121,-7.1464768],[111.947226,-7.1442924],[111.9478389,-7.1421964],[111.9480388,-7.1417729],[111.9482636,-7.1411339],[111.9484005,-7.1407449],[111.9484678,-7.140404],[111.9485575,-7.1399502],[111.9488193,-7.1388033],[111.9489668,-7.1380371],[111.9491952,-7.1374042],[111.9497425,-7.1359099],[111.9499804,-7.1350628],[111.950404,-7.1341633],[111.9508561,-7.1335161],[111.9514023,-7.1330301],[111.9514176,-7.1330164],[111.9517258,-7.132624],[111.9518264,-7.1324959],[111.9520268,-7.1322407],[111.9527216,-7.1318172],[111.9535354,-7.1317315],[111.9537478,-7.1317774],[111.9544824,-7.1319362],[111.9564383,-7.1324834],[111.9576471,-7.1329213],[111.9584751,-7.133321],[111.9588633,-7.1335705],[111.9597267,-7.1341253],[111.9604834,-7.1347154],[111.9617493,-7.135829],[111.9623108,-7.1363905],[111.9634577,-7.1371424],[111.9641225,-7.1373593],[111.9643476,-7.1374327],[111.9650519,-7.1375802],[111.9659799,-7.1375993],[111.96736,-7.1375327],[111.9684125,-7.1374834],[111.9684784,-7.1374803],[111.9692779,-7.137566],[111.9700821,-7.1378134],[111.9709673,-7.1383512],[111.9717624,-7.139009],[111.9717668,-7.1390127],[111.9718474,-7.139081],[111.9729898,-7.1400501],[111.9746079,-7.1415825],[111.9751677,-7.1421585],[111.9755977,-7.1426009],[111.9764565,-7.1435015],[111.9766732,-7.1437288],[111.977349,-7.1446377],[111.9777626,-7.1452248],[111.9778812,-7.145393],[111.9782913,-7.145975],[111.9788195,-7.1469601],[111.9793715,-7.1481403],[111.9797237,-7.149073],[111.9799664,-7.15012],[111.9799945,-7.1505365],[111.9800235,-7.1509671],[111.9799569,-7.1520093],[111.9797618,-7.1534703],[111.9796285,-7.154246],[111.9790955,-7.1563875],[111.9788607,-7.156935],[111.9783484,-7.1581293],[111.9779819,-7.1593238],[111.9778013,-7.1603021],[111.9777535,-7.1605611],[111.9776678,-7.1615557],[111.9778392,-7.1626265],[111.9783246,-7.1636591],[111.9788195,-7.1643206],[111.9796142,-7.1648251],[111.9805851,-7.1650392],[111.9808101,-7.1650079],[111.9818509,-7.1648631],[111.9820417,-7.1647696],[111.9828313,-7.1643825],[111.9835975,-7.1637543],[111.9842647,-7.163074],[111.9843256,-7.1630119],[111.984692,-7.1620744],[111.98483,-7.1609323],[111.9846896,-7.1599543],[111.9843874,-7.1590477],[111.9835951,-7.157206],[111.9831768,-7.1560266],[111.9830202,-7.1529457],[111.9830314,-7.1528765],[111.9832224,-7.1517027],[111.9834595,-7.1502461],[111.9836608,-7.1492923],[111.9837592,-7.1488261],[111.9837593,-7.1488256],[111.983803,-7.1485981],[111.9842875,-7.1460773],[111.9844588,-7.1443641],[111.9847658,-7.1426009],[111.9853654,-7.1407235],[111.9858722,-7.1393315],[111.9867007,-7.1380651],[111.9868716,-7.1378039],[111.987457,-7.1369259],[111.9887133,-7.1354697],[111.9894002,-7.134652],[111.9896127,-7.1343989],[111.9896838,-7.1343115],[111.9907549,-7.1329926],[111.9915335,-7.132172],[111.9915472,-7.1321575],[111.9915564,-7.1321392],[111.9923111,-7.130637],[111.9928322,-7.1297304],[111.9933215,-7.1285662],[111.9936223,-7.1278504],[111.9936602,-7.1277602],[111.9940028,-7.1263896],[111.9942384,-7.1254474],[111.9945097,-7.1234415],[111.9945168,-7.1227062],[111.9944026,-7.1211858],[111.9942486,-7.1200575],[111.9940956,-7.1189372],[111.99391,-7.1171883],[111.9939886,-7.1160533],[111.9944383,-7.1151181],[111.9945906,-7.1149571],[111.9950665,-7.1144543],[111.9958374,-7.1141259],[111.9967868,-7.113926],[111.9977862,-7.1139546],[111.9985357,-7.1142544],[111.9991639,-7.1148897],[111.9995494,-7.1157392],[111.999735,-7.1165458],[111.9997207,-7.1174096],[111.9994994,-7.1181591],[111.9991139,-7.1186945],[111.99855,-7.1192013],[111.9979718,-7.1197295],[111.9976434,-7.1202078],[111.9975868,-7.1203863],[111.9975007,-7.1206575],[111.9974792,-7.1212928],[111.9975506,-7.1222779],[111.9978576,-7.1231988],[111.9982859,-7.1239983],[111.9989712,-7.1249834],[111.9996422,-7.125533],[112.0002561,-7.1260613],[112.0008414,-7.1265967],[112.0018991,-7.1275678],[112.0019764,-7.1276389],[112.002054,-7.1277228],[112.0031899,-7.1289523],[112.0041002,-7.1297698],[112.0043043,-7.1299531],[112.0043107,-7.1299588],[112.0050815,-7.1304817],[112.0055313,-7.1307869],[112.0060044,-7.1310168],[112.006545,-7.1312794],[112.0075586,-7.131515],[112.0083178,-7.1315211],[112.0084438,-7.1315221],[112.0092718,-7.131308],[112.0100928,-7.1308511],[112.0105639,-7.1302658],[112.0106666,-7.1299392],[112.0109636,-7.1289952],[112.0111241,-7.1276741],[112.0111492,-7.1274675],[112.0111607,-7.1265714],[112.0111635,-7.1263539],[112.0111242,-7.1261338],[112.0109494,-7.1251547],[112.0105782,-7.1241482],[112.0098144,-7.1224207],[112.0090791,-7.1212429],[112.0076157,-7.1193012],[112.0059311,-7.1166743],[112.0051844,-7.1154953],[112.0051173,-7.1153894],[112.0047033,-7.1145328],[112.0045414,-7.1140127],[112.0043678,-7.1134549],[112.0039772,-7.1127117],[112.0038538,-7.1124769],[112.0034755,-7.1115775],[112.0034662,-7.1115334],[112.0033825,-7.1111356],[112.0032756,-7.1106281],[112.0032328,-7.1092504],[112.0033613,-7.1086423],[112.0034469,-7.1082367],[112.0036938,-7.1076922],[112.0039323,-7.107166],[112.0044177,-7.1064379],[112.0045636,-7.1062996],[112.0047811,-7.1060933],[112.0048236,-7.1060531],[112.0055171,-7.1053957],[112.0070135,-7.1044509],[112.0079724,-7.1040559],[112.0091933,-7.1037824],[112.0103854,-7.103661],[112.0118274,-7.1036325],[112.0122188,-7.1035999],[112.012684,-7.1035611],[112.0135049,-7.1032684],[112.0138357,-7.1029993],[112.0140403,-7.102833],[112.0144258,-7.102162],[112.0145685,-7.1014124],[112.0144043,-7.1007486],[112.0140046,-7.1001704],[112.0133978,-7.0995779],[112.0126483,-7.0989426],[112.0113134,-7.098193],[112.0101427,-7.0977861],[112.0082296,-7.0971508],[112.0071446,-7.0966369],[112.0062809,-7.09581],[112.0059097,-7.0950105],[112.0059382,-7.0944394],[112.0060524,-7.0938898],[112.0061873,-7.0936393],[112.0062779,-7.0934711],[112.0063023,-7.0934258],[112.0067663,-7.0931402],[112.0073088,-7.0929618],[112.0078799,-7.0929261],[112.0081388,-7.093002],[112.0082939,-7.0930474],[112.0085651,-7.0932687],[112.0090611,-7.0934979],[112.0096002,-7.093747],[112.0103355,-7.0940254],[112.0106499,-7.094104],[112.0110493,-7.0942039],[112.0118702,-7.0941039],[112.0129624,-7.0937256],[112.0143649,-7.0930033],[112.0158177,-7.0922551],[112.017845,-7.090963],[112.0189872,-7.0899637],[112.0197581,-7.0888287],[112.0204077,-7.0873582],[112.0206861,-7.0864873],[112.0207646,-7.0858805],[112.0207646,-7.0850453],[112.0206871,-7.0844468],[112.0206147,-7.0838889],[112.020265,-7.0828324],[112.0199576,-7.0821737],[112.0198652,-7.0819758],[112.019337,-7.0812049],[112.0182234,-7.0799057],[112.017067,-7.0783709],[112.0169778,-7.0782371],[112.0167488,-7.0778937],[112.0163246,-7.0772573],[112.0157249,-7.0756084],[112.0153966,-7.0743877],[112.0153442,-7.0729101],[112.0153579,-7.0726446],[112.0154061,-7.0717108],[112.0154204,-7.0715292],[112.015506,-7.0704402],[112.0156631,-7.0699072],[112.0160105,-7.0693789],[112.0166006,-7.0686889],[112.0169943,-7.0683914],[112.0170011,-7.0683863],[112.0170289,-7.0683653],[112.0177856,-7.068056],[112.017891,-7.0680327],[112.0189107,-7.0678078],[112.0204601,-7.0676372],[112.0212596,-7.0676134],[112.0221209,-7.0676562],[112.0233012,-7.0678418],[112.0242482,-7.0681845],[112.0248148,-7.0684161],[112.0251095,-7.0685366],[112.0255987,-7.0689153],[112.0261422,-7.0693361],[112.0269037,-7.0700262],[112.0276365,-7.0707543],[112.0277886,-7.0709273],[112.0282552,-7.0714586],[112.0286787,-7.0721296],[112.0289643,-7.0726959],[112.0293212,-7.0739618],[112.0294068,-7.0747613],[112.0294877,-7.0756988],[112.0295591,-7.0767838],[112.0296623,-7.0773227],[112.0297067,-7.0775548],[112.0297962,-7.077715],[112.0300683,-7.078202],[112.03025,-7.0783765],[112.0303351,-7.0784583],[112.0305537,-7.0786684],[112.030767,-7.0788274],[112.0308345,-7.0788778],[112.0313247,-7.0790538],[112.0318672,-7.0790824],[112.0327333,-7.0788492],[112.0335852,-7.0784209],[112.0347226,-7.0776737],[112.0352651,-7.0772026],[112.0357886,-7.0763222],[112.0365976,-7.0748898],[112.037221,-7.0738904],[112.0376921,-7.0727768],[112.0382109,-7.0720201],[112.0387153,-7.0713539],[112.0396195,-7.0708685],[112.0399041,-7.0707686],[112.0408806,-7.0704259],[112.0416991,-7.0703402],[112.0425168,-7.0704892],[112.0428222,-7.0705449],[112.0442894,-7.0712344],[112.0452163,-7.0719343],[112.0452932,-7.0719924],[112.0452906,-7.0719958],[112.045315,-7.0725623],[112.0453341,-7.0729193],[112.0453531,-7.0733238],[112.0453293,-7.0739615],[112.0453198,-7.0742803],[112.0453341,-7.0745278],[112.0452579,-7.0749418],[112.0450819,-7.0753225],[112.0449927,-7.0755054],[112.044901,-7.0756937],[112.0446535,-7.0760506],[112.0442633,-7.0762838],[112.0438017,-7.0764932],[112.0432401,-7.0766598],[112.0428309,-7.0767407],[112.0424989,-7.0767769],[112.0424989,-7.0767769],[112.0424989,-7.0767769],[112.0416745,-7.0772173],[112.0415922,-7.0772613],[112.0406969,-7.0778257],[112.0405923,-7.0778917],[112.0403148,-7.0781303],[112.0402426,-7.0781924],[112.0401516,-7.0782707],[112.0398391,-7.0785395],[112.0395175,-7.079306],[112.0394048,-7.0798087],[112.0394659,-7.080353],[112.039607,-7.0806505],[112.0397607,-7.0809745],[112.0399949,-7.0812432],[112.0401516,-7.0813659],[112.0402769,-7.081464],[112.0407804,-7.0816662],[112.0413061,-7.0817403],[112.0413371,-7.0815394],[112.0416784,-7.0815386],[112.0420915,-7.0814599],[112.0424087,-7.0813874],[112.0429292,-7.0811409],[112.0435792,-7.0807746],[112.0438465,-7.080624],[112.0439428,-7.0805697],[112.0445198,-7.0800545],[112.0447627,-7.0797907],[112.0449559,-7.0795809],[112.0451408,-7.0793533],[112.0458517,-7.0784781],[112.0465867,-7.0777406],[112.0469247,-7.07736],[112.0473214,-7.0769134],[112.0474007,-7.0768469],[112.0474487,-7.0768066],[112.0476395,-7.0766466],[112.0480908,-7.0762681],[112.0485209,-7.0765562],[112.0487879,-7.0767351],[112.0488418,-7.0767711],[112.049015,-7.0769309],[112.0495718,-7.0772164],[112.0498679,-7.0772658],[112.0505141,-7.0773735],[112.0505697,-7.0773615],[112.0513136,-7.0772021],[112.0519703,-7.0767453],[112.0526842,-7.0757316],[112.0537407,-7.0739042],[112.0540373,-7.0735653],[112.054706,-7.0728015],[112.056339,-7.0722338],[112.0581236,-7.0720768],[112.0598848,-7.0721663],[112.0618784,-7.0725907],[112.0639057,-7.0726764],[112.0641491,-7.0726318],[112.0644649,-7.072574],[112.065776,-7.0723338],[112.0690596,-7.0713772],[112.0706872,-7.0707776],[112.0726145,-7.0699924],[112.0744277,-7.0691643],[112.0755556,-7.0684362],[112.0769564,-7.0676252],[112.0774544,-7.0673369],[112.0798386,-7.0661234],[112.0808808,-7.065795],[112.0814065,-7.0658088],[112.0819658,-7.0658236],[112.0827653,-7.0659235],[112.0834466,-7.0663635],[112.0834506,-7.0663661],[112.0837929,-7.0667898],[112.0840502,-7.0671085],[112.0842644,-7.0678366],[112.0842501,-7.0687931],[112.0841502,-7.069921],[112.0840074,-7.0712344],[112.0840645,-7.0732046],[112.0841889,-7.0745906],[112.0842644,-7.0754318],[112.0842668,-7.0755238],[112.0843072,-7.0770451],[112.0840788,-7.080186],[112.084075,-7.0807471],[112.0840719,-7.0811963],[112.0840645,-7.0822847],[112.0843643,-7.0834411],[112.0848069,-7.0844976],[112.0848162,-7.0845096],[112.085635,-7.0855683],[112.0866058,-7.0861251],[112.0876051,-7.0864107],[112.0889472,-7.0865391],[112.0908031,-7.0864535],[112.0921166,-7.0864107],[112.0927383,-7.0865413],[112.0938155,-7.0867676],[112.0958,-7.0873672],[112.0982859,-7.0880754],[112.1001401,-7.0884237],[112.1014251,-7.0884665],[112.1020446,-7.0884444],[112.1026243,-7.0884237],[112.1035095,-7.0881952],[112.1046231,-7.087924],[112.1052389,-7.0877172],[112.1057624,-7.0875414],[112.1065361,-7.0872815],[112.1075783,-7.0870531],[112.1087633,-7.0870246],[112.1100339,-7.0872244],[112.1110116,-7.0875783],[112.111533,-7.0877669],[112.112875,-7.0884951],[112.113825,-7.0890558],[112.1152389,-7.0895339],[112.117124,-7.0893054],[112.1181582,-7.089202],[112.1203703,-7.0886235],[112.1216124,-7.0883808],[112.1229116,-7.0883951],[112.1237539,-7.0887378],[112.1245677,-7.0894373],[112.1247818,-7.090451],[112.1247155,-7.0907129],[112.1246769,-7.0908649],[112.1245249,-7.0914646],[112.1239966,-7.0922356],[112.1235878,-7.0926324],[112.1230258,-7.0931778],[112.1229536,-7.0932259],[112.1221692,-7.0937489],[112.1213983,-7.0942486],[112.1203703,-7.0945912],[112.1193852,-7.0949339],[112.1185286,-7.0952908],[112.1179147,-7.096076],[112.1175537,-7.0971591],[112.117415,-7.0975751],[112.1175308,-7.0987443],[112.1175578,-7.099017],[112.1179147,-7.1003876],[112.1184715,-7.1016868],[112.1185162,-7.1018155],[112.1190711,-7.1034143],[112.1194994,-7.1045707],[112.1200277,-7.1054987],[112.1208557,-7.1065837],[112.1218551,-7.107683],[112.1220469,-7.107777],[112.1230956,-7.1082906],[112.1232542,-7.1083683],[112.1234416,-7.108365],[112.123458,-7.1083647],[112.1248818,-7.1083398],[112.126181,-7.1077544],[112.1271518,-7.1068121],[112.1272463,-7.1065707],[112.1275373,-7.1058271],[112.1275944,-7.1049562],[112.1273517,-7.1034999],[112.1272518,-7.1029687],[112.1270376,-7.1018296],[112.1270731,-7.0997835],[112.1271178,-7.0995276],[112.1272305,-7.0994398],[112.1272352,-7.0994298],[112.1275944,-7.0986458],[112.1281797,-7.0979606],[112.1293361,-7.0972039],[112.1301874,-7.0970336],[112.1304069,-7.0969897],[112.1312921,-7.0970183],[112.1323472,-7.0972885],[112.1324627,-7.0973181],[112.1326738,-7.0974442],[112.1336334,-7.0980177],[112.1349183,-7.0992597],[112.135117,-7.0994688],[112.1368314,-7.1012728],[112.1381877,-7.1024863],[112.1382675,-7.1025404],[112.1394189,-7.1033212],[112.1394298,-7.1033286],[112.1396756,-7.1034873],[112.1416855,-7.1047848],[112.1436415,-7.1060127],[112.1438927,-7.1061144],[112.1441932,-7.1062362],[112.1442913,-7.1062759],[112.1447244,-7.1054306],[112.1448628,-7.1052107],[112.145049,-7.1048518],[112.145303,-7.104469],[112.1453653,-7.1043242],[112.1454144,-7.1041937],[112.1454523,-7.1040756],[112.1454875,-7.1039575],[112.1454958,-7.1038749],[112.145532,-7.103745],[112.1455614,-7.1036461],[112.1455918,-7.1035485],[112.1456929,-7.1032432],[112.1457369,-7.1031498],[112.1458183,-7.1029806],[112.1458604,-7.1028913],[112.1460717,-7.1024794],[112.1461883,-7.1023638],[112.1463569,-7.1021978],[112.1465935,-7.101946],[112.1467673,-7.1017782],[112.1468813,-7.1016575],[112.1469453,-7.1015812],[112.1469971,-7.1015123],[112.1470777,-7.101469],[112.1474002,-7.1013175],[112.1474738,-7.101283],[112.1476674,-7.101196],[112.147727,-7.1011651],[112.1479731,-7.1010398],[112.1482442,-7.1009122],[112.1482816,-7.100893],[112.1483929,-7.100857],[112.14847,-7.1008244],[112.1485311,-7.1007711],[112.1486124,-7.1007119],[112.1487508,-7.1006737],[112.1488373,-7.1006188],[112.1492207,-7.100551],[112.1493429,-7.1005373],[112.1497094,-7.1004898],[112.1500852,-7.1004946],[112.1505746,-7.100494],[112.1505985,-7.1005112],[112.1507501,-7.1005402],[112.1508185,-7.1005642],[112.1512049,-7.1007651],[112.1512956,-7.1008383],[112.1513904,-7.100925],[112.1514547,-7.1010383],[112.1515711,-7.1012031],[112.1516983,-7.1014428],[112.1518204,-7.1016584],[112.1519239,-7.102086],[112.1518739,-7.1024321],[112.1518466,-7.1024957],[112.1517932,-7.1026207],[112.1517749,-7.1026512],[112.1517606,-7.1026823],[112.1516881,-7.1028625],[112.1516298,-7.1030035],[112.1515456,-7.1032388],[112.1513402,-7.1035303],[112.1513021,-7.1035561],[112.1512198,-7.1036386],[112.1511856,-7.1036899],[112.1511552,-7.103717],[112.1511248,-7.103744],[112.1510132,-7.1038311],[112.150854,-7.1039425],[112.1507967,-7.1039696],[112.1507085,-7.1040115],[112.1503706,-7.1041554],[112.150086,-7.1042795],[112.1492633,-7.1045599],[112.1486579,-7.1047549],[112.1485166,-7.1048043],[112.1481207,-7.1049375],[112.148,-7.1049727],[112.1475494,-7.1052332],[112.1473014,-7.1053788],[112.1471943,-7.1054622],[112.1471272,-7.1054918],[112.1470532,-7.1055187],[112.1470099,-7.1055415],[112.1469721,-7.1055684],[112.146934,-7.1055947],[112.1468401,-7.1056597],[112.146768,-7.1057129],[112.1466566,-7.1057967],[112.1465669,-7.1058973],[112.1463791,-7.106163],[112.1462306,-7.1067254],[112.1475221,-7.1073976],[112.1477049,-7.1074927],[112.1500051,-7.1086753],[112.1513253,-7.109118],[112.1522003,-7.1094194]]]]}}]}