{"type":"FeatureCollection","name":"batas_administrasi_wgs84","crs":{"type":"name","properties":{"name":"urn:ogc:def:crs:OGC:1.3:CRS84"}},"features":[{"type":"Feature","properties":{},"geometry":{"type":"MultiPolygon","coordinates":[[[[111.25,-7.125],[111.25,-7.25],[111.375,-7.25],[111.4516111,-7.25],[111.4516343,-7.2503259],[111.4515471,-7.2519647],[111.4514134,-7.252926],[111.4512082,-7.2541815],[111.4509538,-7.2560988],[111.4508272,-7.2576325],[111.4509574,-7.2596772],[111.4516004,-7.261977],[111.4516025,-7.2640218],[111.451604,-7.2655554],[111.4516063,-7.2679675],[111.4518969,-7.2698052],[111.4516777,-7.2726621],[111.4514316,-7.274134],[111.4505889,-7.275375],[111.4495678,-7.2758853],[111.4480799,-7.2759532],[111.4473245,-7.2755997],[111.4466151,-7.2745065],[111.4458447,-7.2729736],[111.445652,-7.2720272],[111.4449837,-7.2699684],[111.4441746,-7.2687578],[111.4436612,-7.2679915],[111.4423829,-7.2674464],[111.4416665,-7.2673318],[111.4405342,-7.2675987],[111.4393132,-7.268087],[111.4385145,-7.268885],[111.4379823,-7.2697049],[111.437983,-7.2704578],[111.4379839,-7.2713436],[111.4381845,-7.2720742],[111.438874,-7.2735272],[111.4398301,-7.2747],[111.4408747,-7.2755405],[111.4428525,-7.2768451],[111.4441835,-7.2778318],[111.4443854,-7.2786519],[111.4441865,-7.2796044],[111.4436735,-7.2805161],[111.4431666,-7.2814212],[111.4427781,-7.2821784],[111.4422804,-7.2836725],[111.4420598,-7.2851785],[111.4423281,-7.286972],[111.4422408,-7.2885293],[111.4419309,-7.2895926],[111.4415318,-7.2902352],[111.4408881,-7.2906787],[111.440482,-7.2911002],[111.4395977,-7.2916038],[111.4385608,-7.2922523],[111.4375557,-7.2928902],[111.4367353,-7.2942197],[111.4362922,-7.2953938],[111.435911,-7.2969115],[111.435135,-7.2982852],[111.4344255,-7.2994817],[111.4340928,-7.2999471],[111.4334668,-7.3006716],[111.4324905,-7.3016469],[111.4317783,-7.3023552],[111.4305382,-7.3038854],[111.4292956,-7.3049939],[111.4279635,-7.305593],[111.4267835,-7.3059384],[111.4250229,-7.3068094],[111.4242907,-7.3074966],[111.4235145,-7.3088039],[111.4235603,-7.3101768],[111.4243166,-7.3114605],[111.4257634,-7.3125747],[111.4308735,-7.3143635],[111.4328402,-7.3149226],[111.437689,-7.3153187],[111.4409476,-7.3155569],[111.441662,-7.3153148],[111.4425586,-7.3148027],[111.443968,-7.3144179],[111.4460177,-7.3135213],[111.4470252,-7.3134274],[111.4476694,-7.3135375],[111.4481583,-7.3138027],[111.4487806,-7.314245],[111.4498474,-7.3149526],[111.4510252,-7.3156157],[111.4520921,-7.3163676],[111.4536256,-7.3173847],[111.4552829,-7.3187059],[111.456617,-7.3201883],[111.4576401,-7.3215602],[111.4579521,-7.3225785],[111.4577535,-7.3238631],[111.457399,-7.3245593],[111.456711,-7.3251137],[111.4557344,-7.325779],[111.454802,-7.326245],[111.4534703,-7.3271985],[111.4521576,-7.328095],[111.4508925,-7.3290485],[111.4500272,-7.3298909],[111.449295,-7.3306445],[111.4486904,-7.3316319],[111.4481363,-7.3328061],[111.4476489,-7.3341131],[111.4472051,-7.3350561],[111.4464949,-7.3356105],[111.446229,-7.3362308],[111.4461632,-7.3370502],[111.446297,-7.3376037],[111.4466976,-7.3384669],[111.4482977,-7.3393068],[111.4501645,-7.3403015],[111.4510087,-7.3405],[111.4519416,-7.3405433],[111.4545624,-7.3403414],[111.4562503,-7.3401846],[111.4576777,-7.3403688],[111.45963,-7.3406788],[111.4608212,-7.3411074],[111.4616883,-7.3419038],[111.4627115,-7.3433421],[111.4628236,-7.3443828],[111.462736,-7.3455344],[111.4617817,-7.3463769],[111.4606269,-7.3465774],[111.4590275,-7.3464019],[111.4571996,-7.3454099],[111.4561734,-7.3446442],[111.4550772,-7.3439918],[111.4536086,-7.343241],[111.4523886,-7.3429758],[111.4509449,-7.3430216],[111.449679,-7.3431778],[111.4485243,-7.3435112],[111.447503,-7.3439772],[111.4465263,-7.344554],[111.4455273,-7.3451307],[111.4441959,-7.3463721],[111.4432792,-7.3474265],[111.4423916,-7.348291],[111.4420592,-7.3490664],[111.4417713,-7.3499746],[111.4417502,-7.3510597],[111.4422114,-7.3532208],[111.4431256,-7.3560945],[111.4435052,-7.358781],[111.4437139,-7.3601525],[111.4449252,-7.3610988],[111.446169,-7.3609848],[111.4469414,-7.3607022],[111.4475057,-7.3595179],[111.4481318,-7.3582121],[111.4489597,-7.3567645],[111.4495241,-7.3558244],[111.4502583,-7.3549781],[111.4515798,-7.3540636],[111.4531809,-7.3531788],[111.4548009,-7.3523504],[111.4560068,-7.352011],[111.4568924,-7.351841],[111.4578161,-7.3520467],[111.4598994,-7.3534587],[111.4609263,-7.3548634],[111.4613118,-7.3558854],[111.4619543,-7.3574184],[111.4619559,-7.358952],[111.4619568,-7.3598466],[111.4617621,-7.3606073],[111.4608053,-7.3618926],[111.4601651,-7.3625323],[111.4588853,-7.3644506],[111.4581169,-7.3650904],[111.4568362,-7.3661141],[111.4560684,-7.3672651],[111.456069,-7.3679041],[111.456326,-7.3685429],[111.4569674,-7.3690534],[111.4581215,-7.3695634],[111.4594033,-7.3695621],[111.4615826,-7.3698155],[111.462352,-7.3701981],[111.4628651,-7.370581],[111.4632503,-7.3712196],[111.4633795,-7.372114],[111.4633806,-7.3732642],[111.4633817,-7.3742866],[111.4629981,-7.3751816],[111.4628715,-7.3767154],[111.4624884,-7.3781216],[111.4600518,-7.3769739],[111.4590259,-7.3764638],[111.458128,-7.3758257],[111.4574863,-7.3750595],[111.4569731,-7.3745488],[111.4560749,-7.3736552],[111.4549204,-7.3727617],[111.4532526,-7.3713576],[111.4524833,-7.3711028],[111.4510727,-7.3704652],[111.4494063,-7.3703391],[111.4462012,-7.3697033],[111.4433805,-7.3689393],[111.4408166,-7.3685584],[111.4381241,-7.3677942],[111.4367137,-7.3672844],[111.4330255,-7.3652092],[111.432384,-7.3645708],[111.4316142,-7.3638047],[111.4307163,-7.3630388],[111.4298179,-7.3618894],[111.4290476,-7.3606122],[111.4287901,-7.3593344],[111.4286607,-7.3580565],[111.4286592,-7.3565229],[111.4285295,-7.3549894],[111.4282718,-7.3535838],[111.4277581,-7.3524341],[111.4276289,-7.3514118],[111.4268587,-7.3501345],[111.4258321,-7.3488575],[111.4242929,-7.3477087],[111.4216001,-7.3464332],[111.4201895,-7.3456678],[111.4186514,-7.3456692],[111.4171134,-7.3456706],[111.4146782,-7.3456729],[111.4122429,-7.3456751],[111.4101923,-7.3458048],[111.4076288,-7.3456793],[111.4059622,-7.3452974],[111.4046801,-7.3449152],[111.4035262,-7.3445328],[111.4023725,-7.3442783],[111.400706,-7.3440241],[111.3999371,-7.3441526],[111.3989119,-7.3442813],[111.396477,-7.3446669],[111.3950674,-7.3450516],[111.3937857,-7.3450527],[111.392504,-7.3450538],[111.3908375,-7.3447997],[111.3895554,-7.3442896],[111.3853249,-7.3432708],[111.3832735,-7.3425057],[111.3813507,-7.3422518],[111.3784026,-7.3419987],[111.3763513,-7.3413614],[111.3739157,-7.34098],[111.3719929,-7.3405982],[111.3713517,-7.3402153],[111.370454,-7.339577],[111.3699408,-7.3389384],[111.3694275,-7.338172],[111.3691702,-7.337022],[111.3690411,-7.3358719],[111.3690401,-7.3347217],[111.3675341,-7.3331437],[111.3658552,-7.3325308],[111.3657056,-7.3323108],[111.3654753,-7.3320791],[111.3651528,-7.3317548],[111.3648069,-7.3315577],[111.3642417,-7.3313487],[111.3633878,-7.3311276],[111.3627341,-7.330876],[111.3626034,-7.3308258],[111.3621422,-7.3306053],[111.3613347,-7.3303034],[111.3607464,-7.3300712],[111.3602729,-7.3301283],[111.3598799,-7.3303359],[111.3594635,-7.3306592],[111.3590586,-7.330994],[111.35855,-7.3312477],[111.3579374,-7.3315243],[111.3573137,-7.3316506],[111.35669,-7.3317538],[111.3560778,-7.3318338],[111.355154,-7.3319019],[111.354288,-7.3319584],[111.3536758,-7.3320963],[111.3533052,-7.3323741],[111.3531318,-7.3327079],[111.353051,-7.3328345],[111.3528665,-7.3330417],[111.3526015,-7.3332144],[111.3524401,-7.3333641],[111.3523249,-7.3334332],[111.35183,-7.3335139],[111.3516111,-7.3336635],[111.3511156,-7.3340205],[111.3508272,-7.3343888],[111.3506427,-7.3345385],[111.3501937,-7.3346997],[111.3496756,-7.334884],[111.3492038,-7.3349877],[111.3488585,-7.3350339],[111.3483062,-7.3350915],[111.348033,-7.3354174],[111.3475975,-7.3357979],[111.3470531,-7.3362328],[111.3473382,-7.3350921],[111.3471065,-7.3348343],[111.3463983,-7.3347941],[111.3456085,-7.3349441],[111.3451729,-7.3351345],[111.3449006,-7.3352162],[111.344805,-7.3348633],[111.3453896,-7.3336001],[111.3455654,-7.3329296],[111.3458507,-7.3319925],[111.3460957,-7.3318158],[111.346436,-7.3317205],[111.3470218,-7.3319509],[111.3474165,-7.3317333],[111.3477703,-7.3313122],[111.3480015,-7.330959],[111.3481105,-7.3305307],[111.3481102,-7.3300827],[111.3475242,-7.3295943],[111.3473607,-7.3294723],[111.3471427,-7.3293095],[111.3468975,-7.3291739],[111.3467612,-7.3290111],[111.3466249,-7.3289433],[111.3465023,-7.3288891],[111.3464069,-7.3287941],[111.3463116,-7.3287535],[111.3461889,-7.3286585],[111.3460935,-7.3285092],[111.3458892,-7.3284958],[111.3457256,-7.3282923],[111.3453493,-7.3282206],[111.3451657,-7.3278771],[111.3452608,-7.3276055],[111.3459143,-7.3274556],[111.3464723,-7.3269528],[111.3465399,-7.3263011],[111.34609,-7.3256768],[111.3461987,-7.3253916],[111.3466611,-7.3247176],[111.3463875,-7.3243314],[111.3464824,-7.3238018],[111.3468224,-7.3231363],[111.3468765,-7.3227289],[111.3465631,-7.3224712],[111.3461136,-7.3222407],[111.3455413,-7.321861],[111.3450507,-7.3214133],[111.3446144,-7.3206804],[111.344546,-7.3203003],[111.3447202,-7.3191652],[111.3445295,-7.3190024],[111.3441889,-7.318894],[111.3435623,-7.3185687],[111.343222,-7.3188269],[111.3428682,-7.3191259],[111.3424325,-7.3193027],[111.3419285,-7.3190994],[111.3414789,-7.318706],[111.3413016,-7.3183939],[111.3409164,-7.3182435],[111.340467,-7.3182439],[111.3400594,-7.3181739],[111.3399205,-7.3183356],[111.3399773,-7.3190453],[111.3393781,-7.3189779],[111.3389832,-7.3189238],[111.3387381,-7.3189648],[111.3383074,-7.319427],[111.3372179,-7.3194142],[111.3366596,-7.3193468],[111.3361013,-7.3194015],[111.33602,-7.3199718],[111.3356798,-7.3202979],[111.3354344,-7.3199179],[111.3352838,-7.3189133],[111.3353109,-7.3186553],[111.334698,-7.3185336],[111.334303,-7.3184795],[111.3339899,-7.318602],[111.3338675,-7.318765],[111.3337182,-7.3193897],[111.3337867,-7.3199735],[111.3341272,-7.3200818],[111.3343179,-7.3200817],[111.3344949,-7.3201087],[111.3346583,-7.3201357],[111.3348084,-7.3204615],[111.3345771,-7.3207604],[111.3340325,-7.3208558],[111.3335422,-7.3208833],[111.3331472,-7.320775],[111.3327793,-7.3204901],[111.3324929,-7.3198386],[111.3324925,-7.3193634],[111.3324515,-7.3191598],[111.3324722,-7.3190065],[111.3324151,-7.3187519],[111.3325092,-7.3180697],[111.3326601,-7.3177345],[111.3327991,-7.3175381],[111.3330085,-7.3173264],[111.3327905,-7.3171636],[111.332314,-7.3173812],[111.3320281,-7.3174765],[111.331647,-7.3176261],[111.3314017,-7.3174362],[111.3311564,-7.3172192],[111.3311154,-7.3170563],[111.3309767,-7.3168182],[111.3308967,-7.3164826],[111.3308871,-7.3159346],[111.3304374,-7.3154597],[111.3300694,-7.3150255],[111.3298788,-7.3150936],[111.3294663,-7.3160062],[111.3290043,-7.3160749],[111.3286235,-7.316028],[111.3284359,-7.315855],[111.3282044,-7.3158687],[111.3278504,-7.3159912],[111.3273468,-7.3163717],[111.3266526,-7.3168067],[111.3261077,-7.3165491],[111.3259305,-7.3163184],[111.3259984,-7.3160061],[111.3268287,-7.3154624],[111.3267196,-7.3152859],[111.325557,-7.3155599],[111.3252847,-7.3151313],[111.3250528,-7.3145476],[111.3251339,-7.3137193],[111.3249704,-7.3135837],[111.3243576,-7.313652],[111.3239349,-7.3132441],[111.3239349,-7.3129706],[111.3239348,-7.3127834],[111.3238529,-7.3124847],[111.3236756,-7.3121047],[111.3234032,-7.3119962],[111.3230492,-7.3120915],[111.3224774,-7.3122956],[111.3221777,-7.3121872],[111.321987,-7.312038],[111.3218254,-7.3119339],[111.3216735,-7.3116445],[111.3217371,-7.3107919],[111.3218592,-7.310113],[111.3222945,-7.309393],[111.3216135,-7.3092306],[111.3213137,-7.3089593],[111.3200884,-7.3093131],[111.3195573,-7.3093135],[111.3191078,-7.3091102],[111.3187808,-7.3088524],[111.3184402,-7.3086083],[111.3182082,-7.3079839],[111.3177179,-7.307862],[111.3172548,-7.307713],[111.3169877,-7.307427],[111.3169331,-7.3071042],[111.3170009,-7.306724],[111.317123,-7.3060993],[111.3169186,-7.3058686],[111.3163408,-7.3058364],[111.3160056,-7.3059863],[111.3158323,-7.3060669],[111.315544,-7.3059393],[111.3156383,-7.3054486],[111.3153655,-7.3048786],[111.3147935,-7.3047024],[111.3144395,-7.3047434],[111.3143035,-7.3051101],[111.3146681,-7.3053249],[111.3147484,-7.3055332],[111.3147128,-7.3059264],[111.3146663,-7.3060535],[111.3143197,-7.3061224],[111.3142736,-7.3061223],[111.3137888,-7.3060637],[111.3133733,-7.3060399],[111.3128655,-7.3059466],[111.3122426,-7.3057605],[111.3120119,-7.3056676],[111.3118627,-7.3053088],[111.3112051,-7.3051227],[111.3108466,-7.3053882],[111.3108112,-7.3056888],[111.3107763,-7.3058044],[111.3106835,-7.3059546],[111.3105446,-7.3061163],[111.3104289,-7.3062087],[111.3103479,-7.3062895],[111.3101399,-7.3063701],[111.3098629,-7.3063466],[111.3096208,-7.3061842],[111.3092752,-7.3058945],[111.3090568,-7.3055125],[111.3087575,-7.305165],[111.3087392,-7.3045166],[111.3087041,-7.304182],[111.3087414,-7.3037634],[111.3084876,-7.3034792],[111.3081015,-7.303329],[111.3081126,-7.3030174],[111.308182,-7.3029943],[111.3083435,-7.3026941],[111.3086772,-7.3025626],[111.3085162,-7.3021286],[111.3082499,-7.3019097],[111.3080184,-7.3017831],[111.3075355,-7.3015837],[111.3071233,-7.3014259],[111.3067425,-7.3007309],[111.3063303,-7.3004152],[111.3061087,-7.3008262],[111.306364,-7.3014273],[111.3063184,-7.3019465],[111.3060463,-7.3023115],[111.3056662,-7.3026594],[111.3053812,-7.3030388],[111.3050644,-7.3031655],[111.304874,-7.3029444],[111.3052539,-7.3021857],[111.3049366,-7.301775],[111.3046996,-7.3022945],[111.304561,-7.3023985],[111.3042492,-7.3027911],[111.303983,-7.3026414],[111.3036692,-7.3022499],[111.3034471,-7.3019973],[111.3031374,-7.3016617],[111.3032639,-7.3011193],[111.3034023,-7.3008884],[111.3038264,-7.3003537],[111.3040797,-7.3001007],[111.3037626,-7.2997533],[111.3033821,-7.2995955],[111.3029701,-7.299659],[111.3030339,-7.3001962],[111.3027429,-7.3007853],[111.3025812,-7.3009124],[111.3021997,-7.3010859],[111.301608,-7.3007028],[111.3010693,-7.3009876],[111.3007844,-7.3014618],[111.3006395,-7.3019298],[111.3005701,-7.301953],[111.3000957,-7.3018035],[111.2999283,-7.3009251],[111.2995481,-7.3010834],[111.2992314,-7.3015892],[111.2988828,-7.3015895],[111.2984526,-7.3012631],[111.2977925,-7.3006524],[111.2975722,-7.3002834],[111.2974101,-7.3001336],[111.2968217,-7.3001371],[111.2968538,-7.3007691],[111.2967093,-7.3010705],[111.2964558,-7.3011971],[111.2962341,-7.3013869],[111.2958853,-7.3015544],[111.2955053,-7.3016402],[111.2954099,-7.3012294],[111.2956646,-7.3008047],[111.295594,-7.2999626],[111.2942049,-7.3003137],[111.2936395,-7.300057],[111.2936393,-7.2998724],[111.2937201,-7.299757],[111.2940439,-7.299722],[111.2944486,-7.2996524],[111.2946682,-7.2995367],[111.29483,-7.2994789],[111.2950379,-7.299271],[111.2950724,-7.299121],[111.2944258,-7.2988283],[111.2937601,-7.2986391],[111.2933159,-7.2979125],[111.293062,-7.2973122],[111.2930933,-7.296775],[111.2934959,-7.2964461],[111.2934023,-7.2956155],[111.292962,-7.2950622],[111.2926958,-7.2948779],[111.292476,-7.294832],[111.2922793,-7.294763],[111.2918511,-7.2945558],[111.2913648,-7.2942218],[111.2912488,-7.293945],[111.2907393,-7.2934841],[111.2897791,-7.2932659],[111.2893742,-7.2932202],[111.2890036,-7.2928861],[111.2889571,-7.2926669],[111.2888754,-7.2921248],[111.2886087,-7.2915943],[111.2883235,-7.2912895],[111.2873094,-7.2914166],[111.2867704,-7.2912273],[111.2868968,-7.2906584],[111.2874038,-7.2904369],[111.2878791,-7.2902153],[111.2870232,-7.2900263],[111.286611,-7.2897105],[111.2865469,-7.2892199],[111.2859451,-7.2891421],[111.2860618,-7.2897627],[111.2854257,-7.2897634],[111.2848677,-7.289522],[111.2845109,-7.2889337],[111.2843256,-7.2887378],[111.2842909,-7.2887494],[111.2836204,-7.2889693],[111.2832852,-7.2891312],[111.2827066,-7.2888549],[111.2821978,-7.2889247],[111.2819517,-7.2893026],[111.2814131,-7.2895242],[111.28154,-7.2898717],[111.2814135,-7.2902194],[111.2812234,-7.2903143],[111.2809507,-7.2904835],[111.2806213,-7.2904727],[111.2803992,-7.2901252],[111.2806951,-7.2895839],[111.2806716,-7.2892724],[111.2803588,-7.2889382],[111.2798844,-7.2887772],[111.2795953,-7.2887429],[111.2796068,-7.2887313],[111.2793204,-7.2881665],[111.2790667,-7.2878823],[111.2786003,-7.2885363],[111.2778625,-7.2882622],[111.2772288,-7.2884206],[111.2775902,-7.2889218],[111.2772735,-7.2892381],[111.2768296,-7.2890487],[111.2756574,-7.2897447],[111.2752454,-7.2898081],[111.2745188,-7.2894289],[111.2742529,-7.2895446],[111.2737557,-7.2896194],[111.2727732,-7.2897148],[111.2724366,-7.2891427],[111.2719807,-7.2893993],[111.2710301,-7.2898107],[111.2704593,-7.2894909],[111.269857,-7.2892109],[111.2694644,-7.2892958],[111.2689697,-7.2894327],[111.2684944,-7.2895594],[111.2679873,-7.2895597],[111.2676702,-7.2893071],[111.2675555,-7.2889171],[111.2674857,-7.288571],[111.2671033,-7.2880061],[111.2667818,-7.2876642],[111.2664015,-7.2876329],[111.2660529,-7.2877911],[111.2654826,-7.2880126],[111.2649752,-7.2875705],[111.2643412,-7.2873181],[111.2638974,-7.2871603],[111.2632953,-7.2874451],[111.262693,-7.2872242],[111.2621519,-7.2870075],[111.2616777,-7.2869618],[111.2614698,-7.2872159],[111.2608226,-7.2875973],[111.260314,-7.2878401],[111.2599904,-7.288025],[111.2596203,-7.2880254],[111.2592844,-7.2876335],[111.2590284,-7.2880737],[111.2586798,-7.2881687],[111.2583946,-7.2881689],[111.2579825,-7.2881375],[111.257507,-7.2880429],[111.257095,-7.28798],[111.2561122,-7.2875697],[111.2551615,-7.2876966],[111.2548445,-7.2875704],[111.2550027,-7.2871279],[111.2545905,-7.2868437],[111.2546329,-7.2859192],[111.2540509,-7.2854535],[111.2541774,-7.2848846],[111.2538919,-7.2844423],[111.25367,-7.2844108],[111.2532584,-7.2850431],[111.2526192,-7.2849059],[111.2521565,-7.2848372],[111.2517397,-7.2844684],[111.2515196,-7.2841802],[111.2511144,-7.2838691],[111.2505322,-7.2841281],[111.2498985,-7.2844445],[111.2487255,-7.2838131],[111.2485672,-7.2841924],[111.2487261,-7.2849824],[111.2488217,-7.285804],[111.2483148,-7.2862467],[111.2475541,-7.2861523],[111.2474904,-7.2855519],[111.2468881,-7.285331],[111.2460008,-7.2856792],[111.2455253,-7.2855214],[111.2450499,-7.2854585],[111.2446378,-7.2853955],[111.2438876,-7.2852608],[111.2435518,-7.2850073],[111.2434937,-7.2847304],[111.243366,-7.2843268],[111.2433658,-7.2841652],[111.243203,-7.2834616],[111.243064,-7.2833118],[111.2426473,-7.2830469],[111.2422767,-7.2825627],[111.2417209,-7.2820786],[111.2414427,-7.2815482],[111.241685,-7.2810403],[111.2417768,-7.2804519],[111.2414408,-7.2799907],[111.2413473,-7.2791832],[111.241509,-7.2789754],[111.2417163,-7.2782829],[111.2415105,-7.278105],[111.2411617,-7.277884],[111.2409715,-7.2777892],[111.2404329,-7.2781056],[111.2394181,-7.2770316],[111.2396714,-7.276589],[111.2398297,-7.2761781],[111.2398296,-7.2759569],[111.2399668,-7.2757003],[111.2395735,-7.2756315],[111.2392844,-7.2756549],[111.2386883,-7.2753887],[111.2382127,-7.2750413],[111.2378637,-7.274283],[111.2380331,-7.2737986],[111.237884,-7.2732159],[111.2373452,-7.2732162],[111.2371547,-7.2725843],[111.236616,-7.2726793],[111.2363081,-7.2723581],[111.2362381,-7.271839],[111.2359813,-7.2710995],[111.2356958,-7.2706889],[111.2352519,-7.2702151],[111.234618,-7.270089],[111.2343006,-7.2692359],[111.2340155,-7.2695204],[111.233309,-7.269246],[111.2323038,-7.2688893],[111.2322718,-7.2684152],[111.2317013,-7.2681943],[111.2310041,-7.2683211],[111.2309088,-7.2678155],[111.2304966,-7.2674997],[111.2304334,-7.2678157],[111.2301483,-7.2681319],[111.2301046,-7.2685684],[111.2298386,-7.2685456],[111.2296302,-7.2683612],[111.2290627,-7.2677041],[111.2287272,-7.2676237],[111.2285879,-7.2671854],[111.2282635,-7.2667242],[111.2282402,-7.2665397],[111.2280431,-7.2661245],[111.2277188,-7.2657325],[111.2275221,-7.265652],[111.2273482,-7.2652945],[111.2274633,-7.2647867],[111.2272432,-7.2644985],[111.2270926,-7.2643025],[111.2268263,-7.2640144],[111.2265368,-7.2637377],[111.2262473,-7.2634265],[111.2259232,-7.2632192],[111.2256801,-7.2629425],[111.2254023,-7.2627928],[111.2252859,-7.2627058],[111.2251708,-7.2626199],[111.2250781,-7.2624354],[111.2246843,-7.2619974],[111.2245222,-7.2617783],[111.2241633,-7.2614441],[111.2238967,-7.2609483],[111.2236995,-7.260487],[111.2235834,-7.2600833],[111.2235252,-7.2597141],[111.223409,-7.2592758],[111.2233857,-7.2591605],[111.2235122,-7.2585027],[111.223477,-7.2581105],[111.2234653,-7.2579952],[111.2235807,-7.2577874],[111.2237771,-7.2576026],[111.2239389,-7.2574525],[111.2241006,-7.2573139],[111.2241467,-7.2571869],[111.2242618,-7.2567022],[111.2239147,-7.2565526],[111.2235791,-7.256426],[111.2233823,-7.2562301],[111.2233588,-7.2559186],[111.2233235,-7.255411],[111.2229992,-7.2549959],[111.2229288,-7.2548759],[111.2232367,-7.2547234],[111.2234891,-7.2545157],[111.2237921,-7.2541553],[111.224433,-7.2533112],[111.2254106,-7.2522421],[111.2256424,-7.2519267],[111.2261026,-7.2514561],[111.2266429,-7.2512149],[111.2267076,-7.2511189],[111.226946,-7.2508705],[111.2270127,-7.2508148],[111.2273579,-7.2505896],[111.2277862,-7.2502647],[111.2280374,-7.2499893],[111.2284451,-7.2495478],[111.2286665,-7.2492676],[111.2288831,-7.2490143],[111.229415,-7.2485927],[111.2302822,-7.2483796],[111.2303379,-7.2483456],[111.2312457,-7.2478312],[111.232051,-7.2473476],[111.2327733,-7.2468367],[111.2332645,-7.2462178],[111.2337089,-7.2455385],[111.2341027,-7.2444605],[111.2345372,-7.2437064],[111.2351195,-7.2431513],[111.2359818,-7.2424304],[111.2361716,-7.2424024],[111.2363443,-7.2423156],[111.2364042,-7.2422439],[111.2367102,-7.2418774],[111.2369093,-7.2416313],[111.237183,-7.2414281],[111.2372771,-7.2413702],[111.2374995,-7.2412332],[111.2380264,-7.2409212],[111.2387254,-7.2402882],[111.2389858,-7.2400587],[111.2391971,-7.2399368],[111.2395633,-7.2399075],[111.239705,-7.2398962],[111.2398734,-7.2398424],[111.2401232,-7.2395868],[111.2401546,-7.2395369],[111.2404287,-7.2396854],[111.240518,-7.2397259],[111.2406803,-7.239619],[111.2408489,-7.239466],[111.2409388,-7.2394375],[111.241108,-7.2395762],[111.2412423,-7.2397223],[111.2414917,-7.2398137],[111.2416643,-7.2398331],[111.2417888,-7.2397532],[111.24192,-7.2394842],[111.2420127,-7.2392579],[111.2420906,-7.2391731],[111.2421838,-7.2391762],[111.2423449,-7.2395847],[111.2424021,-7.239526],[111.2424583,-7.2394081],[111.2427221,-7.2391934],[111.2429435,-7.2390279],[111.2431949,-7.2387966],[111.2432335,-7.2387145],[111.2431729,-7.2383114],[111.2431357,-7.2377283],[111.2430846,-7.2368489],[111.2430453,-7.2365739],[111.2429089,-7.2363733],[111.2428693,-7.2363366],[111.2428027,-7.2362693],[111.2426633,-7.2360915],[111.2422951,-7.2355237],[111.2422316,-7.2354087],[111.2420152,-7.2350164],[111.2420926,-7.2346786],[111.2421735,-7.2344461],[111.24263,-7.2331712],[111.2424921,-7.2326421],[111.2423637,-7.232418],[111.2422699,-7.2321518],[111.2423902,-7.2320629],[111.242197,-7.2319567],[111.2420922,-7.2317605],[111.2420684,-7.2315796],[111.2420707,-7.231548],[111.2416711,-7.2300049],[111.241586,-7.2297386],[111.2412228,-7.2292943],[111.241017,-7.2290593],[111.2409847,-7.2290319],[111.2408706,-7.2286654],[111.2407187,-7.228272],[111.240446,-7.2279119],[111.2403187,-7.2277451],[111.240136,-7.2272782],[111.2399212,-7.2267844],[111.2398606,-7.2266485],[111.2396538,-7.226417],[111.2396286,-7.2263259],[111.23955,-7.2259435],[111.2394597,-7.2257137],[111.2394537,-7.2254927],[111.2396962,-7.2248464],[111.2397784,-7.2246353],[111.2397732,-7.2240544],[111.2396991,-7.2237268],[111.2396406,-7.2235985],[111.2396471,-7.2235938],[111.2397568,-7.2232907],[111.2397912,-7.2230174],[111.2398088,-7.222839],[111.2398105,-7.222702],[111.239792,-7.2225341],[111.2398689,-7.2222012],[111.2401504,-7.2218313],[111.2403022,-7.2216312],[111.2403774,-7.2215484],[111.2404194,-7.2214758],[111.240472,-7.2213851],[111.2405257,-7.2212924],[111.2405278,-7.2212887],[111.2406572,-7.2211],[111.2407359,-7.2210059],[111.2408395,-7.2208822],[111.2409344,-7.2207984],[111.2411544,-7.2206043],[111.2411936,-7.2205773],[111.2411692,-7.2201697],[111.2411638,-7.2200316],[111.2411618,-7.2199803],[111.2412784,-7.219726],[111.2412806,-7.2194671],[111.2412666,-7.2192545],[111.2412449,-7.2187102],[111.2413392,-7.2180852],[111.2413305,-7.2178264],[111.2413426,-7.2176933],[111.241359,-7.2175907],[111.2413597,-7.2174357],[111.2413912,-7.2172144],[111.2416361,-7.2167361],[111.2416468,-7.2166665],[111.2416489,-7.2165164],[111.2417093,-7.2160407],[111.2418944,-7.2157305],[111.2419031,-7.2156658],[111.2419305,-7.2155485],[111.2419821,-7.2153406],[111.2420171,-7.2149619],[111.2419794,-7.214899],[111.2419679,-7.214801],[111.2418308,-7.2142902],[111.2419101,-7.2142473],[111.2422015,-7.2140001],[111.2424805,-7.2138315],[111.2425863,-7.2138584],[111.2426674,-7.2137403],[111.242689,-7.2136366],[111.2425159,-7.2135922],[111.2426906,-7.2133404],[111.2426944,-7.2130037],[111.2426849,-7.2124429],[111.2426536,-7.2120862],[111.2426001,-7.2117221],[111.2425038,-7.2110684],[111.2424767,-7.2103906],[111.2424755,-7.2098646],[111.2423693,-7.2096903],[111.2425342,-7.209457],[111.2427545,-7.2090746],[111.2429371,-7.2088222],[111.2430303,-7.2083697],[111.2432573,-7.2078509],[111.2432247,-7.2076402],[111.2433545,-7.2073322],[111.2433704,-7.2068622],[111.2432079,-7.2064895],[111.2432401,-7.2061167],[111.2432786,-7.2053144],[111.2433682,-7.2045749],[111.2433145,-7.2036705],[111.2433,-7.2029755],[111.2433563,-7.2020578],[111.2434889,-7.2010299],[111.2436619,-7.2003196],[111.2438777,-7.1994569],[111.244062,-7.1984579],[111.2443951,-7.197409],[111.2445168,-7.1971346],[111.2447061,-7.196648],[111.2448182,-7.1962535],[111.2448672,-7.1958611],[111.2448935,-7.1956525],[111.2450722,-7.1950169],[111.2452893,-7.1944878],[111.2454173,-7.1941078],[111.2457986,-7.1926883],[111.2458019,-7.1924741],[111.2458064,-7.1921703],[111.2458075,-7.1921],[111.2460265,-7.1910488],[111.2460221,-7.1909818],[111.2459706,-7.1908958],[111.2458585,-7.1898734],[111.2457458,-7.1889637],[111.2454519,-7.1882963],[111.2452849,-7.1877266],[111.2451107,-7.1869225],[111.2451836,-7.1866134],[111.2453748,-7.1856037],[111.2455408,-7.1852281],[111.2457721,-7.1846338],[111.245793,-7.1844287],[111.2458941,-7.1840415],[111.2460634,-7.183612],[111.2462444,-7.1831921],[111.2462625,-7.1831242],[111.2463694,-7.1827236],[111.2465805,-7.1818981],[111.2466107,-7.1817875],[111.2466831,-7.181544],[111.247009,-7.1809413],[111.2473199,-7.1800863],[111.247767,-7.1790565],[111.2485254,-7.1780264],[111.249206,-7.177113],[111.2491616,-7.1767769],[111.249031,-7.1763651],[111.248868,-7.1757158],[111.2487049,-7.174796],[111.24862,-7.1743012],[111.248374,-7.1733698],[111.2482264,-7.1729286],[111.2479066,-7.1719972],[111.2474645,-7.1717523],[111.2473585,-7.1717632],[111.2472814,-7.1717814],[111.2472592,-7.1717866],[111.2471285,-7.1718123],[111.2470212,-7.1718334],[111.2469427,-7.1718249],[111.2469422,-7.1718249],[111.2468809,-7.1718183],[111.2468483,-7.1718148],[111.2468389,-7.1718094],[111.2464567,-7.1715907],[111.246294,-7.1714478],[111.2462271,-7.1713126],[111.2462246,-7.1707134],[111.246218,-7.1705162],[111.2461527,-7.1703751],[111.2459403,-7.1701633],[111.2451634,-7.169948],[111.2449642,-7.1698822],[111.2444727,-7.1694755],[111.2443191,-7.1693435],[111.2443096,-7.1693425],[111.2437835,-7.1692913],[111.2434667,-7.1693193],[111.2431413,-7.16936],[111.2430944,-7.1693606],[111.2429399,-7.1692817],[111.242759,-7.1684323],[111.2427211,-7.1680768],[111.2427003,-7.1676645],[111.2426941,-7.1673847],[111.2426157,-7.1670986],[111.2424358,-7.1668055],[111.2420468,-7.1663671],[111.2417381,-7.1661011],[111.2414367,-7.1659149],[111.2415296,-7.1651996],[111.2415102,-7.1645362],[111.2415022,-7.1638472],[111.2415402,-7.1631998],[111.2416455,-7.1625179],[111.2416698,-7.1619778],[111.2416412,-7.1613837],[111.2414064,-7.1606742],[111.2412651,-7.1600856],[111.2410062,-7.1588759],[111.2409753,-7.1581002],[111.2409238,-7.1574196],[111.2409227,-7.1568744],[111.2408011,-7.156172],[111.2406419,-7.1553398],[111.2406118,-7.1544513],[111.2406189,-7.1535547],[111.2406811,-7.1527804],[111.2408243,-7.1518214],[111.240864,-7.1509483],[111.2409206,-7.1500368],[111.2410258,-7.1490917],[111.2409856,-7.1482538],[111.240869,-7.1473945],[111.2407439,-7.1465214],[111.2405242,-7.1463653],[111.2403929,-7.1462286],[111.2403428,-7.1460351],[111.2403441,-7.1458169],[111.2403683,-7.145737],[111.2403819,-7.1456917],[111.2405178,-7.1455736],[111.2406852,-7.1454736],[111.240765,-7.1453696],[111.2407064,-7.1451602],[111.2406675,-7.14491],[111.2407322,-7.144681],[111.2408009,-7.1445078],[111.2407977,-7.1443069],[111.2407509,-7.1440596],[111.2407687,-7.1438656],[111.2409047,-7.1435676],[111.240981,-7.1434191],[111.240987,-7.1433099],[111.2409052,-7.1431747],[111.2407489,-7.1430266],[111.2407037,-7.142868],[111.2404526,-7.142493],[111.2402617,-7.1421794],[111.2401947,-7.1412638],[111.2402186,-7.1409703],[111.2403392,-7.1405894],[111.2404103,-7.1404074],[111.2404105,-7.1403041],[111.2402359,-7.1400541],[111.240077,-7.1398709],[111.2400498,-7.1397554],[111.2399005,-7.1391213],[111.2398942,-7.1390141],[111.2399736,-7.138978],[111.2401892,-7.1389731],[111.2403101,-7.138933],[111.240412,-7.1388288],[111.2404686,-7.1386599],[111.2404626,-7.1385231],[111.2403349,-7.1383645],[111.2398115,-7.1380814],[111.2397636,-7.1380559],[111.239685,-7.1380953],[111.2393156,-7.1381738],[111.2389427,-7.1382672],[111.2387097,-7.138304],[111.238596,-7.1382524],[111.2383656,-7.1381083],[111.2381222,-7.1379988],[111.2379428,-7.1378931],[111.237651,-7.1372202],[111.2373909,-7.1366372],[111.2372252,-7.1360623],[111.2370384,-7.1354382],[111.2368648,-7.1344773],[111.2367074,-7.1335645],[111.2364443,-7.1331211],[111.2362602,-7.1328982],[111.2359345,-7.1326622],[111.23557,-7.1324428],[111.2346986,-7.1313627],[111.2345939,-7.1308665],[111.2345582,-7.1300418],[111.2344575,-7.1295139],[111.2341151,-7.1289161],[111.233714,-7.1284026],[111.2335726,-7.1282025],[111.2334356,-7.1277015],[111.2333408,-7.1272398],[111.2332496,-7.1272022],[111.2331629,-7.127149],[111.2331281,-7.1271276],[111.2331248,-7.1271255],[111.2329871,-7.1270411],[111.232693,-7.1267686],[111.2326262,-7.1267067],[111.2324397,-7.1263992],[111.2323999,-7.1263337],[111.2321309,-7.1258902],[111.2320328,-7.1257286],[111.2319755,-7.1256342],[111.2318949,-7.1254558],[111.2318281,-7.1253081],[111.2317037,-7.1250331],[111.2316968,-7.1250112],[111.2316934,-7.1250005],[111.2316932,-7.125],[111.25,-7.125]]],[[[111.4857351,-7.251155],[111.4860402,-7.2525402],[111.4866631,-7.2536025],[111.4875747,-7.2545759],[111.4892002,-7.2560077],[111.490531,-7.2571415],[111.4910672,-7.2587681],[111.4902918,-7.2604298],[111.4888044,-7.2609629],[111.487583,-7.260942],[111.4863831,-7.2603011],[111.4855607,-7.2595934],[111.4848493,-7.2588634],[111.4837821,-7.257713],[111.4828928,-7.2567395],[111.4818479,-7.2557441],[111.4809585,-7.25466],[111.4800994,-7.2535892],[111.4792017,-7.2529512],[111.4784086,-7.2520795],[111.4772536,-7.2519036],[111.4756774,-7.2523703],[111.4747012,-7.2532571],[111.4737698,-7.254476],[111.4730159,-7.2556062],[111.4723001,-7.257169],[111.4714804,-7.2591186],[111.4701222,-7.2612144],[111.4690408,-7.2621921],[111.4687245,-7.2624781],[111.4665932,-7.2631668],[111.4650608,-7.2631019],[111.4634617,-7.2629264],[111.4616402,-7.2624189],[111.4597606,-7.2616855],[111.4577831,-7.2606467],[111.4567382,-7.2594962],[111.4557154,-7.2583014],[111.4553334,-7.2571844],[111.4553323,-7.2561436],[111.4554383,-7.2554553],[111.4556856,-7.2541502],[111.4562167,-7.2525658],[111.4565252,-7.2502403],[111.4564879,-7.25],[111.4857338,-7.25],[111.4857351,-7.251155]]]]}},{"type":"Feature","properties":{},"geometry":{"type":"MultiPolygon","coordinates":[[[[111.625,-7.25],[111.625,-7.375],[111.75,-7.375],[111.75,-7.4585037],[111.7490158,-7.4570226],[111.7485275,-7.4567184],[111.7480468,-7.4563093],[111.7475662,-7.4559125],[111.7467727,-7.4553627],[111.7467346,-7.4553532],[111.7462921,-7.4549851],[111.7458572,-7.4547662],[111.7452392,-7.4545369],[111.7446746,-7.4543928],[111.7442398,-7.4543557],[111.7436066,-7.4542889],[111.7426834,-7.4541101],[111.7422028,-7.4539174],[111.7421799,-7.4538888],[111.7413559,-7.4534859],[111.7409668,-7.453133],[111.7404403,-7.4527015],[111.7397995,-7.4522204],[111.7373123,-7.4509038],[111.7365341,-7.4506821],[111.7359772,-7.4505443],[111.7356949,-7.4504838],[111.7356879,-7.4504823],[111.7352371,-7.450386],[111.7344665,-7.4500946],[111.733612,-7.4498448],[111.731781,-7.449583],[111.7314453,-7.449542],[111.7305603,-7.4494456],[111.7296981,-7.449346],[111.7291641,-7.449345],[111.7287674,-7.4492978],[111.7283478,-7.4492382],[111.7276993,-7.4490442],[111.7271805,-7.4488487],[111.7267074,-7.4486365],[111.7261123,-7.4483113],[111.7254333,-7.4478177],[111.7253723,-7.4477481],[111.7248993,-7.4473991],[111.7243271,-7.4469175],[111.7236099,-7.4464144],[111.722763,-7.4460024],[111.7223587,-7.4458246],[111.7216949,-7.445538],[111.7209701,-7.4452748],[111.7209676,-7.4452726],[111.7205887,-7.4449467],[111.7201156,-7.4446873],[111.7194443,-7.4444231],[111.718811,-7.4440851],[111.7177734,-7.4436941],[111.7167053,-7.4432139],[111.7161865,-7.4428911],[111.7157135,-7.4424939],[111.7154465,-7.4420313],[111.7151947,-7.4415812],[111.7148819,-7.4411029],[111.7145843,-7.4407109],[111.7141571,-7.4402084],[111.7137222,-7.4396867],[111.7133865,-7.4391674],[111.713356,-7.4391741],[111.7128753,-7.4386434],[111.7123794,-7.4381322],[111.7118072,-7.4375863],[111.7111816,-7.4369902],[111.7108612,-7.4366459],[111.7103271,-7.4362211],[111.7096481,-7.4358072],[111.7088241,-7.4353184],[111.7086193,-7.435125],[111.7086181,-7.4351239],[111.708374,-7.4349885],[111.707634,-7.4344634],[111.7070389,-7.4340839],[111.7062454,-7.433588],[111.705513,-7.4330792],[111.7048874,-7.4325465],[111.7041473,-7.4319901],[111.7032623,-7.4313678],[111.7019653,-7.4303035],[111.7013931,-7.4299173],[111.7006988,-7.4294781],[111.6999054,-7.4288835],[111.6995315,-7.4285588],[111.6989898,-7.4280767],[111.698555,-7.4276923],[111.6979522,-7.4271979],[111.6976013,-7.4269399],[111.6970672,-7.4265436],[111.6965027,-7.4261064],[111.6958084,-7.4255905],[111.695198,-7.4251565],[111.6946945,-7.4247827],[111.6939545,-7.4242801],[111.692696,-7.4234035],[111.6926956,-7.4234032],[111.6914825,-7.4226059],[111.6901703,-7.4214239],[111.688919,-7.4203877],[111.68824,-7.4197282],[111.6874084,-7.4189748],[111.6867218,-7.4183378],[111.6858139,-7.4177446],[111.6845398,-7.4166159],[111.6829147,-7.4157271],[111.6823196,-7.4153313],[111.681694,-7.4149885],[111.6808853,-7.4145936],[111.6801834,-7.4142851],[111.6792755,-7.4136791],[111.6778717,-7.4128322],[111.6778694,-7.4128307],[111.6773071,-7.4124555],[111.676445,-7.4119348],[111.6761169,-7.4118108],[111.6752319,-7.4114179],[111.674057,-7.4109101],[111.6736062,-7.4106614],[111.6732177,-7.4104471],[111.6723556,-7.410089],[111.6712189,-7.4095425],[111.6691437,-7.408266],[111.6689605,-7.4081459],[111.6685257,-7.407896],[111.6677017,-7.4074258],[111.6670303,-7.4071078],[111.6663284,-7.4067511],[111.6657028,-7.4062452],[111.6654587,-7.4060363],[111.665184,-7.4057984],[111.6647339,-7.4054665],[111.6639022,-7.4046654],[111.6632309,-7.404251],[111.6622696,-7.4036998],[111.6609726,-7.4028968],[111.6600952,-7.4025101],[111.6591034,-7.4020261],[111.6574249,-7.4009528],[111.6562042,-7.4006047],[111.6547089,-7.3991279],[111.6539764,-7.3989267],[111.6539691,-7.3989247],[111.6518173,-7.3983468],[111.6511154,-7.3981084],[111.6502533,-7.39783],[111.6493988,-7.3974752],[111.6482772,-7.3969607],[111.6465988,-7.3962759],[111.6447601,-7.395338],[111.6442261,-7.3950848],[111.6436386,-7.3949408],[111.6429748,-7.3947181],[111.6420974,-7.3945131],[111.6413803,-7.3942556],[111.6409607,-7.3940877],[111.6404571,-7.393618],[111.6399307,-7.3933009],[111.6392288,-7.3930277],[111.6385422,-7.3926968],[111.6376343,-7.3921699],[111.6371841,-7.3919577],[111.6365585,-7.3917183],[111.6358337,-7.3914418],[111.635025,-7.3911824],[111.6340942,-7.3908982],[111.6335068,-7.3907318],[111.6326446,-7.3904471],[111.6318817,-7.3901691],[111.6318805,-7.3901686],[111.6310882,-7.3898825],[111.630722,-7.3897395],[111.6299667,-7.3892178],[111.6289596,-7.3885841],[111.6281131,-7.3879956],[111.6281103,-7.3879936],[111.6278393,-7.3878052],[111.6278382,-7.3878045],[111.6274719,-7.3875498],[111.6268692,-7.3868551],[111.6256332,-7.3850936],[111.625,-7.3839855],[111.6248093,-7.3837509],[111.624588,-7.3834118],[111.6241913,-7.3829789],[111.6238784,-7.3826231],[111.6235199,-7.3822288],[111.623352,-7.3821702],[111.6231079,-7.3821172],[111.6227646,-7.3820857],[111.6224823,-7.3820705],[111.622139,-7.3819656],[111.6217804,-7.3819465],[111.6213531,-7.3818602],[111.6208648,-7.3816843],[111.6206054,-7.3815164],[111.6203766,-7.3814191],[111.6200027,-7.3811898],[111.619606,-7.3809638],[111.6191635,-7.3807883],[111.618721,-7.3804984],[111.6184005,-7.3803172],[111.6177063,-7.379755],[111.6176681,-7.3797264],[111.6173324,-7.379507],[111.6168594,-7.3794078],[111.6162796,-7.3793997],[111.6158142,-7.3785962],[111.6154938,-7.378015],[111.6152725,-7.3775487],[111.6149673,-7.3768782],[111.6146927,-7.3763832],[111.6143875,-7.3758015],[111.6142579,-7.3750009],[111.6142578,-7.3750004],[111.6143341,-7.3748979],[111.6144714,-7.3746294],[111.614685,-7.3739523],[111.6147842,-7.3734984],[111.6149215,-7.3726496],[111.6149978,-7.3725686],[111.6152496,-7.3723416],[111.6153259,-7.3721919],[111.615303,-7.3720016],[111.6151733,-7.3717217],[111.6149597,-7.3713645],[111.6148529,-7.3712601],[111.6146088,-7.3710684],[111.6145782,-7.3710503],[111.6145401,-7.371036],[111.6139984,-7.3709349],[111.6140136,-7.3707275],[111.6139603,-7.3704195],[111.6137854,-7.3698076],[111.6137848,-7.3698053],[111.6136627,-7.369852],[111.613121,-7.3700985],[111.6127243,-7.370377],[111.6125336,-7.3705945],[111.6122207,-7.3708038],[111.6120071,-7.3708562],[111.6114807,-7.3707342],[111.6112518,-7.3706274],[111.6111755,-7.3705615],[111.6111145,-7.3705091],[111.6110153,-7.3703713],[111.6109085,-7.3702325],[111.6107178,-7.3699746],[111.6106186,-7.3696932],[111.6105423,-7.369059],[111.6105194,-7.3686051],[111.6104507,-7.3683481],[111.6102752,-7.3680562],[111.6100921,-7.3678426],[111.6098785,-7.36769],[111.6096649,-7.3675885],[111.609024,-7.3673548],[111.6084366,-7.3672251],[111.6080093,-7.3671436],[111.6076049,-7.3669519],[111.6072693,-7.3667659],[111.6069717,-7.3665094],[111.606575,-7.3659329],[111.6063766,-7.3655052],[111.6062545,-7.3649025],[111.6062088,-7.3646407],[111.6061172,-7.3644757],[111.6059723,-7.3643402],[111.6052704,-7.3638868],[111.6049347,-7.3636183],[111.6046753,-7.3634677],[111.6033783,-7.3634252],[111.603157,-7.3634352],[111.60302,-7.3634357],[111.6030197,-7.3634357],[111.6029739,-7.3634271],[111.6022567,-7.363069],[111.6018676,-7.3627576],[111.60083,-7.3616809],[111.6005935,-7.361443],[111.6004867,-7.3613758],[111.6002502,-7.3613281],[111.5996094,-7.3612265],[111.5988693,-7.3610973],[111.5988388,-7.3610892],[111.5983505,-7.3609295],[111.5983276,-7.3609175],[111.5979995,-7.3606853],[111.5979233,-7.3606076],[111.5977859,-7.3602805],[111.5977325,-7.3601579],[111.5975799,-7.3597846],[111.597557,-7.3597283],[111.5973739,-7.3594822],[111.5973434,-7.3594574],[111.5970154,-7.3592538],[111.5969925,-7.3592395],[111.5967407,-7.3591413],[111.5967025,-7.3591265],[111.5966644,-7.3591022],[111.5966034,-7.3590736],[111.5963516,-7.3589754],[111.5962448,-7.3589358],[111.5958862,-7.3588152],[111.5953979,-7.3586559],[111.5952225,-7.3586373],[111.594841,-7.3586277],[111.5947189,-7.3586831],[111.5942993,-7.3589854],[111.5940323,-7.3592233],[111.5939636,-7.359231],[111.5939102,-7.3592395],[111.5934982,-7.3592653],[111.5930557,-7.3592429],[111.5929718,-7.3592204],[111.5927276,-7.3591084],[111.5926056,-7.3589963],[111.5925445,-7.3589253],[111.5924453,-7.3587045],[111.5923767,-7.3585071],[111.5922088,-7.3580284],[111.5920257,-7.3574705],[111.591835,-7.3571977],[111.5916671,-7.3570661],[111.5910415,-7.3567462],[111.591011,-7.356739],[111.5904159,-7.3565139],[111.5902176,-7.3564214],[111.5894241,-7.3560795],[111.5890427,-7.3558931],[111.5887909,-7.3557815],[111.5884475,-7.3556308],[111.5884246,-7.3556256],[111.5882492,-7.3555374],[111.5882034,-7.3555159],[111.5878067,-7.3553452],[111.5874252,-7.3551726],[111.5870208,-7.3549695],[111.5866775,-7.3548355],[111.5865783,-7.3547964],[111.5863418,-7.3546872],[111.5862045,-7.3546271],[111.5860214,-7.3545055],[111.5858306,-7.3544235],[111.5856857,-7.3543543],[111.5852279,-7.3541164],[111.5847549,-7.3538537],[111.5845642,-7.3537177],[111.5842743,-7.3535203],[111.5834885,-7.3529343],[111.5833359,-7.3529176],[111.5829162,-7.3529734],[111.5826263,-7.3531274],[111.5823516,-7.3533325],[111.582077,-7.3535647],[111.5818863,-7.353784],[111.5817413,-7.3540487],[111.5816269,-7.3544669],[111.5816116,-7.3546981],[111.5814209,-7.3547539],[111.5811767,-7.3548574],[111.5810699,-7.3548874],[111.5808639,-7.354916],[111.5805893,-7.3548769],[111.5801392,-7.3547067],[111.5800171,-7.3546342],[111.5794678,-7.35429],[111.5793381,-7.3541202],[111.5792618,-7.3539128],[111.5790405,-7.3532829],[111.578804,-7.3526759],[111.5786285,-7.3524804],[111.5781708,-7.3520746],[111.5774765,-7.3514575],[111.5773468,-7.3512816],[111.5772323,-7.3510084],[111.577034,-7.3505196],[111.5769119,-7.3504404],[111.5768432,-7.3504219],[111.5765533,-7.3503971],[111.5765152,-7.3503923],[111.5763244,-7.3503336],[111.5762634,-7.3502936],[111.5760193,-7.3501772],[111.5758438,-7.3500452],[111.5757522,-7.349945],[111.5756302,-7.3497919],[111.5753937,-7.3493733],[111.5751342,-7.3489289],[111.5750351,-7.3487191],[111.5749283,-7.3485813],[111.574913,-7.3485622],[111.5745392,-7.3488559],[111.5743027,-7.3489804],[111.5742263,-7.3490386],[111.573967,-7.3492417],[111.5736694,-7.3494949],[111.5735397,-7.3496017],[111.5726471,-7.350141],[111.5725937,-7.3502884],[111.572464,-7.3506531],[111.5723114,-7.3511934],[111.572258,-7.3514094],[111.5721435,-7.3517189],[111.5720215,-7.3519368],[111.5719528,-7.3520217],[111.5717544,-7.3521881],[111.5715942,-7.3522868],[111.5713196,-7.352437],[111.5709838,-7.3525834],[111.5708313,-7.3526473],[111.5705414,-7.3527889],[111.5705185,-7.3528065],[111.5702438,-7.353053],[111.5701828,-7.3531165],[111.569931,-7.3534212],[111.5698929,-7.3534989],[111.5698395,-7.3536243],[111.5696945,-7.3539772],[111.5694885,-7.3543352],[111.5694656,-7.3543581],[111.5692596,-7.3545098],[111.5689697,-7.354649],[111.568779,-7.3547425],[111.5684738,-7.354897],[111.5675583,-7.3553033],[111.567276,-7.3553175],[111.5671387,-7.355308],[111.5671921,-7.3557944],[111.5671844,-7.3558258],[111.5671463,-7.3561496],[111.5671234,-7.3563489],[111.5671692,-7.3564739],[111.5671997,-7.3568415],[111.5671158,-7.3575663],[111.567131,-7.3576602],[111.567131,-7.35784],[111.5670471,-7.3581976],[111.5670318,-7.3582625],[111.5668716,-7.3587808],[111.5666504,-7.3595657],[111.5664749,-7.3599505],[111.5663452,-7.3598122],[111.5659942,-7.3595166],[111.565834,-7.3593716],[111.5656433,-7.3592157],[111.5652313,-7.3589491],[111.5651627,-7.3589081],[111.5648956,-7.3587479],[111.5645828,-7.3584632],[111.5644302,-7.3583364],[111.5640182,-7.3580045],[111.5639496,-7.3579511],[111.5636673,-7.3577752],[111.5634231,-7.3576822],[111.5631714,-7.3576016],[111.5628433,-7.357551],[111.5628128,-7.3575501],[111.5625229,-7.3575849],[111.5624084,-7.3576207],[111.5620651,-7.3578081],[111.5619278,-7.3578963],[111.5617142,-7.3580351],[111.5615616,-7.3581495],[111.561264,-7.3583512],[111.5612793,-7.3586931],[111.5612182,-7.3592085],[111.5611343,-7.3594498],[111.5608902,-7.3598375],[111.5608139,-7.3599638],[111.5608101,-7.3599599],[111.560234,-7.3593587],[111.5601959,-7.3593983],[111.5600891,-7.3594889],[111.560028,-7.3595271],[111.559845,-7.3596115],[111.5596313,-7.3596787],[111.5595169,-7.3597083],[111.5593567,-7.3597784],[111.5593262,-7.3597893],[111.5592194,-7.3598298],[111.5590668,-7.3599066],[111.5590057,-7.3599371],[111.5588074,-7.3600001],[111.5587463,-7.3600134],[111.5585174,-7.3600564],[111.5581512,-7.3601889],[111.5581207,-7.3602447],[111.5578918,-7.360033],[111.5578155,-7.3599791],[111.5575638,-7.3598542],[111.5573959,-7.3597993],[111.5569839,-7.3595972],[111.5569229,-7.3595509],[111.5565033,-7.3593134],[111.556282,-7.3591475],[111.5561218,-7.359013],[111.5559158,-7.3588848],[111.5557632,-7.35886],[111.5554504,-7.3588266],[111.5554046,-7.3588142],[111.5553207,-7.3588476],[111.555252,-7.359013],[111.5552215,-7.3590541],[111.5551834,-7.359065],[111.5550919,-7.3590092],[111.5549927,-7.3589057],[111.5548324,-7.3588566],[111.5546685,-7.3588939],[111.5546646,-7.3588948],[111.5546341,-7.3589706],[111.5545296,-7.3591002],[111.5545273,-7.3591031],[111.5545073,-7.3591114],[111.5544739,-7.3591251],[111.5543594,-7.3589983],[111.5543429,-7.3589659],[111.5542297,-7.3587431],[111.5541382,-7.3586544],[111.5540274,-7.3586387],[111.5539398,-7.3586263],[111.5538247,-7.358641],[111.5537338,-7.3586526],[111.5536948,-7.3586788],[111.5536346,-7.3587193],[111.5536297,-7.3587321],[111.553626,-7.3587416],[111.553566,-7.3588976],[111.5535507,-7.3591094],[111.5535126,-7.3592076],[111.5532379,-7.3596553],[111.5531464,-7.3597412],[111.5531082,-7.3597631],[111.5528946,-7.3597888],[111.5528488,-7.3597855],[111.5526962,-7.3597979],[111.5524521,-7.3599395],[111.5523453,-7.3600144],[111.5522842,-7.3600411],[111.551979,-7.3600587],[111.5519485,-7.3600573],[111.5518494,-7.3600812],[111.5516891,-7.3601999],[111.5503845,-7.3607339],[111.5502624,-7.3608608],[111.5499572,-7.3611917],[111.5498275,-7.3614325],[111.5494537,-7.3629541],[111.5494079,-7.3632221],[111.5493545,-7.3639841],[111.5493622,-7.3641571],[111.5493011,-7.3646049],[111.5491867,-7.3652291],[111.5491867,-7.3653206],[111.5491333,-7.3655881],[111.5488739,-7.3662948],[111.5487366,-7.3664469],[111.5486145,-7.3665676],[111.5484161,-7.3668332],[111.5482864,-7.3670554],[111.547966,-7.3675675],[111.5477447,-7.3679203],[111.5477295,-7.3679423],[111.5474548,-7.3683533],[111.5472183,-7.3687324],[111.5469742,-7.369091],[111.546875,-7.3692159],[111.5466308,-7.3693065],[111.5465622,-7.3693456],[111.5463867,-7.3694243],[111.5462799,-7.3694667],[111.5461731,-7.3695192],[111.5461197,-7.3695392],[111.5460739,-7.3695587],[111.5460129,-7.3695912],[111.5459518,-7.369656],[111.5458603,-7.3697423],[111.5453949,-7.3699803],[111.5451126,-7.3701481],[111.5450515,-7.3701763],[111.5450287,-7.3701849],[111.5448837,-7.3702335],[111.544754,-7.3702745],[111.5446548,-7.3703069],[111.5443191,-7.3703274],[111.5433578,-7.3705816],[111.5433121,-7.3705935],[111.5429382,-7.3707003],[111.5427246,-7.370779],[111.5426025,-7.3708124],[111.5409317,-7.3696594],[111.5402984,-7.3693795],[111.5398483,-7.3693018],[111.539032,-7.3692622],[111.5384292,-7.3691668],[111.5381393,-7.3691916],[111.5377807,-7.3692726],[111.5376968,-7.3693003],[111.5374985,-7.3693494],[111.5371399,-7.3694701],[111.5369644,-7.3695502],[111.5369415,-7.3695659],[111.5368347,-7.3696732],[111.5366211,-7.3699088],[111.5364532,-7.3699974],[111.5362472,-7.3700032],[111.5361633,-7.370006],[111.536026,-7.3699917],[111.5357589,-7.3699154],[111.5357132,-7.369863],[111.5355377,-7.3697585],[111.5345154,-7.3699545],[111.5342712,-7.3700404],[111.5337677,-7.3704461],[111.5335998,-7.3705382],[111.5335159,-7.3705821],[111.5333099,-7.3706908],[111.532875,-7.3708343],[111.5326156,-7.3708958],[111.5323028,-7.3709173],[111.532135,-7.3709321],[111.5315246,-7.3708486],[111.5310898,-7.37079],[111.5307388,-7.3707704],[111.5305939,-7.3707866],[111.5304184,-7.3708448],[111.5300751,-7.3710303],[111.5297928,-7.3712601],[111.5295868,-7.3714022],[111.5295562,-7.3714346],[111.5295028,-7.3714995],[111.5294647,-7.3715219],[111.528511,-7.3719983],[111.5281601,-7.3721494],[111.5278549,-7.372189],[111.5275879,-7.372168],[111.5272674,-7.3721003],[111.5269546,-7.3719873],[111.5266876,-7.3718075],[111.5263061,-7.3715352],[111.526268,-7.3715152],[111.5262298,-7.3715047],[111.5260544,-7.3714647],[111.5258408,-7.371447],[111.5255432,-7.3714833],[111.5254059,-7.3715023],[111.5252685,-7.3715214],[111.5249481,-7.3715872],[111.5246582,-7.3716511],[111.524147,-7.371684],[111.5238495,-7.3716072],[111.5235443,-7.3715129],[111.5234298,-7.3714013],[111.5233459,-7.3713297],[111.5231399,-7.3711094],[111.5227696,-7.3706319],[111.5227661,-7.3706274],[111.5224075,-7.370202],[111.5223312,-7.370131],[111.522232,-7.3700447],[111.5222091,-7.3700251],[111.5221405,-7.3699197],[111.5221176,-7.3698925],[111.5219498,-7.3696379],[111.5218124,-7.3691425],[111.5217972,-7.3691139],[111.5217361,-7.3689021],[111.5215988,-7.3684859],[111.5215912,-7.3684582],[111.5215225,-7.3684058],[111.5213775,-7.3682513],[111.5211334,-7.3679719],[111.52108,-7.3679218],[111.5210342,-7.3678607],[111.5209656,-7.3677687],[111.5207901,-7.3675675],[111.5206909,-7.3674626],[111.520607,-7.3673644],[111.5205154,-7.3672647],[111.5204849,-7.3672347],[111.5203857,-7.3671436],[111.5203018,-7.3670544],[111.5201263,-7.3668737],[111.5200653,-7.3668055],[111.5197982,-7.3664889],[111.5196686,-7.3663549],[111.5194854,-7.3661966],[111.5194015,-7.366115],[111.5192184,-7.3659725],[111.5191345,-7.3659281],[111.5189896,-7.3658666],[111.518959,-7.3658585],[111.5189209,-7.3658394],[111.5185852,-7.3656687],[111.518486,-7.3656139],[111.5180053,-7.365344],[111.5179596,-7.3653016],[111.5177688,-7.3651761],[111.5174408,-7.3649315],[111.5161514,-7.3640551],[111.515625,-7.3638653],[111.5153351,-7.3637151],[111.5151748,-7.3636202],[111.5149765,-7.3635368],[111.5147934,-7.3634791],[111.5145416,-7.3633708],[111.5143814,-7.363275],[111.5142212,-7.3631911],[111.5140457,-7.3631019],[111.5135422,-7.3628964],[111.5130463,-7.3627681],[111.5122146,-7.362647],[111.5121612,-7.3626522],[111.5120544,-7.3626522],[111.5118484,-7.3626527],[111.511734,-7.3626532],[111.5111389,-7.3626184],[111.5110779,-7.3626065],[111.5108566,-7.3625621],[111.5106888,-7.3625278],[111.5105133,-7.3624777],[111.5090942,-7.3622136],[111.5087662,-7.3621659],[111.5082855,-7.3621025],[111.5082168,-7.3620858],[111.5074081,-7.3618974],[111.5070343,-7.3618106],[111.506607,-7.3617663],[111.5065002,-7.3617587],[111.5061493,-7.3617348],[111.5059433,-7.361741],[111.5058212,-7.3617467],[111.5051651,-7.3617763],[111.5049896,-7.3618497],[111.5047531,-7.3619747],[111.5045623,-7.3621191],[111.5043564,-7.3622613],[111.5042572,-7.3623266],[111.5039749,-7.3624644],[111.5036087,-7.3625798],[111.5033722,-7.362636],[111.5031356,-7.3626918],[111.5030595,-7.3627071],[111.5030594,-7.3627071],[111.5029297,-7.3627429],[111.5027694,-7.362813],[111.5026932,-7.3628439],[111.5024109,-7.3629589],[111.5022812,-7.3629603],[111.5010833,-7.3634104],[111.5003738,-7.363955],[111.5001907,-7.3639078],[111.5000305,-7.3638854],[111.5,-7.3638825],[111.4996109,-7.3638463],[111.4995422,-7.3638286],[111.4991684,-7.3637399],[111.4990692,-7.3637175],[111.498764,-7.3636813],[111.4987259,-7.3636798],[111.498558,-7.3639674],[111.4984894,-7.3640885],[111.4980926,-7.364469],[111.4980904,-7.3644686],[111.4976654,-7.3643999],[111.4974594,-7.3643722],[111.4974213,-7.3643641],[111.4973755,-7.364376],[111.4972992,-7.3644051],[111.4969558,-7.3644495],[111.4969558,-7.3642788],[111.4969558,-7.3642139],[111.4969864,-7.3639083],[111.4969787,-7.3636107],[111.4969177,-7.3633699],[111.4969101,-7.3633379],[111.4968567,-7.3629799],[111.496849,-7.3627748],[111.4968185,-7.3624496],[111.4967804,-7.3623314],[111.4966049,-7.3616275],[111.4965668,-7.3616175],[111.4964828,-7.3615422],[111.4963913,-7.3613205],[111.4962921,-7.3611841],[111.4961624,-7.3611245],[111.4957809,-7.3610572],[111.4955749,-7.3610153],[111.49543,-7.3610238],[111.494957,-7.36097],[111.4945984,-7.3609977],[111.4943237,-7.3611202],[111.4942779,-7.3611374],[111.4941177,-7.3611631],[111.4939194,-7.3611278],[111.4935684,-7.3610735],[111.4932632,-7.3611097],[111.4931869,-7.3610892],[111.4930496,-7.3608932],[111.4928894,-7.3606743],[111.4928055,-7.3606867],[111.492775,-7.360691],[111.492691,-7.3607316],[111.4925308,-7.3607864],[111.4924392,-7.3608031],[111.4923553,-7.3608121],[111.4921341,-7.3608202],[111.4919433,-7.3608441],[111.4914627,-7.3608379],[111.4913788,-7.3608174],[111.4911651,-7.3607955],[111.4909668,-7.3607497],[111.4902038,-7.3605132],[111.4894943,-7.3603935],[111.489418,-7.3603339],[111.4893188,-7.3603034],[111.4888992,-7.3602504],[111.4883041,-7.3602004],[111.488266,-7.3601894],[111.4880676,-7.3600597],[111.4878998,-7.3599772],[111.4875717,-7.3598737],[111.4874496,-7.3594927],[111.4873276,-7.3593397],[111.487236,-7.3592786],[111.4871979,-7.3592662],[111.4870834,-7.3592824],[111.4868393,-7.3594069],[111.4865875,-7.35954],[111.4865341,-7.3595352],[111.4865036,-7.359519],[111.4863891,-7.3593907],[111.48629,-7.3591947],[111.4861374,-7.3588862],[111.4860153,-7.3587899],[111.485878,-7.3587622],[111.4858398,-7.3587846],[111.4855575,-7.3589129],[111.4853286,-7.3589095],[111.4853134,-7.3588161],[111.4853363,-7.3587775],[111.4853897,-7.358716],[111.4855652,-7.3585066],[111.4855652,-7.3584733],[111.4854889,-7.3583569],[111.4853439,-7.358241],[111.4853058,-7.358222],[111.4851532,-7.3581771],[111.4849319,-7.3581771],[111.4847488,-7.358222],[111.4844894,-7.3583765],[111.4844436,-7.3584203],[111.4843903,-7.3585624],[111.4843979,-7.3586158],[111.4844131,-7.3586769],[111.4844284,-7.358879],[111.4843597,-7.3589277],[111.48423,-7.3589253],[111.483963,-7.3588447],[111.4838867,-7.3587679],[111.4837418,-7.3586268],[111.4836502,-7.3586463],[111.4835357,-7.3587546],[111.4831085,-7.3592343],[111.4829864,-7.3592219],[111.4827423,-7.359189],[111.4825897,-7.3592624],[111.4824219,-7.3593082],[111.4823303,-7.3592634],[111.4822006,-7.3591108],[111.4821396,-7.3590426],[111.4821014,-7.3590369],[111.4819946,-7.3590788],[111.4816971,-7.35924],[111.4815903,-7.3591632],[111.4813843,-7.3590469],[111.4811707,-7.3590517],[111.4810181,-7.3590197],[111.4810333,-7.3589644],[111.4810715,-7.3587946],[111.4809723,-7.3586888],[111.4807434,-7.3585195],[111.4805984,-7.3584866],[111.480484,-7.3584856],[111.4796448,-7.3584275],[111.4795914,-7.3584404],[111.479126,-7.3585386],[111.4789429,-7.3584694],[111.4788208,-7.3585119],[111.4786453,-7.3586802],[111.4784775,-7.3587894],[111.4781418,-7.3587789],[111.4780121,-7.3586836],[111.4778518,-7.358601],[111.4777222,-7.358613],[111.4775085,-7.3586216],[111.4773636,-7.3585338],[111.477211,-7.3584747],[111.477066,-7.3585033],[111.4770203,-7.3585691],[111.4770508,-7.3586945],[111.4771957,-7.3589148],[111.4774856,-7.3593311],[111.4775162,-7.3594951],[111.4774627,-7.3595194],[111.4773407,-7.3594384],[111.4771957,-7.3593535],[111.4771805,-7.3594293],[111.4771271,-7.3596019],[111.4770126,-7.3596358],[111.4769287,-7.3595862],[111.4767837,-7.3595032],[111.4766464,-7.3596496],[111.4765701,-7.359683],[111.4765015,-7.3596382],[111.4763107,-7.3594169],[111.4761276,-7.3594331],[111.4759369,-7.3595042],[111.4757919,-7.3596143],[111.4757156,-7.3596353],[111.4756851,-7.3595767],[111.4756165,-7.3594441],[111.4754944,-7.3594455],[111.4753265,-7.3594202],[111.4751816,-7.3593025],[111.4750366,-7.3591184],[111.4751053,-7.3590955],[111.475235,-7.3590388],[111.4752426,-7.3589658],[111.4751892,-7.3588881],[111.4750824,-7.3588562],[111.474823,-7.3587899],[111.4748993,-7.3587293],[111.4750366,-7.3585977],[111.4749756,-7.3585062],[111.4748382,-7.3584284],[111.474739,-7.3584337],[111.4746933,-7.3585152],[111.4746093,-7.3586206],[111.4742737,-7.3587331],[111.4740448,-7.3584771],[111.4739075,-7.3584337],[111.4739151,-7.3583755],[111.4740219,-7.358304],[111.4741211,-7.3581938],[111.4741363,-7.3580713],[111.4741211,-7.3577141],[111.4740295,-7.3575506],[111.4739151,-7.3574356],[111.4737549,-7.3573823],[111.4734878,-7.3573823],[111.4733505,-7.3574352],[111.4731445,-7.3574981],[111.4730682,-7.3573899],[111.4729767,-7.3573303],[111.4728928,-7.3573617],[111.4728165,-7.3574648],[111.4726867,-7.3576211],[111.4725799,-7.3576378],[111.4724045,-7.3575611],[111.4720917,-7.3574147],[111.471962,-7.3574657],[111.4717865,-7.3576245],[111.4715118,-7.3578476],[111.471199,-7.3580079],[111.4711075,-7.3579721],[111.471077,-7.357902],[111.4710159,-7.3577323],[111.4709015,-7.3576927],[111.4708971,-7.3576945],[111.4707565,-7.3577537],[111.4703217,-7.3580465],[111.4703674,-7.3581009],[111.4705429,-7.358179],[111.4707184,-7.3582997],[111.470726,-7.3583712],[111.470665,-7.3584847],[111.4705276,-7.3585624],[111.469078,-7.3590836],[111.4687195,-7.3590879],[111.4686508,-7.3591914],[111.4686508,-7.3593068],[111.4686355,-7.3594756],[111.4684982,-7.3597497],[111.4684143,-7.3598475],[111.4683227,-7.3598389],[111.4682083,-7.3598608],[111.4680557,-7.3599815],[111.4679336,-7.3601098],[111.4679305,-7.3601108],[111.4678116,-7.3601489],[111.4674454,-7.360239],[111.4673004,-7.3601903],[111.4671783,-7.360188],[111.46698,-7.3601975],[111.4668121,-7.3600377],[111.466629,-7.3599267],[111.4665298,-7.359941],[111.4664993,-7.3599891],[111.4664459,-7.3601713],[111.4664764,-7.3604016],[111.4665451,-7.3605451],[111.466568,-7.3605685],[111.4667511,-7.3606734],[111.4670181,-7.3606867],[111.4673843,-7.3607215],[111.467514,-7.3607936],[111.4676666,-7.360989],[111.4676666,-7.3611116],[111.467598,-7.3612952],[111.4673691,-7.3617253],[111.4672088,-7.3618593],[111.4670639,-7.3618888],[111.4669418,-7.3618474],[111.4665451,-7.3615889],[111.4659805,-7.361267],[111.4658279,-7.3612685],[111.4655685,-7.3613553],[111.4653168,-7.3614993],[111.4652633,-7.3616228],[111.4652633,-7.361783],[111.4653091,-7.3622603],[111.4652481,-7.3623232],[111.4650879,-7.3623466],[111.4647674,-7.3624362],[111.4645538,-7.3626003],[111.4643326,-7.3628745],[111.4641113,-7.3633227],[111.4639969,-7.3633031],[111.4638977,-7.3632111],[111.4638214,-7.3630371],[111.463768,-7.3627376],[111.463768,-7.3624353],[111.4637527,-7.3623371],[111.4636917,-7.3622541],[111.4636459,-7.3622546],[111.4634552,-7.3622565],[111.4630203,-7.3623104],[111.4629288,-7.3624186],[111.4628906,-7.3625645],[111.4627838,-7.3629508],[111.4626846,-7.363029],[111.4625778,-7.3630209],[111.462471,-7.3629536],[111.4624329,-7.362864],[111.4623184,-7.3625459],[111.4619522,-7.3620243],[111.4618321,-7.3614239],[111.4617621,-7.3606073],[111.4619568,-7.3598466],[111.4619559,-7.358952],[111.4619543,-7.3574184],[111.4613118,-7.3558854],[111.4609263,-7.3548634],[111.4598994,-7.3534587],[111.4578161,-7.3520467],[111.4568924,-7.351841],[111.4560068,-7.352011],[111.4548009,-7.3523504],[111.4531809,-7.3531788],[111.4515798,-7.3540636],[111.4502583,-7.3549781],[111.4495241,-7.3558244],[111.4489597,-7.3567645],[111.4481318,-7.3582121],[111.4475057,-7.3595179],[111.4469414,-7.3607022],[111.446169,-7.3609848],[111.4449252,-7.3610988],[111.4437139,-7.3601525],[111.4435052,-7.358781],[111.4431256,-7.3560945],[111.4422114,-7.3532208],[111.4417502,-7.3510597],[111.4417713,-7.3499746],[111.4420592,-7.3490664],[111.4423916,-7.348291],[111.4432792,-7.3474265],[111.4441959,-7.3463721],[111.4455273,-7.3451307],[111.4465263,-7.344554],[111.447503,-7.3439772],[111.4485243,-7.3435112],[111.449679,-7.3431778],[111.4509449,-7.3430216],[111.4523886,-7.3429758],[111.4536086,-7.343241],[111.4550772,-7.3439918],[111.4561734,-7.3446442],[111.4571996,-7.3454099],[111.4590275,-7.3464019],[111.4606269,-7.3465774],[111.4617817,-7.3463769],[111.462736,-7.3455344],[111.4628236,-7.3443828],[111.4627115,-7.3433421],[111.4616883,-7.3419038],[111.4608212,-7.3411074],[111.45963,-7.3406788],[111.4576777,-7.3403688],[111.4562503,-7.3401846],[111.4545624,-7.3403414],[111.4519416,-7.3405433],[111.4510087,-7.3405],[111.4501645,-7.3403015],[111.4482977,-7.3393068],[111.4466976,-7.3384669],[111.446297,-7.3376037],[111.4461632,-7.3370502],[111.446229,-7.3362308],[111.4464949,-7.3356105],[111.4472051,-7.3350561],[111.4476489,-7.3341131],[111.4481363,-7.3328061],[111.4486904,-7.3316319],[111.449295,-7.3306445],[111.4500272,-7.3298909],[111.4508925,-7.3290485],[111.4521576,-7.328095],[111.4534703,-7.3271985],[111.454802,-7.326245],[111.4557344,-7.325779],[111.456711,-7.3251137],[111.457399,-7.3245593],[111.4577535,-7.3238631],[111.4579521,-7.3225785],[111.4576401,-7.3215602],[111.456617,-7.3201883],[111.4552829,-7.3187059],[111.4536256,-7.3173847],[111.4520921,-7.3163676],[111.4510252,-7.3156157],[111.4498474,-7.3149526],[111.4487806,-7.314245],[111.4481583,-7.3138027],[111.4476694,-7.3135375],[111.4470252,-7.3134274],[111.4460177,-7.3135213],[111.443968,-7.3144179],[111.4425586,-7.3148027],[111.441662,-7.3153148],[111.4409476,-7.3155569],[111.437689,-7.3153187],[111.4328402,-7.3149226],[111.4308735,-7.3143635],[111.4257634,-7.3125747],[111.4243166,-7.3114605],[111.4235603,-7.3101768],[111.4235145,-7.3088039],[111.4242907,-7.3074966],[111.4250229,-7.3068094],[111.4267835,-7.3059384],[111.4279635,-7.305593],[111.4292956,-7.3049939],[111.4305382,-7.3038854],[111.4317783,-7.3023552],[111.4324905,-7.3016469],[111.4334668,-7.3006716],[111.4340928,-7.2999471],[111.4344255,-7.2994817],[111.435135,-7.2982852],[111.435911,-7.2969115],[111.4362922,-7.2953938],[111.4367353,-7.2942197],[111.4375557,-7.2928902],[111.4385608,-7.2922523],[111.4395977,-7.2916038],[111.440482,-7.2911002],[111.4408881,-7.2906787],[111.4415318,-7.2902352],[111.4419309,-7.2895926],[111.4422408,-7.2885293],[111.4423281,-7.286972],[111.4420598,-7.2851785],[111.4422804,-7.2836725],[111.4427781,-7.2821784],[111.4431666,-7.2814212],[111.4436735,-7.2805161],[111.4441865,-7.2796044],[111.4443854,-7.2786519],[111.4441835,-7.2778318],[111.4428525,-7.2768451],[111.4408747,-7.2755405],[111.4398301,-7.2747],[111.438874,-7.2735272],[111.4381845,-7.2720742],[111.4379839,-7.2713436],[111.437983,-7.2704578],[111.4379823,-7.2697049],[111.4385145,-7.268885],[111.4393132,-7.268087],[111.4405342,-7.2675987],[111.4416665,-7.2673318],[111.4423829,-7.2674464],[111.4436612,-7.2679915],[111.4441746,-7.2687578],[111.4449837,-7.2699684],[111.445652,-7.2720272],[111.4458447,-7.2729736],[111.4466151,-7.2745065],[111.4473245,-7.2755997],[111.4480799,-7.2759532],[111.4495678,-7.2758853],[111.4505889,-7.275375],[111.4514316,-7.274134],[111.4516777,-7.2726621],[111.4518969,-7.2698052],[111.4516063,-7.2679675],[111.451604,-7.2655554],[111.4516025,-7.2640218],[111.4516004,-7.261977],[111.4509574,-7.2596772],[111.4508272,-7.2576325],[111.4509538,-7.2560988],[111.4512082,-7.2541815],[111.4514134,-7.252926],[111.4515471,-7.2519647],[111.4516343,-7.2503259],[111.4516111,-7.25],[111.4564879,-7.25],[111.4565252,-7.2502403],[111.4562167,-7.2525658],[111.4556856,-7.2541502],[111.4554383,-7.2554553],[111.4553323,-7.2561436],[111.4553334,-7.2571844],[111.4557154,-7.2583014],[111.4567382,-7.2594962],[111.4577831,-7.2606467],[111.4597606,-7.2616855],[111.4616402,-7.2624189],[111.4634617,-7.2629264],[111.4650608,-7.2631019],[111.4665932,-7.2631668],[111.4687245,-7.2624781],[111.4690408,-7.2621921],[111.4701222,-7.2612144],[111.4714804,-7.2591186],[111.4723001,-7.257169],[111.4730159,-7.2556062],[111.4737698,-7.254476],[111.4747012,-7.2532571],[111.4756774,-7.2523703],[111.4772536,-7.2519036],[111.4784086,-7.2520795],[111.4792017,-7.2529512],[111.4800994,-7.2535892],[111.4809585,-7.25466],[111.4818479,-7.2557441],[111.4828928,-7.2567395],[111.4837821,-7.257713],[111.4848493,-7.2588634],[111.4855607,-7.2595934],[111.4863831,-7.2603011],[111.487583,-7.260942],[111.4888044,-7.2609629],[111.4902918,-7.2604298],[111.4910672,-7.2587681],[111.490531,-7.2571415],[111.4892002,-7.2560077],[111.4875747,-7.2545759],[111.4866631,-7.2536025],[111.4860402,-7.2525402],[111.4857351,-7.251155],[111.4857338,-7.25],[111.5,-7.25],[111.625,-7.25]]]]}},{"type":"Feature","properties":{},"geometry":{"type":"MultiPolygon","coordinates":[[[[111.238596,-7.1382524],[111.2387097,-7.138304],[111.2389427,-7.1382672],[111.2393156,-7.1381738],[111.239685,-7.1380953],[111.2397636,-7.1380559],[111.2398115,-7.1380814],[111.2403349,-7.1383645],[111.2404626,-7.1385231],[111.2404686,-7.1386599],[111.240412,-7.1388288],[111.2403101,-7.138933],[111.2401892,-7.1389731],[111.2399736,-7.138978],[111.2398942,-7.1390141],[111.2399005,-7.1391213],[111.2400498,-7.1397554],[111.240077,-7.1398709],[111.2402359,-7.1400541],[111.2404105,-7.1403041],[111.2404103,-7.1404074],[111.2403392,-7.1405894],[111.2402186,-7.1409703],[111.2401947,-7.1412638],[111.2402617,-7.1421794],[111.2404526,-7.142493],[111.2407037,-7.142868],[111.2407489,-7.1430266],[111.2409052,-7.1431747],[111.240987,-7.1433099],[111.240981,-7.1434191],[111.2409047,-7.1435676],[111.2407687,-7.1438656],[111.2407509,-7.1440596],[111.2407977,-7.1443069],[111.2408009,-7.1445078],[111.2407322,-7.144681],[111.2406675,-7.14491],[111.2407064,-7.1451602],[111.240765,-7.1453696],[111.2406852,-7.1454736],[111.2405178,-7.1455736],[111.2403819,-7.1456917],[111.2403683,-7.145737],[111.2403441,-7.1458169],[111.2403428,-7.1460351],[111.2403929,-7.1462286],[111.2405242,-7.1463653],[111.2407439,-7.1465214],[111.240869,-7.1473945],[111.2409856,-7.1482538],[111.2410258,-7.1490917],[111.2409206,-7.1500368],[111.240864,-7.1509483],[111.2408243,-7.1518214],[111.2406811,-7.1527804],[111.2406189,-7.1535547],[111.2406118,-7.1544513],[111.2406419,-7.1553398],[111.2408011,-7.156172],[111.2409227,-7.1568744],[111.2409238,-7.1574196],[111.2409753,-7.1581002],[111.2410062,-7.1588759],[111.2412651,-7.1600856],[111.2414064,-7.1606742],[111.2416412,-7.1613837],[111.2416698,-7.1619778],[111.2416455,-7.1625179],[111.2415402,-7.1631998],[111.2415022,-7.1638472],[111.2415102,-7.1645362],[111.2415296,-7.1651996],[111.2414367,-7.1659149],[111.2417381,-7.1661011],[111.2420468,-7.1663671],[111.2424358,-7.1668055],[111.2426157,-7.1670986],[111.2426941,-7.1673847],[111.2427003,-7.1676645],[111.2427211,-7.1680768],[111.242759,-7.1684323],[111.2429399,-7.1692817],[111.2430944,-7.1693606],[111.2431413,-7.16936],[111.2434667,-7.1693193],[111.2437835,-7.1692913],[111.2443096,-7.1693425],[111.2443191,-7.1693435],[111.2444727,-7.1694755],[111.2449642,-7.1698822],[111.2451634,-7.169948],[111.2459403,-7.1701633],[111.2461527,-7.1703751],[111.246218,-7.1705162],[111.2462246,-7.1707134],[111.2462271,-7.1713126],[111.246294,-7.1714478],[111.2464567,-7.1715907],[111.2468389,-7.1718094],[111.2468483,-7.1718148],[111.2468809,-7.1718183],[111.2469422,-7.1718249],[111.2469427,-7.1718249],[111.2470212,-7.1718334],[111.2471285,-7.1718123],[111.2472592,-7.1717866],[111.2472814,-7.1717814],[111.2473585,-7.1717632],[111.2474645,-7.1717523],[111.2479066,-7.1719972],[111.2482264,-7.1729286],[111.248374,-7.1733698],[111.24862,-7.1743012],[111.2487049,-7.174796],[111.248868,-7.1757158],[111.249031,-7.1763651],[111.2491616,-7.1767769],[111.249206,-7.177113],[111.2485254,-7.1780264],[111.247767,-7.1790565],[111.2473199,-7.1800863],[111.247009,-7.1809413],[111.2466831,-7.181544],[111.2466107,-7.1817875],[111.2465805,-7.1818981],[111.2463694,-7.1827236],[111.2462625,-7.1831242],[111.2462444,-7.1831921],[111.2460634,-7.183612],[111.2458941,-7.1840415],[111.245793,-7.1844287],[111.2457721,-7.1846338],[111.2455408,-7.1852281],[111.2453748,-7.1856037],[111.2451836,-7.1866134],[111.2451107,-7.1869225],[111.2452849,-7.1877266],[111.2454519,-7.1882963],[111.2457458,-7.1889637],[111.2458585,-7.1898734],[111.2459706,-7.1908958],[111.2460221,-7.1909818],[111.2460265,-7.1910488],[111.2458075,-7.1921],[111.2458064,-7.1921703],[111.2458019,-7.1924741],[111.2457986,-7.1926883],[111.2454173,-7.1941078],[111.2452893,-7.1944878],[111.2450722,-7.1950169],[111.2448935,-7.1956525],[111.2448672,-7.1958611],[111.2448182,-7.1962535],[111.2447061,-7.196648],[111.2445168,-7.1971346],[111.2443951,-7.197409],[111.244062,-7.1984579],[111.2438777,-7.1994569],[111.2436619,-7.2003196],[111.2434889,-7.2010299],[111.2433563,-7.2020578],[111.2433,-7.2029755],[111.2433145,-7.2036705],[111.2433682,-7.2045749],[111.2432786,-7.2053144],[111.2432401,-7.2061167],[111.2432079,-7.2064895],[111.2433704,-7.2068622],[111.2433545,-7.2073322],[111.2432247,-7.2076402],[111.2432573,-7.2078509],[111.2430303,-7.2083697],[111.2429371,-7.2088222],[111.2427545,-7.2090746],[111.2425342,-7.209457],[111.2423693,-7.2096903],[111.2424755,-7.2098646],[111.2424767,-7.2103906],[111.2425038,-7.2110684],[111.2426001,-7.2117221],[111.2426536,-7.2120862],[111.2426849,-7.2124429],[111.2426944,-7.2130037],[111.2426906,-7.2133404],[111.2425159,-7.2135922],[111.242689,-7.2136366],[111.2426674,-7.2137403],[111.2425863,-7.2138584],[111.2424805,-7.2138315],[111.2422015,-7.2140001],[111.2419101,-7.2142473],[111.2418308,-7.2142902],[111.2419679,-7.214801],[111.2419794,-7.214899],[111.2420171,-7.2149619],[111.2419821,-7.2153406],[111.2419305,-7.2155485],[111.2419031,-7.2156658],[111.2418944,-7.2157305],[111.2417093,-7.2160407],[111.2416489,-7.2165164],[111.2416468,-7.2166665],[111.2416361,-7.2167361],[111.2413912,-7.2172144],[111.2413597,-7.2174357],[111.241359,-7.2175907],[111.2413426,-7.2176933],[111.2413305,-7.2178264],[111.2413392,-7.2180852],[111.2412449,-7.2187102],[111.2412666,-7.2192545],[111.2412806,-7.2194671],[111.2412784,-7.219726],[111.2411618,-7.2199803],[111.2411638,-7.2200316],[111.2411692,-7.2201697],[111.2411936,-7.2205773],[111.2411544,-7.2206043],[111.2409344,-7.2207984],[111.2408395,-7.2208822],[111.2407359,-7.2210059],[111.2406572,-7.2211],[111.2405278,-7.2212887],[111.2405257,-7.2212924],[111.240472,-7.2213851],[111.2404194,-7.2214758],[111.2403774,-7.2215484],[111.2403022,-7.2216312],[111.2401504,-7.2218313],[111.2398689,-7.2222012],[111.239792,-7.2225341],[111.2398105,-7.222702],[111.2398088,-7.222839],[111.2397912,-7.2230174],[111.2397568,-7.2232907],[111.2396471,-7.2235938],[111.2396406,-7.2235985],[111.2396991,-7.2237268],[111.2397732,-7.2240544],[111.2397784,-7.2246353],[111.2396962,-7.2248464],[111.2394537,-7.2254927],[111.2394597,-7.2257137],[111.23955,-7.2259435],[111.2396286,-7.2263259],[111.2396538,-7.226417],[111.2398606,-7.2266485],[111.2399212,-7.2267844],[111.240136,-7.2272782],[111.2403187,-7.2277451],[111.240446,-7.2279119],[111.2407187,-7.228272],[111.2408706,-7.2286654],[111.2409847,-7.2290319],[111.241017,-7.2290593],[111.2412228,-7.2292943],[111.241586,-7.2297386],[111.2416711,-7.2300049],[111.2420707,-7.231548],[111.2420684,-7.2315796],[111.2420922,-7.2317605],[111.242197,-7.2319567],[111.2423902,-7.2320629],[111.2422699,-7.2321518],[111.2423637,-7.232418],[111.2424921,-7.2326421],[111.24263,-7.2331712],[111.2421735,-7.2344461],[111.2420926,-7.2346786],[111.2420152,-7.2350164],[111.2422316,-7.2354087],[111.2422951,-7.2355237],[111.2426633,-7.2360915],[111.2428027,-7.2362693],[111.2428693,-7.2363366],[111.2429089,-7.2363733],[111.2430453,-7.2365739],[111.2430846,-7.2368489],[111.2431357,-7.2377283],[111.2431729,-7.2383114],[111.2432335,-7.2387145],[111.2431949,-7.2387966],[111.2429435,-7.2390279],[111.2427221,-7.2391934],[111.2424583,-7.2394081],[111.2424021,-7.239526],[111.2423449,-7.2395847],[111.2421838,-7.2391762],[111.2420906,-7.2391731],[111.2420127,-7.2392579],[111.24192,-7.2394842],[111.2417888,-7.2397532],[111.2416643,-7.2398331],[111.2414917,-7.2398137],[111.2412423,-7.2397223],[111.241108,-7.2395762],[111.2409388,-7.2394375],[111.2408489,-7.239466],[111.2406803,-7.239619],[111.240518,-7.2397259],[111.2404287,-7.2396854],[111.2401546,-7.2395369],[111.2401232,-7.2395868],[111.2398734,-7.2398424],[111.239705,-7.2398962],[111.2395633,-7.2399075],[111.2391971,-7.2399368],[111.2389858,-7.2400587],[111.2387254,-7.2402882],[111.2380264,-7.2409212],[111.2374995,-7.2412332],[111.2372771,-7.2413702],[111.237183,-7.2414281],[111.2369093,-7.2416313],[111.2367102,-7.2418774],[111.2364042,-7.2422439],[111.2363443,-7.2423156],[111.2361716,-7.2424024],[111.2359818,-7.2424304],[111.2351195,-7.2431513],[111.2345372,-7.2437064],[111.2341027,-7.2444605],[111.2337089,-7.2455385],[111.2332645,-7.2462178],[111.2327733,-7.2468367],[111.232051,-7.2473476],[111.2312457,-7.2478312],[111.2303379,-7.2483456],[111.2302822,-7.2483796],[111.229415,-7.2485927],[111.2288831,-7.2490143],[111.2286665,-7.2492676],[111.2284451,-7.2495478],[111.2280374,-7.2499893],[111.2277862,-7.2502647],[111.2273579,-7.2505896],[111.2270127,-7.2508148],[111.226946,-7.2508705],[111.2267076,-7.2511189],[111.2266429,-7.2512149],[111.2261026,-7.2514561],[111.2256424,-7.2519267],[111.2254106,-7.2522421],[111.224433,-7.2533112],[111.2237921,-7.2541553],[111.2234891,-7.2545157],[111.2232367,-7.2547234],[111.2229288,-7.2548759],[111.222837,-7.2547192],[111.2227674,-7.2545116],[111.2226514,-7.2542117],[111.2226089,-7.2537347],[111.2223725,-7.2531275],[111.2217011,-7.2525513],[111.2214696,-7.2523438],[111.2212613,-7.2522748],[111.2207868,-7.2519984],[111.2204974,-7.2517448],[111.2204275,-7.2512834],[111.2202421,-7.250949],[111.21986,-7.2506032],[111.21964,-7.2503381],[111.2193507,-7.2501884],[111.21905,-7.2501886],[111.2187263,-7.2502928],[111.2183333,-7.2504893],[111.2180097,-7.2506511],[111.2176282,-7.2507784],[111.2172697,-7.2507787],[111.216425,-7.2503987],[111.2160549,-7.2503183],[111.215037,-7.2501578],[111.2143199,-7.2501007],[111.2133944,-7.2497785],[111.212758,-7.2495599],[111.2119714,-7.249353],[111.21115,-7.2490538],[111.2106987,-7.248858],[111.2102012,-7.2486393],[111.2100854,-7.248524],[111.2100275,-7.2484318],[111.209599,-7.2479707],[111.2093442,-7.2476479],[111.2085576,-7.2474178],[111.2084535,-7.2473718],[111.2080599,-7.2470837],[111.2080367,-7.2470145],[111.2077818,-7.2466225],[111.2076197,-7.2463919],[111.2074343,-7.2460575],[111.2072837,-7.2458615],[111.2066818,-7.2453544],[111.206624,-7.2453775],[111.2061151,-7.245378],[111.205907,-7.2453782],[111.2057332,-7.2451245],[111.2054555,-7.2449748],[111.2049,-7.2446638],[111.2047034,-7.2446178],[111.2041134,-7.244503],[111.2039978,-7.2445146],[111.2038591,-7.2445955],[111.2034197,-7.2446536],[111.2024368,-7.2447352],[111.2017893,-7.2448165],[111.2011418,-7.2449094],[111.20061,-7.2450483],[111.200321,-7.2451524],[111.1999511,-7.2453604],[111.1996622,-7.2455453],[111.1992346,-7.2458225],[111.1989802,-7.2458343],[111.19846,-7.2460078],[111.1982173,-7.246158],[111.1979517,-7.2465044],[111.1978479,-7.2467583],[111.1978134,-7.2469544],[111.1978716,-7.2472544],[111.1982768,-7.2476809],[111.1989364,-7.248061],[111.1994108,-7.2482337],[111.1997347,-7.2483372],[111.1998044,-7.2485794],[111.1998395,-7.248937],[111.1997474,-7.2493178],[111.1995628,-7.2496987],[111.1993204,-7.2501143],[111.1991819,-7.2504028],[111.1990896,-7.2506221],[111.1996228,-7.2517177],[111.2000864,-7.2526056],[111.2002719,-7.2529862],[111.2003422,-7.2538399],[111.2002733,-7.2542437],[111.2000162,-7.254481],[111.1999123,-7.2549203],[111.1998827,-7.2558709],[111.199153,-7.2555946],[111.1978942,-7.2557359],[111.197526,-7.2559234],[111.1969217,-7.2562311],[111.196124,-7.2565087],[111.1956962,-7.2566014],[111.1950023,-7.2565558],[111.1946898,-7.2563254],[111.1941808,-7.2562797],[111.1938109,-7.25643],[111.1930946,-7.2570652],[111.1925053,-7.2575618],[111.1919161,-7.2581276],[111.1913267,-7.2584858],[111.1905965,-7.2586869],[111.1900549,-7.2592439],[111.189776,-7.2598334],[111.1888529,-7.2594686],[111.1880682,-7.2597032],[111.1874073,-7.2594929],[111.1868038,-7.2596709],[111.1862293,-7.2599332],[111.1857039,-7.2601462],[111.1853097,-7.2597862],[111.184851,-7.2591028],[111.1845618,-7.2590223],[111.1837825,-7.2596231],[111.1826824,-7.2596071],[111.1823376,-7.2598037],[111.182305,-7.2603605],[111.1823379,-7.2605733],[111.1822724,-7.2608844],[111.1822232,-7.2611301],[111.1820199,-7.2613204],[111.1814654,-7.26184],[111.1811535,-7.2621518],[111.1808068,-7.2624174],[111.1804023,-7.2626601],[111.1799627,-7.2626028],[111.1793959,-7.2624417],[111.1790116,-7.2622044],[111.1787161,-7.2623355],[111.1785028,-7.2627613],[111.1782239,-7.2633345],[111.1779942,-7.2638913],[111.1777559,-7.2645544],[111.1770503,-7.2644281],[111.1766801,-7.2643822],[111.1761882,-7.2643177],[111.1757611,-7.2640887],[111.1755148,-7.2638923],[111.1753012,-7.2635649],[111.1750382,-7.2629428],[111.1748083,-7.2627955],[111.1745504,-7.2627919],[111.1744634,-7.2627956],[111.1742828,-7.2627629],[111.1739723,-7.2628731],[111.1733248,-7.2630698],[111.172978,-7.2631739],[111.1725154,-7.2631512],[111.17181,-7.2633018],[111.1713823,-7.2634521],[111.1708388,-7.2634872],[111.1706654,-7.2635796],[111.1700408,-7.2634763],[111.1695397,-7.2632203],[111.16908,-7.2633678],[111.1687024,-7.2635317],[111.1682919,-7.2634827],[111.1680619,-7.2632536],[111.1678975,-7.2627788],[111.1677843,-7.2622668],[111.1676799,-7.2619669],[111.1676449,-7.2616785],[111.1676099,-7.2614247],[111.1675518,-7.2611709],[111.1672508,-7.2608366],[111.1669499,-7.2606869],[111.1667966,-7.2605524],[111.1660741,-7.2607491],[111.165598,-7.2607984],[111.1650415,-7.2604808],[111.164625,-7.2603426],[111.164358,-7.2602531],[111.1635841,-7.2602973],[111.1633644,-7.2603437],[111.1632835,-7.2603783],[111.1629132,-7.2605647],[111.1624278,-7.2605059],[111.1623005,-7.2603907],[111.1621266,-7.2600216],[111.1620338,-7.2597217],[111.1619639,-7.2592257],[111.1618781,-7.2589932],[111.161796,-7.2587804],[111.1613033,-7.2585513],[111.1606792,-7.2581913],[111.1601373,-7.258126],[111.1596612,-7.2580161],[111.1589386,-7.2581264],[111.1585973,-7.2581093],[111.1581013,-7.2584051],[111.1572331,-7.258618],[111.1566638,-7.2587627],[111.1562696,-7.2585008],[111.1557276,-7.2580589],[111.1554055,-7.2582157],[111.1549067,-7.258403],[111.1545455,-7.2585178],[111.1540037,-7.25878],[111.1537576,-7.2591894],[111.1535114,-7.2595497],[111.153298,-7.2598445],[111.153019,-7.2601557],[111.15251,-7.2603523],[111.1518805,-7.2605951],[111.1515179,-7.2606007],[111.1511731,-7.2605025],[111.1508282,-7.2602734],[111.1503191,-7.2602245],[111.1500401,-7.2605848],[111.1498598,-7.2614035],[111.1496629,-7.2619603],[111.1493347,-7.2625826],[111.1494334,-7.2631229],[111.1494335,-7.263303],[111.1494794,-7.2637053],[111.1494138,-7.2639018],[111.1492989,-7.2640656],[111.1490034,-7.2642622],[111.1488726,-7.2643543],[111.1487243,-7.2644587],[111.1486732,-7.2643586],[111.1477352,-7.2643788],[111.1475536,-7.2643972],[111.1470109,-7.264452],[111.1469827,-7.2644845],[111.1464848,-7.2645211],[111.146298,-7.2645083],[111.1461326,-7.264412],[111.145976,-7.2642337],[111.1456236,-7.263472],[111.1451607,-7.2626869],[111.1449851,-7.2624682],[111.144445,-7.2623015],[111.1442763,-7.2622268],[111.1440325,-7.2619118],[111.1438925,-7.2617407],[111.1437535,-7.2616708],[111.1434632,-7.2616575],[111.1429294,-7.2618948],[111.1427031,-7.2619928],[111.1424285,-7.262004],[111.1418982,-7.2617835],[111.1411996,-7.261434],[111.1409888,-7.2613643],[111.1408724,-7.2613504],[111.1403932,-7.2615724],[111.1400034,-7.2616927],[111.1396486,-7.2617162],[111.1392728,-7.2617261],[111.1386719,-7.2614769],[111.1386705,-7.2614764],[111.1383311,-7.2613639],[111.1379823,-7.2612289],[111.1379587,-7.2612198],[111.1369959,-7.2615092],[111.1368932,-7.2615624],[111.1367587,-7.261632],[111.1365697,-7.2617748],[111.1361327,-7.2617971],[111.1360006,-7.261766],[111.135795,-7.2614245],[111.1356544,-7.2612208],[111.1350356,-7.2608484],[111.1347769,-7.2606904],[111.134604,-7.2605058],[111.134371,-7.2601356],[111.1342009,-7.2598309],[111.1340658,-7.2596499],[111.1337658,-7.2595977],[111.1335109,-7.259684],[111.1334463,-7.2597445],[111.1333172,-7.2595164],[111.1329822,-7.2592264],[111.1324086,-7.2589569],[111.132375,-7.2589372],[111.1323705,-7.2589372],[111.1323214,-7.2589362],[111.1318468,-7.2589732],[111.1316632,-7.2590842],[111.1316291,-7.2591068],[111.1308864,-7.2595977],[111.1304668,-7.2595302],[111.1303036,-7.259395],[111.1300964,-7.2591221],[111.1297484,-7.2587689],[111.1295738,-7.2587084],[111.1290087,-7.258515],[111.1282972,-7.2581727],[111.127783,-7.258079],[111.1275769,-7.2580574],[111.1274526,-7.2579887],[111.1271249,-7.2577879],[111.1269425,-7.2576047],[111.1268689,-7.2574849],[111.1267743,-7.2573311],[111.1267547,-7.2571406],[111.1267557,-7.2571118],[111.1266531,-7.2567147],[111.1266966,-7.2563233],[111.1267182,-7.2559971],[111.126609,-7.2546271],[111.1262164,-7.2523439],[111.1258676,-7.251235],[111.1257369,-7.2509523],[111.1253665,-7.250387],[111.125,-7.2500104],[111.125,-7.25],[111.125,-7.125],[111.2316932,-7.125],[111.2316934,-7.1250005],[111.2316968,-7.1250112],[111.2317037,-7.1250331],[111.2318281,-7.1253081],[111.2318949,-7.1254558],[111.2319755,-7.1256342],[111.2320328,-7.1257286],[111.2321309,-7.1258902],[111.2323999,-7.1263337],[111.2324397,-7.1263992],[111.2326262,-7.1267067],[111.232693,-7.1267686],[111.2329871,-7.1270411],[111.2331248,-7.1271255],[111.2331281,-7.1271276],[111.2331629,-7.127149],[111.2332496,-7.1272022],[111.2333408,-7.1272398],[111.2334356,-7.1277015],[111.2335726,-7.1282025],[111.233714,-7.1284026],[111.2341151,-7.1289161],[111.2344575,-7.1295139],[111.2345582,-7.1300418],[111.2345939,-7.1308665],[111.2346986,-7.1313627],[111.23557,-7.1324428],[111.2359345,-7.1326622],[111.2362602,-7.1328982],[111.2364443,-7.1331211],[111.2367074,-7.1335645],[111.2368648,-7.1344773],[111.2370384,-7.1354382],[111.2372252,-7.1360623],[111.2373909,-7.1366372],[111.237651,-7.1372202],[111.2379428,-7.1378931],[111.2381222,-7.1379988],[111.2383656,-7.1381083],[111.238596,-7.1382524]]]]}},{"type":"Feature","properties":{},"geometry":{"type":"MultiPolygon","coordinates":[[[[111.0783825,-7.4972439],[111.0783458,-7.4976163],[111.078408,-7.498034],[111.0786642,-7.4985368],[111.0791063,-7.499024],[111.079464,-7.4994993],[111.079557,-7.4997158],[111.0795662,-7.5],[111.0630306,-7.5],[111.0630055,-7.4998323],[111.0627683,-7.4995496],[111.0623814,-7.4991435],[111.0622175,-7.4987838],[111.0625317,-7.4980325],[111.0627037,-7.4977089],[111.0628966,-7.4975473],[111.0631397,-7.4974258],[111.0633525,-7.4972944],[111.063454,-7.4971732],[111.0636971,-7.4969812],[111.0638393,-7.4968599],[111.0645897,-7.4968294],[111.0660497,-7.4969101],[111.0675301,-7.4969908],[111.0682193,-7.4971321],[111.0684829,-7.4972937],[111.0689797,-7.4979202],[111.0690426,-7.4981227],[111.0702882,-7.4982831],[111.0711008,-7.4983622],[111.0724265,-7.4982276],[111.072568,-7.4976296],[111.0727201,-7.4972349],[111.0729473,-7.4969326],[111.0731979,-7.4966679],[111.0733267,-7.4966074],[111.0735465,-7.4967132],[111.0738046,-7.4972197],[111.0740245,-7.4974162],[111.0741989,-7.497008],[111.0743053,-7.4967961],[111.0744873,-7.4966829],[111.0747827,-7.49666],[111.0759299,-7.4966216],[111.0766046,-7.4964929],[111.0768324,-7.4964702],[111.0770522,-7.4965382],[111.0775072,-7.4965985],[111.0778792,-7.4968177],[111.0783624,-7.4972268],[111.0783825,-7.4972439]]],[[[111.1477853,-7.5257388],[111.1474981,-7.525968],[111.14723,-7.5259108],[111.1470576,-7.5258154],[111.1466554,-7.5258155],[111.1465023,-7.5260447],[111.1464451,-7.5268274],[111.1463495,-7.5273046],[111.1463496,-7.527591],[111.1464838,-7.5279537],[111.1467137,-7.5282018],[111.1472117,-7.5283543],[111.1474799,-7.5287169],[111.147595,-7.5291369],[111.1476147,-7.5297043],[111.1477489,-7.5299333],[111.148132,-7.5301623],[111.1484002,-7.5302958],[111.1486684,-7.530563],[111.1491664,-7.5308682],[111.1495495,-7.5310017],[111.1498944,-7.5314216],[111.1500095,-7.5320324],[111.1502397,-7.5330441],[111.1504696,-7.5333304],[111.150738,-7.5340748],[111.1507617,-7.5350271],[111.1509342,-7.5353707],[111.1511068,-7.5359242],[111.1512027,-7.5363633],[111.1511071,-7.5368406],[111.1511264,-7.5371269],[111.1513564,-7.5376041],[111.151548,-7.5378522],[111.1513183,-7.5382722],[111.1509928,-7.5384632],[111.1509546,-7.5387496],[111.1511453,-7.538951],[111.1513943,-7.5389509],[111.1517007,-7.5389508],[111.1518923,-7.539008],[111.1520456,-7.5393134],[111.1517776,-7.5397334],[111.1513372,-7.5401345],[111.1511458,-7.5403064],[111.151165,-7.54065],[111.1513567,-7.5410699],[111.1518547,-7.5411842],[111.1522378,-7.5412987],[111.1524677,-7.541604],[111.1524104,-7.5421195],[111.1522957,-7.5427304],[111.1522001,-7.5431122],[111.1516256,-7.5431697],[111.1512425,-7.5431889],[111.1508979,-7.5434754],[111.1506873,-7.5438191],[111.1509748,-7.5444299],[111.1512049,-7.5449834],[111.1513603,-7.5455512],[111.1512646,-7.5457231],[111.1513412,-7.5459139],[111.1518968,-7.5462955],[111.1522033,-7.5465627],[111.1522417,-7.5469063],[111.1522419,-7.5473072],[111.1522612,-7.5477653],[111.1526253,-7.5482616],[111.1529127,-7.5485669],[111.1535832,-7.5490248],[111.1538322,-7.5492156],[111.1538132,-7.5495593],[111.1538134,-7.5500938],[111.1535454,-7.5504757],[111.1531433,-7.5507813],[111.152473,-7.5509724],[111.1521666,-7.5510298],[111.1521279,-7.5512163],[111.1527793,-7.5518269],[111.1529327,-7.552285],[111.1528561,-7.5525141],[111.1527988,-7.5528005],[111.1527989,-7.5532587],[111.1527991,-7.5536214],[111.1527801,-7.5540986],[111.1526462,-7.5544996],[111.1524547,-7.5546523],[111.152224,-7.5548696],[111.1522241,-7.555156],[111.1518861,-7.555806],[111.1518659,-7.555964],[111.1518429,-7.5559872],[111.1517064,-7.5563449],[111.1515818,-7.5567832],[111.1515374,-7.5570944],[111.151632,-7.5574625],[111.1517842,-7.5578188],[111.1519591,-7.5580829],[111.152122,-7.5582894],[111.1521336,-7.5583009],[111.1522065,-7.558911],[111.1522784,-7.5593598],[111.1523271,-7.5597857],[111.1523275,-7.5598548],[111.1523872,-7.5601886],[111.1522757,-7.5608802],[111.1523481,-7.5614212],[111.1524887,-7.5617545],[111.1528615,-7.562294],[111.1531302,-7.5627995],[111.1534095,-7.5631552],[111.1536863,-7.5635775],[111.1541486,-7.564139],[111.1544418,-7.5644422],[111.1546908,-7.5650535],[111.1552207,-7.5653903],[111.1551645,-7.5659295],[111.1555454,-7.5669195],[111.1560559,-7.5674679],[111.1565038,-7.5680812],[111.1566776,-7.5683335],[111.156931,-7.5687241],[111.1571645,-7.5691376],[111.1572457,-7.5691833],[111.1581051,-7.5700276],[111.1584925,-7.5706213],[111.1588501,-7.5709181],[111.1591183,-7.5712445],[111.1594462,-7.5716601],[111.1596424,-7.572051],[111.1598172,-7.5723036],[111.1600388,-7.5726595],[111.1602487,-7.573004],[111.160505,-7.5733598],[111.1606797,-7.5736008],[111.1608674,-7.5740952],[111.1608736,-7.5751663],[111.1610036,-7.5756495],[111.1611922,-7.5762935],[111.1613338,-7.5767996],[111.1614295,-7.5773751],[111.1615942,-7.5778695],[111.1617934,-7.5783523],[111.1624686,-7.5792243],[111.1628061,-7.5796373],[111.1635699,-7.5798524],[111.1639282,-7.5798852],[111.1641019,-7.5799534],[111.1643471,-7.5803899],[111.1646744,-7.5810333],[111.1683328,-7.5902181],[111.1693175,-7.5906624],[111.1922223,-7.6031607],[111.1926413,-7.6036769],[111.1930132,-7.6040436],[111.1932704,-7.6045491],[111.1936547,-7.6050655],[111.1958588,-7.6084983],[111.1961384,-7.6088886],[111.1963718,-7.609279],[111.1965239,-7.6096007],[111.1966179,-7.6098652],[111.1966434,-7.6102682],[111.1967147,-7.6106134],[111.1965199,-7.6108793],[111.196293,-7.6115945],[111.1962146,-7.6120211],[111.1960439,-7.6124596],[111.1958516,-7.6131632],[111.1956245,-7.6138323],[111.1952247,-7.6146176],[111.1951231,-7.6150212],[111.1950803,-7.6156088],[111.1950487,-7.6161273],[111.194786,-7.6166469],[111.1946729,-7.6170506],[111.1943993,-7.6176855],[111.1941596,-7.6181935],[111.1940212,-7.6183591],[111.1936089,-7.6188528],[111.1933214,-7.6190961],[111.192885,-7.6195475],[111.192762,-7.6202392],[111.1927541,-7.6204815],[111.1927522,-7.6205387],[111.1928009,-7.6209646],[111.1929881,-7.6213553],[111.1931294,-7.6217922],[111.1932357,-7.6221833],[111.1932868,-7.6230124],[111.1932889,-7.6233809],[111.1932562,-7.6237036],[111.1932235,-7.6240378],[111.1931327,-7.6243262],[111.1928886,-7.625],[111.125,-7.625],[111.125,-7.5128284],[111.1250021,-7.5128268],[111.1259606,-7.5117998],[111.127629,-7.5109516],[111.1294175,-7.5109034],[111.1326274,-7.5118313],[111.135963,-7.5140045],[111.1395641,-7.5175756],[111.1430026,-7.5219944],[111.1458021,-7.5243194],[111.148036,-7.5253995],[111.1477853,-7.5257388]]]]}},{"type":"Feature","properties":{},"geometry":{"type":"MultiPolygon","coordinates":[[[[111.5515776,-7.5951265],[111.551896,-7.5952528],[111.5520574,-7.5952987],[111.5523412,-7.5953699],[111.5524586,-7.5954041],[111.5524896,-7.5953799],[111.5527927,-7.5953842],[111.5528543,-7.5953362],[111.5529907,-7.5953779],[111.5531829,-7.5954462],[111.5532179,-7.5954636],[111.5532281,-7.5954694],[111.5533299,-7.5954169],[111.5534193,-7.5953624],[111.5534393,-7.5953583],[111.5534875,-7.5953918],[111.5535512,-7.5954334],[111.5536693,-7.5954659],[111.553792,-7.5954911],[111.5538829,-7.5955092],[111.5540658,-7.5955516],[111.5543251,-7.5956065],[111.5543837,-7.5956096],[111.5544455,-7.5956048],[111.5545125,-7.5955935],[111.5546735,-7.5956618],[111.5547785,-7.5957083],[111.5550485,-7.5958109],[111.555177,-7.5958525],[111.5552663,-7.5958836],[111.5553493,-7.5959111],[111.5554197,-7.5959195],[111.5556994,-7.595937],[111.5558949,-7.5959592],[111.556014,-7.5959994],[111.5563475,-7.5961086],[111.556322,-7.5962051],[111.5565479,-7.5963036],[111.5566667,-7.5963508],[111.5566786,-7.5963804],[111.5566846,-7.5964514],[111.5566788,-7.5965522],[111.5566591,-7.5966351],[111.5566237,-7.5967951],[111.556937,-7.5968623],[111.5570786,-7.5969162],[111.5572081,-7.5969771],[111.5572729,-7.5970031],[111.55736,-7.5968304],[111.5574804,-7.5965704],[111.5575283,-7.5964542],[111.5575606,-7.5963479],[111.5576206,-7.5962077],[111.5578554,-7.5962674],[111.5580331,-7.5963226],[111.5579854,-7.5964706],[111.5579397,-7.5966054],[111.5579208,-7.5967428],[111.5579074,-7.5968884],[111.5579533,-7.597005],[111.5579545,-7.5970398],[111.5579487,-7.5971371],[111.5579197,-7.5974365],[111.5580459,-7.5974876],[111.5583066,-7.5975914],[111.5581678,-7.5980409],[111.5579653,-7.5979516],[111.5579114,-7.5981178],[111.5578761,-7.5982348],[111.5578586,-7.5983374],[111.5578283,-7.5984495],[111.5578284,-7.5985024],[111.5577995,-7.5985953],[111.5577554,-7.59875],[111.5577272,-7.5988731],[111.5577996,-7.5989154],[111.5579089,-7.5989775],[111.5579443,-7.5990058],[111.5580747,-7.5991388],[111.5581424,-7.59918],[111.5584131,-7.5993021],[111.558489,-7.5993608],[111.5583311,-7.6001534],[111.5582139,-7.6006647],[111.557958,-7.6018372],[111.5579172,-7.6021792],[111.5578414,-7.6024992],[111.5577402,-7.6028477],[111.5576298,-7.6031994],[111.5575799,-7.6035358],[111.5574899,-7.6039927],[111.5574641,-7.6041178],[111.5576626,-7.6042104],[111.5581061,-7.6043433],[111.5582357,-7.6044015],[111.5583196,-7.6045432],[111.5583992,-7.6046766],[111.5584912,-7.6046306],[111.5586837,-7.6048014],[111.5590145,-7.605072],[111.5589135,-7.6052234],[111.5588415,-7.6053898],[111.5588249,-7.6054812],[111.5587834,-7.6055948],[111.5586947,-7.6057584],[111.5586144,-7.6059247],[111.5585313,-7.6061548],[111.5584621,-7.6062823],[111.5584067,-7.6064375],[111.5583295,-7.6066184],[111.5583142,-7.6066544],[111.5582684,-7.6067424],[111.5582455,-7.6067954],[111.5582323,-7.6068568],[111.5581902,-7.6069519],[111.5581552,-7.6070086],[111.5581574,-7.6070923],[111.5581426,-7.6071423],[111.5581043,-7.6071966],[111.5580543,-7.6072434],[111.5580319,-7.6072828],[111.5580043,-7.6073711],[111.5579374,-7.6075569],[111.5579176,-7.6076135],[111.557539,-7.6074636],[111.5571518,-7.6073137],[111.5565152,-7.6070605],[111.5564176,-7.6070325],[111.5563447,-7.6073048],[111.5562585,-7.6075574],[111.5561006,-7.6079361],[111.555978,-7.6082731],[111.5558623,-7.608575],[111.555736,-7.6088698],[111.5556414,-7.6091997],[111.5555147,-7.6095285],[111.5553287,-7.60982],[111.5552234,-7.6101083],[111.5551491,-7.6103346],[111.5550377,-7.6106384],[111.5547492,-7.6112625],[111.5546178,-7.6115254],[111.5544372,-7.611895],[111.5544345,-7.6119443],[111.5545549,-7.6119849],[111.5547168,-7.6120302],[111.5548179,-7.6120367],[111.5549123,-7.6120467],[111.5549982,-7.6120852],[111.555096,-7.6121758],[111.555209,-7.6122916],[111.5552765,-7.6123452],[111.5554045,-7.6124005],[111.5554501,-7.612424],[111.555472,-7.6124727],[111.5554805,-7.6125332],[111.555444,-7.6130122],[111.555404,-7.6132132],[111.5553182,-7.613687],[111.5552379,-7.613846],[111.5550774,-7.6141522],[111.5550576,-7.6141968],[111.5550643,-7.6142182],[111.5550775,-7.6142347],[111.5550974,-7.6142528],[111.5551073,-7.6142808],[111.5551206,-7.6143237],[111.5551306,-7.6143749],[111.5551389,-7.6144029],[111.5551539,-7.6144259],[111.5552035,-7.6144721],[111.5552134,-7.6144853],[111.5552135,-7.6145149],[111.5552086,-7.6145364],[111.555192,-7.6145744],[111.5551797,-7.6146049],[111.5551828,-7.6146274],[111.5551941,-7.6146457],[111.5552074,-7.6146519],[111.5552279,-7.6146529],[111.5552688,-7.6146456],[111.5553099,-7.6146425],[111.5553354,-7.6146445],[111.555357,-7.6146497],[111.5553642,-7.614669],[111.5553724,-7.6147017],[111.5553735,-7.6147416],[111.5553756,-7.6147835],[111.5553665,-7.6148949],[111.5553514,-7.6150358],[111.5553386,-7.6150898],[111.5553348,-7.6151144],[111.555327,-7.6151363],[111.5553103,-7.6151684],[111.5553013,-7.615189],[111.555291,-7.6152134],[111.5552871,-7.6152276],[111.5552859,-7.6152521],[111.5552834,-7.6152778],[111.5552847,-7.6153138],[111.5552861,-7.6153884],[111.5552861,-7.6154155],[111.55524,-7.6155751],[111.5552127,-7.6156634],[111.5551822,-7.6157196],[111.5550986,-7.6158176],[111.5550327,-7.6159204],[111.5549813,-7.6159783],[111.5549329,-7.6159237],[111.5548188,-7.615993],[111.5548542,-7.6160507],[111.5547626,-7.6161037],[111.5546757,-7.6161295],[111.5546291,-7.6161457],[111.5545319,-7.6161414],[111.5545079,-7.6160807],[111.5545009,-7.6160489],[111.5544989,-7.616028],[111.5544331,-7.6160102],[111.5543582,-7.6159814],[111.5542584,-7.6159308],[111.5542275,-7.6159159],[111.5540473,-7.6158771],[111.554006,-7.6160061],[111.5539747,-7.6160901],[111.5539348,-7.6162279],[111.5538418,-7.6161804],[111.5537412,-7.6161266],[111.5535867,-7.6161428],[111.553503,-7.6161649],[111.5534478,-7.6162454],[111.5533942,-7.6163337],[111.5533721,-7.6163921],[111.5533579,-7.6164426],[111.5533337,-7.6165367],[111.5533366,-7.6165826],[111.5534233,-7.6167857],[111.5532992,-7.6168359],[111.5531945,-7.6168445],[111.5530645,-7.6168579],[111.5530491,-7.6171086],[111.5530422,-7.6172576],[111.553046,-7.6174381],[111.553052,-7.617606],[111.5530345,-7.6177242],[111.5529887,-7.6178751],[111.5529144,-7.618072],[111.5528838,-7.6181726],[111.5528664,-7.6182251],[111.5528665,-7.6183322],[111.5528491,-7.6184416],[111.5527733,-7.6186381],[111.5526266,-7.6192196],[111.5525406,-7.6191848],[111.5525886,-7.6189115],[111.552473,-7.6187539],[111.5523547,-7.6187297],[111.5521558,-7.6186898],[111.5520805,-7.6186041],[111.5520404,-7.6186738],[111.5520915,-7.6187648],[111.5521078,-7.6189176],[111.5521107,-7.6190783],[111.5520947,-7.6191827],[111.5520061,-7.619231],[111.5517834,-7.6193063],[111.5518183,-7.6193652],[111.551833,-7.6194386],[111.5516907,-7.6194895],[111.551759,-7.6196457],[111.5517313,-7.619636],[111.5517456,-7.6196928],[111.5518121,-7.6197779],[111.5518762,-7.6198558],[111.551942,-7.6199134],[111.5519595,-7.619933],[111.5519987,-7.6199319],[111.5521369,-7.61994],[111.5521927,-7.6200406],[111.552203,-7.6200499],[111.552301,-7.6200683],[111.5522846,-7.6201546],[111.5520804,-7.6201127],[111.5520196,-7.6201108],[111.5519975,-7.6203243],[111.5519608,-7.6204927],[111.5517553,-7.6206612],[111.5517417,-7.6208326],[111.5517125,-7.6209223],[111.5516538,-7.6210282],[111.551613,-7.6210919],[111.5515167,-7.6211408],[111.5514758,-7.6211686],[111.5514661,-7.6212077],[111.5514597,-7.6213153],[111.5514631,-7.6213821],[111.5515027,-7.621467],[111.5515213,-7.6215471],[111.5515275,-7.621625],[111.551542,-7.6216722],[111.5515708,-7.6217131],[111.5516265,-7.6217664],[111.5516533,-7.6218013],[111.5516739,-7.6218382],[111.551676,-7.621871],[111.5516698,-7.6218956],[111.5516452,-7.6219325],[111.5515856,-7.6219921],[111.5515322,-7.6220517],[111.5514956,-7.6221802],[111.5514625,-7.6223078],[111.5514276,-7.6223794],[111.5513156,-7.6224792],[111.5512631,-7.6225334],[111.5512386,-7.6225789],[111.5512177,-7.6226418],[111.5512213,-7.6227344],[111.5512038,-7.6227676],[111.5511514,-7.6228917],[111.5507959,-7.6233244],[111.5505155,-7.6237116],[111.5503661,-7.6238728],[111.5501945,-7.6240651],[111.5499521,-7.6243438],[111.5499027,-7.6243851],[111.549804,-7.6244621],[111.5497546,-7.6245126],[111.5494004,-7.6247034],[111.5492847,-7.6248146],[111.5492024,-7.6248984],[111.5491031,-7.625],[111.5,-7.625],[111.4969543,-7.625],[111.4969476,-7.6249928],[111.4968689,-7.6249394],[111.4967437,-7.6248772],[111.4965945,-7.6248244],[111.4965177,-7.6248018],[111.4963971,-7.6247949],[111.4962594,-7.6248064],[111.4961117,-7.6247853],[111.4958618,-7.6247516],[111.4956787,-7.6247334],[111.4956843,-7.6247037],[111.4957013,-7.6246767],[111.4958106,-7.624671],[111.4958887,-7.6246609],[111.4959738,-7.6246212],[111.4960632,-7.6246112],[111.4961044,-7.6246154],[111.4962066,-7.6246267],[111.4962648,-7.6245756],[111.4963244,-7.6245005],[111.4963485,-7.6244594],[111.4964146,-7.6242872],[111.4964378,-7.6242193],[111.4964459,-7.6241782],[111.4964386,-7.6240952],[111.4964348,-7.624013],[111.4964266,-7.6239482],[111.4964184,-7.623837],[111.4963616,-7.6238098],[111.4963133,-7.6237683],[111.4962627,-7.623718],[111.4962615,-7.6236836],[111.4962602,-7.6236],[111.496274,-7.6235473],[111.4962234,-7.6235199],[111.4961349,-7.6234707],[111.4961281,-7.6234559],[111.4961223,-7.6234238],[111.4961325,-7.6233768],[111.4961497,-7.6233413],[111.4961727,-7.6233527],[111.4962405,-7.6233652],[111.4963955,-7.6233731],[111.496497,-7.6233683],[111.4965216,-7.6233424],[111.4965476,-7.6233086],[111.4965476,-7.623297],[111.496472,-7.6232257],[111.496494,-7.6230792],[111.4968868,-7.6231616],[111.497022,-7.623177],[111.4972659,-7.6232053],[111.4973205,-7.6232178],[111.4973982,-7.6232323],[111.4975053,-7.623226],[111.4976312,-7.6232279],[111.4976774,-7.6232466],[111.4979377,-7.6232568],[111.4981685,-7.6232629],[111.4983071,-7.6232711],[111.4985121,-7.6233052],[111.4986422,-7.6233598],[111.4990191,-7.6233961],[111.4992853,-7.6234824],[111.4995798,-7.6235009],[111.4998751,-7.6235623],[111.5000149,-7.6235876],[111.5004977,-7.6234012],[111.5006666,-7.6232221],[111.5010628,-7.6227744],[111.5011557,-7.6226126],[111.5012728,-7.6223681],[111.5011001,-7.6222788],[111.5011056,-7.6222106],[111.5012309,-7.622141],[111.5012517,-7.6220959],[111.5012551,-7.6220646],[111.5012481,-7.6220125],[111.5012376,-7.6219778],[111.5012237,-7.6219396],[111.5012096,-7.6219049],[111.5011922,-7.6218459],[111.5011991,-7.6217522],[111.5012129,-7.6217105],[111.5012442,-7.6216723],[111.5013208,-7.6216375],[111.501554,-7.6215747],[111.5017612,-7.621485],[111.5018082,-7.6214381],[111.5018303,-7.6213829],[111.5018468,-7.6213194],[111.5018578,-7.621256],[111.5018522,-7.6211898],[111.5018383,-7.6211347],[111.5018022,-7.6210658],[111.5017578,-7.6209472],[111.5017578,-7.6209031],[111.5017771,-7.6208562],[111.5017992,-7.6208176],[111.5018296,-7.6207844],[111.5018821,-7.6207623],[111.5019705,-7.6207319],[111.5020866,-7.6206904],[111.5021336,-7.6206655],[111.5021889,-7.620613],[111.5022468,-7.6204889],[111.5022895,-7.6203978],[111.5022865,-7.6203919],[111.5022602,-7.6203744],[111.5022002,-7.6203453],[111.5020918,-7.6203148],[111.5020274,-7.620309],[111.5019938,-7.6202929],[111.5019747,-7.6202725],[111.5019673,-7.620239],[111.5019497,-7.6201996],[111.5019102,-7.6201748],[111.501815,-7.6201516],[111.5017172,-7.6200956],[111.5016581,-7.620069],[111.5015178,-7.6200324],[111.5013892,-7.619984],[111.5013345,-7.6199575],[111.5013079,-7.6199295],[111.5012857,-7.619881],[111.5012815,-7.6197968],[111.5012815,-7.6197634],[111.5012915,-7.619735],[111.5013249,-7.6196984],[111.50138,-7.6196399],[111.5014133,-7.6195748],[111.50143,-7.6195248],[111.5014132,-7.6194847],[111.5013948,-7.6194631],[111.5013564,-7.6194315],[111.5013178,-7.6194131],[111.5012694,-7.6194115],[111.5012192,-7.6194149],[111.5011556,-7.6194167],[111.5011272,-7.6194017],[111.5011071,-7.6193733],[111.5011004,-7.6193334],[111.5011318,-7.619235],[111.5011664,-7.6191697],[111.5012702,-7.6190391],[111.5013393,-7.6189469],[111.5013662,-7.6188932],[111.5013662,-7.6188509],[111.5013353,-7.6188241],[111.501162,-7.6187706],[111.500908,-7.6186979],[111.5007501,-7.6186021],[111.5006769,-7.6185216],[111.500646,-7.6184257],[111.5006228,-7.6182991],[111.5006264,-7.6181264],[111.5006867,-7.6179847],[111.5007565,-7.617895],[111.5008313,-7.6178104],[111.5008661,-7.6177606],[111.500881,-7.6177257],[111.5008935,-7.6176934],[111.5009009,-7.6176336],[111.5009283,-7.617554],[111.500933,-7.6173524],[111.5009404,-7.6172877],[111.5009304,-7.6172354],[111.5009054,-7.6171957],[111.5008779,-7.6171683],[111.500803,-7.6170709],[111.5007454,-7.6169899],[111.5007434,-7.6169504],[111.5007493,-7.6169228],[111.5008027,-7.6168476],[111.5008363,-7.6167744],[111.5008482,-7.6167329],[111.5008481,-7.6166993],[111.5008421,-7.6166874],[111.5008065,-7.6166776],[111.5007629,-7.6166796],[111.5007114,-7.6166955],[111.5006579,-7.6167173],[111.5006064,-7.6167213],[111.5005727,-7.6167115],[111.5005172,-7.6166779],[111.5004695,-7.6166345],[111.500356,-7.6164331],[111.5003513,-7.6164096],[111.5003606,-7.6163704],[111.5004251,-7.6162949],[111.5004959,-7.6162195],[111.500521,-7.6161818],[111.5005351,-7.6161268],[111.5005398,-7.6160734],[111.5005308,-7.6159792],[111.5005307,-7.6158982],[111.5005636,-7.615812],[111.5006499,-7.6156826],[111.5007032,-7.6155812],[111.5007284,-7.6155356],[111.5007335,-7.61549],[111.5007258,-7.6154671],[111.500703,-7.6154545],[111.5006191,-7.6154166],[111.5005174,-7.6153863],[111.5004056,-7.6153281],[111.5003581,-7.6152206],[111.5003436,-7.6151633],[111.500358,-7.6151345],[111.5004011,-7.6151144],[111.5004385,-7.6151028],[111.5004903,-7.6151028],[111.5005622,-7.6151228],[111.5006716,-7.6151485],[111.5008644,-7.6151627],[111.5008989,-7.6151568],[111.5009161,-7.6151367],[111.5009219,-7.6150995],[111.5009218,-7.615022],[111.5009072,-7.6149158],[111.5008898,-7.6147609],[111.5008867,-7.6146088],[111.5008723,-7.6145141],[111.5008204,-7.6144195],[111.50073,-7.6142085],[111.5007352,-7.6141825],[111.5007796,-7.6141226],[111.5008056,-7.61406],[111.5008213,-7.6140235],[111.5008473,-7.6139819],[111.5008864,-7.6139558],[111.5009674,-7.6139374],[111.5010143,-7.6139243],[111.5010457,-7.6138931],[111.5010638,-7.613828],[111.5010716,-7.613781],[111.5010741,-7.6136951],[111.501048,-7.6136274],[111.5010218,-7.6135936],[111.5009433,-7.6135234],[111.5008819,-7.613482],[111.5008686,-7.6134475],[111.5008685,-7.6133998],[111.5008631,-7.6133361],[111.5008701,-7.6131283],[111.5009263,-7.6130765],[111.5010388,-7.6129759],[111.5011069,-7.6129227],[111.501135,-7.6128989],[111.5011424,-7.6128723],[111.5011424,-7.6128369],[111.5011245,-7.6128089],[111.5010741,-7.6127838],[111.5010311,-7.6127808],[111.5009926,-7.6127779],[111.5009704,-7.6127706],[111.5009407,-7.6127558],[111.5009259,-7.6127367],[111.5009037,-7.6126968],[111.5008977,-7.6126702],[111.5008947,-7.612617],[111.5008827,-7.6125712],[111.5008456,-7.6125011],[111.5008288,-7.6124592],[111.500822,-7.6124307],[111.5008253,-7.6123939],[111.5008203,-7.6123287],[111.5008152,-7.6122518],[111.5008118,-7.6122199],[111.5007949,-7.6121882],[111.5007547,-7.6121799],[111.5007178,-7.6121899],[111.5006909,-7.6121866],[111.5006674,-7.6121616],[111.5006354,-7.6121181],[111.500622,-7.6120729],[111.5005967,-7.6119742],[111.5005599,-7.6117211],[111.5005617,-7.6116718],[111.5005655,-7.6116225],[111.5005711,-7.6115676],[111.5005749,-7.6115032],[111.5005785,-7.6114161],[111.5005709,-7.6113668],[111.500548,-7.6113194],[111.5005119,-7.6112779],[111.5004852,-7.6111907],[111.5004499,-7.6109781],[111.5004628,-7.6108647],[111.5005239,-7.6107644],[111.5005806,-7.6106728],[111.5006199,-7.610603],[111.500646,-7.6105506],[111.5006678,-7.6104591],[111.5006808,-7.610398],[111.5007245,-7.6103064],[111.5008292,-7.610145],[111.5008947,-7.6101013],[111.5009471,-7.6100359],[111.500947,-7.6099705],[111.5009382,-7.6099181],[111.5008506,-7.6098136],[111.5007369,-7.6097222],[111.5006144,-7.6095311],[111.5005924,-7.6094532],[111.5005766,-7.60931],[111.5005677,-7.6091418],[111.5005578,-7.6091121],[111.5005379,-7.6090824],[111.500513,-7.6090602],[111.5004734,-7.6090479],[111.5004188,-7.6090479],[111.5003519,-7.6090654],[111.5002477,-7.6090828],[111.5001411,-7.6090804],[111.5000815,-7.6090434],[111.5000516,-7.608984],[111.5000341,-7.6088406],[111.5000464,-7.6086996],[111.5000883,-7.6085264],[111.500165,-7.6083754],[111.500346,-7.6082117],[111.5004641,-7.6081093],[111.5005291,-7.6080503],[111.5006275,-7.6079578],[111.5006845,-7.6078929],[111.5007239,-7.6078398],[111.5007533,-7.6077553],[111.5008084,-7.6076963],[111.5008832,-7.6076019],[111.5010999,-7.6076155],[111.5012854,-7.6075601],[111.5013418,-7.6075834],[111.5014764,-7.6076441],[111.5015829,-7.6076658],[111.5017456,-7.607689],[111.5017644,-7.6076625],[111.5018112,-7.6075641],[111.5020372,-7.6076103],[111.5022499,-7.6076454],[111.5026823,-7.6077156],[111.5030782,-7.6077247],[111.5031387,-7.6077147],[111.5033259,-7.6076864],[111.5033679,-7.6074983],[111.5034429,-7.6071592],[111.5034323,-7.6071216],[111.5034043,-7.6070512],[111.5034148,-7.6069989],[111.503437,-7.6068999],[111.5034644,-7.6067964],[111.5034764,-7.6067724],[111.5034985,-7.6067042],[111.5034948,-7.6065929],[111.5035232,-7.6064987],[111.5035277,-7.6064714],[111.5035288,-7.606426],[111.5035537,-7.6063397],[111.5036859,-7.6064581],[111.5037313,-7.6063066],[111.5037643,-7.6062827],[111.5037893,-7.6062827],[111.50398,-7.6063413],[111.5040845,-7.6064209],[111.5041954,-7.6064414],[111.5049367,-7.6065925],[111.5051948,-7.6066586],[111.5056173,-7.6067743],[111.506007,-7.6068969],[111.5060871,-7.6069281],[111.5061291,-7.6069687],[111.5062317,-7.6070812],[111.5062922,-7.6071702],[111.5063549,-7.6073225],[111.5063811,-7.6074192],[111.5064301,-7.607492],[111.5064719,-7.6075387],[111.5065251,-7.6075511],[111.5065887,-7.6075593],[111.5066523,-7.6075759],[111.5067703,-7.6076374],[111.5068896,-7.6076973],[111.507042,-7.6077854],[111.5071484,-7.6078465],[111.5072147,-7.607907],[111.5072309,-7.6080082],[111.507251,-7.6081015],[111.5072806,-7.6081776],[111.507314,-7.6082122],[111.5073528,-7.6082347],[111.507445,-7.6082494],[111.5075681,-7.6082639],[111.5076643,-7.6082491],[111.5077191,-7.6082384],[111.5077993,-7.6082569],[111.5079462,-7.6082915],[111.5080044,-7.6082936],[111.5080432,-7.6082656],[111.5080842,-7.6082095],[111.5081531,-7.6081234],[111.5081876,-7.6080782],[111.5082264,-7.6080501],[111.508304,-7.6079898],[111.5083493,-7.6079381],[111.5083923,-7.6078627],[111.5084074,-7.6078519],[111.5084333,-7.6078583],[111.5084809,-7.6078949],[111.508524,-7.607925],[111.5085478,-7.6079185],[111.5085801,-7.6078819],[111.5086331,-7.6078358],[111.5087835,-7.6078998],[111.5090934,-7.608008],[111.5093174,-7.6080919],[111.5094524,-7.6081483],[111.5094877,-7.6081544],[111.509555,-7.6080962],[111.5095997,-7.608052],[111.5096536,-7.6080531],[111.5097588,-7.608059],[111.5098688,-7.608041],[111.509974,-7.6080253],[111.5100793,-7.6080204],[111.5102646,-7.6080065],[111.5104991,-7.6080104],[111.5106997,-7.6080165],[111.5107409,-7.6079764],[111.5108,-7.6078994],[111.5108274,-7.6078773],[111.5108844,-7.6079346],[111.5109736,-7.6079968],[111.5110441,-7.6080683],[111.5110654,-7.6080935],[111.5112051,-7.6081252],[111.5113993,-7.6081608],[111.5115352,-7.6081963],[111.5116786,-7.608224],[111.5117693,-7.6082485],[111.5118343,-7.6082698],[111.5119837,-7.6082118],[111.5120357,-7.6080781],[111.5121044,-7.6079295],[111.5121619,-7.6077884],[111.5122278,-7.6075707],[111.5122559,-7.6074843],[111.5122845,-7.6074887],[111.5123587,-7.607518],[111.5123984,-7.6075251],[111.5124955,-7.6075267],[111.5125759,-7.6075216],[111.5126512,-7.6074974],[111.5127818,-7.6074443],[111.512882,-7.6074065],[111.5130131,-7.6073508],[111.513097,-7.6074262],[111.5131389,-7.6074666],[111.5137543,-7.6067313],[111.5138387,-7.6065334],[111.5139259,-7.6063521],[111.5138315,-7.6063079],[111.5137982,-7.6062775],[111.5138118,-7.6061101],[111.51382,-7.6060133],[111.5138096,-7.6056885],[111.5137798,-7.6055213],[111.5137464,-7.6053576],[111.5137288,-7.6052618],[111.5137279,-7.6051283],[111.5137558,-7.6049653],[111.5137675,-7.6048293],[111.5137545,-7.6047754],[111.5137326,-7.6047035],[111.5137267,-7.6045348],[111.5136664,-7.6044891],[111.5133605,-7.6043227],[111.5133737,-7.604235],[111.513421,-7.6040676],[111.513511,-7.6038495],[111.5135422,-7.6037721],[111.5136113,-7.6035448],[111.5136621,-7.6033794],[111.5136907,-7.6033158],[111.513719,-7.6032582],[111.5137527,-7.603231],[111.513872,-7.6032842],[111.5140485,-7.6033588],[111.5141377,-7.6033943],[111.5141649,-7.6033859],[111.5142061,-7.6033287],[111.5142334,-7.6033185],[111.5142787,-7.6033261],[111.5143509,-7.603347],[111.5144701,-7.6033949],[111.5145271,-7.6034297],[111.514604,-7.6034723],[111.5146347,-7.6034832],[111.5147072,-7.6034772],[111.5147877,-7.6034815],[111.5148843,-7.6035011],[111.5151598,-7.6035802],[111.5152925,-7.603627],[111.5153746,-7.6036508],[111.5157822,-7.6037377],[111.5160014,-7.6037767],[111.5161284,-7.6038057],[111.5161474,-7.6038012],[111.5161546,-7.6037168],[111.5162113,-7.6034676],[111.5162549,-7.6033205],[111.5164045,-7.6028845],[111.5165185,-7.602888],[111.5166988,-7.6029207],[111.5170445,-7.6029717],[111.5173525,-7.6030231],[111.5175523,-7.6030552],[111.517614,-7.6030519],[111.5176367,-7.6030227],[111.5178843,-7.6024729],[111.5179764,-7.6022056],[111.5180331,-7.6019879],[111.5180756,-7.6018129],[111.5178715,-7.6017209],[111.5177695,-7.6016689],[111.5178001,-7.6015152],[111.5181487,-7.6000826],[111.5181932,-7.5998682],[111.5182201,-7.5998563],[111.5183574,-7.5998561],[111.5183782,-7.5997697],[111.5184361,-7.5996517],[111.5186232,-7.5997122],[111.5186881,-7.5995257],[111.5187279,-7.5994628],[111.5188329,-7.5994816],[111.518865,-7.5993401],[111.5188708,-7.5992622],[111.5189857,-7.5992783],[111.5190623,-7.5992782],[111.519074,-7.5991224],[111.5190857,-7.5991151],[111.5192193,-7.5991178],[111.5193289,-7.5991204],[111.5193818,-7.5991185],[111.51942,-7.599012],[111.5194509,-7.5989328],[111.5195082,-7.5988061],[111.5196815,-7.5988002],[111.5197772,-7.5986297],[111.5198946,-7.5986209],[111.5199379,-7.5985215],[111.5199556,-7.598476],[111.5199919,-7.598225],[111.5200204,-7.5980614],[111.5200266,-7.5980176],[111.5201055,-7.5977553],[111.5201615,-7.5975547],[111.5201793,-7.5974926],[111.5202445,-7.5972656],[111.5204588,-7.597294],[111.5204038,-7.5971451],[111.5210212,-7.5973553],[111.5212108,-7.5974151],[111.521335,-7.5974575],[111.5214806,-7.597518],[111.5216181,-7.5975621],[111.521964,-7.5976921],[111.5222735,-7.5978264],[111.5223764,-7.5978809],[111.5224841,-7.5979305],[111.5225605,-7.5979714],[111.5226319,-7.5980064],[111.5228217,-7.5981079],[111.5228891,-7.5981466],[111.5230033,-7.5981921],[111.5231225,-7.5982351],[111.5232038,-7.5982626],[111.5235644,-7.5984036],[111.5237973,-7.5984989],[111.523959,-7.5985616],[111.524085,-7.5984741],[111.5241616,-7.5984261],[111.5243562,-7.5984614],[111.5248428,-7.598568],[111.5250654,-7.5986451],[111.5254156,-7.5987462],[111.5256105,-7.5988044],[111.5260939,-7.5989366],[111.5264231,-7.5990251],[111.526574,-7.5990533],[111.5267522,-7.5990826],[111.5271244,-7.5991383],[111.5273787,-7.5991902],[111.5275073,-7.5992154],[111.5275595,-7.5990825],[111.5275983,-7.5989915],[111.5275591,-7.5987589],[111.5275455,-7.598656],[111.5276526,-7.5985039],[111.5277516,-7.598409],[111.5278267,-7.598293],[111.5278822,-7.598231],[111.5279785,-7.5982441],[111.528153,-7.598311],[111.5283175,-7.5983575],[111.5283723,-7.5983648],[111.5284296,-7.5983598],[111.5284844,-7.5983459],[111.5285384,-7.5983442],[111.5286301,-7.5983588],[111.5287383,-7.5983775],[111.5287878,-7.5984001],[111.5289095,-7.598476],[111.5290074,-7.5985221],[111.5291135,-7.5985528],[111.529375,-7.598612],[111.5294899,-7.5986596],[111.5295793,-7.5987079],[111.5299462,-7.5989294],[111.5301041,-7.5990237],[111.5301772,-7.5990641],[111.5302358,-7.5990864],[111.5302989,-7.5991089],[111.5303854,-7.5991453],[111.5304746,-7.5991683],[111.5306952,-7.5992069],[111.5308019,-7.5992369],[111.5308912,-7.5992626],[111.5309706,-7.5992708],[111.5310609,-7.5992733],[111.5312264,-7.5992761],[111.5313599,-7.5992803],[111.5314699,-7.5992981],[111.5315003,-7.5993204],[111.5318065,-7.5993956],[111.5319736,-7.5994489],[111.5322417,-7.5995234],[111.5322663,-7.5995234],[111.5328139,-7.59987],[111.5329655,-7.599743],[111.533071,-7.5997063],[111.5332172,-7.599721],[111.5333159,-7.5997196],[111.5333822,-7.5997168],[111.533554,-7.5996964],[111.5337618,-7.5996485],[111.5339255,-7.5995923],[111.5340521,-7.5995326],[111.5341726,-7.5998192],[111.5342922,-7.6000686],[111.5343389,-7.6004984],[111.5343238,-7.600748],[111.5342625,-7.6009092],[111.5341087,-7.6010629],[111.5338549,-7.6012514],[111.533651,-7.6013438],[111.5331099,-7.6012395],[111.5326859,-7.6011173],[111.532458,-7.6010153],[111.5324266,-7.6010202],[111.5323951,-7.6010252],[111.5323243,-7.6011491],[111.5322687,-7.6012122],[111.5322232,-7.601273],[111.5321954,-7.6013437],[111.5321729,-7.6015736],[111.5321507,-7.6018784],[111.5321666,-7.6021319],[111.5322109,-7.6022975],[111.5322447,-7.6023726],[111.5322708,-7.6024476],[111.5322968,-7.6024993],[111.5323966,-7.6026243],[111.5323912,-7.6024733],[111.5325778,-7.6025033],[111.5330797,-7.6025881],[111.5331302,-7.6026283],[111.533158,-7.6026685],[111.5332991,-7.6026155],[111.5334046,-7.6023214],[111.5334618,-7.6021934],[111.5335739,-7.6020446],[111.5337519,-7.6018786],[111.5338106,-7.6018705],[111.5339057,-7.6018886],[111.5339831,-7.601922],[111.5339989,-7.6019288],[111.5340739,-7.601955],[111.5341488,-7.6019529],[111.5341872,-7.6019387],[111.5342782,-7.6018518],[111.5343671,-7.6017891],[111.5344704,-7.6016338],[111.5344747,-7.6015995],[111.5344338,-7.6015545],[111.5344208,-7.601501],[111.5344401,-7.6014474],[111.5345302,-7.6013617],[111.5345775,-7.6013488],[111.5347,-7.6013421],[111.5348719,-7.6013376],[111.5350717,-7.601361],[111.5351383,-7.6013566],[111.5352843,-7.6012387],[111.5353917,-7.6011678],[111.5354454,-7.6011142],[111.5355161,-7.6009706],[111.5355895,-7.600865],[111.5356806,-7.6007854],[111.5358286,-7.6006128],[111.5358893,-7.6005483],[111.5359794,-7.6004739],[111.5360902,-7.6004303],[111.5362145,-7.6003782],[111.5362763,-7.6003635],[111.5362892,-7.6003124],[111.536312,-7.600256],[111.5364981,-7.5994647],[111.5365706,-7.5990739],[111.5369657,-7.5991927],[111.5371531,-7.5992349],[111.5375087,-7.5993057],[111.5374461,-7.5996574],[111.5373412,-7.6000222],[111.5372856,-7.6002217],[111.537277,-7.6002475],[111.5372039,-7.6002454],[111.537189,-7.6003913],[111.5371699,-7.6006186],[111.5373522,-7.6007038],[111.5374777,-7.6008181],[111.537605,-7.6009506],[111.5377097,-7.6010489],[111.537792,-7.6011189],[111.5378384,-7.6011427],[111.5379012,-7.6011411],[111.5379893,-7.6010933],[111.5380804,-7.6009992],[111.5381803,-7.6008382],[111.5382729,-7.600759],[111.5383282,-7.6007321],[111.5384334,-7.6007564],[111.5385398,-7.6008176],[111.5386562,-7.6008971],[111.5387661,-7.600998],[111.5388377,-7.6011057],[111.5388882,-7.6011779],[111.5389755,-7.6010414],[111.5390852,-7.600851],[111.5392217,-7.6005958],[111.5392776,-7.6004771],[111.5392933,-7.600457],[111.5394211,-7.6004165],[111.5394538,-7.6003498],[111.5397288,-7.5999958],[111.5397524,-7.5998535],[111.5400735,-7.5999302],[111.5401653,-7.5999325],[111.5402285,-7.5995561],[111.5406252,-7.599582],[111.540922,-7.5996213],[111.5410819,-7.5996489],[111.5412976,-7.5996653],[111.5415058,-7.5997133],[111.5415486,-7.5997132],[111.5416364,-7.5996865],[111.5416839,-7.5996389],[111.5416954,-7.5995996],[111.5417051,-7.5995095],[111.5417346,-7.5994539],[111.5417642,-7.599426],[111.5418068,-7.5994096],[111.5419497,-7.5994994],[111.5419402,-7.5997139],[111.5419451,-7.5997712],[111.5419518,-7.5998729],[111.5419397,-7.5999975],[111.5419315,-7.6000772],[111.5419234,-7.600118],[111.5419828,-7.60012],[111.542036,-7.6000975],[111.5420953,-7.6000729],[111.5421876,-7.600132],[111.5422264,-7.6001442],[111.5424741,-7.6000765],[111.5425597,-7.5997761],[111.5425249,-7.5996953],[111.5424929,-7.5995598],[111.5425042,-7.5993751],[111.5425475,-7.5992453],[111.5425908,-7.5991703],[111.5427419,-7.5989915],[111.5428322,-7.5988948],[111.5429415,-7.5987831],[111.5430055,-7.5987153],[111.5430557,-7.5986676],[111.5430997,-7.598635],[111.5431392,-7.5985915],[111.5431679,-7.5985184],[111.5432278,-7.5984254],[111.5432622,-7.5984054],[111.5433099,-7.5984131],[111.5433455,-7.5984318],[111.5433899,-7.5984529],[111.5434188,-7.5984473],[111.5434487,-7.5984218],[111.5434819,-7.5983875],[111.5435417,-7.5982764],[111.5435544,-7.5982157],[111.5435739,-7.598162],[111.5436052,-7.5981061],[111.5436483,-7.5980494],[111.5436678,-7.598021],[111.5437204,-7.5978795],[111.543756,-7.5978361],[111.5438414,-7.597791],[111.5439004,-7.5977445],[111.543947,-7.5976824],[111.5440012,-7.5975816],[111.5440585,-7.5974668],[111.5441114,-7.5974591],[111.5442295,-7.5974511],[111.5442963,-7.5974511],[111.5443227,-7.5974665],[111.5444854,-7.597627],[111.5445883,-7.5976516],[111.5447338,-7.5976951],[111.5449356,-7.5977647],[111.5450647,-7.5978002],[111.5454707,-7.5979289],[111.5456247,-7.5979723],[111.5458901,-7.5980203],[111.5461299,-7.5980706],[111.5462855,-7.5980917],[111.5464915,-7.5981219],[111.5465449,-7.5981188],[111.5465785,-7.5980944],[111.5466548,-7.5981263],[111.5467675,-7.5979694],[111.5468056,-7.597913],[111.54694,-7.5979225],[111.5471032,-7.5979761],[111.5473499,-7.5980578],[111.547517,-7.59811],[111.5477347,-7.5981662],[111.5477895,-7.5981626],[111.5478323,-7.5981436],[111.547888,-7.5980129],[111.5479379,-7.5978799],[111.547824,-7.5978451],[111.5478525,-7.5976154],[111.5479045,-7.5973413],[111.5480301,-7.5973463],[111.5480573,-7.5970649],[111.5480621,-7.5970115],[111.5479404,-7.5969826],[111.5479209,-7.596968],[111.5479355,-7.5969356],[111.5480342,-7.5967722],[111.5481468,-7.596613],[111.5483413,-7.5964286],[111.5483813,-7.5964014],[111.548513,-7.5964241],[111.548619,-7.5964397],[111.5486949,-7.5964411],[111.5488582,-7.596508],[111.5489571,-7.5965493],[111.5491039,-7.5966098],[111.5491713,-7.5966354],[111.5491766,-7.5965842],[111.5491828,-7.5965726],[111.5491881,-7.5965682],[111.5491952,-7.5965664],[111.5492697,-7.5965743],[111.5495864,-7.5949451],[111.5496045,-7.5948712],[111.5496638,-7.5948703],[111.5497745,-7.5948831],[111.5498955,-7.5948986],[111.550142,-7.5949366],[111.550289,-7.5949725],[111.550402,-7.5950062],[111.5504843,-7.5950456],[111.5505973,-7.5951],[111.5506928,-7.5951426],[111.5509018,-7.5952132],[111.550928,-7.5952189],[111.5509734,-7.5951146],[111.5510284,-7.5950092],[111.5511152,-7.5948423],[111.5513153,-7.5949283],[111.5515671,-7.5950297],[111.5515776,-7.5951265]]]]}},{"type":"Feature","properties":{},"geometry":{"type":"MultiPolygon","coordinates":[[[[111.6914825,-7.4226059],[111.6926956,-7.4234032],[111.692696,-7.4234035],[111.6939545,-7.4242801],[111.6946945,-7.4247827],[111.695198,-7.4251565],[111.6958084,-7.4255905],[111.6965027,-7.4261064],[111.6970672,-7.4265436],[111.6976013,-7.4269399],[111.6979522,-7.4271979],[111.698555,-7.4276923],[111.6989898,-7.4280767],[111.6995315,-7.4285588],[111.6999054,-7.4288835],[111.7006988,-7.4294781],[111.7013931,-7.4299173],[111.7019653,-7.4303035],[111.7032623,-7.4313678],[111.7041473,-7.4319901],[111.7048874,-7.4325465],[111.705513,-7.4330792],[111.7062454,-7.433588],[111.7070389,-7.4340839],[111.707634,-7.4344634],[111.708374,-7.4349885],[111.7086181,-7.4351239],[111.7086193,-7.435125],[111.7088241,-7.4353184],[111.7096481,-7.4358072],[111.7103271,-7.4362211],[111.7108612,-7.4366459],[111.7111816,-7.4369902],[111.7118072,-7.4375863],[111.7123794,-7.4381322],[111.7128753,-7.4386434],[111.713356,-7.4391741],[111.7133865,-7.4391674],[111.7137222,-7.4396867],[111.7141571,-7.4402084],[111.7145843,-7.4407109],[111.7148819,-7.4411029],[111.7151947,-7.4415812],[111.7154465,-7.4420313],[111.7157135,-7.4424939],[111.7161865,-7.4428911],[111.7167053,-7.4432139],[111.7177734,-7.4436941],[111.718811,-7.4440851],[111.7194443,-7.4444231],[111.7201156,-7.4446873],[111.7205887,-7.4449467],[111.7209676,-7.4452726],[111.7209701,-7.4452748],[111.7216949,-7.445538],[111.7223587,-7.4458246],[111.722763,-7.4460024],[111.7236099,-7.4464144],[111.7243271,-7.4469175],[111.7248993,-7.4473991],[111.7253723,-7.4477481],[111.7254333,-7.4478177],[111.7261123,-7.4483113],[111.7267074,-7.4486365],[111.7271805,-7.4488487],[111.7276993,-7.4490442],[111.7283478,-7.4492382],[111.7287674,-7.4492978],[111.7291641,-7.449345],[111.7296981,-7.449346],[111.7305603,-7.4494456],[111.7314453,-7.449542],[111.731781,-7.449583],[111.733612,-7.4498448],[111.7344665,-7.4500946],[111.7352371,-7.450386],[111.7356879,-7.4504823],[111.7356949,-7.4504838],[111.7359772,-7.4505443],[111.7365341,-7.4506821],[111.7373123,-7.4509038],[111.7397995,-7.4522204],[111.7404403,-7.4527015],[111.7409668,-7.453133],[111.7413559,-7.4534859],[111.7421799,-7.4538888],[111.7422028,-7.4539174],[111.7426834,-7.4541101],[111.7436066,-7.4542889],[111.7442398,-7.4543557],[111.7446746,-7.4543928],[111.7452392,-7.4545369],[111.7458572,-7.4547662],[111.7462921,-7.4549851],[111.7467346,-7.4553532],[111.7467727,-7.4553627],[111.7475662,-7.4559125],[111.7480468,-7.4563093],[111.7485275,-7.4567184],[111.7490158,-7.4570226],[111.75,-7.4585037],[111.75,-7.5],[111.625,-7.5],[111.625,-7.625],[111.5491031,-7.625],[111.5492024,-7.6248984],[111.5492847,-7.6248146],[111.5494004,-7.6247034],[111.5497546,-7.6245126],[111.549804,-7.6244621],[111.5499027,-7.6243851],[111.5499521,-7.6243438],[111.5501945,-7.6240651],[111.5503661,-7.6238728],[111.5505155,-7.6237116],[111.5507959,-7.6233244],[111.5511514,-7.6228917],[111.5512038,-7.6227676],[111.5512213,-7.6227344],[111.5512177,-7.6226418],[111.5512386,-7.6225789],[111.5512631,-7.6225334],[111.5513156,-7.6224792],[111.5514276,-7.6223794],[111.5514625,-7.6223078],[111.5514956,-7.6221802],[111.5515322,-7.6220517],[111.5515856,-7.6219921],[111.5516452,-7.6219325],[111.5516698,-7.6218956],[111.551676,-7.621871],[111.5516739,-7.6218382],[111.5516533,-7.6218013],[111.5516265,-7.6217664],[111.5515708,-7.6217131],[111.551542,-7.6216722],[111.5515275,-7.621625],[111.5515213,-7.6215471],[111.5515027,-7.621467],[111.5514631,-7.6213821],[111.5514597,-7.6213153],[111.5514661,-7.6212077],[111.5514758,-7.6211686],[111.5515167,-7.6211408],[111.551613,-7.6210919],[111.5516538,-7.6210282],[111.5517125,-7.6209223],[111.5517417,-7.6208326],[111.5517553,-7.6206612],[111.5519608,-7.6204927],[111.5519975,-7.6203243],[111.5520196,-7.6201108],[111.5520804,-7.6201127],[111.5522846,-7.6201546],[111.552301,-7.6200683],[111.552203,-7.6200499],[111.5521927,-7.6200406],[111.5521369,-7.61994],[111.5519987,-7.6199319],[111.5519595,-7.619933],[111.551942,-7.6199134],[111.5518762,-7.6198558],[111.5518121,-7.6197779],[111.5517456,-7.6196928],[111.5517313,-7.619636],[111.551759,-7.6196457],[111.5516907,-7.6194895],[111.551833,-7.6194386],[111.5518183,-7.6193652],[111.5517834,-7.6193063],[111.5520061,-7.619231],[111.5520947,-7.6191827],[111.5521107,-7.6190783],[111.5521078,-7.6189176],[111.5520915,-7.6187648],[111.5520404,-7.6186738],[111.5520805,-7.6186041],[111.5521558,-7.6186898],[111.5523547,-7.6187297],[111.552473,-7.6187539],[111.5525886,-7.6189115],[111.5525406,-7.6191848],[111.5526266,-7.6192196],[111.5527733,-7.6186381],[111.5528491,-7.6184416],[111.5528665,-7.6183322],[111.5528664,-7.6182251],[111.5528838,-7.6181726],[111.5529144,-7.618072],[111.5529887,-7.6178751],[111.5530345,-7.6177242],[111.553052,-7.617606],[111.553046,-7.6174381],[111.5530422,-7.6172576],[111.5530491,-7.6171086],[111.5530645,-7.6168579],[111.5531945,-7.6168445],[111.5532992,-7.6168359],[111.5534233,-7.6167857],[111.5533366,-7.6165826],[111.5533337,-7.6165367],[111.5533579,-7.6164426],[111.5533721,-7.6163921],[111.5533942,-7.6163337],[111.5534478,-7.6162454],[111.553503,-7.6161649],[111.5535867,-7.6161428],[111.5537412,-7.6161266],[111.5538418,-7.6161804],[111.5539348,-7.6162279],[111.5539747,-7.6160901],[111.554006,-7.6160061],[111.5540473,-7.6158771],[111.5542275,-7.6159159],[111.5542584,-7.6159308],[111.5543582,-7.6159814],[111.5544331,-7.6160102],[111.5544989,-7.616028],[111.5545009,-7.6160489],[111.5545079,-7.6160807],[111.5545319,-7.6161414],[111.5546291,-7.6161457],[111.5546757,-7.6161295],[111.5547626,-7.6161037],[111.5548542,-7.6160507],[111.5548188,-7.615993],[111.5549329,-7.6159237],[111.5549813,-7.6159783],[111.5550327,-7.6159204],[111.5550986,-7.6158176],[111.5551822,-7.6157196],[111.5552127,-7.6156634],[111.55524,-7.6155751],[111.5552861,-7.6154155],[111.5552861,-7.6153884],[111.5552847,-7.6153138],[111.5552834,-7.6152778],[111.5552859,-7.6152521],[111.5552871,-7.6152276],[111.555291,-7.6152134],[111.5553013,-7.615189],[111.5553103,-7.6151684],[111.555327,-7.6151363],[111.5553348,-7.6151144],[111.5553386,-7.6150898],[111.5553514,-7.6150358],[111.5553665,-7.6148949],[111.5553756,-7.6147835],[111.5553735,-7.6147416],[111.5553724,-7.6147017],[111.5553642,-7.614669],[111.555357,-7.6146497],[111.5553354,-7.6146445],[111.5553099,-7.6146425],[111.5552688,-7.6146456],[111.5552279,-7.6146529],[111.5552074,-7.6146519],[111.5551941,-7.6146457],[111.5551828,-7.6146274],[111.5551797,-7.6146049],[111.555192,-7.6145744],[111.5552086,-7.6145364],[111.5552135,-7.6145149],[111.5552134,-7.6144853],[111.5552035,-7.6144721],[111.5551539,-7.6144259],[111.5551389,-7.6144029],[111.5551306,-7.6143749],[111.5551206,-7.6143237],[111.5551073,-7.6142808],[111.5550974,-7.6142528],[111.5550775,-7.6142347],[111.5550643,-7.6142182],[111.5550576,-7.6141968],[111.5550774,-7.6141522],[111.5552379,-7.613846],[111.5553182,-7.613687],[111.555404,-7.6132132],[111.555444,-7.6130122],[111.5554805,-7.6125332],[111.555472,-7.6124727],[111.5554501,-7.612424],[111.5554045,-7.6124005],[111.5552765,-7.6123452],[111.555209,-7.6122916],[111.555096,-7.6121758],[111.5549982,-7.6120852],[111.5549123,-7.6120467],[111.5548179,-7.6120367],[111.5547168,-7.6120302],[111.5545549,-7.6119849],[111.5544345,-7.6119443],[111.5544372,-7.611895],[111.5546178,-7.6115254],[111.5547492,-7.6112625],[111.5550377,-7.6106384],[111.5551491,-7.6103346],[111.5552234,-7.6101083],[111.5553287,-7.60982],[111.5555147,-7.6095285],[111.5556414,-7.6091997],[111.555736,-7.6088698],[111.5558623,-7.608575],[111.555978,-7.6082731],[111.5561006,-7.6079361],[111.5562585,-7.6075574],[111.5563447,-7.6073048],[111.5564176,-7.6070325],[111.5565152,-7.6070605],[111.5571518,-7.6073137],[111.557539,-7.6074636],[111.5579176,-7.6076135],[111.5579374,-7.6075569],[111.5580043,-7.6073711],[111.5580319,-7.6072828],[111.5580543,-7.6072434],[111.5581043,-7.6071966],[111.5581426,-7.6071423],[111.5581574,-7.6070923],[111.5581552,-7.6070086],[111.5581902,-7.6069519],[111.5582323,-7.6068568],[111.5582455,-7.6067954],[111.5582684,-7.6067424],[111.5583142,-7.6066544],[111.5583295,-7.6066184],[111.5584067,-7.6064375],[111.5584621,-7.6062823],[111.5585313,-7.6061548],[111.5586144,-7.6059247],[111.5586947,-7.6057584],[111.5587834,-7.6055948],[111.5588249,-7.6054812],[111.5588415,-7.6053898],[111.5589135,-7.6052234],[111.5590145,-7.605072],[111.5586837,-7.6048014],[111.5584912,-7.6046306],[111.5583992,-7.6046766],[111.5583196,-7.6045432],[111.5582357,-7.6044015],[111.5581061,-7.6043433],[111.5576626,-7.6042104],[111.5574641,-7.6041178],[111.5574899,-7.6039927],[111.5575799,-7.6035358],[111.5576298,-7.6031994],[111.5577402,-7.6028477],[111.5578414,-7.6024992],[111.5579172,-7.6021792],[111.557958,-7.6018372],[111.5582139,-7.6006647],[111.5583311,-7.6001534],[111.558489,-7.5993608],[111.5584131,-7.5993021],[111.5581424,-7.59918],[111.5580747,-7.5991388],[111.5579443,-7.5990058],[111.5579089,-7.5989775],[111.5577996,-7.5989154],[111.5577272,-7.5988731],[111.5577554,-7.59875],[111.5577995,-7.5985953],[111.5578284,-7.5985024],[111.5578283,-7.5984495],[111.5578586,-7.5983374],[111.5578761,-7.5982348],[111.5579114,-7.5981178],[111.5579653,-7.5979516],[111.5581678,-7.5980409],[111.5583066,-7.5975914],[111.5580459,-7.5974876],[111.5579197,-7.5974365],[111.5579487,-7.5971371],[111.5579545,-7.5970398],[111.5579533,-7.597005],[111.5579074,-7.5968884],[111.5579208,-7.5967428],[111.5579397,-7.5966054],[111.5579854,-7.5964706],[111.5580331,-7.5963226],[111.5578554,-7.5962674],[111.5576206,-7.5962077],[111.5575606,-7.5963479],[111.5575283,-7.5964542],[111.5574804,-7.5965704],[111.55736,-7.5968304],[111.5572729,-7.5970031],[111.5572081,-7.5969771],[111.5570786,-7.5969162],[111.556937,-7.5968623],[111.5566237,-7.5967951],[111.5566591,-7.5966351],[111.5566788,-7.5965522],[111.5566846,-7.5964514],[111.5566786,-7.5963804],[111.5566667,-7.5963508],[111.5565479,-7.5963036],[111.556322,-7.5962051],[111.5563475,-7.5961086],[111.556014,-7.5959994],[111.5558949,-7.5959592],[111.5556994,-7.595937],[111.5554197,-7.5959195],[111.5553493,-7.5959111],[111.5552663,-7.5958836],[111.555177,-7.5958525],[111.5550485,-7.5958109],[111.5547785,-7.5957083],[111.5546735,-7.5956618],[111.5545125,-7.5955935],[111.5544455,-7.5956048],[111.5543837,-7.5956096],[111.5543251,-7.5956065],[111.5540658,-7.5955516],[111.5538829,-7.5955092],[111.553792,-7.5954911],[111.5536693,-7.5954659],[111.5535512,-7.5954334],[111.5534875,-7.5953918],[111.5534393,-7.5953583],[111.5534193,-7.5953624],[111.5533299,-7.5954169],[111.5532281,-7.5954694],[111.5532179,-7.5954636],[111.5531829,-7.5954462],[111.5529907,-7.5953779],[111.5528543,-7.5953362],[111.5527927,-7.5953842],[111.5524896,-7.5953799],[111.5524586,-7.5954041],[111.5523412,-7.5953699],[111.5520574,-7.5952987],[111.551896,-7.5952528],[111.5515776,-7.5951265],[111.5515671,-7.5950297],[111.5513153,-7.5949283],[111.5511152,-7.5948423],[111.5510284,-7.5950092],[111.5509734,-7.5951146],[111.550928,-7.5952189],[111.5509018,-7.5952132],[111.5506928,-7.5951426],[111.5505973,-7.5951],[111.5504843,-7.5950456],[111.550402,-7.5950062],[111.550289,-7.5949725],[111.550142,-7.5949366],[111.5498955,-7.5948986],[111.5497745,-7.5948831],[111.5496638,-7.5948703],[111.5496045,-7.5948712],[111.5495864,-7.5949451],[111.5492697,-7.5965743],[111.5491952,-7.5965664],[111.5491881,-7.5965682],[111.5491828,-7.5965726],[111.5491766,-7.5965842],[111.5491713,-7.5966354],[111.5491039,-7.5966098],[111.5489571,-7.5965493],[111.5488582,-7.596508],[111.5486949,-7.5964411],[111.548619,-7.5964397],[111.548513,-7.5964241],[111.5483813,-7.5964014],[111.5483413,-7.5964286],[111.5481468,-7.596613],[111.5480342,-7.5967722],[111.5479355,-7.5969356],[111.5479209,-7.596968],[111.5479404,-7.5969826],[111.5480621,-7.5970115],[111.5480573,-7.5970649],[111.5480301,-7.5973463],[111.5479045,-7.5973413],[111.5478525,-7.5976154],[111.547824,-7.5978451],[111.5479379,-7.5978799],[111.547888,-7.5980129],[111.5478323,-7.5981436],[111.5477895,-7.5981626],[111.5477347,-7.5981662],[111.547517,-7.59811],[111.5473499,-7.5980578],[111.5471032,-7.5979761],[111.54694,-7.5979225],[111.5468056,-7.597913],[111.5467675,-7.5979694],[111.5466548,-7.5981263],[111.5465785,-7.5980944],[111.5465449,-7.5981188],[111.5464915,-7.5981219],[111.5462855,-7.5980917],[111.5461299,-7.5980706],[111.5458901,-7.5980203],[111.5456247,-7.5979723],[111.5454707,-7.5979289],[111.5450647,-7.5978002],[111.5449356,-7.5977647],[111.5447338,-7.5976951],[111.5445883,-7.5976516],[111.5444854,-7.597627],[111.5443227,-7.5974665],[111.5442963,-7.5974511],[111.5442295,-7.5974511],[111.5441114,-7.5974591],[111.5440585,-7.5974668],[111.5440012,-7.5975816],[111.543947,-7.5976824],[111.5439004,-7.5977445],[111.5438414,-7.597791],[111.543756,-7.5978361],[111.5437204,-7.5978795],[111.5436678,-7.598021],[111.5436483,-7.5980494],[111.5436052,-7.5981061],[111.5435739,-7.598162],[111.5435544,-7.5982157],[111.5435417,-7.5982764],[111.5434819,-7.5983875],[111.5434487,-7.5984218],[111.5434188,-7.5984473],[111.5433899,-7.5984529],[111.5433455,-7.5984318],[111.5433099,-7.5984131],[111.5432622,-7.5984054],[111.5432278,-7.5984254],[111.5431679,-7.5985184],[111.5431392,-7.5985915],[111.5430997,-7.598635],[111.5430557,-7.5986676],[111.5430055,-7.5987153],[111.5429415,-7.5987831],[111.5428322,-7.5988948],[111.5427419,-7.5989915],[111.5425908,-7.5991703],[111.5425475,-7.5992453],[111.5425042,-7.5993751],[111.5424929,-7.5995598],[111.5425249,-7.5996953],[111.5425597,-7.5997761],[111.5424741,-7.6000765],[111.5422264,-7.6001442],[111.5421876,-7.600132],[111.5420953,-7.6000729],[111.542036,-7.6000975],[111.5419828,-7.60012],[111.5419234,-7.600118],[111.5419315,-7.6000772],[111.5419397,-7.5999975],[111.5419518,-7.5998729],[111.5419451,-7.5997712],[111.5419402,-7.5997139],[111.5419497,-7.5994994],[111.5418068,-7.5994096],[111.5417642,-7.599426],[111.5417346,-7.5994539],[111.5417051,-7.5995095],[111.5416954,-7.5995996],[111.5416839,-7.5996389],[111.5416364,-7.5996865],[111.5415486,-7.5997132],[111.5415058,-7.5997133],[111.5412976,-7.5996653],[111.5410819,-7.5996489],[111.540922,-7.5996213],[111.5406252,-7.599582],[111.5402285,-7.5995561],[111.5401653,-7.5999325],[111.5400735,-7.5999302],[111.5397524,-7.5998535],[111.5397288,-7.5999958],[111.5394538,-7.6003498],[111.5394211,-7.6004165],[111.5392933,-7.600457],[111.5392776,-7.6004771],[111.5392217,-7.6005958],[111.5390852,-7.600851],[111.5389755,-7.6010414],[111.5388882,-7.6011779],[111.5388377,-7.6011057],[111.5387661,-7.600998],[111.5386562,-7.6008971],[111.5385398,-7.6008176],[111.5384334,-7.6007564],[111.5383282,-7.6007321],[111.5382729,-7.600759],[111.5381803,-7.6008382],[111.5380804,-7.6009992],[111.5379893,-7.6010933],[111.5379012,-7.6011411],[111.5378384,-7.6011427],[111.537792,-7.6011189],[111.5377097,-7.6010489],[111.537605,-7.6009506],[111.5374777,-7.6008181],[111.5373522,-7.6007038],[111.5371699,-7.6006186],[111.537189,-7.6003913],[111.5372039,-7.6002454],[111.537277,-7.6002475],[111.5372856,-7.6002217],[111.5373412,-7.6000222],[111.5374461,-7.5996574],[111.5375087,-7.5993057],[111.5371531,-7.5992349],[111.5369657,-7.5991927],[111.5365706,-7.5990739],[111.5364981,-7.5994647],[111.536312,-7.600256],[111.5362892,-7.6003124],[111.5362763,-7.6003635],[111.5362145,-7.6003782],[111.5360902,-7.6004303],[111.5359794,-7.6004739],[111.5358893,-7.6005483],[111.5358286,-7.6006128],[111.5356806,-7.6007854],[111.5355895,-7.600865],[111.5355161,-7.6009706],[111.5354454,-7.6011142],[111.5353917,-7.6011678],[111.5352843,-7.6012387],[111.5351383,-7.6013566],[111.5350717,-7.601361],[111.5348719,-7.6013376],[111.5347,-7.6013421],[111.5345775,-7.6013488],[111.5345302,-7.6013617],[111.5344401,-7.6014474],[111.5344208,-7.601501],[111.5344338,-7.6015545],[111.5344747,-7.6015995],[111.5344704,-7.6016338],[111.5343671,-7.6017891],[111.5342782,-7.6018518],[111.5341872,-7.6019387],[111.5341488,-7.6019529],[111.5340739,-7.601955],[111.5339989,-7.6019288],[111.5339831,-7.601922],[111.5339057,-7.6018886],[111.5338106,-7.6018705],[111.5337519,-7.6018786],[111.5335739,-7.6020446],[111.5334618,-7.6021934],[111.5334046,-7.6023214],[111.5332991,-7.6026155],[111.533158,-7.6026685],[111.5331302,-7.6026283],[111.5330797,-7.6025881],[111.5325778,-7.6025033],[111.5323912,-7.6024733],[111.5323966,-7.6026243],[111.5322968,-7.6024993],[111.5322708,-7.6024476],[111.5322447,-7.6023726],[111.5322109,-7.6022975],[111.5321666,-7.6021319],[111.5321507,-7.6018784],[111.5321729,-7.6015736],[111.5321954,-7.6013437],[111.5322232,-7.601273],[111.5322687,-7.6012122],[111.5323243,-7.6011491],[111.5323951,-7.6010252],[111.5324266,-7.6010202],[111.532458,-7.6010153],[111.5326859,-7.6011173],[111.5331099,-7.6012395],[111.533651,-7.6013438],[111.5338549,-7.6012514],[111.5341087,-7.6010629],[111.5342625,-7.6009092],[111.5343238,-7.600748],[111.5343389,-7.6004984],[111.5342922,-7.6000686],[111.5341726,-7.5998192],[111.5340521,-7.5995326],[111.5339255,-7.5995923],[111.5337618,-7.5996485],[111.533554,-7.5996964],[111.5333822,-7.5997168],[111.5333159,-7.5997196],[111.5332172,-7.599721],[111.533071,-7.5997063],[111.5329655,-7.599743],[111.5328139,-7.59987],[111.5322663,-7.5995234],[111.5322417,-7.5995234],[111.5319736,-7.5994489],[111.5318065,-7.5993956],[111.5315003,-7.5993204],[111.5314699,-7.5992981],[111.5313599,-7.5992803],[111.5312264,-7.5992761],[111.5310609,-7.5992733],[111.5309706,-7.5992708],[111.5308912,-7.5992626],[111.5308019,-7.5992369],[111.5306952,-7.5992069],[111.5304746,-7.5991683],[111.5303854,-7.5991453],[111.5302989,-7.5991089],[111.5302358,-7.5990864],[111.5301772,-7.5990641],[111.5301041,-7.5990237],[111.5299462,-7.5989294],[111.5295793,-7.5987079],[111.5294899,-7.5986596],[111.529375,-7.598612],[111.5291135,-7.5985528],[111.5290074,-7.5985221],[111.5289095,-7.598476],[111.5287878,-7.5984001],[111.5287383,-7.5983775],[111.5286301,-7.5983588],[111.5285384,-7.5983442],[111.5284844,-7.5983459],[111.5284296,-7.5983598],[111.5283723,-7.5983648],[111.5283175,-7.5983575],[111.528153,-7.598311],[111.5279785,-7.5982441],[111.5278822,-7.598231],[111.5278267,-7.598293],[111.5277516,-7.598409],[111.5276526,-7.5985039],[111.5275455,-7.598656],[111.5275591,-7.5987589],[111.5275983,-7.5989915],[111.5275595,-7.5990825],[111.5275073,-7.5992154],[111.5273787,-7.5991902],[111.5271244,-7.5991383],[111.5267522,-7.5990826],[111.526574,-7.5990533],[111.5264231,-7.5990251],[111.5260939,-7.5989366],[111.5256105,-7.5988044],[111.5254156,-7.5987462],[111.5250654,-7.5986451],[111.5248428,-7.598568],[111.5243562,-7.5984614],[111.5241616,-7.5984261],[111.524085,-7.5984741],[111.523959,-7.5985616],[111.5237973,-7.5984989],[111.5235644,-7.5984036],[111.5232038,-7.5982626],[111.5231225,-7.5982351],[111.5230033,-7.5981921],[111.5228891,-7.5981466],[111.5228217,-7.5981079],[111.5226319,-7.5980064],[111.5225605,-7.5979714],[111.5224841,-7.5979305],[111.5223764,-7.5978809],[111.5222735,-7.5978264],[111.521964,-7.5976921],[111.5216181,-7.5975621],[111.5214806,-7.597518],[111.521335,-7.5974575],[111.5212108,-7.5974151],[111.5210212,-7.5973553],[111.5204038,-7.5971451],[111.5204588,-7.597294],[111.5202445,-7.5972656],[111.5201793,-7.5974926],[111.5201615,-7.5975547],[111.5201055,-7.5977553],[111.5200266,-7.5980176],[111.5200204,-7.5980614],[111.5199919,-7.598225],[111.5199556,-7.598476],[111.5199379,-7.5985215],[111.5198946,-7.5986209],[111.5197772,-7.5986297],[111.5196815,-7.5988002],[111.5195082,-7.5988061],[111.5194509,-7.5989328],[111.51942,-7.599012],[111.5193818,-7.5991185],[111.5193289,-7.5991204],[111.5192193,-7.5991178],[111.5190857,-7.5991151],[111.519074,-7.5991224],[111.5190623,-7.5992782],[111.5189857,-7.5992783],[111.5188708,-7.5992622],[111.518865,-7.5993401],[111.5188329,-7.5994816],[111.5187279,-7.5994628],[111.5186881,-7.5995257],[111.5186232,-7.5997122],[111.5184361,-7.5996517],[111.5183782,-7.5997697],[111.5183574,-7.5998561],[111.5182201,-7.5998563],[111.5181932,-7.5998682],[111.5181487,-7.6000826],[111.5178001,-7.6015152],[111.5177695,-7.6016689],[111.5178715,-7.6017209],[111.5180756,-7.6018129],[111.5180331,-7.6019879],[111.5179764,-7.6022056],[111.5178843,-7.6024729],[111.5176367,-7.6030227],[111.517614,-7.6030519],[111.5175523,-7.6030552],[111.5173525,-7.6030231],[111.5170445,-7.6029717],[111.5166988,-7.6029207],[111.5165185,-7.602888],[111.5164045,-7.6028845],[111.5162549,-7.6033205],[111.5162113,-7.6034676],[111.5161546,-7.6037168],[111.5161474,-7.6038012],[111.5161284,-7.6038057],[111.5160014,-7.6037767],[111.5157822,-7.6037377],[111.5153746,-7.6036508],[111.5152925,-7.603627],[111.5151598,-7.6035802],[111.5148843,-7.6035011],[111.5147877,-7.6034815],[111.5147072,-7.6034772],[111.5146347,-7.6034832],[111.514604,-7.6034723],[111.5145271,-7.6034297],[111.5144701,-7.6033949],[111.5143509,-7.603347],[111.5142787,-7.6033261],[111.5142334,-7.6033185],[111.5142061,-7.6033287],[111.5141649,-7.6033859],[111.5141377,-7.6033943],[111.5140485,-7.6033588],[111.513872,-7.6032842],[111.5137527,-7.603231],[111.513719,-7.6032582],[111.5136907,-7.6033158],[111.5136621,-7.6033794],[111.5136113,-7.6035448],[111.5135422,-7.6037721],[111.513511,-7.6038495],[111.513421,-7.6040676],[111.5133737,-7.604235],[111.5133605,-7.6043227],[111.5136664,-7.6044891],[111.5137267,-7.6045348],[111.5137326,-7.6047035],[111.5137545,-7.6047754],[111.5137675,-7.6048293],[111.5137558,-7.6049653],[111.5137279,-7.6051283],[111.5137288,-7.6052618],[111.5137464,-7.6053576],[111.5137798,-7.6055213],[111.5138096,-7.6056885],[111.51382,-7.6060133],[111.5138118,-7.6061101],[111.5137982,-7.6062775],[111.5138315,-7.6063079],[111.5139259,-7.6063521],[111.5138387,-7.6065334],[111.5137543,-7.6067313],[111.5131389,-7.6074666],[111.513097,-7.6074262],[111.5130131,-7.6073508],[111.512882,-7.6074065],[111.5127818,-7.6074443],[111.5126512,-7.6074974],[111.5125759,-7.6075216],[111.5124955,-7.6075267],[111.5123984,-7.6075251],[111.5123587,-7.607518],[111.5122845,-7.6074887],[111.5122559,-7.6074843],[111.5122278,-7.6075707],[111.5121619,-7.6077884],[111.5121044,-7.6079295],[111.5120357,-7.6080781],[111.5119837,-7.6082118],[111.5118343,-7.6082698],[111.5117693,-7.6082485],[111.5116786,-7.608224],[111.5115352,-7.6081963],[111.5113993,-7.6081608],[111.5112051,-7.6081252],[111.5110654,-7.6080935],[111.5110441,-7.6080683],[111.5109736,-7.6079968],[111.5108844,-7.6079346],[111.5108274,-7.6078773],[111.5108,-7.6078994],[111.5107409,-7.6079764],[111.5106997,-7.6080165],[111.5104991,-7.6080104],[111.5102646,-7.6080065],[111.5100793,-7.6080204],[111.509974,-7.6080253],[111.5098688,-7.608041],[111.5097588,-7.608059],[111.5096536,-7.6080531],[111.5095997,-7.608052],[111.509555,-7.6080962],[111.5094877,-7.6081544],[111.5094524,-7.6081483],[111.5093174,-7.6080919],[111.5090934,-7.608008],[111.5087835,-7.6078998],[111.5086331,-7.6078358],[111.5085801,-7.6078819],[111.5085478,-7.6079185],[111.508524,-7.607925],[111.5084809,-7.6078949],[111.5084333,-7.6078583],[111.5084074,-7.6078519],[111.5083923,-7.6078627],[111.5083493,-7.6079381],[111.508304,-7.6079898],[111.5082264,-7.6080501],[111.5081876,-7.6080782],[111.5081531,-7.6081234],[111.5080842,-7.6082095],[111.5080432,-7.6082656],[111.5080044,-7.6082936],[111.5079462,-7.6082915],[111.5077993,-7.6082569],[111.5077191,-7.6082384],[111.5076643,-7.6082491],[111.5075681,-7.6082639],[111.507445,-7.6082494],[111.5073528,-7.6082347],[111.507314,-7.6082122],[111.5072806,-7.6081776],[111.507251,-7.6081015],[111.5072309,-7.6080082],[111.5072147,-7.607907],[111.5071484,-7.6078465],[111.507042,-7.6077854],[111.5068896,-7.6076973],[111.5067703,-7.6076374],[111.5066523,-7.6075759],[111.5065887,-7.6075593],[111.5065251,-7.6075511],[111.5064719,-7.6075387],[111.5064301,-7.607492],[111.5063811,-7.6074192],[111.5063549,-7.6073225],[111.5062922,-7.6071702],[111.5062317,-7.6070812],[111.5061291,-7.6069687],[111.5060871,-7.6069281],[111.506007,-7.6068969],[111.5056173,-7.6067743],[111.5051948,-7.6066586],[111.5049367,-7.6065925],[111.5041954,-7.6064414],[111.5040845,-7.6064209],[111.50398,-7.6063413],[111.5037893,-7.6062827],[111.5037643,-7.6062827],[111.5037313,-7.6063066],[111.5036859,-7.6064581],[111.5035537,-7.6063397],[111.5035288,-7.606426],[111.5035277,-7.6064714],[111.5035232,-7.6064987],[111.5034948,-7.6065929],[111.5034985,-7.6067042],[111.5034764,-7.6067724],[111.5034644,-7.6067964],[111.503437,-7.6068999],[111.5034148,-7.6069989],[111.5034043,-7.6070512],[111.5034323,-7.6071216],[111.5034429,-7.6071592],[111.5033679,-7.6074983],[111.5033259,-7.6076864],[111.5031387,-7.6077147],[111.5030782,-7.6077247],[111.5026823,-7.6077156],[111.5022499,-7.6076454],[111.5020372,-7.6076103],[111.5018112,-7.6075641],[111.5017644,-7.6076625],[111.5017456,-7.607689],[111.5015829,-7.6076658],[111.5014764,-7.6076441],[111.5013418,-7.6075834],[111.5012854,-7.6075601],[111.5010999,-7.6076155],[111.5008832,-7.6076019],[111.5008084,-7.6076963],[111.5007533,-7.6077553],[111.5007239,-7.6078398],[111.5006845,-7.6078929],[111.5006275,-7.6079578],[111.5005291,-7.6080503],[111.5004641,-7.6081093],[111.500346,-7.6082117],[111.500165,-7.6083754],[111.5000883,-7.6085264],[111.5000464,-7.6086996],[111.5000341,-7.6088406],[111.5000516,-7.608984],[111.5000815,-7.6090434],[111.5001411,-7.6090804],[111.5002477,-7.6090828],[111.5003519,-7.6090654],[111.5004188,-7.6090479],[111.5004734,-7.6090479],[111.500513,-7.6090602],[111.5005379,-7.6090824],[111.5005578,-7.6091121],[111.5005677,-7.6091418],[111.5005766,-7.60931],[111.5005924,-7.6094532],[111.5006144,-7.6095311],[111.5007369,-7.6097222],[111.5008506,-7.6098136],[111.5009382,-7.6099181],[111.500947,-7.6099705],[111.5009471,-7.6100359],[111.5008947,-7.6101013],[111.5008292,-7.610145],[111.5007245,-7.6103064],[111.5006808,-7.610398],[111.5006678,-7.6104591],[111.500646,-7.6105506],[111.5006199,-7.610603],[111.5005806,-7.6106728],[111.5005239,-7.6107644],[111.5004628,-7.6108647],[111.5004499,-7.6109781],[111.5004852,-7.6111907],[111.5005119,-7.6112779],[111.500548,-7.6113194],[111.5005709,-7.6113668],[111.5005785,-7.6114161],[111.5005749,-7.6115032],[111.5005711,-7.6115676],[111.5005655,-7.6116225],[111.5005617,-7.6116718],[111.5005599,-7.6117211],[111.5005967,-7.6119742],[111.500622,-7.6120729],[111.5006354,-7.6121181],[111.5006674,-7.6121616],[111.5006909,-7.6121866],[111.5007178,-7.6121899],[111.5007547,-7.6121799],[111.5007949,-7.6121882],[111.5008118,-7.6122199],[111.5008152,-7.6122518],[111.5008203,-7.6123287],[111.5008253,-7.6123939],[111.500822,-7.6124307],[111.5008288,-7.6124592],[111.5008456,-7.6125011],[111.5008827,-7.6125712],[111.5008947,-7.612617],[111.5008977,-7.6126702],[111.5009037,-7.6126968],[111.5009259,-7.6127367],[111.5009407,-7.6127558],[111.5009704,-7.6127706],[111.5009926,-7.6127779],[111.5010311,-7.6127808],[111.5010741,-7.6127838],[111.5011245,-7.6128089],[111.5011424,-7.6128369],[111.5011424,-7.6128723],[111.501135,-7.6128989],[111.5011069,-7.6129227],[111.5010388,-7.6129759],[111.5009263,-7.6130765],[111.5008701,-7.6131283],[111.5008631,-7.6133361],[111.5008685,-7.6133998],[111.5008686,-7.6134475],[111.5008819,-7.613482],[111.5009433,-7.6135234],[111.5010218,-7.6135936],[111.501048,-7.6136274],[111.5010741,-7.6136951],[111.5010716,-7.613781],[111.5010638,-7.613828],[111.5010457,-7.6138931],[111.5010143,-7.6139243],[111.5009674,-7.6139374],[111.5008864,-7.6139558],[111.5008473,-7.6139819],[111.5008213,-7.6140235],[111.5008056,-7.61406],[111.5007796,-7.6141226],[111.5007352,-7.6141825],[111.50073,-7.6142085],[111.5008204,-7.6144195],[111.5008723,-7.6145141],[111.5008867,-7.6146088],[111.5008898,-7.6147609],[111.5009072,-7.6149158],[111.5009218,-7.615022],[111.5009219,-7.6150995],[111.5009161,-7.6151367],[111.5008989,-7.6151568],[111.5008644,-7.6151627],[111.5006716,-7.6151485],[111.5005622,-7.6151228],[111.5004903,-7.6151028],[111.5004385,-7.6151028],[111.5004011,-7.6151144],[111.500358,-7.6151345],[111.5003436,-7.6151633],[111.5003581,-7.6152206],[111.5004056,-7.6153281],[111.5005174,-7.6153863],[111.5006191,-7.6154166],[111.500703,-7.6154545],[111.5007258,-7.6154671],[111.5007335,-7.61549],[111.5007284,-7.6155356],[111.5007032,-7.6155812],[111.5006499,-7.6156826],[111.5005636,-7.615812],[111.5005307,-7.6158982],[111.5005308,-7.6159792],[111.5005398,-7.6160734],[111.5005351,-7.6161268],[111.500521,-7.6161818],[111.5004959,-7.6162195],[111.5004251,-7.6162949],[111.5003606,-7.6163704],[111.5003513,-7.6164096],[111.500356,-7.6164331],[111.5004695,-7.6166345],[111.5005172,-7.6166779],[111.5005727,-7.6167115],[111.5006064,-7.6167213],[111.5006579,-7.6167173],[111.5007114,-7.6166955],[111.5007629,-7.6166796],[111.5008065,-7.6166776],[111.5008421,-7.6166874],[111.5008481,-7.6166993],[111.5008482,-7.6167329],[111.5008363,-7.6167744],[111.5008027,-7.6168476],[111.5007493,-7.6169228],[111.5007434,-7.6169504],[111.5007454,-7.6169899],[111.500803,-7.6170709],[111.5008779,-7.6171683],[111.5009054,-7.6171957],[111.5009304,-7.6172354],[111.5009404,-7.6172877],[111.500933,-7.6173524],[111.5009283,-7.617554],[111.5009009,-7.6176336],[111.5008935,-7.6176934],[111.500881,-7.6177257],[111.5008661,-7.6177606],[111.5008313,-7.6178104],[111.5007565,-7.617895],[111.5006867,-7.6179847],[111.5006264,-7.6181264],[111.5006228,-7.6182991],[111.500646,-7.6184257],[111.5006769,-7.6185216],[111.5007501,-7.6186021],[111.500908,-7.6186979],[111.501162,-7.6187706],[111.5013353,-7.6188241],[111.5013662,-7.6188509],[111.5013662,-7.6188932],[111.5013393,-7.6189469],[111.5012702,-7.6190391],[111.5011664,-7.6191697],[111.5011318,-7.619235],[111.5011004,-7.6193334],[111.5011071,-7.6193733],[111.5011272,-7.6194017],[111.5011556,-7.6194167],[111.5012192,-7.6194149],[111.5012694,-7.6194115],[111.5013178,-7.6194131],[111.5013564,-7.6194315],[111.5013948,-7.6194631],[111.5014132,-7.6194847],[111.50143,-7.6195248],[111.5014133,-7.6195748],[111.50138,-7.6196399],[111.5013249,-7.6196984],[111.5012915,-7.619735],[111.5012815,-7.6197634],[111.5012815,-7.6197968],[111.5012857,-7.619881],[111.5013079,-7.6199295],[111.5013345,-7.6199575],[111.5013892,-7.619984],[111.5015178,-7.6200324],[111.5016581,-7.620069],[111.5017172,-7.6200956],[111.501815,-7.6201516],[111.5019102,-7.6201748],[111.5019497,-7.6201996],[111.5019673,-7.620239],[111.5019747,-7.6202725],[111.5019938,-7.6202929],[111.5020274,-7.620309],[111.5020918,-7.6203148],[111.5022002,-7.6203453],[111.5022602,-7.6203744],[111.5022865,-7.6203919],[111.5022895,-7.6203978],[111.5022468,-7.6204889],[111.5021889,-7.620613],[111.5021336,-7.6206655],[111.5020866,-7.6206904],[111.5019705,-7.6207319],[111.5018821,-7.6207623],[111.5018296,-7.6207844],[111.5017992,-7.6208176],[111.5017771,-7.6208562],[111.5017578,-7.6209031],[111.5017578,-7.6209472],[111.5018022,-7.6210658],[111.5018383,-7.6211347],[111.5018522,-7.6211898],[111.5018578,-7.621256],[111.5018468,-7.6213194],[111.5018303,-7.6213829],[111.5018082,-7.6214381],[111.5017612,-7.621485],[111.501554,-7.6215747],[111.5013208,-7.6216375],[111.5012442,-7.6216723],[111.5012129,-7.6217105],[111.5011991,-7.6217522],[111.5011922,-7.6218459],[111.5012096,-7.6219049],[111.5012237,-7.6219396],[111.5012376,-7.6219778],[111.5012481,-7.6220125],[111.5012551,-7.6220646],[111.5012517,-7.6220959],[111.5012309,-7.622141],[111.5011056,-7.6222106],[111.5011001,-7.6222788],[111.5012728,-7.6223681],[111.5011557,-7.6226126],[111.5010628,-7.6227744],[111.5006666,-7.6232221],[111.5004977,-7.6234012],[111.5000149,-7.6235876],[111.4998751,-7.6235623],[111.4995798,-7.6235009],[111.4992853,-7.6234824],[111.4990191,-7.6233961],[111.4986422,-7.6233598],[111.4985121,-7.6233052],[111.4983071,-7.6232711],[111.4981685,-7.6232629],[111.4979377,-7.6232568],[111.4976774,-7.6232466],[111.4976312,-7.6232279],[111.4975053,-7.623226],[111.4973982,-7.6232323],[111.4973205,-7.6232178],[111.4972659,-7.6232053],[111.497022,-7.623177],[111.4968868,-7.6231616],[111.496494,-7.6230792],[111.496472,-7.6232257],[111.4965476,-7.623297],[111.4965476,-7.6233086],[111.4965216,-7.6233424],[111.496497,-7.6233683],[111.4963955,-7.6233731],[111.4962405,-7.6233652],[111.4961727,-7.6233527],[111.4961497,-7.6233413],[111.4961325,-7.6233768],[111.4961223,-7.6234238],[111.4961281,-7.6234559],[111.4961349,-7.6234707],[111.4962234,-7.6235199],[111.496274,-7.6235473],[111.4962602,-7.6236],[111.4962615,-7.6236836],[111.4962627,-7.623718],[111.4963133,-7.6237683],[111.4963616,-7.6238098],[111.4964184,-7.623837],[111.4964266,-7.6239482],[111.4964348,-7.624013],[111.4964386,-7.6240952],[111.4964459,-7.6241782],[111.4964378,-7.6242193],[111.4964146,-7.6242872],[111.4963485,-7.6244594],[111.4963244,-7.6245005],[111.4962648,-7.6245756],[111.4962066,-7.6246267],[111.4961044,-7.6246154],[111.4960632,-7.6246112],[111.4959738,-7.6246212],[111.4958887,-7.6246609],[111.4958106,-7.624671],[111.4957013,-7.6246767],[111.4956843,-7.6247037],[111.4956787,-7.6247334],[111.4958618,-7.6247516],[111.4961117,-7.6247853],[111.4962594,-7.6248064],[111.4963971,-7.6247949],[111.4965177,-7.6248018],[111.4965945,-7.6248244],[111.4967437,-7.6248772],[111.4968689,-7.6249394],[111.4969476,-7.6249928],[111.4969543,-7.625],[111.4552816,-7.625],[111.4548969,-7.6249598],[111.4549026,-7.6248741],[111.4541507,-7.6247904],[111.4541165,-7.624798],[111.4540955,-7.6248151],[111.4540765,-7.624838],[111.4540403,-7.6249293],[111.4540118,-7.6249731],[111.4539851,-7.6249998],[111.4539851,-7.625],[111.4512068,-7.625],[111.4512078,-7.6249826],[111.451284,-7.6245201],[111.4514105,-7.6237204],[111.451463,-7.6235258],[111.451513,-7.6232296],[111.4515736,-7.6228013],[111.4516415,-7.6220839],[111.4516415,-7.6217234],[111.4516129,-7.6214343],[111.4516129,-7.6212487],[111.4516272,-7.620674],[111.4516236,-7.6204563],[111.4516343,-7.6203421],[111.4516624,-7.6202277],[111.4518468,-7.6201256],[111.4520985,-7.6200142],[111.4525219,-7.6197092],[111.4528264,-7.6195426],[111.4530739,-7.6194331],[111.4532547,-7.6193713],[111.4533642,-7.6193522],[111.4534641,-7.6193665],[111.4535379,-7.6193798],[111.4536017,-7.6193732],[111.4536802,-7.6193418],[111.4537273,-7.6193018],[111.4538273,-7.6192414],[111.4540236,-7.6191451],[111.4542521,-7.6190487],[111.4544377,-7.6189666],[111.4545233,-7.6189452],[111.4546233,-7.6189309],[111.4548124,-7.6189309],[111.454998,-7.6189416],[111.4551337,-7.6189702],[111.4553371,-7.6190344],[111.4556155,-7.6191415],[111.4558189,-7.6192129],[111.4559903,-7.6192843],[111.4560866,-7.6193128],[111.456233,-7.6194092],[111.4563151,-7.6194556],[111.4564221,-7.6195056],[111.4565256,-7.6195377],[111.456672,-7.6195769],[111.4568433,-7.6196198],[111.457136,-7.6196697],[111.4574715,-7.6196947],[111.457707,-7.6196947],[111.4579854,-7.619659],[111.4581746,-7.6196162],[111.4583995,-7.6195413],[111.4584459,-7.6194877],[111.4584601,-7.6194199],[111.4584601,-7.6193699],[111.4584994,-7.6191605],[111.458547,-7.619013],[111.4586564,-7.6188465],[111.4587469,-7.6187465],[111.4588373,-7.6186466],[111.4589801,-7.6185657],[111.4591085,-7.6185228],[111.4592323,-7.6185228],[111.4593465,-7.6185371],[111.4594274,-7.6185371],[111.4595844,-7.6184753],[111.4598176,-7.6183848],[111.4601365,-7.6184229],[111.4606171,-7.61848],[111.4607266,-7.6184848],[111.4608218,-7.618461],[111.460936,-7.6184134],[111.4613548,-7.6181516],[111.4615879,-7.6179946],[111.4617164,-7.6178709],[111.4617831,-7.6177805],[111.4620387,-7.6174702],[111.4622363,-7.617181],[111.4623872,-7.6169602],[111.4626153,-7.6166741],[111.4628586,-7.6163766],[111.4630109,-7.616229],[111.4630918,-7.6161719],[111.4632536,-7.6161243],[111.4634915,-7.616053],[111.4636866,-7.6159625],[111.4638627,-7.6158531],[111.464014,-7.6157343],[111.4641768,-7.6156104],[111.4643338,-7.615539],[111.4645623,-7.6154676],[111.4651048,-7.6153867],[111.4662802,-7.6152439],[111.4667609,-7.6151821],[111.4671321,-7.6151202],[111.4672844,-7.6150583],[111.4674557,-7.6149774],[111.4675794,-7.6149441],[111.467727,-7.6149203],[111.4679982,-7.6148965],[111.4682219,-7.6148918],[111.4683194,-7.6148888],[111.4684741,-7.614865],[111.4688399,-7.614752],[111.4688965,-7.6146806],[111.4689857,-7.6145349],[111.4689857,-7.6144784],[111.4689738,-7.6143772],[111.4689559,-7.6141928],[111.4689589,-7.6140679],[111.4689708,-7.6140144],[111.4690303,-7.6139251],[111.4690987,-7.6138389],[111.4691314,-7.6137853],[111.4691314,-7.6137259],[111.4691404,-7.6136604],[111.4691879,-7.6136009],[111.4692623,-7.6135117],[111.4693545,-7.6134284],[111.4694973,-7.6133511],[111.4695835,-7.6133065],[111.4697263,-7.6132619],[111.4699553,-7.6131756],[111.4700089,-7.6131399],[111.4700356,-7.6130656],[111.4696698,-7.6130001],[111.4698244,-7.6124469],[111.4701278,-7.6125034],[111.4703479,-7.6117301],[111.4708072,-7.6103629],[111.4703889,-7.6101944],[111.4704044,-7.6100585],[111.4706111,-7.609],[111.4706779,-7.6090129],[111.4707465,-7.6090264],[111.4708,-7.6089937],[111.4708417,-7.6089877],[111.4711332,-7.6090115],[111.4711421,-7.6089164],[111.4713235,-7.6089223],[111.4714455,-7.6089342],[111.4715585,-7.6089521],[111.4716209,-7.608961],[111.4721058,-7.6090591],[111.4721444,-7.6089015],[111.4721593,-7.6088717],[111.4721831,-7.608848],[111.4722128,-7.608839],[111.4722455,-7.6088331],[111.4722872,-7.6088331],[111.4727571,-7.6089164],[111.4731051,-7.6089729],[111.4732003,-7.6090026],[111.4733936,-7.6090651],[111.4740896,-7.6091692],[111.4741342,-7.6090532],[111.474167,-7.6089699],[111.4742086,-7.6088926],[111.4742532,-7.6088331],[111.4742859,-7.6087944],[111.4743365,-7.6087439],[111.474396,-7.6086992],[111.4745269,-7.6086427],[111.47439,-7.6082947],[111.4746191,-7.6081698],[111.4746518,-7.6081222],[111.4747053,-7.608027],[111.4747856,-7.6078605],[111.474854,-7.6076999],[111.4749224,-7.6075155],[111.4750295,-7.6071377],[111.475095,-7.6069295],[111.4752258,-7.6065607],[111.4752794,-7.606406],[111.4752942,-7.6063555],[111.4752883,-7.6063317],[111.4752615,-7.6063168],[111.4745566,-7.6060848],[111.4742349,-7.6059749],[111.4734948,-7.6057219],[111.4733282,-7.6056743],[111.4732122,-7.605603],[111.4732509,-7.6055673],[111.4732866,-7.6055137],[111.4733163,-7.6054602],[111.4733357,-7.6054192],[111.4733431,-7.6054037],[111.4733669,-7.6053234],[111.4734115,-7.60513],[111.473587,-7.6038184],[111.4735959,-7.6037648],[111.4733044,-7.6037262],[111.4730397,-7.6036786],[111.4729415,-7.6036518],[111.4728761,-7.6036161],[111.4728315,-7.6035864],[111.4728047,-7.6035566],[111.4727839,-7.603509],[111.472778,-7.6034555],[111.472775,-7.603396],[111.4727839,-7.6033038],[111.4728315,-7.6031581],[111.4728731,-7.603045],[111.4729088,-7.6029499],[111.4729267,-7.6028844],[111.4729475,-7.6027922],[111.4729832,-7.602703],[111.4730009,-7.6026793],[111.4730278,-7.6026435],[111.4730694,-7.60259],[111.47312,-7.6025394],[111.4731884,-7.6024978],[111.4732776,-7.6024561],[111.4733698,-7.6024264],[111.4734204,-7.6023877],[111.4734412,-7.6023639],[111.4734502,-7.6023104],[111.4734502,-7.6022598],[111.4734412,-7.6021884],[111.4734353,-7.602129],[111.4734412,-7.6020605],[111.4734502,-7.602004],[111.473465,-7.6019475],[111.4734948,-7.6018732],[111.4735691,-7.6016947],[111.4735067,-7.6016471],[111.4735207,-7.6016143],[111.4736881,-7.6013735],[111.4736227,-7.601192],[111.4735453,-7.6010166],[111.473468,-7.6008351],[111.4734591,-7.6005228],[111.4734769,-7.6001629],[111.473584,-7.5999726],[111.4736821,-7.5998506],[111.4735168,-7.5997618],[111.4737458,-7.5993691],[111.473844,-7.5992294],[111.4738916,-7.5991639],[111.4739184,-7.5991074],[111.4739362,-7.5990568],[111.4739689,-7.5990122],[111.4739927,-7.5989944],[111.4740225,-7.5989825],[111.4740522,-7.5989825],[111.4740879,-7.5989914],[111.4741206,-7.5990063],[111.4741414,-7.5990063],[111.4741652,-7.5989914],[111.4742009,-7.598923],[111.4742366,-7.5988486],[111.474302,-7.5987594],[111.4743794,-7.5986702],[111.4744151,-7.5986285],[111.4744537,-7.5986137],[111.4744865,-7.5986137],[111.4745132,-7.5986018],[111.4745173,-7.5985986],[111.4745281,-7.5985899],[111.4745489,-7.5985304],[111.4745876,-7.5984679],[111.47465,-7.5983281],[111.4747095,-7.5981497],[111.4747363,-7.5980545],[111.4747363,-7.5980099],[111.4747214,-7.5979742],[111.4746917,-7.5979385],[111.4746649,-7.5979088],[111.4746411,-7.597882],[111.4746322,-7.5978493],[111.474653,-7.5977928],[111.4746917,-7.5977035],[111.4747304,-7.5976559],[111.4747512,-7.597647],[111.4747779,-7.597647],[111.4748226,-7.5976649],[111.4748642,-7.5976827],[111.474891,-7.5976887],[111.4749058,-7.597653],[111.4749854,-7.5972599],[111.475001,-7.597183],[111.4749683,-7.5971235],[111.4749177,-7.5970462],[111.4749118,-7.5970016],[111.4749029,-7.5969243],[111.4750635,-7.5964008],[111.4751378,-7.5964037],[111.4751854,-7.5963918],[111.475239,-7.5963591],[111.4753103,-7.5963175],[111.4753431,-7.5963115],[111.4753817,-7.5963175],[111.4754204,-7.5963383],[111.475468,-7.596377],[111.4755037,-7.5964037],[111.4755453,-7.5964127],[111.475581,-7.5964156],[111.4756286,-7.5964097],[111.4756732,-7.5964008],[111.4757238,-7.596374],[111.4760153,-7.5962045],[111.4760747,-7.5961004],[111.4761342,-7.5959814],[111.4762235,-7.595684],[111.4763246,-7.5955323],[111.4764941,-7.5952348],[111.4765175,-7.595184],[111.4765447,-7.5951248],[111.4765655,-7.5950623],[111.476628,-7.5949701],[111.4766756,-7.5948779],[111.4762255,-7.5948062],[111.4763663,-7.5943225],[111.4763397,-7.5943054],[111.4763302,-7.5942883],[111.4763187,-7.5942597],[111.4763168,-7.5942331],[111.4763263,-7.5941912],[111.4763663,-7.5940256],[111.476372,-7.593997],[111.4763682,-7.5939685],[111.4763587,-7.5939475],[111.4763397,-7.5939304],[111.4760446,-7.5938219],[111.4760713,-7.5936848],[111.4760883,-7.5935925],[111.4761365,-7.5933304],[111.4762236,-7.5933441],[111.4762959,-7.5931176],[111.476334,-7.5930224],[111.4763625,-7.5929139],[111.4764215,-7.5929234],[111.4764996,-7.5927312],[111.4766328,-7.5921715],[111.4766923,-7.5919837],[111.4768022,-7.5916366],[111.4765357,-7.5915414],[111.4765453,-7.5915053],[111.4762997,-7.5914424],[111.476254,-7.5914481],[111.4761912,-7.5914729],[111.476155,-7.5914824],[111.4760732,-7.591471],[111.4756753,-7.5914006],[111.4756848,-7.5912311],[111.4757248,-7.5910751],[111.4758219,-7.590957],[111.4758961,-7.5908333],[111.4759247,-7.5907781],[111.4759418,-7.5907629],[111.4760275,-7.5907134],[111.4761093,-7.5906924],[111.4761531,-7.5906886],[111.476195,-7.5905915],[111.4760656,-7.5905611],[111.4758942,-7.5905287],[111.475584,-7.5904602],[111.4751404,-7.5903612],[111.475129,-7.5902584],[111.4750529,-7.5900814],[111.4751404,-7.5896226],[111.4750034,-7.5895922],[111.4750205,-7.5894608],[111.4750452,-7.5893714],[111.4750681,-7.5892914],[111.4750833,-7.5891753],[111.4750947,-7.5890078],[111.4751062,-7.5889602],[111.4751214,-7.5889183],[111.4751537,-7.5888821],[111.475209,-7.5888688],[111.4752642,-7.5888631],[111.4753098,-7.5888365],[111.4753175,-7.5888155],[111.4753422,-7.5887546],[111.4753746,-7.5887337],[111.475426,-7.5887108],[111.4754711,-7.5887],[111.4754735,-7.5886994],[111.4755173,-7.5886899],[111.4755954,-7.588688],[111.475643,-7.5885566],[111.4756658,-7.588471],[111.475702,-7.5883263],[111.4757648,-7.5881169],[111.4758181,-7.5879837],[111.4758562,-7.5879018],[111.4758619,-7.587858],[111.4758543,-7.587818],[111.475839,-7.5877743],[111.4758048,-7.5877],[111.4757515,-7.5876315],[111.4756658,-7.587563],[111.4753479,-7.5875515],[111.4750586,-7.5875192],[111.4751328,-7.5872241],[111.4751754,-7.5870251],[111.4752147,-7.5868415],[111.4753041,-7.5864741],[111.4753746,-7.5862248],[111.4755421,-7.5863694],[111.4756506,-7.5864475],[111.4757324,-7.5864798],[111.4760579,-7.5865655],[111.4761755,-7.5865847],[111.476229,-7.5865609],[111.4762918,-7.5865215],[111.4763361,-7.5864925],[111.4763956,-7.5864925],[111.4764551,-7.5864925],[111.4765056,-7.5864806],[111.4768596,-7.5861445],[111.4768891,-7.5859159],[111.4769261,-7.5857539],[111.4769687,-7.5856503],[111.4770378,-7.5855413],[111.4771389,-7.5854217],[111.4771876,-7.5853331],[111.4771973,-7.5853154],[111.4773818,-7.5851626],[111.4773272,-7.5850721],[111.4772773,-7.5849864],[111.4772083,-7.5848603],[111.4771845,-7.5848032],[111.477175,-7.5847651],[111.4771702,-7.5847175],[111.4771702,-7.5846033],[111.4771607,-7.584551],[111.4771535,-7.5845082],[111.4771535,-7.5844748],[111.4771821,-7.5843892],[111.4771964,-7.5843392],[111.4772035,-7.584294],[111.4771988,-7.5842512],[111.4771726,-7.5842036],[111.4771512,-7.5841393],[111.4771179,-7.5840727],[111.4770917,-7.584018],[111.4770465,-7.5839585],[111.4770227,-7.5839109],[111.4770108,-7.5838776],[111.477006,-7.5838538],[111.4770203,-7.5837253],[111.4770489,-7.5834969],[111.4771083,-7.5833494],[111.4772368,-7.5831733],[111.4773629,-7.5828949],[111.4774272,-7.5827664],[111.4774795,-7.5826355],[111.4775271,-7.5825237],[111.4775818,-7.5823119],[111.4776461,-7.5821025],[111.4776628,-7.5820335],[111.4776651,-7.5819764],[111.4776723,-7.581905],[111.477708,-7.5816814],[111.4777294,-7.5815196],[111.4777437,-7.581472],[111.4777603,-7.5814291],[111.477777,-7.5813768],[111.477796,-7.5813197],[111.4778055,-7.5812816],[111.4778127,-7.5812459],[111.4778293,-7.5812174],[111.4779078,-7.5811079],[111.4779792,-7.5809985],[111.4780506,-7.5808771],[111.4780696,-7.5808557],[111.4780934,-7.5808248],[111.4780943,-7.580824],[111.478162,-7.5807648],[111.4781962,-7.5807496],[111.4782267,-7.58074],[111.4782514,-7.5807362],[111.4783847,-7.5807496],[111.478596,-7.5807686],[111.4788016,-7.5807876],[111.4788282,-7.5807819],[111.4788492,-7.5807705],[111.4788625,-7.5807572],[111.4788739,-7.5807343],[111.4788815,-7.5807058],[111.4789005,-7.5805744],[111.4789082,-7.5805097],[111.4789158,-7.5804831],[111.4789272,-7.5804602],[111.4789558,-7.580426],[111.4789843,-7.5803936],[111.4789976,-7.5803707],[111.4790091,-7.5803403],[111.4790148,-7.5803117],[111.4790262,-7.5802832],[111.4790643,-7.5802013],[111.4790814,-7.5801595],[111.4790947,-7.5801004],[111.4791042,-7.5800452],[111.4791328,-7.5797806],[111.479148,-7.5796341],[111.4791823,-7.5794456],[111.4792089,-7.5793238],[111.4792223,-7.5792572],[111.4792242,-7.5792191],[111.4792261,-7.5791848],[111.4792165,-7.5791525],[111.4792013,-7.5791277],[111.4791823,-7.5791087],[111.4791252,-7.5790858],[111.4790224,-7.5790497],[111.4789976,-7.5790344],[111.4789805,-7.5790192],[111.4789748,-7.5789983],[111.4789748,-7.5789754],[111.4789748,-7.5789336],[111.4789938,-7.5788631],[111.4790319,-7.5787927],[111.4790814,-7.5786861],[111.4790966,-7.5786366],[111.4790985,-7.5786023],[111.4790928,-7.5785643],[111.479049,-7.5784253],[111.4790224,-7.5783967],[111.4789348,-7.578353],[111.4787426,-7.578254],[111.478695,-7.5782559],[111.4786207,-7.5782635],[111.478596,-7.578254],[111.4785827,-7.5782254],[111.4785788,-7.5779856],[111.4785674,-7.5778961],[111.4785598,-7.57782],[111.4785446,-7.5777686],[111.4785446,-7.5777286],[111.478556,-7.5776658],[111.4786226,-7.5774431],[111.4787045,-7.5771994],[111.478756,-7.577074],[111.4787742,-7.576993],[111.4787827,-7.5769551],[111.4787976,-7.576848],[111.4788214,-7.5767439],[111.4789523,-7.5763424],[111.4789671,-7.5761936],[111.478985,-7.5760598],[111.4789998,-7.5759854],[111.4790296,-7.5759051],[111.4791724,-7.5754054],[111.4792289,-7.5753341],[111.4792794,-7.5752805],[111.4793122,-7.5752419],[111.4793776,-7.5751497],[111.4794728,-7.5751437],[111.4796066,-7.5751467],[111.4797018,-7.5751586],[111.4799457,-7.5751824],[111.4799873,-7.5751556],[111.4800349,-7.5751199],[111.4800795,-7.5750812],[111.4801272,-7.5750373],[111.4802401,-7.5750247],[111.4803102,-7.5750062],[111.4803413,-7.574998],[111.4804127,-7.5749742],[111.4804751,-7.5749504],[111.4805316,-7.5749444],[111.4807012,-7.5749801],[111.4808053,-7.5747749],[111.4809391,-7.5745875],[111.4810878,-7.5743882],[111.4811265,-7.5743436],[111.4811652,-7.5743287],[111.481189,-7.5743258],[111.4812068,-7.5743496],[111.4812127,-7.5743853],[111.4812038,-7.5744388],[111.4814507,-7.5745132],[111.4816321,-7.5745518],[111.4819058,-7.5745875],[111.4821645,-7.5746351],[111.4825571,-7.5746738],[111.4826702,-7.5746708],[111.4827564,-7.5746648],[111.48281,-7.5746648],[111.4828546,-7.5746678],[111.4828843,-7.5747035],[111.4829498,-7.574763],[111.4829825,-7.5747898],[111.483039,-7.5748225],[111.4830955,-7.5748493],[111.4831342,-7.5748611],[111.4832145,-7.5748493],[111.483274,-7.5748403],[111.4833453,-7.5748403],[111.4833781,-7.5748403],[111.4834494,-7.5748522],[111.4835,-7.574876],[111.4835446,-7.5748939],[111.4836599,-7.5749453],[111.4837009,-7.5749523],[111.4838034,-7.5749385],[111.4838242,-7.574882],[111.4839283,-7.5748611],[111.4840443,-7.5748492],[111.4842674,-7.5748076],[111.4843864,-7.5746708],[111.4845202,-7.5745161],[111.4845767,-7.5744804],[111.4846332,-7.5744566],[111.4846987,-7.574409],[111.4847373,-7.5743496],[111.4847641,-7.5742871],[111.4847998,-7.5742276],[111.4848593,-7.5738142],[111.4849098,-7.5737487],[111.4850229,-7.5736209],[111.4850794,-7.5735346],[111.4851495,-7.5734245],[111.4851689,-7.5733544],[111.4851656,-7.5732491],[111.4851508,-7.5731479],[111.485121,-7.57302],[111.4850496,-7.5728059],[111.4849634,-7.5725917],[111.4848741,-7.5724044],[111.4848176,-7.5723211],[111.4846725,-7.5721862],[111.484654,-7.5721515],[111.485008,-7.5719879],[111.4850745,-7.5716393],[111.485118,-7.5714109],[111.4852359,-7.5708537],[111.4857184,-7.5709311],[111.4857629,-7.5707113],[111.4857898,-7.5705789],[111.4858421,-7.5704695],[111.485904,-7.5703505],[111.4860087,-7.5701839],[111.4861848,-7.5699745],[111.4861987,-7.5699475],[111.4862027,-7.5699398],[111.4862609,-7.569827],[111.486299,-7.5697651],[111.4863561,-7.5696842],[111.4864179,-7.5696081],[111.4864608,-7.5695795],[111.4864988,-7.5695272],[111.4865226,-7.5694653],[111.4865226,-7.5693892],[111.4864322,-7.5692131],[111.4862799,-7.5689276],[111.4862752,-7.5688514],[111.4862894,-7.5687705],[111.486337,-7.5686896],[111.4863941,-7.5685944],[111.486456,-7.5685231],[111.4865131,-7.5684612],[111.4865702,-7.5684279],[111.4866035,-7.5683898],[111.4866109,-7.5683585],[111.4866284,-7.5681944],[111.4865051,-7.5680638],[111.4864004,-7.5680114],[111.4863005,-7.5679686],[111.4860625,-7.5678972],[111.4858912,-7.5678592],[111.4857778,-7.5677778],[111.4858611,-7.5675278],[111.4860197,-7.5675546],[111.4861625,-7.5675784],[111.4862815,-7.5675974],[111.4864147,-7.5676165],[111.4864337,-7.5675118],[111.4864084,-7.5674059],[111.486406,-7.5673],[111.4864024,-7.5672964],[111.4863333,-7.5671667],[111.4862668,-7.5670501],[111.4862418,-7.5669966],[111.4862554,-7.5669225],[111.4863343,-7.5668848],[111.486408,-7.5668526],[111.4864656,-7.5667974],[111.4864817,-7.5667652],[111.4864835,-7.5666803],[111.4864793,-7.5666614],[111.4864567,-7.5665597],[111.4864341,-7.566521],[111.4863809,-7.5664883],[111.4863685,-7.5664557],[111.4863364,-7.5664187],[111.4862973,-7.5662724],[111.4862547,-7.5661279],[111.4863218,-7.5660413],[111.4863596,-7.5660025],[111.4863887,-7.5659726],[111.4864444,-7.5658889],[111.4868056,-7.5658611],[111.4868056,-7.5659167],[111.4869722,-7.5659444],[111.487,-7.5658056],[111.4871197,-7.5657997],[111.487186,-7.5657613],[111.4872149,-7.5657312],[111.4872678,-7.5656558],[111.4872815,-7.5656149],[111.4873113,-7.5655864],[111.4873245,-7.5655576],[111.4873402,-7.565531],[111.4876077,-7.5654964],[111.4876981,-7.5654488],[111.4877885,-7.5653679],[111.4878504,-7.5653108],[111.487936,-7.5652537],[111.4880931,-7.5651955],[111.4884786,-7.5652251],[111.4886404,-7.5652537],[111.4889497,-7.5653251],[111.4892019,-7.5653774],[111.4895255,-7.565425],[111.4897444,-7.5654488],[111.4898396,-7.5651775],[111.4902631,-7.5653251],[111.4903393,-7.5653726],[111.4903774,-7.565444],[111.4904154,-7.5655392],[111.4904916,-7.5657296],[111.490739,-7.565801],[111.4910864,-7.5659247],[111.4912007,-7.5660056],[111.4912625,-7.5660484],[111.4913625,-7.5660675],[111.4914909,-7.5661198],[111.4918991,-7.5662868],[111.4919859,-7.5661721],[111.4921334,-7.5661674],[111.4923095,-7.5661674],[111.4925332,-7.5661721],[111.4929662,-7.5663149],[111.4930138,-7.566472],[111.493009,-7.5665481],[111.4929948,-7.56661],[111.4929424,-7.5667194],[111.4929186,-7.5668955],[111.4928472,-7.5672144],[111.4929472,-7.5672857],[111.4930328,-7.5673333],[111.4931613,-7.5673571],[111.4932327,-7.5673095],[111.493385,-7.5671906],[111.4938752,-7.5668622],[111.4939418,-7.5667956],[111.4940084,-7.5667575],[111.4941369,-7.5666956],[111.4942654,-7.5666623],[111.4943844,-7.5666623],[111.4948412,-7.5667194],[111.4950078,-7.5666385],[111.4951363,-7.566648],[111.4954123,-7.5666861],[111.4957502,-7.5667623],[111.496464,-7.5669336],[111.4967162,-7.566905],[111.4968876,-7.5669098],[111.4971636,-7.5669526],[111.4975966,-7.5670621],[111.4978298,-7.5671239],[111.498063,-7.5671668],[111.4985532,-7.5672524],[111.4991481,-7.5673381],[111.4997096,-7.5674523],[111.5000302,-7.5675341],[111.5000821,-7.5674874],[111.5001448,-7.5674717],[111.5002358,-7.5674497],[111.5003174,-7.5674558],[111.5003738,-7.5674683],[111.5004492,-7.5674588],[111.5005212,-7.5674087],[111.5005839,-7.5673241],[111.5005964,-7.5672053],[111.5005774,-7.5671146],[111.5005397,-7.5670833],[111.500433,-7.5670459],[111.5003984,-7.5670303],[111.5003827,-7.5670021],[111.5003921,-7.5669615],[111.5004234,-7.566927],[111.5005395,-7.5668863],[111.5006116,-7.5668361],[111.5006985,-7.5667115],[111.5007179,-7.5665892],[111.5007206,-7.5664696],[111.5006981,-7.5664112],[111.5006646,-7.5662945],[111.5005848,-7.5660747],[111.5005011,-7.5659136],[111.5007058,-7.5656955],[111.5008438,-7.5655384],[111.5008819,-7.5655146],[111.5010389,-7.5652957],[111.5011341,-7.5653195],[111.5012198,-7.5653005],[111.5012816,-7.5652672],[111.5013673,-7.565172],[111.5013721,-7.565072],[111.5013578,-7.5649911],[111.5013054,-7.5648722],[111.5012388,-7.5647056],[111.5011151,-7.56452],[111.5009152,-7.5644772],[111.5007867,-7.5644772],[111.5006582,-7.5645057],[111.500563,-7.5645676],[111.5005107,-7.5646437],[111.5004631,-7.5647818],[111.5004346,-7.5649055],[111.5004155,-7.5650149],[111.5003679,-7.5651006],[111.5001585,-7.5652434],[111.4999628,-7.5654164],[111.4997466,-7.5652106],[111.4996368,-7.5650484],[111.4996023,-7.5649236],[111.4995864,-7.5647894],[111.4995925,-7.5646146],[111.4996113,-7.5644915],[111.4997397,-7.5644962],[111.4998397,-7.5644867],[111.4999253,-7.5644534],[111.499992,-7.5644153],[111.5000538,-7.5643392],[111.5001443,-7.5641536],[111.5001966,-7.5639585],[111.5002014,-7.5638538],[111.5001728,-7.56373],[111.5001157,-7.5636491],[111.5000396,-7.5635682],[111.4998968,-7.5635111],[111.4996067,-7.5634252],[111.4996107,-7.563366],[111.4996295,-7.5629357],[111.4996539,-7.5626937],[111.4998508,-7.5626373],[111.5000652,-7.5625249],[111.5001706,-7.5624722],[111.5002373,-7.5624019],[111.5002689,-7.5623009],[111.5002214,-7.5621915],[111.5000738,-7.5621486],[111.4999263,-7.5621106],[111.4998684,-7.5620926],[111.4999193,-7.561975],[111.4999817,-7.5618381],[111.4999938,-7.5617861],[111.499971,-7.5616891],[111.499957,-7.5615886],[111.4999452,-7.5615193],[111.5000262,-7.5613484],[111.5000767,-7.5612433],[111.5001622,-7.5611862],[111.5002324,-7.5611357],[111.5003472,-7.5608587],[111.5003919,-7.5607185],[111.5004054,-7.5606212],[111.5004269,-7.5606095],[111.5004797,-7.5606561],[111.5005695,-7.5607124],[111.500593,-7.5607182],[111.5006046,-7.5606345],[111.5006045,-7.5605917],[111.5005439,-7.5604906],[111.5005107,-7.5604263],[111.5004755,-7.5604206],[111.500451,-7.5603741],[111.5004213,-7.5602955],[111.5004705,-7.5600518],[111.5005171,-7.5598624],[111.5005564,-7.5597392],[111.5006065,-7.5596213],[111.5007342,-7.5594594],[111.5008245,-7.5593163],[111.5008992,-7.5592011],[111.500896,-7.5590923],[111.5009021,-7.5590114],[111.5008926,-7.5588901],[111.5008991,-7.5588319],[111.5009224,-7.5587657],[111.500973,-7.5587288],[111.5010256,-7.5587189],[111.501131,-7.5587208],[111.5012615,-7.5587187],[111.5013745,-7.5587128],[111.5014681,-7.5586912],[111.5014934,-7.5586621],[111.5015128,-7.558594],[111.5015205,-7.5585143],[111.5015262,-7.5584327],[111.5015876,-7.5581852],[111.5016923,-7.5579826],[111.5018427,-7.5577694],[111.5019231,-7.5576401],[111.5019475,-7.5576087],[111.5019917,-7.5575563],[111.5019012,-7.5575134],[111.5018251,-7.5574468],[111.5017537,-7.5573992],[111.5016919,-7.5573707],[111.5015967,-7.5573136],[111.5015538,-7.5572707],[111.5015301,-7.5571994],[111.5015301,-7.5570899],[111.5015443,-7.5570042],[111.5015729,-7.5569614],[111.5015824,-7.5568615],[111.5015729,-7.5567235],[111.5015824,-7.5566378],[111.5016157,-7.5565902],[111.5016823,-7.5565474],[111.5017823,-7.5565331],[111.5018775,-7.5565284],[111.5019869,-7.5565569],[111.5020583,-7.5566093],[111.5020868,-7.5566806],[111.5021487,-7.5567949],[111.5022739,-7.5570208],[111.5023094,-7.5570837],[111.5023444,-7.5571526],[111.5023771,-7.5571918],[111.5023965,-7.5572398],[111.5023892,-7.5573402],[111.502382,-7.5574308],[111.5024901,-7.5574749],[111.5026622,-7.5575947],[111.5027974,-7.5576705],[111.5029105,-7.5577119],[111.5030655,-7.5576961],[111.5032128,-7.5576764],[111.503333,-7.5576885],[111.5033871,-7.5576787],[111.5035441,-7.5575708],[111.5035882,-7.5575267],[111.5034751,-7.5573701],[111.5033915,-7.5572429],[111.5033595,-7.5571573],[111.5033274,-7.557057],[111.5032955,-7.5569885],[111.5032643,-7.5569497],[111.5031616,-7.5568454],[111.5031288,-7.556778],[111.5031004,-7.5566693],[111.5030761,-7.5565279],[111.5030498,-7.5564104],[111.5030301,-7.5563234],[111.5029689,-7.5562212],[111.5029579,-7.5561777],[111.5029579,-7.5561342],[111.5030596,-7.5558989],[111.5031559,-7.5557338],[111.5032109,-7.5555853],[111.5032548,-7.555423],[111.5033043,-7.5553157],[111.5033512,-7.5552771],[111.5034283,-7.555244],[111.5035027,-7.5551971],[111.5035468,-7.5551559],[111.503555,-7.5550541],[111.5035505,-7.5548992],[111.5035601,-7.5547795],[111.503668,-7.554772],[111.5038027,-7.5547278],[111.5038493,-7.5547474],[111.5039425,-7.5547374],[111.5040062,-7.5547105],[111.5040623,-7.5545002],[111.5039445,-7.5544148],[111.5037925,-7.5542977],[111.5037654,-7.5542561],[111.5037825,-7.5541926],[111.5038216,-7.5541046],[111.5038726,-7.5539199],[111.5039233,-7.5537403],[111.5039388,-7.5536778],[111.5038949,-7.5535888],[111.5038542,-7.5534905],[111.5038309,-7.5534056],[111.5038559,-7.5533283],[111.5038636,-7.553282],[111.5037958,-7.5531895],[111.5037415,-7.5531085],[111.5037405,-7.5529926],[111.5037502,-7.5529341],[111.5037771,-7.5528926],[111.5038357,-7.5528852],[111.5039678,-7.5528729],[111.5040705,-7.5528679],[111.5041023,-7.5527947],[111.5041902,-7.5526897],[111.5042685,-7.5527091],[111.5043541,-7.5527237],[111.5044568,-7.5527284],[111.5045326,-7.5527332],[111.5046377,-7.5526209],[111.504733,-7.5525525],[111.5048651,-7.5525767],[111.5049728,-7.55264],[111.5050609,-7.5526717],[111.5051097,-7.5526325],[111.5052443,-7.5524526],[111.5053116,-7.5523897],[111.505366,-7.5523722],[111.5054377,-7.5523591],[111.5055942,-7.5523785],[111.505916,-7.5524084],[111.506153,-7.5524363],[111.5063182,-7.5524773],[111.5064482,-7.5525208],[111.5065468,-7.5525669],[111.5066029,-7.5525822],[111.5067207,-7.5525686],[111.5068869,-7.5525261],[111.5070761,-7.552495],[111.5072364,-7.5524621],[111.5074045,-7.5524504],[111.5074471,-7.5524413],[111.507563,-7.5524375],[111.5076269,-7.5524326],[111.5077089,-7.5524108],[111.507803,-7.5524036],[111.5078911,-7.5524035],[111.5079817,-7.5524154],[111.5080552,-7.5524153],[111.5081312,-7.5524056],[111.5081867,-7.5523983],[111.5082579,-7.5523982],[111.5083678,-7.5524377],[111.5084245,-7.5524594],[111.5084728,-7.5524629],[111.5085749,-7.5524337],[111.5086447,-7.5524551],[111.5087326,-7.5524741],[111.5088613,-7.552473],[111.5090179,-7.5524899],[111.5093036,-7.5525078],[111.5095245,-7.5525076],[111.5095592,-7.552514],[111.5095744,-7.5525421],[111.5097758,-7.5525418],[111.5100227,-7.5525481],[111.5104626,-7.5526213],[111.5110479,-7.552764],[111.511638,-7.5529449],[111.511776,-7.5529877],[111.5118664,-7.5530258],[111.5119331,-7.5530686],[111.5120806,-7.553121],[111.5122281,-7.5531495],[111.5123233,-7.5531828],[111.5124042,-7.5532209],[111.5124565,-7.5532447],[111.5125374,-7.5532542],[111.5126231,-7.5532875],[111.512723,-7.5533399],[111.5128182,-7.5533827],[111.5129039,-7.5534255],[111.5130229,-7.5534446],[111.5131561,-7.5534969],[111.5134512,-7.5535873],[111.5134845,-7.5534588],[111.5135178,-7.5533351],[111.5135511,-7.5529258],[111.5135606,-7.5526451],[111.5135939,-7.5525166],[111.5136272,-7.5523738],[111.513632,-7.5522501],[111.513632,-7.5520074],[111.513632,-7.5517932],[111.5136558,-7.5516885],[111.5137122,-7.551511],[111.5142887,-7.5514696],[111.5144743,-7.5514268],[111.5145409,-7.5513649],[111.5145695,-7.551284],[111.5145552,-7.5512031],[111.5145029,-7.5510841],[111.514422,-7.55087],[111.5143078,-7.5507129],[111.5141935,-7.5504655],[111.514146,-7.5503655],[111.514146,-7.5502799],[111.5141364,-7.5501895],[111.5140651,-7.5501752],[111.5139889,-7.5501466],[111.513927,-7.550099],[111.5138414,-7.5500705],[111.5137414,-7.5500467],[111.5135844,-7.5500086],[111.5134226,-7.5500086],[111.5132798,-7.5499801],[111.5130704,-7.5499135],[111.5127754,-7.5498373],[111.512723,-7.5497992],[111.5126088,-7.5496755],[111.5125422,-7.5496089],[111.5123994,-7.5495375],[111.5123471,-7.5493567],[111.5122281,-7.5492424],[111.5119521,-7.5490045],[111.5115238,-7.5486523],[111.5113001,-7.5485524],[111.5112097,-7.5484905],[111.5110907,-7.5483906],[111.5110051,-7.5482716],[111.5099391,-7.5478861],[111.5098429,-7.5478633],[111.5078927,-7.5474007],[111.5079686,-7.5471326],[111.5080354,-7.5471104],[111.5081212,-7.5470819],[111.5083496,-7.546487],[111.5078829,-7.5463682],[111.5079754,-7.5460167],[111.5079832,-7.5459873],[111.5082188,-7.5460205],[111.508321,-7.5460349],[111.5087255,-7.5450213],[111.5089873,-7.5444978],[111.5091538,-7.5442123],[111.5092157,-7.5438744],[111.5092728,-7.5436602],[111.5095298,-7.5429083],[111.5099153,-7.5418947],[111.5104164,-7.5406459],[111.5110828,-7.5390556],[111.5114338,-7.5383325],[111.5114338,-7.5383324],[111.5122874,-7.5385986],[111.512752,-7.5387016],[111.5132385,-7.5388372],[111.5136156,-7.5389131],[111.5137734,-7.5389541],[111.5139709,-7.5390053],[111.5142442,-7.5390813],[111.5144574,-7.5391301],[111.5147143,-7.5392115],[111.5148291,-7.539255],[111.5148835,-7.539086],[111.5148999,-7.5390424],[111.5151269,-7.5390916],[111.5153835,-7.5391451],[111.5154834,-7.5391504],[111.5155049,-7.5391154],[111.5155481,-7.5391153],[111.5155805,-7.5391368],[111.5156049,-7.5391798],[111.5156701,-7.5392072],[111.5156752,-7.5392093],[111.5158562,-7.5393115],[111.5161983,-7.5394883],[111.5164049,-7.5394909],[111.5166079,-7.5395209],[111.5167843,-7.5395755],[111.5170102,-7.5396377],[111.5172588,-7.539732],[111.5175065,-7.5398937],[111.5176225,-7.5399742],[111.5177763,-7.5400386],[111.5179218,-7.540076],[111.5181403,-7.540108],[111.5182858,-7.5400917],[111.5183909,-7.5400728],[111.5185311,-7.5400377],[111.5186119,-7.5400026],[111.5186928,-7.5399944],[111.5188087,-7.5400212],[111.5189435,-7.5400372],[111.5189974,-7.5400344],[111.5190647,-7.5399537],[111.5190834,-7.53983],[111.5190807,-7.5397763],[111.5190915,-7.539744],[111.5191237,-7.5397278],[111.5191804,-7.5397089],[111.5192531,-7.5397062],[111.5193916,-7.53969],[111.5195328,-7.5396398],[111.5196619,-7.5395895],[111.5197385,-7.5395894],[111.5198246,-7.5396155],[111.5199059,-7.5396345],[111.5199825,-7.5396273],[111.5200136,-7.5395867],[111.5200423,-7.5395605],[111.5200853,-7.5395389],[111.5201116,-7.5395389],[111.5201954,-7.5395698],[111.5202792,-7.5396126],[111.5203461,-7.5396174],[111.5203963,-7.5395695],[111.5204274,-7.5395266],[111.52048,-7.5395051],[111.5205279,-7.5395121],[111.5205972,-7.539524],[111.5206403,-7.5395334],[111.5208809,-7.539583],[111.5211416,-7.5396093],[111.5211862,-7.5396092],[111.5212173,-7.539567],[111.5212351,-7.5395025],[111.521235,-7.5394203],[111.5212238,-7.5393648],[111.5212861,-7.5392848],[111.5213395,-7.5391499],[111.5214151,-7.5387622],[111.5213951,-7.5385404],[111.5214175,-7.5384196],[111.5214484,-7.5383438],[111.5215273,-7.5383745],[111.5216118,-7.5383716],[111.5216737,-7.5383547],[111.5217357,-7.538408],[111.521795,-7.5385119],[111.5218767,-7.5385511],[111.5219527,-7.5385538],[111.5220906,-7.5384975],[111.5223102,-7.5383849],[111.5224397,-7.5383342],[111.522603,-7.5383283],[111.5227439,-7.5383647],[111.5228453,-7.5384404],[111.5228989,-7.5385274],[111.5229187,-7.5385919],[111.522812,-7.5388476],[111.5227896,-7.5389319],[111.5227729,-7.5390527],[111.5227308,-7.5391735],[111.5226522,-7.5394151],[111.5225821,-7.5396286],[111.5225086,-7.5399394],[111.5224487,-7.5401318],[111.5224088,-7.5402715],[111.5224289,-7.5403065],[111.5225942,-7.5403612],[111.5226418,-7.5403636],[111.5227168,-7.5402886],[111.5228871,-7.5403434],[111.5231274,-7.5404105],[111.5233753,-7.5404826],[111.5235936,-7.5405525],[111.5237637,-7.5405872],[111.5238988,-7.5405995],[111.5240838,-7.5405843],[111.5242015,-7.5406539],[111.5242143,-7.5407529],[111.5242729,-7.5408691],[111.5244036,-7.5410073],[111.5244418,-7.5410477],[111.5245413,-7.5414378],[111.5244248,-7.5417068],[111.5243013,-7.5420624],[111.5242798,-7.5422365],[111.5242507,-7.542471],[111.5242043,-7.5426024],[111.5239813,-7.5432345],[111.5239881,-7.5433005],[111.5239993,-7.5434083],[111.5240411,-7.5434791],[111.524074,-7.5435347],[111.5242177,-7.5436569],[111.52446,-7.5438627],[111.524553,-7.5439417],[111.5246177,-7.5441265],[111.5247272,-7.5444393],[111.5248026,-7.5444631],[111.5248234,-7.5444838],[111.5248442,-7.5444893],[111.5249204,-7.5444726],[111.5250633,-7.5444973],[111.5251284,-7.5444972],[111.5251644,-7.5444778],[111.5252378,-7.5444045],[111.5253363,-7.5444569],[111.5254667,-7.5445272],[111.5256534,-7.544611],[111.5258229,-7.5446573],[111.5259567,-7.5446928],[111.5260594,-7.5447113],[111.5261434,-7.5447438],[111.526243,-7.5447917],[111.5263286,-7.5448785],[111.526408,-7.5449311],[111.5265978,-7.5450162],[111.5267348,-7.5450749],[111.5268467,-7.5451292],[111.5269269,-7.5452036],[111.5269836,-7.545231],[111.5270777,-7.5452723],[111.527187,-7.5453466],[111.5272866,-7.5454264],[111.5273862,-7.5454828],[111.527554,-7.5455044],[111.5276908,-7.5455483],[111.527829,-7.5455991],[111.5278857,-7.5456624],[111.5279258,-7.5456968],[111.5280005,-7.545738],[111.528082,-7.5457682],[111.5281774,-7.5458246],[111.5283118,-7.5459026],[111.5283806,-7.5459283],[111.5284739,-7.5459416],[111.5285771,-7.5459709],[111.5287036,-7.5460197],[111.5288228,-7.5460771],[111.5289198,-7.5461173],[111.5291807,-7.5462271],[111.5293657,-7.5462756],[111.5294774,-7.5463224],[111.5295961,-7.5463814],[111.5297096,-7.5464595],[111.5298353,-7.5465325],[111.529968,-7.5466106],[111.5301199,-7.5466782],[111.5302106,-7.5467147],[111.5303293,-7.5467493],[111.5303886,-7.5467527],[111.5304409,-7.5467335],[111.5304741,-7.5466952],[111.5304897,-7.5466517],[111.5304792,-7.54661],[111.5304948,-7.5465769],[111.5305315,-7.5465786],[111.5306491,-7.5465807],[111.53082,-7.5466395],[111.5309839,-7.5467054],[111.5312002,-7.546759],[111.531399,-7.5468057],[111.5316344,-7.5468385],[111.5317372,-7.546847],[111.5317686,-7.5468105],[111.5318086,-7.5467913],[111.5318505,-7.5467895],[111.5319813,-7.5468398],[111.5320095,-7.5468649],[111.5321009,-7.5469034],[111.5321582,-7.5468879],[111.5321892,-7.5468353],[111.5322447,-7.5466436],[111.5322972,-7.5465061],[111.5325065,-7.5460084],[111.5325366,-7.545904],[111.5325503,-7.5458202],[111.5326371,-7.5458311],[111.5326646,-7.5458242],[111.5326784,-7.5458091],[111.5327017,-7.5457665],[111.5327519,-7.545626],[111.532782,-7.5455505],[111.5329376,-7.5455901],[111.5330986,-7.5456159],[111.5331509,-7.5456186],[111.5332376,-7.5455966],[111.5333092,-7.5456006],[111.5333298,-7.5455937],[111.5333902,-7.5454537],[111.5334658,-7.5453644],[111.5335469,-7.5452915],[111.5336433,-7.5452978],[111.5337437,-7.5453391],[111.5339627,-7.5454181],[111.5341181,-7.5454692],[111.5342026,-7.5455142],[111.5342674,-7.5455275],[111.534331,-7.5455372],[111.534496,-7.545572],[111.5346167,-7.5456032],[111.5346722,-7.5456205],[111.5347103,-7.5456259],[111.534745,-7.545615],[111.5347722,-7.5455835],[111.5348396,-7.5455856],[111.5348743,-7.5455747],[111.5349243,-7.5455248],[111.5349612,-7.5455107],[111.5350504,-7.5454976],[111.5351636,-7.5454703],[111.5353398,-7.545467],[111.5354324,-7.5454284],[111.5354833,-7.5453652],[111.5355157,-7.5452773],[111.5355233,-7.5452342],[111.5354969,-7.5451402],[111.5354799,-7.5450648],[111.5354569,-7.5449137],[111.5354692,-7.5448069],[111.5354745,-7.5446549],[111.5354812,-7.544544],[111.535496,-7.5441929],[111.535496,-7.5441491],[111.5355436,-7.5441332],[111.5355606,-7.5440894],[111.5355764,-7.5440017],[111.5355739,-7.5439713],[111.5355443,-7.5437318],[111.5355373,-7.5436522],[111.5355598,-7.5436055],[111.5356013,-7.5435346],[111.5356515,-7.543493],[111.5357173,-7.5434134],[111.5357466,-7.5432162],[111.5357518,-7.5430886],[111.5357361,-7.5429196],[111.5356293,-7.5419906],[111.5355932,-7.5412127],[111.5355412,-7.5407586],[111.5355463,-7.5407326],[111.535625,-7.5406426],[111.5357576,-7.540375],[111.5358485,-7.5401884],[111.5358734,-7.5400871],[111.5358925,-7.5398822],[111.5359393,-7.5395506],[111.5359714,-7.5394156],[111.5359943,-7.5393222],[111.5359804,-7.5392102],[111.5359588,-7.5391367],[111.5359448,-7.5390295],[111.5359411,-7.538917],[111.5359108,-7.5387713],[111.5359052,-7.5386514],[111.5359092,-7.5385588],[111.5359392,-7.5384798],[111.5360046,-7.5382765],[111.5360519,-7.5381904],[111.5360859,-7.5381916],[111.5362231,-7.5381915],[111.5365316,-7.5382129],[111.5366773,-7.5382296],[111.5369398,-7.5382671],[111.5370831,-7.5383117],[111.5372505,-7.538339],[111.5373541,-7.5383716],[111.5374266,-7.5383921],[111.5375318,-7.5383628],[111.5376353,-7.5383558],[111.5377751,-7.538347],[111.5379683,-7.5383468],[111.5380751,-7.5383532],[111.538141,-7.5383714],[111.5382132,-7.5384111],[111.5383067,-7.5384278],[111.5383987,-7.53842],[111.5385076,-7.5383847],[111.5385812,-7.5383587],[111.5386761,-7.5382408],[111.5387802,-7.5381199],[111.5389503,-7.5378795],[111.5391082,-7.5379688],[111.5392597,-7.5380407],[111.5393332,-7.538065],[111.5394281,-7.5380618],[111.5394739,-7.5380267],[111.5395794,-7.5379366],[111.5396758,-7.5378876],[111.5398012,-7.5378554],[111.5399221,-7.5378812],[111.5400752,-7.5379191],[111.5401517,-7.5379465],[111.5402037,-7.537951],[111.5402478,-7.5379312],[111.5403478,-7.5378833],[111.5403695,-7.5378443],[111.5403889,-7.5377511],[111.5404237,-7.5376859],[111.5404671,-7.5376317],[111.5404845,-7.5375839],[111.5404887,-7.5375254],[111.5404886,-7.5374191],[111.5404602,-7.537339],[111.5404014,-7.5372545],[111.54036,-7.5371829],[111.5403584,-7.5370787],[111.5403718,-7.5369746],[111.540335,-7.5369149],[111.5403098,-7.536834],[111.5403271,-7.5367839],[111.5403965,-7.5366989],[111.540522,-7.5365562],[111.5406012,-7.5364656],[111.5409806,-7.5359745],[111.541087,-7.535851],[111.5412005,-7.5359365],[111.5413191,-7.5360374],[111.5414463,-7.5360732],[111.5416095,-7.5361073],[111.5417212,-7.5361431],[111.5422129,-7.5363776],[111.5426502,-7.5366585],[111.5431376,-7.5369162],[111.5434781,-7.5370931],[111.5435671,-7.537155],[111.5434847,-7.5372586],[111.5433872,-7.5373806],[111.5433384,-7.5374628],[111.5432745,-7.5376548],[111.5433907,-7.5377217],[111.5435924,-7.5378128],[111.5437328,-7.53784],[111.5439161,-7.5378733],[111.5439864,-7.5378946],[111.544066,-7.5379767],[111.5441088,-7.5380284],[111.5442859,-7.5380007],[111.5443439,-7.538022],[111.5444693,-7.5381011],[111.5445182,-7.5381588],[111.5444756,-7.5382563],[111.5444688,-7.5383045],[111.5446716,-7.5383457],[111.5448434,-7.538387],[111.5450018,-7.5384203],[111.5451565,-7.5384497],[111.5452367,-7.5384895],[111.5452425,-7.5385485],[111.5452314,-7.538828],[111.5452278,-7.5389859],[111.5452224,-7.5392024],[111.5452243,-7.5392442],[111.5454818,-7.5393048],[111.5456648,-7.5393539],[111.5457563,-7.5393614],[111.5458744,-7.5393366],[111.5460345,-7.5393136],[111.546206,-7.5393134],[111.5463986,-7.5393264],[111.5464937,-7.5393354],[111.5467055,-7.5392487],[111.5469341,-7.5391644],[111.547129,-7.539097],[111.5471675,-7.5391137],[111.5472591,-7.5391952],[111.5473291,-7.53926],[111.5474157,-7.5392574],[111.5475481,-7.5392308],[111.5477262,-7.5391898],[111.5478369,-7.5391512],[111.547933,-7.5390095],[111.5479788,-7.5389614],[111.5480846,-7.5389277],[111.5482146,-7.5389203],[111.5482341,-7.5391052],[111.5482535,-7.5392252],[111.5482345,-7.5393884],[111.5482018,-7.5397521],[111.5481646,-7.5401001],[111.5481375,-7.5403321],[111.5481253,-7.5405967],[111.548131,-7.5408984],[111.5481286,-7.5410763],[111.5481261,-7.5412084],[111.5481289,-7.5412946],[111.5481615,-7.5414617],[111.5481698,-7.5415776],[111.5480914,-7.5416046],[111.5480536,-7.5416289],[111.5480456,-7.5417259],[111.5480404,-7.5420465],[111.5480244,-7.5422431],[111.5480434,-7.5422942],[111.5482002,-7.542399],[111.5483733,-7.5425685],[111.5485058,-7.5426975],[111.548595,-7.5427971],[111.5486923,-7.5428643],[111.5487869,-7.5429423],[111.5488951,-7.5430068],[111.5490491,-7.5430793],[111.5491338,-7.5431134],[111.5493107,-7.5431853],[111.5494188,-7.5432183],[111.5495435,-7.5432632],[111.5497311,-7.5433102],[111.5498511,-7.5433491],[111.549925,-7.5433732],[111.5499577,-7.5433921],[111.5499746,-7.5434142],[111.5499736,-7.5434742],[111.5499622,-7.5435709],[111.5499037,-7.5438892],[111.5498528,-7.5441177],[111.5497939,-7.5443462],[111.5497375,-7.5445612],[111.5497484,-7.5446606],[111.5497971,-7.5448164],[111.54987,-7.5449023],[111.5499024,-7.5449721],[111.5499968,-7.5450284],[111.5501074,-7.5450767],[111.550257,-7.5451576],[111.5504888,-7.5452592],[111.5507954,-7.5453268],[111.5510237,-7.5453638],[111.5513236,-7.545428],[111.5515893,-7.5454379],[111.5519435,-7.5454443],[111.5521955,-7.5453929],[111.5524032,-7.5453247],[111.5527322,-7.5451824],[111.5530381,-7.5450523],[111.5532676,-7.5449528],[111.5533442,-7.5449488],[111.5534743,-7.5449945],[111.5537118,-7.5451125],[111.5539185,-7.5452343],[111.5542058,-7.5453904],[111.5544586,-7.5455503],[111.5546769,-7.5457104],[111.554834,-7.5458247],[111.5549976,-7.5459668],[111.5550731,-7.5460324],[111.5551851,-7.546183],[111.5553093,-7.5463516],[111.5554365,-7.5465444],[111.5555485,-7.5466618],[111.5556635,-7.5467913],[111.5558239,-7.5468754],[111.5559902,-7.5469175],[111.5562019,-7.5469292],[111.5564044,-7.5468928],[111.5566008,-7.5468112],[111.5568061,-7.5466693],[111.5570447,-7.5464911],[111.5571686,-7.5464156],[111.5578166,-7.5461907],[111.5582098,-7.546114],[111.5584122,-7.5460909],[111.5584501,-7.5459119],[111.5585111,-7.545809],[111.5585758,-7.5457061],[111.5586255,-7.5456909],[111.5589349,-7.5457628],[111.5591106,-7.5458197],[111.5591717,-7.5458349],[111.5592364,-7.5456405],[111.5592555,-7.5456253],[111.5594618,-7.5457126],[111.5595305,-7.5457278],[111.5595496,-7.5457011],[111.5596106,-7.5456325],[111.559729,-7.5456704],[111.5598627,-7.5457274],[111.5598666,-7.5457806],[111.5598477,-7.5458759],[111.5597449,-7.5461577],[111.5597107,-7.5462835],[111.5596879,-7.5463977],[111.5597147,-7.5464243],[111.5598064,-7.546428],[111.5599652,-7.5464469],[111.5601099,-7.5464586],[111.5601711,-7.5464571],[111.5602157,-7.5464228],[111.560256,-7.546396],[111.5602963,-7.5463914],[111.5604096,-7.5464284],[111.5604798,-7.5464611],[111.5605365,-7.546525],[111.5605843,-7.5465784],[111.5606545,-7.5466379],[111.5607217,-7.546669],[111.560744,-7.5466719],[111.5607664,-7.5466645],[111.5608585,-7.546596],[111.5608969,-7.54658],[111.5609553,-7.5465761],[111.5609884,-7.5465826],[111.5609792,-7.5466144],[111.560929,-7.5467492],[111.5608906,-7.546818],[111.5608827,-7.5468391],[111.5609649,-7.5468338],[111.5610113,-7.5468178],[111.5611067,-7.5467767],[111.5611583,-7.5467344],[111.5611914,-7.5467145],[111.5612325,-7.5467105],[111.5612895,-7.5467171],[111.561373,-7.546746],[111.5614393,-7.5467512],[111.5615019,-7.5467597],[111.5615601,-7.5467067],[111.5616594,-7.54663],[111.5617135,-7.5465679],[111.5617466,-7.5465084],[111.5617477,-7.5463512],[111.5617595,-7.5462429],[111.5617873,-7.5461847],[111.5618178,-7.54614],[111.561826,-7.5460565],[111.5618344,-7.5460164],[111.5618527,-7.5459963],[111.5618845,-7.5459863],[111.5619331,-7.5459879],[111.5619916,-7.5459778],[111.5620285,-7.5459727],[111.5620519,-7.545946],[111.5620653,-7.5459193],[111.5620636,-7.5458725],[111.5620416,-7.5457908],[111.5620415,-7.5457123],[111.5620582,-7.5456438],[111.5620799,-7.5455937],[111.5621223,-7.5455471],[111.562187,-7.5455189],[111.5622386,-7.5454989],[111.5622704,-7.5454883],[111.5622892,-7.5454577],[111.5622727,-7.545405],[111.5622643,-7.5453171],[111.5622666,-7.5452807],[111.5622854,-7.5452536],[111.5623265,-7.5451926],[111.5623206,-7.5451563],[111.5623217,-7.5451058],[111.562373,-7.54495],[111.5624233,-7.5447721],[111.5624603,-7.544603],[111.5624993,-7.5444897],[111.5625406,-7.544424],[111.5625724,-7.5443659],[111.5626174,-7.5442403],[111.5626623,-7.5440903],[111.5627054,-7.5439796],[111.5627648,-7.543771],[111.562768,-7.5436644],[111.5627745,-7.5435027],[111.562776,-7.5434145],[111.5627959,-7.5432829],[111.5629034,-7.5427927],[111.5629706,-7.5425336],[111.5629915,-7.5424367],[111.5631201,-7.5419444],[111.5631575,-7.5418995],[111.5632247,-7.5415924],[111.5632731,-7.5413191],[111.5632891,-7.5411992],[111.5630804,-7.5412468],[111.562746,-7.5413371],[111.5624733,-7.541406],[111.5624129,-7.541418],[111.5623409,-7.5414143],[111.5622792,-7.5414118],[111.5617838,-7.5413911],[111.5617069,-7.5413879],[111.5614503,-7.5414012],[111.561261,-7.541411],[111.5611665,-7.5414158],[111.5605166,-7.5413171],[111.5604949,-7.5413102],[111.5603265,-7.5412566],[111.5600643,-7.541173],[111.5599967,-7.5411535],[111.5597359,-7.5410781],[111.5595233,-7.5410167],[111.5595219,-7.5410047],[111.5595723,-7.5408571],[111.5596114,-7.5407301],[111.5598496,-7.5399628],[111.5598694,-7.5398483],[111.5599473,-7.5395909],[111.5600209,-7.5393139],[111.5600444,-7.5392401],[111.56004,-7.5392076],[111.5600075,-7.5391826],[111.5599319,-7.5391429],[111.5598106,-7.5391047],[111.5596061,-7.5390525],[111.5595509,-7.539012],[111.5594522,-7.5389256],[111.559364,-7.538885],[111.5592982,-7.5388877],[111.5592575,-7.5388694],[111.5592482,-7.5388327],[111.5592534,-7.5387737],[111.5593085,-7.5386465],[111.5594522,-7.5382758],[111.5595086,-7.538173],[111.5595516,-7.5380536],[111.5595665,-7.5379558],[111.5596363,-7.5377042],[111.5596969,-7.5374947],[111.5597492,-7.5373312],[111.5597763,-7.5372013],[111.5598002,-7.5370429],[111.5597947,-7.5369211],[111.5597946,-7.5367807],[111.5598314,-7.5365398],[111.5598419,-7.5364259],[111.5596879,-7.5364049],[111.5595073,-7.5363787],[111.5589825,-7.5362831],[111.5588613,-7.5362403],[111.5587484,-7.536204],[111.5587135,-7.5362041],[111.5586505,-7.5362538],[111.5585974,-7.5362621],[111.5585261,-7.5362506],[111.5582097,-7.5362031],[111.5580911,-7.5361948],[111.5580319,-7.5362245],[111.5580193,-7.5363131],[111.5580194,-7.5363722],[111.5577738,-7.5363472],[111.5573589,-7.5362844],[111.5571006,-7.5362552],[111.5570542,-7.5363903],[111.5570246,-7.536441],[111.5569866,-7.5364495],[111.5567071,-7.5364414],[111.556597,-7.5363867],[111.5565335,-7.5363826],[111.5561322,-7.5364065],[111.555766,-7.5364164],[111.5555043,-7.5363741],[111.5551191,-7.5363746],[111.5549976,-7.5363692],[111.5548052,-7.5363608],[111.5546531,-7.5364132],[111.5545152,-7.5364702],[111.5539919,-7.5363144],[111.5539444,-7.5364235],[111.5539021,-7.5367413],[111.5538498,-7.536784],[111.5536548,-7.5368081],[111.5535787,-7.5368414],[111.5535362,-7.5370311],[111.5534652,-7.5373016],[111.5533812,-7.5374237],[111.5533138,-7.5376299],[111.5532839,-7.5377461],[111.5532804,-7.5379708],[111.5532843,-7.5380795],[111.5532656,-7.5381732],[111.5532094,-7.5383232],[111.5531794,-7.5383681],[111.5528561,-7.5382149],[111.5524276,-7.538103],[111.552018,-7.5380212],[111.5515117,-7.537955],[111.5512248,-7.5379006],[111.5509253,-7.5379305],[111.5505922,-7.5379729],[111.5503645,-7.5380279],[111.5501706,-7.5380828],[111.5499058,-7.538138],[111.5495922,-7.5381805],[111.5492416,-7.5382125],[111.5490096,-7.5382102],[111.5486933,-7.5381842],[111.5484322,-7.5381137],[111.5481949,-7.5380299],[111.5478271,-7.53787],[111.5476304,-7.5377838],[111.5475102,-7.5376311],[111.5474501,-7.5374384],[111.5473897,-7.537186],[111.5473829,-7.5370498],[111.5474025,-7.536794],[111.5474123,-7.5366012],[111.5474548,-7.5362356],[111.5475975,-7.5359999],[111.547741,-7.5357873],[111.5477769,-7.5357342],[111.5479729,-7.535515],[111.548087,-7.5354142],[111.5481723,-7.535339],[111.5483983,-7.5351927],[111.5484774,-7.5351426],[111.5488069,-7.5349333],[111.5490016,-7.5347297],[111.5491195,-7.5345175],[111.5491991,-7.5342698],[111.5492047,-7.5340989],[111.5491868,-7.5338838],[111.5490752,-7.5333096],[111.5490362,-7.5331623],[111.5490214,-7.5331145],[111.5488682,-7.5327722],[111.5487749,-7.5325787],[111.5486992,-7.5324125],[111.5485512,-7.5320753],[111.5485451,-7.5320531],[111.54862,-7.5320105],[111.5487722,-7.5320103],[111.5489486,-7.5320384],[111.5491211,-7.5320504],[111.5493786,-7.5320096],[111.5496117,-7.5319405],[111.549784,-7.5318898],[111.5498996,-7.5318795],[111.549995,-7.5319016],[111.5501046,-7.5319642],[111.5501809,-7.5320303],[111.5503021,-7.5321193],[111.5504175,-7.5322829],[111.5505071,-7.532438],[111.550588,-7.5326305],[111.5506575,-7.5328286],[111.5507124,-7.5329781],[111.5507298,-7.5330815],[111.5507443,-7.5332208],[111.5507964,-7.5333586],[111.55088,-7.5334877],[111.5509666,-7.5336025],[111.551044,-7.5337501],[111.5511133,-7.5338725],[111.5511799,-7.5339592],[111.5512594,-7.5340408],[111.551367,-7.5341402],[111.551449,-7.5342243],[111.5515056,-7.5342863],[111.5515922,-7.534411],[111.5516765,-7.5344835],[111.5517653,-7.5345651],[111.5518207,-7.5346024],[111.5518496,-7.5346219],[111.5518996,-7.5346556],[111.5519884,-7.5347122],[111.552059,-7.5347325],[111.5521658,-7.5346689],[111.5524046,-7.5345847],[111.5524432,-7.534537],[111.5524613,-7.5344009],[111.5524862,-7.5343305],[111.5525929,-7.5341942],[111.5527157,-7.5341147],[111.5528462,-7.5340778],[111.5529877,-7.5340594],[111.5530753,-7.5340233],[111.5531505,-7.5339083],[111.5531861,-7.5336293],[111.5531765,-7.5334666],[111.5530866,-7.5332082],[111.5529025,-7.5329424],[111.5525088,-7.5326255],[111.5524577,-7.5325893],[111.5518911,-7.5321878],[111.5518453,-7.5321554],[111.5516152,-7.5319924],[111.5514839,-7.5318571],[111.5514309,-7.531632],[111.5514145,-7.5314876],[111.5514908,-7.5314031],[111.5514661,-7.5313471],[111.5513586,-7.5310877],[111.5512971,-7.5309172],[111.5512919,-7.5308434],[111.551315,-7.5307815],[111.5514035,-7.5307227],[111.5515282,-7.5306817],[111.5515645,-7.5306771],[111.5516394,-7.5307269],[111.5517348,-7.5308172],[111.5518143,-7.5308714],[111.5518755,-7.530894],[111.5519345,-7.5308735],[111.5520138,-7.5308395],[111.5520772,-7.5307489],[111.5521406,-7.5306425],[111.5521903,-7.5304864],[111.552222,-7.5303733],[111.5522283,-7.5302202],[111.5521957,-7.5300151],[111.552133,-7.5298363],[111.5520865,-7.5297297],[111.5519924,-7.529625],[111.5518687,-7.5294932],[111.5517337,-7.52932],[111.5516238,-7.5291587],[111.5514858,-7.5291071],[111.5513854,-7.529059],[111.5513585,-7.5289805],[111.5513548,-7.5288608],[111.5513153,-7.5288091],[111.5510755,-7.5286942],[111.5507674,-7.5285162],[111.5505726,-7.5283607],[111.5505181,-7.5282457],[111.5504602,-7.5278814],[111.5504539,-7.5276988],[111.5503792,-7.5274922],[111.5503267,-7.5273599],[111.5503371,-7.5272162],[111.5504056,-7.5270107],[111.5505224,-7.5268762],[111.550657,-7.5267823],[111.550746,-7.5267517],[111.5509036,-7.5267515],[111.5510741,-7.5267995],[111.5511352,-7.526878],[111.5511913,-7.526992],[111.5512373,-7.5271847],[111.5512935,-7.5273824],[111.5513369,-7.5275751],[111.5513801,-7.527734],[111.5514142,-7.5278266],[111.5514965,-7.5278907],[111.5515483,-7.5279173],[111.5516733,-7.5279367],[111.5518199,-7.5279402],[111.5519182,-7.5279471],[111.5519593,-7.5279738],[111.5519807,-7.5279435],[111.5520019,-7.5277297],[111.5520338,-7.5275497],[111.5520785,-7.5275389],[111.5521893,-7.5275638],[111.5523287,-7.5275778],[111.5524234,-7.5276008],[111.55252,-7.5276756],[111.5526022,-7.5277787],[111.552622,-7.5278465],[111.5526185,-7.5278608],[111.5524631,-7.5278983],[111.552288,-7.5279306],[111.5522006,-7.5279913],[111.5521309,-7.5280769],[111.5521042,-7.5281215],[111.5520935,-7.5281678],[111.5521597,-7.5281713],[111.5524044,-7.528171],[111.5524759,-7.5281691],[111.5524938,-7.5281798],[111.5525046,-7.5282225],[111.552523,-7.5284639],[111.5525549,-7.528703],[111.5525587,-7.5288596],[111.552575,-7.5290323],[111.5526161,-7.5290786],[111.5527287,-7.5291211],[111.5528465,-7.5291619],[111.5528734,-7.5291637],[111.5528947,-7.5291156],[111.5528642,-7.5290035],[111.5528191,-7.5286438],[111.5528027,-7.528384],[111.552782,-7.5282222],[111.5527836,-7.5281462],[111.5528137,-7.5281382],[111.5529676,-7.5281507],[111.5530962,-7.528198],[111.5531836,-7.5282897],[111.5532313,-7.5283735],[111.5532712,-7.5284937],[111.5533293,-7.5286542],[111.5533882,-7.5288543],[111.5534561,-7.5290138],[111.5535058,-7.5291263],[111.5535565,-7.5291925],[111.5535955,-7.529199],[111.5539223,-7.5292347],[111.5538832,-7.5293119],[111.5538061,-7.5294638],[111.5537862,-7.5297198],[111.5537693,-7.5297634],[111.553642,-7.5300913],[111.5535739,-7.5302885],[111.5535665,-7.5304275],[111.5536237,-7.5305223],[111.5537293,-7.5306209],[111.5538479,-7.5306227],[111.553914,-7.5306167],[111.55393,-7.5305826],[111.5539479,-7.5304448],[111.5539978,-7.5303609],[111.5541179,-7.5302649],[111.5542799,-7.5301229],[111.554462,-7.5299648],[111.554688,-7.5296896],[111.5546302,-7.5295103],[111.5545219,-7.5292126],[111.5544749,-7.529019],[111.5544834,-7.5289578],[111.554685,-7.5287999],[111.5548181,-7.5287148],[111.5553166,-7.5286766],[111.5554027,-7.5286849],[111.5554362,-7.5286881],[111.5554997,-7.5286942],[111.5555609,-7.528725],[111.5556929,-7.5287916],[111.5559373,-7.5291804],[111.5559901,-7.5292642],[111.5561166,-7.5294293],[111.5561471,-7.5294691],[111.5562688,-7.5295439],[111.5563656,-7.5295341],[111.556443,-7.5294651],[111.5564892,-7.5294239],[111.5565691,-7.5292814],[111.5566441,-7.5291474],[111.55666,-7.5288431],[111.5566813,-7.5284325],[111.5566818,-7.5284227],[111.5566849,-7.5283647],[111.5566849,-7.5283427],[111.5567011,-7.5281744],[111.5567749,-7.5279951],[111.5569427,-7.5277754],[111.5570489,-7.5276915],[111.5572091,-7.5276694],[111.5573313,-7.5277243],[111.5574666,-7.527785],[111.5577017,-7.5279192],[111.5578547,-7.5279425],[111.5578905,-7.5278786],[111.5579765,-7.5276886],[111.5579978,-7.527531],[111.5579905,-7.5274092],[111.5579546,-7.5273734],[111.5577893,-7.5273199],[111.5575808,-7.5272486],[111.5574873,-7.5272128],[111.5575557,-7.5269563],[111.5576162,-7.5268405],[111.5577346,-7.5266817],[111.5578684,-7.5267243],[111.5581512,-7.5267768],[111.5582423,-7.5269076],[111.5583637,-7.5270937],[111.5584066,-7.527149],[111.5585072,-7.5268015],[111.5585977,-7.5265674],[111.5586253,-7.5264616],[111.5589887,-7.5263227],[111.5590037,-7.5262799],[111.5590438,-7.5260206],[111.5591147,-7.5256106],[111.5590675,-7.5255324],[111.5591482,-7.5254831],[111.5593119,-7.5254583],[111.5594555,-7.5254558],[111.5595969,-7.525525],[111.5597316,-7.525583],[111.5598249,-7.5256033],[111.5599346,-7.5256509],[111.5599964,-7.5256706],[111.5600561,-7.5256408],[111.5601517,-7.5255909],[111.5602334,-7.525575],[111.560361,-7.5256086],[111.5604626,-7.5256383],[111.5606679,-7.525638],[111.5607974,-7.5256458],[111.5609071,-7.5257152],[111.560959,-7.5257927],[111.5610009,-7.525878],[111.561019,-7.5259813],[111.561035,-7.5260509],[111.5610345,-7.526136],[111.5610287,-7.5262273],[111.5610368,-7.5263682],[111.5610508,-7.5264357],[111.5611007,-7.5265151],[111.5611725,-7.5265984],[111.5612103,-7.5266222],[111.5613194,-7.5266746],[111.561496,-7.5264583],[111.561781,-7.5258991],[111.5618516,-7.5259429],[111.5620128,-7.5260521],[111.5621651,-7.5261455],[111.5622324,-7.5261666],[111.5623651,-7.5261188],[111.5624411,-7.5260763],[111.5625082,-7.5259792],[111.5625718,-7.5258856],[111.5625983,-7.5258026],[111.5625999,-7.525739],[111.5625876,-7.5256914],[111.5624831,-7.5256227],[111.5621499,-7.5254602],[111.5620267,-7.5253645],[111.561888,-7.5253133],[111.5618773,-7.5253075],[111.5618845,-7.5252242],[111.5618907,-7.5251524],[111.5620023,-7.5249855],[111.5621834,-7.5248442],[111.56277,-7.5246265],[111.5628204,-7.5246011],[111.5629261,-7.5246589],[111.5631525,-7.5248391],[111.5633308,-7.5249461],[111.563543,-7.525067],[111.5636162,-7.5250916],[111.5636691,-7.5249683],[111.5636919,-7.5249189],[111.5635045,-7.5247676],[111.5633134,-7.5246163],[111.5631489,-7.524502],[111.563034,-7.5244282],[111.5631918,-7.524364],[111.5634379,-7.5243651],[111.5634382,-7.5243652],[111.5636753,-7.5243746],[111.5637741,-7.5243312],[111.5638604,-7.5240273],[111.5638369,-7.5238145],[111.5638268,-7.5237226],[111.5638178,-7.5236643],[111.5638009,-7.5235538],[111.5639048,-7.5232983],[111.5639211,-7.5232828],[111.5640034,-7.5232042],[111.564172,-7.5231652],[111.5645793,-7.5232985],[111.5655775,-7.5237383],[111.5658441,-7.5238401],[111.5659649,-7.5238095],[111.5659885,-7.5238789],[111.5660451,-7.5240195],[111.566065,-7.524146],[111.5660763,-7.5241853],[111.5661108,-7.5243109],[111.5661485,-7.5244208],[111.5662213,-7.5244882],[111.5662689,-7.5245006],[111.566339,-7.524468],[111.5664191,-7.5244054],[111.5664917,-7.5242854],[111.5665141,-7.5241954],[111.5665115,-7.5241054],[111.5664888,-7.523998],[111.5664886,-7.5238706],[111.5665361,-7.5237606],[111.5665475,-7.5237508],[111.5665476,-7.5237508],[111.5665479,-7.5237511],[111.5665498,-7.5237524],[111.5665646,-7.5237632],[111.5665855,-7.5237784],[111.5665858,-7.5237787],[111.5667337,-7.5238864],[111.5668053,-7.5239367],[111.5668855,-7.523993],[111.5669005,-7.5240035],[111.5669134,-7.5240126],[111.5669138,-7.5240129],[111.5669192,-7.5240167],[111.5669303,-7.5240245],[111.5669341,-7.5240272],[111.5669443,-7.5240343],[111.5669526,-7.5240402],[111.5669611,-7.5240461],[111.5669638,-7.524048],[111.5669662,-7.5240497],[111.5669662,-7.5240497],[111.5670273,-7.5240753],[111.567177,-7.5241325],[111.5672794,-7.5241325],[111.5673581,-7.5241325],[111.5674418,-7.5241009],[111.5677517,-7.5239839],[111.5682824,-7.5238616],[111.5685825,-7.5237924],[111.568734,-7.5237575],[111.5688237,-7.5237494],[111.5688268,-7.5237491],[111.5688653,-7.5237456],[111.5688687,-7.5237453],[111.5688845,-7.5237429],[111.5689493,-7.5235867],[111.5690916,-7.5233845],[111.569174,-7.5232097],[111.5692287,-7.5229826],[111.5692436,-7.5228728],[111.5693486,-7.5227853],[111.5694864,-7.5227125],[111.5695977,-7.5227256],[111.5697334,-7.5227676],[111.5697958,-7.5228917],[111.5698004,-7.5230181],[111.5697517,-7.5231601],[111.5696719,-7.5233709],[111.5694858,-7.5238193],[111.569426,-7.5239549],[111.5693363,-7.5241204],[111.5693643,-7.5241442],[111.5694438,-7.524212],[111.5696425,-7.5242643],[111.5696687,-7.5242558],[111.5697243,-7.5242379],[111.5698245,-7.5242057],[111.5698408,-7.5242005],[111.570052,-7.5241325],[111.5700949,-7.5241166],[111.5705196,-7.5237574],[111.5707901,-7.5233857],[111.570992,-7.5231083],[111.5711792,-7.5228006],[111.5712437,-7.5225558],[111.5712612,-7.5223725],[111.5712834,-7.5221389],[111.5713402,-7.5219296],[111.5714893,-7.5217957],[111.5715269,-7.521915],[111.5715473,-7.5222558],[111.5715602,-7.5225892],[111.5715779,-7.5228105],[111.5716054,-7.5229523],[111.5716429,-7.5230591],[111.5717228,-7.5231411],[111.5718251,-7.5232279],[111.5719623,-7.5232924],[111.5720196,-7.5232774],[111.5721491,-7.5231928],[111.5722238,-7.5230982],[111.572241,-7.5228869],[111.572298,-7.522601],[111.5723035,-7.522397],[111.5723031,-7.522134],[111.5722917,-7.5219573],[111.5722562,-7.5218557],[111.5721807,-7.5217608],[111.572092,-7.521688],[111.5720084,-7.5216405],[111.5718933,-7.5214088],[111.5717996,-7.5212571],[111.5718014,-7.5212554],[111.5719229,-7.521123],[111.5721111,-7.5210146],[111.5721326,-7.5210023],[111.5722997,-7.520969],[111.5727095,-7.52118],[111.5729246,-7.5212907],[111.5733145,-7.5212896],[111.573543,-7.5212805],[111.5742239,-7.5215078],[111.5745167,-7.5215289],[111.5747157,-7.5214939],[111.5748848,-7.5213736],[111.5750038,-7.5211953],[111.5750621,-7.5209773],[111.5749595,-7.5204025],[111.5751433,-7.5204422],[111.575356,-7.5205311],[111.5755491,-7.520595],[111.5758232,-7.520656],[111.576019,-7.5207087],[111.5763409,-7.5207609],[111.5765058,-7.5207969],[111.5765757,-7.5207941],[111.5765983,-7.5209779],[111.5767353,-7.5210251],[111.5769366,-7.5210973],[111.5771043,-7.5211277],[111.5771826,-7.5211694],[111.5772554,-7.5212501],[111.5772834,-7.5212752],[111.5773783,-7.5211915],[111.5774257,-7.5211245],[111.5775427,-7.5208624],[111.5777215,-7.5208287],[111.5778612,-7.5208035],[111.5778891,-7.5207839],[111.5779811,-7.5206389],[111.5780565,-7.5205942],[111.5782689,-7.520594],[111.5783891,-7.5206245],[111.5784339,-7.5206718],[111.5784507,-7.5206829],[111.5784814,-7.5206577],[111.5785344,-7.5206131],[111.5786738,-7.5206175],[111.5788087,-7.5206423],[111.5787837,-7.5207298],[111.5787462,-7.5208018],[111.5787462,-7.5208206],[111.5788152,-7.5208392],[111.578903,-7.520836],[111.5789594,-7.5208515],[111.5790505,-7.5209108],[111.5791884,-7.5209388],[111.5793327,-7.5209511],[111.5794079,-7.5209541],[111.5794705,-7.5208884],[111.5796649,-7.5209256],[111.5798029,-7.5209505],[111.5799001,-7.5209441],[111.5799469,-7.5208502],[111.5801037,-7.52085],[111.5804674,-7.5208871],[111.5807213,-7.5209086],[111.5809498,-7.5209333],[111.5811243,-7.5209662],[111.5812811,-7.5209993],[111.5815083,-7.5210478],[111.5815966,-7.5210789],[111.5816887,-7.5211511],[111.5817456,-7.5212214],[111.5818005,-7.5212564],[111.581879,-7.521272],[111.5819358,-7.5212778],[111.5819535,-7.5213109],[111.5819535,-7.5213813],[111.5819462,-7.5214796],[111.5819114,-7.5215057],[111.5818871,-7.5215318],[111.5818802,-7.5215596],[111.5818959,-7.5215995],[111.5819656,-7.5216497],[111.5820127,-7.521707],[111.5820302,-7.5217868],[111.5821313,-7.5218127],[111.5823632,-7.5218563],[111.582501,-7.5218993],[111.5825954,-7.5219285],[111.5826171,-7.5219701],[111.5826126,-7.5220365],[111.5825864,-7.5221168],[111.5825353,-7.5221848],[111.5825061,-7.5222481],[111.582492,-7.5223556],[111.5824984,-7.5224944],[111.5825558,-7.5225945],[111.5825945,-7.5226823],[111.5826611,-7.5227192],[111.5827261,-7.5227346],[111.582754,-7.5228456],[111.5827572,-7.5228842],[111.5828747,-7.5228902],[111.5829412,-7.5229117],[111.5829645,-7.5229502],[111.5830945,-7.5231264],[111.5831008,-7.523151],[111.5830946,-7.5232003],[111.583107,-7.5232141],[111.5832632,-7.523254],[111.5832692,-7.5231708],[111.5832939,-7.5231307],[111.5833371,-7.5231199],[111.5834098,-7.5231213],[111.5834716,-7.5231274],[111.5835504,-7.5231273],[111.5835905,-7.523081],[111.5836013,-7.5230255],[111.5835981,-7.5229716],[111.5835485,-7.522836],[111.5835056,-7.5226734],[111.5834835,-7.5225639],[111.5835184,-7.522393],[111.5835631,-7.52227],[111.5835711,-7.5222685],[111.5837327,-7.5221845],[111.583848,-7.5221173],[111.5838703,-7.5220493],[111.5838798,-7.5220202],[111.5838952,-7.521973],[111.5838978,-7.521908],[111.5838996,-7.521865],[111.5839059,-7.5218606],[111.584251,-7.5216218],[111.584272,-7.5216084],[111.5843216,-7.5216071],[111.5844322,-7.5215817],[111.5845286,-7.5215414],[111.5846261,-7.521478],[111.5846944,-7.5214401],[111.5847334,-7.5214414],[111.5847957,-7.521479],[111.5848421,-7.5215373],[111.5849044,-7.5216309],[111.5849484,-7.5216795],[111.5849948,-7.5216903],[111.5850521,-7.5216866],[111.5851069,-7.5215759],[111.5851764,-7.5213958],[111.5852474,-7.5212868],[111.5852907,-7.5212626],[111.5853791,-7.5212572],[111.5854588,-7.5212571],[111.5855837,-7.5213174],[111.5856592,-7.5213242],[111.5857679,-7.5214156],[111.5860731,-7.5218388],[111.5860907,-7.5218569],[111.5861502,-7.5219179],[111.5863149,-7.5219366],[111.586464,-7.5218745],[111.5865855,-7.5217683],[111.5866134,-7.5216357],[111.5865468,-7.5215499],[111.5865324,-7.5215314],[111.5864097,-7.5214203],[111.5863738,-7.5213477],[111.5865432,-7.5213247],[111.5865467,-7.5213242],[111.5870551,-7.5212892],[111.5871467,-7.521276],[111.5871607,-7.5212205],[111.5869993,-7.5210316],[111.5869785,-7.5210073],[111.58687,-7.5208908],[111.586859,-7.5208539],[111.5867898,-7.5207987],[111.58671,-7.520758],[111.5864335,-7.5206691],[111.5863905,-7.5204829],[111.5863496,-7.5203792],[111.5862444,-7.5202828],[111.586117,-7.5201699],[111.5860809,-7.5200568],[111.5860365,-7.5199383],[111.5860584,-7.5197397],[111.586025,-7.5196129],[111.5860027,-7.5194942],[111.5859805,-7.5194474],[111.5859085,-7.5194006],[111.5858891,-7.5193538],[111.585866,-7.5191612],[111.5858462,-7.5190509],[111.5859568,-7.5190507],[111.5860526,-7.5190016],[111.5861852,-7.5189376],[111.5862368,-7.5189009],[111.5863179,-7.5188713],[111.5863818,-7.518859],[111.5864088,-7.5188246],[111.5864923,-7.5187706],[111.5865881,-7.5187484],[111.5866668,-7.5187434],[111.5867514,-7.5186496],[111.5867975,-7.5185836],[111.5867974,-7.5185162],[111.5868173,-7.5184855],[111.5868587,-7.5184564],[111.5868756,-7.5184211],[111.586897,-7.5183292],[111.5868801,-7.5183001],[111.5868093,-7.5182527],[111.5868192,-7.5181418],[111.5867166,-7.518052],[111.5866906,-7.5179922],[111.5867014,-7.5179145],[111.5866836,-7.5178792],[111.5865756,-7.5177717],[111.5864043,-7.5176477],[111.5862765,-7.5175945],[111.5861003,-7.5175242],[111.5859431,-7.5174572],[111.5858792,-7.5173627],[111.5857669,-7.5173078],[111.5854835,-7.5171326],[111.5853743,-7.5170607],[111.5852706,-7.5169847],[111.5851616,-7.5170365],[111.5850606,-7.5169714],[111.584976,-7.5169402],[111.5849064,-7.5169403],[111.584886,-7.5169254],[111.5848586,-7.5168669],[111.5848123,-7.5168507],[111.5847372,-7.5168182],[111.5845837,-7.5167612],[111.584483,-7.5166985],[111.5843849,-7.5166804],[111.5842782,-7.5166819],[111.5841449,-7.5167206],[111.5840517,-7.5167462],[111.583814,-7.5168169],[111.5836764,-7.5168755],[111.583573,-7.5168481],[111.5834093,-7.5167951],[111.5832473,-7.516706],[111.5831991,-7.5166786],[111.5830871,-7.5166787],[111.5829424,-7.5167005],[111.5829286,-7.5166777],[111.5829054,-7.5165006],[111.5828869,-7.5164228],[111.5827643,-7.5163268],[111.582729,-7.5162872],[111.5827397,-7.5161804],[111.582672,-7.5161199],[111.5826733,-7.5160805],[111.5827059,-7.5160221],[111.5827113,-7.5159923],[111.582684,-7.5159598],[111.5825533,-7.515884],[111.5824716,-7.515838],[111.5823791,-7.5158096],[111.5822723,-7.515826],[111.5822427,-7.5158499],[111.5822293,-7.5158833],[111.5822112,-7.5159158],[111.5821959,-7.5159339],[111.5821816,-7.5159359],[111.5821222,-7.5159188],[111.5820753,-7.5158902],[111.581949,-7.5158191],[111.5818484,-7.5158155],[111.5817478,-7.5157596],[111.5816202,-7.5157868],[111.5815371,-7.5158428],[111.581456,-7.5158584],[111.581311,-7.5158315],[111.5811176,-7.5157971],[111.5810092,-7.5157317],[111.5808989,-7.5156914],[111.5807984,-7.5156853],[111.5806473,-7.5156108],[111.5804043,-7.5154943],[111.5802519,-7.5154173],[111.5802132,-7.5154017],[111.5801117,-7.515438],[111.5800876,-7.5154561],[111.5799828,-7.5154069],[111.579784,-7.5152229],[111.5798356,-7.5149989],[111.5798477,-7.5148938],[111.5797179,-7.5148681],[111.5796186,-7.5148362],[111.5796298,-7.5148081],[111.5799662,-7.5142842],[111.5801684,-7.5138766],[111.5802497,-7.5136032],[111.5802274,-7.513039],[111.5803473,-7.5126584],[111.5803885,-7.5124828],[111.5805992,-7.5123732],[111.5806201,-7.5123623],[111.5808427,-7.5122984],[111.5809708,-7.5122984],[111.5811727,-7.5124407],[111.5814877,-7.5127531],[111.5816249,-7.512842],[111.5816249,-7.512842],[111.581625,-7.512842],[111.5817382,-7.5128363],[111.5818707,-7.5127319],[111.5820067,-7.512486],[111.5820204,-7.5124612],[111.5820615,-7.5123183],[111.5821522,-7.5120039],[111.5821912,-7.5117588],[111.5821635,-7.5116203],[111.5819576,-7.5114354],[111.5818304,-7.5113351],[111.5817631,-7.5111798],[111.5817765,-7.5110743],[111.5818352,-7.5110261],[111.5818727,-7.5109954],[111.5820548,-7.5109551],[111.5823687,-7.5111135],[111.5827298,-7.5112747],[111.583309,-7.5115475],[111.5837151,-7.5116875],[111.5837189,-7.5116888],[111.5840263,-7.5117407],[111.5841249,-7.5117231],[111.5842358,-7.5115924],[111.5842481,-7.5115678],[111.5842288,-7.5115348],[111.5843122,-7.5114002],[111.5842925,-7.5113416],[111.5842235,-7.5109002],[111.5841569,-7.5107526],[111.5840955,-7.5106617],[111.5840825,-7.5106131],[111.5840824,-7.5105477],[111.5842161,-7.5105548],[111.5843716,-7.5105594],[111.5845612,-7.5106367],[111.5846706,-7.5106874],[111.5848042,-7.5106872],[111.5849328,-7.5105781],[111.5850833,-7.5104761],[111.585195,-7.5103839],[111.5851632,-7.5102807],[111.5852182,-7.5102207],[111.5852207,-7.5102222],[111.5854115,-7.5103005],[111.5856458,-7.5103273],[111.5857587,-7.5102482],[111.5858607,-7.5100297],[111.5858601,-7.5096081],[111.5858596,-7.509187],[111.5858589,-7.5087049],[111.5858759,-7.5083633],[111.5858948,-7.5083011],[111.5860537,-7.5082639],[111.5864914,-7.5083832],[111.5865884,-7.5083892],[111.5867068,-7.5083245],[111.5867241,-7.5083264],[111.5867336,-7.5083925],[111.5868198,-7.508582],[111.5868873,-7.508692],[111.5869579,-7.5087378],[111.5871114,-7.5087834],[111.5872555,-7.5088046],[111.5873812,-7.5088443],[111.5875102,-7.5088899],[111.5875776,-7.5089112],[111.5877574,-7.50888],[111.5879968,-7.5087803],[111.5881231,-7.5087018],[111.5880943,-7.5086483],[111.5879926,-7.5084956],[111.587887,-7.508383],[111.5877893,-7.5083417],[111.5876633,-7.5083082],[111.5875347,-7.5082069],[111.5871734,-7.5079054],[111.5870328,-7.5078113],[111.58702,-7.5078058],[111.5870189,-7.5077982],[111.5871099,-7.507154],[111.5872061,-7.5067979],[111.5873051,-7.5066795],[111.5873154,-7.5066671],[111.5874538,-7.5066056],[111.587983,-7.5066872],[111.5881188,-7.5066437],[111.5884938,-7.5057467],[111.5886359,-7.5055216],[111.5887213,-7.50546],[111.5888521,-7.5054704],[111.5891491,-7.505708],[111.5897131,-7.5063644],[111.5899182,-7.5066564],[111.5899872,-7.5067168],[111.5901523,-7.5068612],[111.5902072,-7.5069093],[111.5903586,-7.5070066],[111.590532,-7.5070456],[111.5907109,-7.5070005],[111.5907831,-7.5069493],[111.5908314,-7.5066847],[111.5908582,-7.5064904],[111.5908454,-7.5064179],[111.5907816,-7.5060589],[111.5907488,-7.5058742],[111.5906963,-7.5056624],[111.5906862,-7.5056199],[111.5906599,-7.5054662],[111.5906232,-7.5052517],[111.5905851,-7.5050291],[111.5904482,-7.5042282],[111.5903077,-7.5035556],[111.5902694,-7.5033719],[111.5901317,-7.5027128],[111.5900574,-7.5023167],[111.5899521,-7.5017553],[111.5899521,-7.5017485],[111.5899516,-7.5013993],[111.5899516,-7.5013534],[111.5899514,-7.501264],[111.5899651,-7.501209],[111.5899692,-7.5011925],[111.5899931,-7.5010966],[111.5899994,-7.501094],[111.5902235,-7.5010022],[111.590475,-7.5010019],[111.5906481,-7.5010086],[111.590737,-7.501012],[111.5908839,-7.5010954],[111.590989,-7.5013462],[111.5909895,-7.501352],[111.591021,-7.5017434],[111.5910531,-7.5022765],[111.5910593,-7.5024192],[111.5910639,-7.5025274],[111.5912108,-7.5026109],[111.5913994,-7.5025897],[111.5915181,-7.5025257],[111.5915209,-7.5025242],[111.5916716,-7.502443],[111.591996,-7.5020975],[111.5925819,-7.5014277],[111.5926858,-7.5013497],[111.5930007,-7.5011135],[111.5932518,-7.5008727],[111.5932534,-7.5008697],[111.5933459,-7.5006844],[111.5934863,-7.5004557],[111.5935404,-7.5003481],[111.5937079,-7.5000154],[111.5937127,-7.5000047],[111.5937432,-7.4998892],[111.5937807,-7.4997773],[111.5938523,-7.4996698],[111.5938843,-7.4996217],[111.5940988,-7.4993958],[111.5941656,-7.4993255],[111.5942951,-7.4990663],[111.5943209,-7.4989496],[111.594341,-7.4988484],[111.5943467,-7.4988201],[111.5943378,-7.4987078],[111.5942815,-7.4986301],[111.5940628,-7.4984493],[111.5938349,-7.4982609],[111.5938059,-7.4982208],[111.593797,-7.4982084],[111.5937352,-7.4981229],[111.5936744,-7.4979804],[111.5936612,-7.4978768],[111.5937087,-7.4977515],[111.5938254,-7.4976564],[111.5939898,-7.4975871],[111.5941629,-7.4975307],[111.5943273,-7.4975089],[111.5945048,-7.4975129],[111.5945229,-7.4975152],[111.5948164,-7.4975514],[111.5952178,-7.497658],[111.5953087,-7.4976668],[111.5956594,-7.4977006],[111.5956804,-7.4976931],[111.5957805,-7.4976573],[111.5958086,-7.4976027],[111.5958496,-7.4975233],[111.5958536,-7.4973419],[111.5958745,-7.4967374],[111.5958743,-7.4966753],[111.5958733,-7.4960951],[111.5958733,-7.4960912],[111.5959207,-7.49594],[111.5959276,-7.4959271],[111.595966,-7.4958554],[111.5960157,-7.4957628],[111.5960805,-7.4956634],[111.5962188,-7.4955509],[111.5962425,-7.4955387],[111.5963702,-7.495473],[111.5965476,-7.4954641],[111.5966058,-7.4954654],[111.5967338,-7.4954682],[111.5967781,-7.4954789],[111.596894,-7.4955068],[111.5969468,-7.4955286],[111.5971441,-7.49561],[111.5973176,-7.4956349],[111.5974125,-7.4956485],[111.597577,-7.495644],[111.5976309,-7.4956245],[111.5976851,-7.4956049],[111.5977629,-7.4955228],[111.5978493,-7.4953845],[111.5978794,-7.4952549],[111.5978879,-7.4951426],[111.5978872,-7.4950676],[111.5978858,-7.4949298],[111.5978849,-7.4948462],[111.5978717,-7.4947123],[111.5977936,-7.4945613],[111.5976593,-7.4944363],[111.5974904,-7.494389],[111.5973519,-7.4943676],[111.597235,-7.4943591],[111.5971267,-7.4943593],[111.5970619,-7.4943593],[111.5968498,-7.4943596],[111.5968456,-7.4943596],[111.5966204,-7.4943599],[111.5964251,-7.4943602],[111.5963651,-7.4943603],[111.5961616,-7.4943606],[111.5959106,-7.4943436],[111.5957806,-7.4942229],[111.5957767,-7.4941937],[111.5957587,-7.4940588],[111.5958017,-7.4938645],[111.5958837,-7.4937132],[111.5963164,-7.4931794],[111.5963815,-7.4930256],[111.5965353,-7.4926628],[111.5966313,-7.4924362],[111.5966684,-7.4922926],[111.5967222,-7.4920844],[111.596717,-7.4919803],[111.5967044,-7.491726],[111.596703,-7.4916804],[111.5967003,-7.4915966],[111.5966908,-7.4912942],[111.5966806,-7.491123],[111.5966695,-7.4909378],[111.596704,-7.4908255],[111.5967861,-7.4907563],[111.5969029,-7.4907388],[111.5969668,-7.4907398],[111.5971799,-7.4907428],[111.597444,-7.490764],[111.5975824,-7.4906861],[111.5976233,-7.4905995],[111.5976558,-7.4905306],[111.5976583,-7.4905248],[111.597704,-7.4904229],[111.5977507,-7.4903188],[111.5977606,-7.490248],[111.5977828,-7.49009],[111.5977939,-7.4900109],[111.5978042,-7.4899381],[111.5978195,-7.4898289],[111.5978185,-7.4897771],[111.5978168,-7.489693],[111.5978138,-7.4895366],[111.5980865,-7.4896344],[111.5980719,-7.4897843],[111.5981199,-7.4899415],[111.5981567,-7.4900658],[111.5981864,-7.4901573],[111.59819,-7.4902854],[111.5982398,-7.490375],[111.5982833,-7.4904833],[111.5983033,-7.4905322],[111.5982906,-7.4906226],[111.5982907,-7.4906767],[111.5983072,-7.4907021],[111.5983742,-7.4907417],[111.5984506,-7.490794],[111.5985468,-7.4908411],[111.5986064,-7.4908861],[111.5986357,-7.4909295],[111.5987502,-7.491093],[111.5987937,-7.4911318],[111.5988807,-7.4910952],[111.5989382,-7.4910904],[111.5990778,-7.4911131],[111.599142,-7.491129],[111.5992841,-7.491042],[111.5994215,-7.4909732],[111.5994558,-7.4909275],[111.5995973,-7.4906601],[111.5997403,-7.4902215],[111.5998864,-7.4898511],[111.6000067,-7.4896042],[111.5999966,-7.489565],[111.599915,-7.4894353],[111.5998466,-7.489312],[111.5996478,-7.4892376],[111.5994623,-7.4893028],[111.5993712,-7.4893063],[111.5990554,-7.4893131],[111.5986778,-7.4892909],[111.598443,-7.4891679],[111.5982569,-7.4890869],[111.5979445,-7.4890239],[111.5977602,-7.48898],[111.5977405,-7.4888327],[111.5977271,-7.4887322],[111.5978221,-7.4885291],[111.5978955,-7.4884124],[111.5980252,-7.4883043],[111.5980275,-7.4883035],[111.5981506,-7.4882609],[111.5983305,-7.4883275],[111.5985444,-7.4885314],[111.5986799,-7.4886604],[111.5988463,-7.4888191],[111.5989892,-7.4889182],[111.5991191,-7.4889353],[111.5992359,-7.4888963],[111.5992797,-7.4888617],[111.5993786,-7.4887838],[111.5995515,-7.4886238],[111.5995693,-7.4886029],[111.5996971,-7.4884527],[111.5998237,-7.4883039],[111.5998829,-7.4881967],[111.599936,-7.4881008],[111.5999635,-7.4880218],[111.6000006,-7.487915],[111.6000093,-7.4878102],[111.6000134,-7.4877595],[111.6000121,-7.4877478],[111.5999782,-7.4874333],[111.5998186,-7.4872165],[111.5998004,-7.4871918],[111.5997122,-7.4870835],[111.5995967,-7.4869416],[111.5995142,-7.4867862],[111.5995011,-7.486661],[111.5995614,-7.4864925],[111.5996565,-7.4863801],[111.5997733,-7.4863109],[111.5998011,-7.4863063],[111.5999593,-7.4862804],[111.6000815,-7.4862847],[111.6001131,-7.4862859],[111.6002437,-7.4862905],[111.6004132,-7.4862903],[111.6004645,-7.4862902],[111.6004975,-7.4862772],[111.6005106,-7.486276],[111.6006007,-7.4862673],[111.6007198,-7.4863165],[111.6008967,-7.4863776],[111.6011678,-7.4864042],[111.6013907,-7.4863877],[111.6015611,-7.4863065],[111.6017596,-7.4861969],[111.6018937,-7.4861259],[111.6020822,-7.4860347],[111.6021978,-7.4859637],[111.6024918,-7.4855457],[111.6025991,-7.4853899],[111.6027307,-7.485236],[111.6028603,-7.4850315],[111.6029122,-7.4849063],[111.6028885,-7.4848164],[111.6027874,-7.4846836],[111.6026504,-7.484531],[111.602459,-7.4844872],[111.6023063,-7.4844476],[111.6021826,-7.4844477],[111.60195,-7.4845134],[111.6017026,-7.4845536],[111.6015539,-7.4847243],[111.6012341,-7.485015],[111.6010162,-7.4852439],[111.6008963,-7.4852912],[111.6007725,-7.4852769],[111.6006516,-7.4852287],[111.6006468,-7.4852269],[111.6006393,-7.4852238],[111.6006337,-7.4852156],[111.6006039,-7.4851719],[111.6004702,-7.4849752],[111.6004461,-7.4847858],[111.6004062,-7.4844726],[111.6003696,-7.4841851],[111.6003564,-7.4840874],[111.6003131,-7.483768],[111.6002214,-7.4832601],[111.6001954,-7.4831161],[111.6002037,-7.4829045],[111.600277,-7.4826884],[111.6004629,-7.4825198],[111.6005822,-7.4825168],[111.6006447,-7.4825152],[111.6009606,-7.4825321],[111.6012421,-7.4826396],[111.6012495,-7.4826417],[111.6017249,-7.4827715],[111.6018922,-7.4828171],[111.6018991,-7.482819],[111.6019665,-7.4828268],[111.6021199,-7.4828446],[111.6022396,-7.4828334],[111.6022751,-7.4828479],[111.6022951,-7.482856],[111.6024404,-7.4829268],[111.6024279,-7.4830845],[111.6024217,-7.4832841],[111.6024411,-7.4833936],[111.6024872,-7.483473],[111.6025536,-7.4836215],[111.602657,-7.4836901],[111.6027577,-7.4837845],[111.6028953,-7.4838529],[111.6030245,-7.4838928],[111.6031536,-7.4838983],[111.6033055,-7.4838925],[111.6033946,-7.4838436],[111.6035092,-7.4837835],[111.6037589,-7.483743],[111.6037469,-7.4833109],[111.6035772,-7.4831194],[111.6034479,-7.4829851],[111.6032153,-7.4828137],[111.6029305,-7.4825975],[111.6028967,-7.4825649],[111.6028592,-7.4825287],[111.6028595,-7.4825284],[111.6029373,-7.4824333],[111.6030021,-7.482308],[111.6030235,-7.4821438],[111.603006,-7.4819927],[111.6029955,-7.4819634],[111.6029582,-7.4818589],[111.6028975,-7.4818142],[111.6027325,-7.4816924],[111.602648,-7.4815934],[111.6026111,-7.4815501],[111.602533,-7.4814077],[111.6024982,-7.4812523],[111.602472,-7.4811098],[111.6024846,-7.4808421],[111.6025363,-7.4806952],[111.6025968,-7.4805613],[111.6027308,-7.4804402],[111.6028337,-7.4803754],[111.6028821,-7.480345],[111.6030292,-7.4803275],[111.6034823,-7.480411],[111.6039281,-7.4804234],[111.6041618,-7.4804403],[111.6045859,-7.480362],[111.6047415,-7.4802668],[111.6047673,-7.4801588],[111.604732,-7.4800377],[111.6047195,-7.4799948],[111.6046285,-7.4798783],[111.6044855,-7.4797922],[111.6043469,-7.4797017],[111.6042083,-7.4796112],[111.6041399,-7.4795323],[111.6040999,-7.4794861],[111.6040434,-7.4793264],[111.6039826,-7.4791753],[111.6039997,-7.4790371],[111.6040504,-7.4788261],[111.604077,-7.4787149],[111.6041248,-7.4785156],[111.6045045,-7.4776644],[111.6046532,-7.4773487],[111.6047203,-7.4772063],[111.604922,-7.4767712],[111.6051443,-7.4765562],[111.6052977,-7.4764079],[111.6054901,-7.4762219],[111.6057593,-7.4759655],[111.6059876,-7.475748],[111.6061749,-7.4755696],[111.6064821,-7.475498],[111.6064852,-7.4754991],[111.6066492,-7.4755547],[111.6067071,-7.4755743],[111.6068756,-7.4757468],[111.6068994,-7.4757711],[111.6070535,-7.4761377],[111.6070583,-7.4761759],[111.607086,-7.4763991],[111.6070908,-7.4764373],[111.6071044,-7.4765468],[111.6071546,-7.4769504],[111.6070046,-7.4777489],[111.6070021,-7.4777609],[111.6069783,-7.4778782],[111.6068997,-7.4782656],[111.6068964,-7.4782821],[111.6068925,-7.4783268],[111.6068761,-7.4785152],[111.6069244,-7.4786761],[111.6070756,-7.4787719],[111.6072577,-7.4788196],[111.6074534,-7.478809],[111.6074682,-7.4788021],[111.6075633,-7.4787575],[111.6076982,-7.4786715],[111.6078255,-7.4785904],[111.6082352,-7.4782638],[111.6082646,-7.4782403],[111.608556,-7.4778973],[111.608631,-7.4777204],[111.6086469,-7.4776828],[111.6086621,-7.477647],[111.6086578,-7.4775813],[111.6086478,-7.4774262],[111.6086309,-7.4771657],[111.6085897,-7.4769518],[111.608579,-7.4768961],[111.6085781,-7.4768914],[111.6085764,-7.4768829],[111.6085445,-7.476717],[111.6085557,-7.4767085],[111.6086714,-7.4766208],[111.6087257,-7.4766278],[111.6087503,-7.476566],[111.6087346,-7.4764032],[111.60875,-7.4761687],[111.6088023,-7.476038],[111.6088523,-7.4759654],[111.6088925,-7.4758925],[111.6089153,-7.475809],[111.6089299,-7.4757351],[111.6089477,-7.4756759],[111.6089625,-7.4756408],[111.609019,-7.4756353],[111.6091702,-7.4756512],[111.60932,-7.4757291],[111.6094579,-7.4757895],[111.6095959,-7.475889],[111.6097188,-7.4760357],[111.6098552,-7.4761851],[111.6099535,-7.4762583],[111.6100299,-7.4763046],[111.61015,-7.4763479],[111.6101871,-7.476353],[111.6102633,-7.4762783],[111.6103868,-7.4761685],[111.6104759,-7.4760656],[111.6106337,-7.4756488],[111.6106364,-7.475499],[111.6106401,-7.4753027],[111.6106291,-7.4752329],[111.6106224,-7.4751903],[111.6105407,-7.4746691],[111.6105403,-7.4746668],[111.6105084,-7.4744635],[111.6104792,-7.4738867],[111.6104758,-7.4738188],[111.6104833,-7.4737779],[111.6105243,-7.4735555],[111.6105703,-7.4734531],[111.610612,-7.4733603],[111.6107683,-7.4732918],[111.6109156,-7.4732499],[111.6109129,-7.4732322],[111.6108927,-7.4731467],[111.6109319,-7.4730227],[111.6110099,-7.4728291],[111.6110794,-7.4727392],[111.61116,-7.4726784],[111.6111825,-7.4726435],[111.6111369,-7.472514],[111.6111082,-7.4724055],[111.611114,-7.472241],[111.6111441,-7.4721213],[111.6111575,-7.4720761],[111.6111787,-7.472076],[111.611224,-7.4721],[111.611295,-7.4720999],[111.6113118,-7.4720336],[111.6113479,-7.4719356],[111.6113899,-7.4719369],[111.6114202,-7.471931],[111.6114504,-7.4719128],[111.6114793,-7.4718419],[111.6115108,-7.4717772],[111.6116679,-7.4714043],[111.6116543,-7.4712971],[111.6116353,-7.4711646],[111.6116501,-7.4711229],[111.6116796,-7.4710842],[111.6118417,-7.4709082],[111.6118992,-7.4708521],[111.6119348,-7.4707946],[111.6119517,-7.4706422],[111.6119617,-7.4705746],[111.6120106,-7.470483],[111.6120572,-7.4703675],[111.6120934,-7.470267],[111.6120977,-7.4702201],[111.6120717,-7.4701644],[111.6120803,-7.4700616],[111.6121016,-7.4698735],[111.6121327,-7.4697796],[111.6121555,-7.4696693],[111.6122031,-7.4696104],[111.6122316,-7.4695589],[111.612258,-7.469483],[111.6122578,-7.4692967],[111.612292,-7.4692567],[111.6123263,-7.4692281],[111.6123397,-7.4692054],[111.6123365,-7.4690642],[111.6123569,-7.4690204],[111.6125649,-7.4689542],[111.6127868,-7.468856],[111.6129406,-7.4687934],[111.6131201,-7.4687272],[111.6132929,-7.4686657],[111.6134058,-7.4686852],[111.6134781,-7.4686909],[111.6135925,-7.4686952],[111.6136211,-7.4687208],[111.6136272,-7.4687552],[111.6136393,-7.4687613],[111.6136813,-7.4687522],[111.6137159,-7.4687492],[111.6138046,-7.4686995],[111.6138829,-7.4686243],[111.6140994,-7.4686269],[111.6143422,-7.4686432],[111.6143515,-7.4685882],[111.6143275,-7.4685018],[111.6142863,-7.4683726],[111.6142694,-7.4682934],[111.6143271,-7.4682167],[111.6144087,-7.4681448],[111.6144591,-7.4680943],[111.6144974,-7.4680799],[111.614601,-7.4680845],[111.6147211,-7.4681444],[111.6147523,-7.4681418],[111.6147835,-7.4680532],[111.6148073,-7.4680004],[111.6147713,-7.4679454],[111.6147398,-7.4678735],[111.6147422,-7.4678184],[111.6148144,-7.46778],[111.6148383,-7.467768],[111.6148453,-7.4677608],[111.614879,-7.4676098],[111.6148883,-7.4675163],[111.6144359,-7.4673907],[111.6139573,-7.467304],[111.6134021,-7.4671982],[111.6131219,-7.4671327],[111.6128865,-7.467066],[111.6128256,-7.467066],[111.6126662,-7.4670984],[111.6126037,-7.4670795],[111.6125579,-7.4670398],[111.6126391,-7.4666745],[111.6126484,-7.4666119],[111.6126943,-7.4666648],[111.612734,-7.466693],[111.6127703,-7.466676],[111.6127739,-7.4666496],[111.6127853,-7.4666174],[111.6128364,-7.4666039],[111.6128919,-7.4666189],[111.6129136,-7.466501],[111.6129352,-7.4663866],[111.6129519,-7.4662622],[111.6129841,-7.4662453],[111.6130702,-7.4662467],[111.6131664,-7.4662769],[111.6132404,-7.4662904],[111.6133013,-7.4662851],[111.6133162,-7.4661437],[111.6135149,-7.4661179],[111.6135764,-7.4660984],[111.6136288,-7.46604],[111.6137891,-7.465992],[111.6139467,-7.4659438],[111.6140486,-7.4659153],[111.6141202,-7.4659518],[111.6141962,-7.4659344],[111.6142974,-7.4659422],[111.6144241,-7.465942],[111.6145758,-7.4659484],[111.6146117,-7.4659392],[111.6147052,-7.4659044],[111.6148544,-7.4659175],[111.6149278,-7.4659255],[111.6149591,-7.4657279],[111.6149992,-7.4655802],[111.6150371,-7.4654372],[111.6151709,-7.4654595],[111.6152301,-7.4654664],[111.6152873,-7.4652251],[111.6152902,-7.465201],[111.6153965,-7.4652019],[111.6155176,-7.4652374],[111.615565,-7.4652415],[111.6156819,-7.4649179],[111.6157847,-7.464913],[111.6159787,-7.464911],[111.6161041,-7.4649119],[111.6161359,-7.4647268],[111.6162599,-7.4647466],[111.6163638,-7.4647606],[111.6164395,-7.4647729],[111.616527,-7.4648035],[111.6167019,-7.4648656],[111.6167944,-7.4648886],[111.6169051,-7.4649052],[111.6169482,-7.4649629],[111.6170342,-7.4649952],[111.6170952,-7.465016],[111.6170618,-7.46516],[111.6170618,-7.4652063],[111.6170884,-7.4652513],[111.6170848,-7.4653043],[111.6171191,-7.4653228],[111.6172268,-7.4653558],[111.6172866,-7.4653795],[111.6173437,-7.4653358],[111.6173887,-7.465296],[111.6174725,-7.4653184],[111.6175018,-7.4653753],[111.6175203,-7.4654138],[111.6175564,-7.4654334],[111.6176216,-7.4654467],[111.6178112,-7.4654529],[111.6179666,-7.4654539],[111.6181166,-7.4654483],[111.6182211,-7.4654363],[111.6182448,-7.4653279],[111.6182105,-7.4652683],[111.6182514,-7.4652577],[111.6183407,-7.465325],[111.618379,-7.4653567],[111.6184042,-7.4653488],[111.6184388,-7.4653183],[111.6184627,-7.4653129],[111.6185182,-7.465342],[111.6186386,-7.4653813],[111.6188973,-7.4654498],[111.6190325,-7.4654854],[111.6191159,-7.4655117],[111.619165,-7.4655235],[111.6192141,-7.4655751],[111.6192462,-7.465604],[111.6192939,-7.4656092],[111.6193322,-7.4655867],[111.6193786,-7.4655535],[111.6194529,-7.4655734],[111.6194359,-7.4657003],[111.6194307,-7.4657717],[111.6195827,-7.4658088],[111.6197724,-7.4658596],[111.6198588,-7.4658814],[111.6198885,-7.4659438],[111.6198738,-7.4660329],[111.6199169,-7.4660373],[111.6198942,-7.4661887],[111.6198678,-7.4662996],[111.6199357,-7.4663371],[111.6200959,-7.466412],[111.6202389,-7.4664511],[111.6203539,-7.4664529],[111.6204046,-7.4664264],[111.6204684,-7.4663927],[111.6205401,-7.4664338],[111.6204968,-7.4665013],[111.6204913,-7.4665858],[111.6204782,-7.4666592],[111.6204991,-7.4667004],[111.6205684,-7.4667459],[111.6208876,-7.4667605],[111.6212484,-7.4668206],[111.621503,-7.4668658],[111.6216207,-7.4669337],[111.6217839,-7.4669448],[111.621837,-7.4669486],[111.6218713,-7.4669713],[111.6218563,-7.4670696],[111.6218148,-7.4672212],[111.6217766,-7.4672997],[111.621691,-7.4673894],[111.6216528,-7.4674315],[111.6216292,-7.4674552],[111.6216279,-7.4674777],[111.6216542,-7.467496],[111.6216596,-7.4675172],[111.6216529,-7.4675475],[111.6216398,-7.467587],[111.6216358,-7.4676067],[111.6216412,-7.4676421],[111.6216494,-7.4677028],[111.6216797,-7.4677475],[111.6217303,-7.4678403],[111.6217705,-7.4679368],[111.6217942,-7.4680232],[111.6217992,-7.4680598],[111.6217943,-7.4681232],[111.6218078,-7.4681745],[111.6218455,-7.4682133],[111.6218765,-7.4682959],[111.6218931,-7.4683667],[111.6219217,-7.468395],[111.6220307,-7.4684091],[111.6221067,-7.4684326],[111.6221327,-7.4684893],[111.6221637,-7.4685507],[111.6222421,-7.4685813],[111.6223272,-7.4685907],[111.6223985,-7.4686119],[111.6224365,-7.468659],[111.6224531,-7.4687087],[111.6225621,-7.4687417],[111.6227212,-7.4688053],[111.6227424,-7.4688052],[111.6227257,-7.4686705],[111.622773,-7.4685831],[111.6228842,-7.4685332],[111.6229411,-7.4685235],[111.6231013,-7.4685265],[111.6231447,-7.4683412],[111.623234,-7.4680315],[111.6233636,-7.4675821],[111.6234186,-7.4674652],[111.6235107,-7.4672693],[111.6235512,-7.4672186],[111.623639,-7.4672205],[111.623865,-7.4672337],[111.6241046,-7.4672478],[111.6249456,-7.4673132],[111.625003,-7.4673101],[111.625084,-7.4672968],[111.6251123,-7.4672925],[111.6252246,-7.467275],[111.6255205,-7.4672292],[111.6256424,-7.4672995],[111.6259167,-7.4673742],[111.6260154,-7.4673516],[111.6260374,-7.4673466],[111.6260644,-7.4673404],[111.6260672,-7.4673377],[111.6262321,-7.467176],[111.6263598,-7.4670509],[111.6265572,-7.4670409],[111.6266816,-7.4670832],[111.6267714,-7.4671304],[111.6268097,-7.4671333],[111.6271753,-7.4667279],[111.627292,-7.4664202],[111.6274252,-7.4660691],[111.6274592,-7.4659398],[111.6275098,-7.4658435],[111.6274973,-7.4656898],[111.6274494,-7.4654211],[111.6274763,-7.4652774],[111.6274915,-7.4652549],[111.6275722,-7.4651347],[111.6276039,-7.4651126],[111.6278502,-7.4649416],[111.6279041,-7.4649042],[111.6280583,-7.4647507],[111.6283245,-7.4644858],[111.6283702,-7.4643448],[111.6284035,-7.4642418],[111.6285951,-7.4636411],[111.6286639,-7.4635936],[111.6289484,-7.4633973],[111.6289638,-7.4633883],[111.6290542,-7.4633358],[111.6294554,-7.4631767],[111.6296918,-7.4630966],[111.6297517,-7.4630764],[111.6300144,-7.4629874],[111.6300807,-7.4629878],[111.6301268,-7.462988],[111.6302746,-7.4630939],[111.6304147,-7.463281],[111.630674,-7.4634536],[111.6307328,-7.4634927],[111.6308429,-7.4635751],[111.630962,-7.4637596],[111.6310757,-7.4638445],[111.6310987,-7.4638617],[111.6312633,-7.4639072],[111.6314254,-7.4638755],[111.631432,-7.4638682],[111.631478,-7.4638175],[111.6314849,-7.4632732],[111.6314877,-7.4630488],[111.6315318,-7.4629524],[111.6318191,-7.4628624],[111.6319739,-7.4628299],[111.6321371,-7.4627154],[111.6321971,-7.4626733],[111.6323452,-7.4624824],[111.632431,-7.4622871],[111.6325103,-7.462214],[111.6325874,-7.4621962],[111.6327436,-7.46216],[111.6329672,-7.46219],[111.633048,-7.4622008],[111.6334697,-7.4621856],[111.6335247,-7.4621836],[111.6336522,-7.4621513],[111.6339999,-7.461749],[111.634124,-7.4616054],[111.6342569,-7.4615171],[111.634425,-7.4614977],[111.6345375,-7.4615287],[111.6346571,-7.4616581],[111.6346719,-7.461679],[111.6347313,-7.4617627],[111.6347911,-7.461847],[111.6348816,-7.4619344],[111.6352195,-7.4617586],[111.6353636,-7.461666],[111.6354536,-7.4616884],[111.6355478,-7.4618244],[111.6355445,-7.4618434],[111.6354595,-7.4623424],[111.6354718,-7.4623967],[111.6354958,-7.4625022],[111.6356527,-7.4625923],[111.6356817,-7.4625964],[111.6358796,-7.4626241],[111.6361492,-7.46254],[111.6362326,-7.462514],[111.636346,-7.4624725],[111.6363718,-7.4625264],[111.6364165,-7.4626201],[111.6364649,-7.4628155],[111.6365581,-7.4628688],[111.6365918,-7.462888],[111.6369295,-7.4628199],[111.6371429,-7.4627769],[111.6372891,-7.46257],[111.6373186,-7.4624315],[111.6370053,-7.4621462],[111.6369866,-7.4621292],[111.6368187,-7.4618546],[111.6367858,-7.4617757],[111.6368143,-7.4616806],[111.6368232,-7.4616508],[111.6369307,-7.46156],[111.6372837,-7.4614648],[111.6374988,-7.4613889],[111.6375492,-7.4613367],[111.6375569,-7.4612552],[111.6376124,-7.4606624],[111.6376219,-7.460588],[111.637715,-7.460457],[111.6377344,-7.4604435],[111.6378571,-7.4603583],[111.6380432,-7.4602739],[111.6380959,-7.4602231],[111.6385564,-7.4597792],[111.6386892,-7.4596863],[111.6390316,-7.4595659],[111.6390681,-7.4595531],[111.6392422,-7.4595236],[111.6396977,-7.4597143],[111.6398403,-7.459774],[111.6398675,-7.4597854],[111.6400191,-7.4598319],[111.6400948,-7.4598156],[111.6400938,-7.4597425],[111.6400864,-7.4591565],[111.6400863,-7.4591538],[111.6400911,-7.4590872],[111.6401021,-7.4589339],[111.6401809,-7.4587097],[111.6402432,-7.4584938],[111.6402926,-7.4583228],[111.6403285,-7.4582202],[111.6402951,-7.4581836],[111.6402929,-7.4580257],[111.6402972,-7.4579416],[111.640332,-7.4578677],[111.6403974,-7.4577692],[111.6404592,-7.4577015],[111.6405022,-7.4576727],[111.6405472,-7.4576296],[111.6405548,-7.4575287],[111.6405832,-7.4573939],[111.6406347,-7.4572434],[111.6408093,-7.4568169],[111.6409401,-7.4565742],[111.6410252,-7.45643],[111.6411628,-7.4562694],[111.641327,-7.456076],[111.6416231,-7.4557332],[111.6417083,-7.4556895],[111.6418096,-7.455489],[111.6419937,-7.4551435],[111.642088,-7.4549822],[111.6421663,-7.4548073],[111.6422343,-7.4546099],[111.6422714,-7.4541907],[111.6422654,-7.4540541],[111.6422303,-7.4539436],[111.642207,-7.4538622],[111.6422594,-7.453804],[111.6422592,-7.4536936],[111.6423058,-7.4536237],[111.6423484,-7.4535244],[111.6424027,-7.4534183],[111.6424026,-7.4533589],[111.6421928,-7.453318],[111.6420061,-7.4532614],[111.641884,-7.45322],[111.6418787,-7.4531012],[111.6417206,-7.4530136],[111.6415052,-7.452869],[111.6415912,-7.452796],[111.6416048,-7.4527224],[111.6414185,-7.4526239],[111.641409,-7.4525919],[111.6415032,-7.4524218],[111.6416615,-7.4521071],[111.6417808,-7.4518729],[111.6416889,-7.4517903],[111.6416206,-7.451719],[111.6415536,-7.4517336],[111.6416204,-7.4515885],[111.6417276,-7.4514083],[111.6417363,-7.4513736],[111.6417044,-7.4513272],[111.6417825,-7.450976],[111.6419019,-7.4510135],[111.6419921,-7.4510744],[111.6420447,-7.4511469],[111.6423356,-7.451216],[111.6426908,-7.4513142],[111.6428855,-7.4513488],[111.6428936,-7.4513686],[111.642881,-7.4515135],[111.6428854,-7.4515377],[111.6430549,-7.4515748],[111.643176,-7.4516034],[111.6431543,-7.4517008],[111.6433545,-7.4517607],[111.6436235,-7.4518192],[111.6438203,-7.4518778],[111.6438764,-7.4518734],[111.6439612,-7.4516926],[111.6441502,-7.4512606],[111.644272,-7.4510691],[111.6446295,-7.4511731],[111.645022,-7.4512825],[111.6452921,-7.4513516],[111.645349,-7.4513572],[111.6453977,-7.4513621],[111.6454364,-7.4513564],[111.6454666,-7.4513485],[111.6458011,-7.4512912],[111.646157,-7.4511927],[111.6464565,-7.4511125],[111.646539,-7.451066],[111.6467223,-7.4510528],[111.6469159,-7.451032],[111.646976,-7.4509799],[111.6470815,-7.4509637],[111.6472147,-7.4509612],[111.6473475,-7.450993],[111.6474992,-7.4510112],[111.6476229,-7.4510224],[111.6478066,-7.4510519],[111.6479697,-7.4510952],[111.6481005,-7.4511042],[111.6483164,-7.4511076],[111.6485019,-7.4511013],[111.6486956,-7.4510847],[111.6488124,-7.4509391],[111.6490238,-7.4507769],[111.6490714,-7.4505603],[111.6491943,-7.4503889],[111.6494305,-7.4504723],[111.6495568,-7.4505595],[111.6499146,-7.4512093],[111.6500206,-7.4513165],[111.6502211,-7.4512063],[111.6503698,-7.4511745],[111.6505767,-7.4512115],[111.6506692,-7.4511943],[111.6506613,-7.4506302],[111.650674,-7.4505517],[111.6508223,-7.4505454],[111.6510473,-7.4506214],[111.6514336,-7.4509192],[111.6515715,-7.4510262],[111.6516781,-7.4510142],[111.6516646,-7.450769],[111.6516859,-7.4506348],[111.6519823,-7.4505464],[111.6521636,-7.4504792],[111.6522334,-7.4504261],[111.6522366,-7.4503083],[111.6521741,-7.4501737],[111.6519194,-7.4497485],[111.6517372,-7.4495939],[111.6516739,-7.4495055],[111.6516723,-7.4493174],[111.6517338,-7.4491482],[111.651485,-7.4486358],[111.6514821,-7.4481951],[111.6514843,-7.4479964],[111.6514289,-7.4478965],[111.6512291,-7.4478044],[111.6510655,-7.4477556],[111.6509943,-7.4476945],[111.6509618,-7.4470795],[111.6509063,-7.4462954],[111.6508123,-7.4458397],[111.6508623,-7.4457134],[111.6510547,-7.4455458],[111.6512169,-7.4454552],[111.6514874,-7.4453654],[111.6517874,-7.4449885],[111.6519716,-7.4448236],[111.6521681,-7.4448102],[111.6523112,-7.4447398],[111.652383,-7.4446711],[111.6521851,-7.4445072],[111.6519376,-7.4440716],[111.6517904,-7.4432711],[111.6516512,-7.4424785],[111.6515047,-7.4419955],[111.6514132,-7.4417265],[111.6513819,-7.4414652],[111.651482,-7.441097],[111.6514595,-7.4407451],[111.6514665,-7.440596],[111.6515326,-7.4404888],[111.651654,-7.4403809],[111.651691,-7.4402926],[111.651396,-7.4400856],[111.6511693,-7.4398888],[111.6509952,-7.4394326],[111.6509332,-7.4389787],[111.6506058,-7.4386749],[111.6508029,-7.4385765],[111.6512259,-7.438346],[111.6513427,-7.438346],[111.6517663,-7.4386916],[111.6518447,-7.4387538],[111.6519396,-7.4387091],[111.6520588,-7.4384549],[111.6521134,-7.4383412],[111.6521222,-7.4383381],[111.6521881,-7.4383148],[111.6522515,-7.4383491],[111.6523881,-7.4384231],[111.6526568,-7.4385874],[111.6528161,-7.4386265],[111.6531409,-7.4385327],[111.6536004,-7.4384504],[111.6538337,-7.4384559],[111.6538772,-7.438462],[111.6540218,-7.4384826],[111.6540954,-7.438493],[111.6547111,-7.4385566],[111.6550436,-7.4385936],[111.6552199,-7.4385143],[111.6552197,-7.4384367],[111.6552163,-7.4383918],[111.6551692,-7.4380946],[111.6549264,-7.4375187],[111.6548332,-7.4372547],[111.6548388,-7.4368375],[111.6548674,-7.4366967],[111.6551204,-7.4364716],[111.6553048,-7.436311],[111.6555617,-7.435865],[111.6560194,-7.4357343],[111.6561911,-7.4356613],[111.6564325,-7.4355904],[111.6566933,-7.4355695],[111.656694,-7.4355694],[111.6567282,-7.4355668],[111.6568425,-7.435551],[111.6569778,-7.4346967],[111.6572374,-7.4344928],[111.6574819,-7.4342862],[111.6575805,-7.4341004],[111.6576281,-7.433986],[111.6578539,-7.4338376],[111.6580867,-7.4338127],[111.6582105,-7.4338281],[111.6583597,-7.4337229],[111.6584343,-7.4336056],[111.658393,-7.4333813],[111.6583166,-7.4331459],[111.6583571,-7.4329369],[111.658472,-7.4325875],[111.6585762,-7.4320189],[111.6590171,-7.4316934],[111.6591639,-7.4315793],[111.659239,-7.4314487],[111.6592495,-7.4312951],[111.6591716,-7.4310988],[111.6590648,-7.4308644],[111.6590482,-7.4307563],[111.6591828,-7.4305657],[111.6592872,-7.4302801],[111.6592929,-7.4300897],[111.6593396,-7.4297362],[111.6595841,-7.4293486],[111.659779,-7.4289996],[111.659776,-7.4288061],[111.659704,-7.4286219],[111.6596314,-7.4285103],[111.6599044,-7.4281636],[111.6599724,-7.428069],[111.6599744,-7.4279217],[111.6599074,-7.4277808],[111.6597224,-7.4276255],[111.659645,-7.4275777],[111.659623,-7.4275743],[111.6596348,-7.4273393],[111.6596555,-7.4272165],[111.6597405,-7.4271375],[111.6599257,-7.4271682],[111.6602038,-7.4271931],[111.6604517,-7.4271194],[111.6607083,-7.426933],[111.6608514,-7.4268078],[111.6609803,-7.4268136],[111.6610685,-7.4268824],[111.6611509,-7.4269736],[111.6612696,-7.4269542],[111.6613406,-7.4268898],[111.6614033,-7.4266143],[111.6614344,-7.4265555],[111.6615586,-7.4264849],[111.6615942,-7.4264469],[111.6615576,-7.4263664],[111.6614585,-7.4262209],[111.6611397,-7.4262182],[111.6611293,-7.4260834],[111.6611994,-7.4259619],[111.6615054,-7.4258098],[111.6617617,-7.4256412],[111.6618771,-7.4255069],[111.6619244,-7.425418],[111.6619255,-7.4254159],[111.6619736,-7.4253256],[111.6620943,-7.4251856],[111.6623097,-7.4250471],[111.6625036,-7.4249209],[111.6627655,-7.4246365],[111.6628636,-7.4244832],[111.663014,-7.4242679],[111.6632058,-7.424063],[111.6633477,-7.4239758],[111.6634527,-7.4239641],[111.6635731,-7.4240231],[111.6636058,-7.4240788],[111.6635235,-7.4242418],[111.6633773,-7.4244368],[111.663352,-7.4246022],[111.6634558,-7.4246095],[111.6637954,-7.4244699],[111.663872,-7.4243799],[111.6638465,-7.4242464],[111.6638337,-7.4241738],[111.6639502,-7.4240469],[111.6641085,-7.4239745],[111.664434,-7.4240356],[111.6646125,-7.4240318],[111.6646649,-7.4240141],[111.6649562,-7.4238604],[111.6651122,-7.423851],[111.6653088,-7.4239089],[111.6654587,-7.4239674],[111.6655649,-7.4239207],[111.6656769,-7.4237763],[111.6656632,-7.4233889],[111.6656776,-7.4232969],[111.6656851,-7.423249],[111.6657276,-7.4232787],[111.6657919,-7.4233236],[111.6660122,-7.4234562],[111.6662192,-7.4235098],[111.6664608,-7.4235466],[111.6666467,-7.4236441],[111.666793,-7.4237288],[111.6668515,-7.4237239],[111.6668848,-7.4234076],[111.6669014,-7.4233248],[111.6671692,-7.4230222],[111.6673162,-7.422935],[111.6674226,-7.4229457],[111.6674694,-7.4229504],[111.6674861,-7.422962],[111.6675751,-7.4230237],[111.6676592,-7.4233213],[111.6677354,-7.4233519],[111.6680239,-7.4232453],[111.6683045,-7.4232543],[111.6684573,-7.4231589],[111.6685178,-7.423083],[111.6685251,-7.4230485],[111.6685018,-7.4226229],[111.6683638,-7.422119],[111.6683443,-7.4219213],[111.6683379,-7.4218767],[111.6681904,-7.4216778],[111.6680732,-7.4216015],[111.6680277,-7.4215132],[111.6682795,-7.4212047],[111.6684858,-7.4211098],[111.668588,-7.421085],[111.6688702,-7.4210219],[111.6692448,-7.4209491],[111.6694884,-7.4208748],[111.6696726,-7.4208134],[111.669762,-7.4207171],[111.6697887,-7.4205373],[111.6696852,-7.4203599],[111.6696017,-7.4201867],[111.6695949,-7.4200319],[111.6699576,-7.4197395],[111.6700148,-7.4196792],[111.6700409,-7.4194921],[111.6700401,-7.4187188],[111.6702011,-7.4184918],[111.6703183,-7.4182858],[111.670243,-7.4181516],[111.6701568,-7.4180414],[111.6701649,-7.4178949],[111.6702009,-7.4177327],[111.6701628,-7.4175593],[111.6701321,-7.4175091],[111.6700176,-7.4170285],[111.6699572,-7.4166967],[111.6699809,-7.4163342],[111.6700991,-7.4159553],[111.6701557,-7.4158649],[111.6702744,-7.4156749],[111.6704892,-7.4154219],[111.6707563,-7.4152294],[111.6711312,-7.4151858],[111.6711738,-7.4151188],[111.6713067,-7.4147889],[111.6715208,-7.4144647],[111.6716654,-7.4142735],[111.6718103,-7.4141576],[111.6722507,-7.4139719],[111.6724883,-7.4138443],[111.672782,-7.4132845],[111.6730011,-7.4127945],[111.6735052,-7.4118217],[111.6737386,-7.411149],[111.6736158,-7.4106967],[111.6736062,-7.4106614],[111.674057,-7.4109101],[111.6752319,-7.4114179],[111.6761169,-7.4118108],[111.676445,-7.4119348],[111.6773071,-7.4124555],[111.6778694,-7.4128307],[111.6778717,-7.4128322],[111.6792755,-7.4136791],[111.6801834,-7.4142851],[111.6808853,-7.4145936],[111.681694,-7.4149885],[111.6823196,-7.4153313],[111.6829147,-7.4157271],[111.6845398,-7.4166159],[111.6858139,-7.4177446],[111.6867218,-7.4183378],[111.6874084,-7.4189748],[111.68824,-7.4197282],[111.688919,-7.4203877],[111.6901703,-7.4214239],[111.6914825,-7.4226059]]]]}},{"type":"Feature","properties":{},"geometry":{"type":"MultiPolygon","coordinates":[[[[111.4661944,-7.5092778],[111.4664552,-7.5094476],[111.4665924,-7.509537],[111.4668056,-7.5096944],[111.4669565,-7.5097975],[111.4672028,-7.5099688],[111.4673333,-7.5100833],[111.467574,-7.5102794],[111.4678452,-7.5105221],[111.468013,-7.5106541],[111.46825,-7.5108611],[111.46825,-7.5109167],[111.4683735,-7.5109825],[111.4686667,-7.5111111],[111.4688874,-7.5112573],[111.4690278,-7.5113056],[111.4690833,-7.5112778],[111.4691667,-7.51125],[111.46933,-7.511268],[111.4694722,-7.5113056],[111.4696869,-7.5113573],[111.4698475,-7.5114072],[111.47,-7.5114444],[111.4701944,-7.5115],[111.47025,-7.5115556],[111.4705833,-7.5116667],[111.4705556,-7.5117778],[111.4707577,-7.5118462],[111.4709933,-7.5119248],[111.4711111,-7.5119722],[111.4712824,-7.5120104],[111.4714444,-7.5120556],[111.4716179,-7.5121246],[111.4718056,-7.5121944],[111.4718611,-7.5120833],[111.4720105,-7.5121675],[111.4721782,-7.5122281],[111.4723889,-7.5123056],[111.4725566,-7.5123459],[111.4728333,-7.5124167],[111.4729492,-7.512428],[111.4730278,-7.5124444],[111.4731111,-7.5125],[111.4732418,-7.5124958],[111.4733889,-7.5125278],[111.4737778,-7.5126111],[111.4740663,-7.5126814],[111.4743333,-7.51275],[111.47475,-7.5129167],[111.4749408,-7.5129634],[111.4750556,-7.513],[111.4750693,-7.5132061],[111.4750229,-7.5134702],[111.475,-7.51375],[111.4753333,-7.5138611],[111.4753611,-7.5138889],[111.4755,-7.5139167],[111.4755226,-7.5141448],[111.4755547,-7.5144518],[111.4755752,-7.5146054],[111.4755833,-7.5146667],[111.4756578,-7.5146818],[111.4758842,-7.5147278],[111.4763056,-7.5148333],[111.47625,-7.5150556],[111.4763889,-7.51525],[111.4763751,-7.515319],[111.4763611,-7.5153889],[111.4763889,-7.5153889],[111.476372,-7.5156409],[111.4763611,-7.5158333],[111.4765743,-7.5159324],[111.4768211,-7.5159978],[111.4769444,-7.5160278],[111.4772222,-7.5161111],[111.477296,-7.5159578],[111.4773176,-7.51588],[111.4773058,-7.5157977],[111.4772778,-7.5157222],[111.4772126,-7.5154836],[111.4771517,-7.515318],[111.4770984,-7.5151733],[111.477066,-7.5150877],[111.4770833,-7.515],[111.4771764,-7.5150115],[111.4773039,-7.5150191],[111.4773611,-7.5150278],[111.4775025,-7.5150403],[111.4776185,-7.5150582],[111.47775,-7.5151111],[111.4778743,-7.5151325],[111.478023,-7.5151682],[111.4781667,-7.5151944],[111.4783442,-7.5152098],[111.4785078,-7.5152336],[111.4786944,-7.5152778],[111.4787844,-7.5152961],[111.4789167,-7.5153611],[111.4791389,-7.5154167],[111.47918,-7.5154329],[111.4791086,-7.5157363],[111.4790865,-7.5158231],[111.4790556,-7.5159444],[111.4789225,-7.5163347],[111.4788433,-7.5165914],[111.4787591,-7.5168643],[111.4786667,-7.517],[111.4792222,-7.5171111],[111.4795488,-7.5171342],[111.4798611,-7.5171667],[111.4802091,-7.5171997],[111.4805,-7.51725],[111.48075,-7.5173056],[111.4809167,-7.5173333],[111.4811907,-7.5173127],[111.4816389,-7.5173333],[111.4819283,-7.5173484],[111.4822733,-7.517396],[111.4824444,-7.5174167],[111.48275,-7.5173611],[111.4827587,-7.517114],[111.4827623,-7.5169106],[111.4827694,-7.5167999],[111.4827659,-7.5165893],[111.4828056,-7.5164722],[111.4828611,-7.5164722],[111.4829722,-7.5164722],[111.4831111,-7.5164167],[111.4833084,-7.5164323],[111.4835,-7.5164722],[111.4837046,-7.5165358],[111.4839044,-7.5166108],[111.4840833,-7.5166667],[111.4842792,-7.5167178],[111.4845719,-7.5167856],[111.48475,-7.5168056],[111.484786,-7.5166572],[111.4848182,-7.5164894],[111.4848324,-7.5163788],[111.4848889,-7.51625],[111.4850252,-7.5162824],[111.4851501,-7.5163466],[111.4852778,-7.5164444],[111.4853714,-7.5164537],[111.4855,-7.5164444],[111.4855833,-7.5163889],[111.4857711,-7.5163966],[111.4858611,-7.5163889],[111.4858711,-7.5162645],[111.4859175,-7.5161361],[111.485946,-7.5159861],[111.4859853,-7.5158612],[111.486,-7.5158056],[111.4862565,-7.5159362],[111.4865,-7.5160556],[111.4865833,-7.5160556],[111.4868056,-7.5156389],[111.4872222,-7.5157222],[111.4872222,-7.5156944],[111.4871676,-7.5156339],[111.4871111,-7.5155833],[111.4871111,-7.5155268],[111.4871311,-7.5154675],[111.4871389,-7.5154444],[111.4871408,-7.5153751],[111.4871051,-7.5153335],[111.4871111,-7.5152918],[111.4871349,-7.5152532],[111.4871498,-7.5152324],[111.4871944,-7.5151944],[111.4871914,-7.5151372],[111.4871379,-7.5151045],[111.4870833,-7.5150278],[111.4870427,-7.5149617],[111.4869722,-7.5148333],[111.4869862,-7.5147684],[111.487,-7.5146667],[111.4870992,-7.5147089],[111.4871944,-7.51475],[111.4873461,-7.51481],[111.4874174,-7.5148278],[111.4875215,-7.5148635],[111.4875959,-7.5148933],[111.4876944,-7.5149167],[111.4878725,-7.5149706],[111.4878666,-7.5149171],[111.4878666,-7.5148546],[111.4878933,-7.5147505],[111.4879647,-7.5146196],[111.488051,-7.5144739],[111.4881432,-7.5143252],[111.4881789,-7.514236],[111.4882592,-7.5140575],[111.4883216,-7.5139385],[111.4883722,-7.5138404],[111.488393,-7.5137868],[111.4884674,-7.5138136],[111.488506,-7.5138433],[111.4885179,-7.5139207],[111.4885447,-7.5140367],[111.4886161,-7.514117],[111.4886905,-7.5141675],[111.4887856,-7.5142003],[111.4888719,-7.5141884],[111.4889284,-7.5141616],[111.4889879,-7.5141259],[111.4890652,-7.5141705],[111.4891693,-7.5141973],[111.4892526,-7.514227],[111.4893389,-7.5142597],[111.4893716,-7.5142806],[111.4893716,-7.5143341],[111.4893418,-7.5144144],[111.4893061,-7.5144798],[111.4892794,-7.5145572],[111.4892853,-7.5146167],[111.489318,-7.5146762],[111.4893627,-7.5147267],[111.4894073,-7.5147416],[111.4894608,-7.5147535],[111.4894965,-7.5147743],[111.4895441,-7.5147981],[111.4896006,-7.5148159],[111.4896988,-7.5148487],[111.4897463,-7.5148487],[111.4898029,-7.5148427],[111.4898683,-7.5148516],[111.4899308,-7.5148635],[111.4899754,-7.5148873],[111.4899932,-7.5149141],[111.4899992,-7.5149349],[111.4900378,-7.5149825],[111.4900557,-7.5150063],[111.4900765,-7.515045],[111.4901211,-7.5150836],[111.4901746,-7.5150836],[111.4902639,-7.5151015],[111.4903085,-7.5151134],[111.4903501,-7.515152],[111.490365,-7.5151967],[111.4903888,-7.5152472],[111.4904156,-7.5152889],[111.4904483,-7.5153246],[111.4904483,-7.5153543],[111.4904572,-7.5153959],[111.4904661,-7.5154406],[111.4904721,-7.5154852],[111.4905256,-7.5155655],[111.4905732,-7.5156041],[111.4906316,-7.5156574],[111.4906892,-7.5156815],[111.49075,-7.515492],[111.4908112,-7.5153484],[111.4908944,-7.5151461],[111.4909093,-7.5151312],[111.4909539,-7.5151639],[111.4910372,-7.5151848],[111.4910818,-7.5152056],[111.4911264,-7.5152264],[111.4911591,-7.5152353],[111.4912067,-7.5152443],[111.4912514,-7.5152561],[111.49129,-7.515274],[111.4913346,-7.5153191],[111.4913809,-7.5153135],[111.4914298,-7.5153424],[111.4914566,-7.5153454],[111.4914827,-7.5153013],[111.4914982,-7.5152175],[111.491519,-7.515158],[111.491522,-7.5151312],[111.4915161,-7.5151193],[111.4915071,-7.5150866],[111.491522,-7.5150331],[111.4915428,-7.5149676],[111.4915488,-7.5149498],[111.4915934,-7.5149825],[111.4916588,-7.5150033],[111.4917332,-7.5150271],[111.4917808,-7.515042],[111.49187,-7.5150688],[111.4919206,-7.5150896],[111.4919979,-7.5151223],[111.4920514,-7.5151461],[111.4920931,-7.5151639],[111.4921246,-7.5151887],[111.4920812,-7.5153275],[111.4920128,-7.5155],[111.4919444,-7.5156667],[111.4918313,-7.5156607],[111.4917213,-7.5156517],[111.4916111,-7.5156389],[111.4915964,-7.5157499],[111.4915904,-7.5158956],[111.4915833,-7.5159722],[111.491635,-7.5160324],[111.4916707,-7.5160473],[111.4917332,-7.5160652],[111.4917838,-7.5160771],[111.4918194,-7.5160919],[111.491873,-7.5161128],[111.4919265,-7.5161247],[111.491983,-7.5161336],[111.4920217,-7.5161365],[111.4920663,-7.5161484],[111.4921258,-7.5161633],[111.4921645,-7.5161782],[111.492221,-7.5161931],[111.4922715,-7.516199],[111.4923162,-7.516199],[111.4923611,-7.5161944],[111.4923935,-7.5162496],[111.4924262,-7.5162853],[111.4924738,-7.5163537],[111.4924857,-7.5163953],[111.4924916,-7.5164251],[111.4925125,-7.5164697],[111.4925278,-7.5165278],[111.4925779,-7.5165886],[111.4926761,-7.5166452],[111.4927691,-7.5166785],[111.4928337,-7.5167017],[111.4929318,-7.5167522],[111.49303,-7.5167731],[111.4931371,-7.5168087],[111.493256,-7.5168593],[111.4934018,-7.5169069],[111.4935059,-7.5169456],[111.4935951,-7.5169872],[111.4937052,-7.5170318],[111.4937885,-7.5170616],[111.4938717,-7.5170883],[111.4939372,-7.5171151],[111.4940145,-7.5171567],[111.4940799,-7.5171895],[111.4941389,-7.5171944],[111.4942222,-7.5171667],[111.4943,-7.5171478],[111.4943684,-7.5171627],[111.4944517,-7.5171776],[111.4945082,-7.5171835],[111.4945648,-7.5171805],[111.4946389,-7.5171667],[111.4946778,-7.5170883],[111.4947432,-7.5169842],[111.494773,-7.5169307],[111.4948027,-7.5168712],[111.4948611,-7.5168056],[111.4948949,-7.516776],[111.4949365,-7.5167612],[111.495,-7.51675],[111.4950615,-7.5168028],[111.4951715,-7.5168712],[111.4953056,-7.5169167],[111.4953863,-7.5167374],[111.4954327,-7.5166231],[111.4954862,-7.5164982],[111.4955397,-7.5163198],[111.4955861,-7.5161556],[111.4956432,-7.5159843],[111.4956611,-7.515895],[111.4956718,-7.5158344],[111.4956389,-7.51575],[111.4956183,-7.5156666],[111.4956075,-7.5155988],[111.4956111,-7.5155278],[111.4956825,-7.5153489],[111.4957129,-7.5152834],[111.4958056,-7.5150833],[111.4958577,-7.5149288],[111.4959167,-7.5148333],[111.496,-7.5147778],[111.4961111,-7.5145278],[111.4962066,-7.5144637],[111.4962778,-7.5144444],[111.4962925,-7.5143443],[111.4962778,-7.5142222],[111.4963703,-7.5141635],[111.4964722,-7.5141111],[111.4965698,-7.5141153],[111.4966953,-7.5141535],[111.4967734,-7.5141773],[111.4968611,-7.5141389],[111.496918,-7.5139669],[111.4969348,-7.5138356],[111.4968889,-7.5136389],[111.4969174,-7.5135465],[111.4969638,-7.5134359],[111.4970278,-7.5133889],[111.4971197,-7.5133942],[111.4971801,-7.5133615],[111.49723,-7.513308],[111.4972943,-7.5132901],[111.4973657,-7.5133187],[111.4974121,-7.5133972],[111.4974513,-7.5134614],[111.497512,-7.5135043],[111.4975727,-7.5135078],[111.4976369,-7.5135043],[111.4976726,-7.513515],[111.497719,-7.5135542],[111.4977547,-7.5136185],[111.4977547,-7.513672],[111.49775,-7.5137222],[111.4978582,-7.513747],[111.4980081,-7.5137755],[111.4981223,-7.5137862],[111.49825,-7.5138056],[111.498258,-7.5137327],[111.498283,-7.5136756],[111.4983294,-7.513647],[111.4984578,-7.5136506],[111.4985542,-7.5136435],[111.4986327,-7.5136506],[111.4986827,-7.5136827],[111.4987598,-7.5137284],[111.4988906,-7.5137662],[111.498971,-7.5137974],[111.4991123,-7.5138177],[111.4991981,-7.5138004],[111.4992945,-7.5138089],[111.499405,-7.5138355],[111.4994922,-7.5138643],[111.4995637,-7.5138851],[111.499622,-7.5139554],[111.4996095,-7.5139942],[111.49959,-7.5140356],[111.4995711,-7.5140828],[111.4995762,-7.5141455],[111.4996155,-7.5142211],[111.4997255,-7.514233],[111.4999309,-7.5142553],[111.4999571,-7.5142574],[111.5001984,-7.5142772],[111.5002778,-7.5143611],[111.5005833,-7.5144167],[111.5005833,-7.5146944],[111.500874,-7.514823],[111.501012,-7.5148944],[111.5011809,-7.5149801],[111.5014444,-7.5150833],[111.5016711,-7.5151086],[111.5018139,-7.5151229],[111.5020278,-7.5151667],[111.50199,-7.5153323],[111.5019444,-7.5154722],[111.5023257,-7.5156356],[111.5026291,-7.5157498],[111.5029039,-7.5158712],[111.5032222,-7.5160278],[111.5030806,-7.5163281],[111.5029485,-7.5165957],[111.502795,-7.5169063],[111.5026558,-7.5171847],[111.5024203,-7.5175951],[111.5022811,-7.5179306],[111.5021526,-7.5182411],[111.5020278,-7.5186389],[111.5022989,-7.5187515],[111.5025845,-7.5188729],[111.5029722,-7.519],[111.5035315,-7.5192845],[111.5040312,-7.5195344],[111.5046855,-7.5198199],[111.5052778,-7.5201944],[111.5063611,-7.52075],[111.5068116,-7.5209728],[111.5071507,-7.5211155],[111.5075833,-7.5213056],[111.5078431,-7.5214118],[111.5078502,-7.521501],[111.5079038,-7.5216259],[111.5079394,-7.5217116],[111.5080001,-7.5217758],[111.5080465,-7.5218329],[111.5080608,-7.5219364],[111.5082222,-7.522],[111.5085676,-7.5221006],[111.5090316,-7.5222184],[111.5095134,-7.5223423],[111.5096944,-7.5223889],[111.5096684,-7.5226496],[111.5096667,-7.5226667],[111.50967,-7.5226678],[111.5100556,-7.5228056],[111.5103784,-7.5228884],[111.5109444,-7.523],[111.510895,-7.5232797],[111.5108611,-7.5235278],[111.5111667,-7.5235833],[111.5113944,-7.5235925],[111.5116514,-7.5236068],[111.5118056,-7.5236111],[111.51175,-7.5238889],[111.5119065,-7.5239689],[111.511901,-7.5241249],[111.5118977,-7.5242207],[111.5118977,-7.5244741],[111.5118889,-7.5247222],[111.5119155,-7.5249417],[111.5119114,-7.5250046],[111.5119048,-7.5251059],[111.5118727,-7.5253272],[111.5118056,-7.5254444],[111.511762,-7.5255556],[111.5116585,-7.5257198],[111.5115657,-7.5258982],[111.5115336,-7.5260232],[111.5115122,-7.5262159],[111.5114622,-7.5263087],[111.5113889,-7.5263889],[111.5113409,-7.5265978],[111.5112909,-7.5269119],[111.5112517,-7.5270797],[111.511191,-7.5272724],[111.5111125,-7.527508],[111.5110411,-7.5276828],[111.5108912,-7.5279006],[111.5107698,-7.5280398],[111.5106667,-7.5281667],[111.510677,-7.5283539],[111.5106667,-7.5284444],[111.5106449,-7.528725],[111.5105557,-7.5290213],[111.5104165,-7.5292997],[111.5103165,-7.5295317],[111.5101944,-7.52975],[111.5101416,-7.5299136],[111.510188,-7.5299743],[111.510125,-7.5301599],[111.5100556,-7.5303333],[111.5100203,-7.5305311],[111.5099061,-7.5308166],[111.5097062,-7.5311973],[111.5095682,-7.5314876],[111.5094302,-7.5316637],[111.5093333,-7.5318889],[111.5092222,-7.5319167],[111.5091446,-7.531992],[111.5090685,-7.5322062],[111.509,-7.5324167],[111.5088056,-7.5323889],[111.5087211,-7.5325631],[111.5086545,-7.5328296],[111.5085593,-7.5331913],[111.5085117,-7.5334435],[111.508407,-7.533848],[111.5083056,-7.53425],[111.5082245,-7.534657],[111.5081999,-7.5351234],[111.5081111,-7.5356389],[111.5080548,-7.5360609],[111.508,-7.5363333],[111.5080644,-7.5363798],[111.5082025,-7.5364369],[111.5082321,-7.5365225],[111.5081667,-7.5368889],[111.5083783,-7.5369596],[111.5086045,-7.537027],[111.5087919,-7.5371073],[111.509006,-7.5371787],[111.5091845,-7.5372679],[111.5093611,-7.5373333],[111.5097466,-7.5375053],[111.5101785,-7.537698],[111.5105783,-7.5378872],[111.5106809,-7.5379346],[111.5107941,-7.5379869],[111.5110494,-7.5381049],[111.5112615,-7.5382304],[111.5113022,-7.5382545],[111.5114338,-7.5383324],[111.5114338,-7.5383325],[111.5110828,-7.5390556],[111.5104164,-7.5406459],[111.5099153,-7.5418947],[111.5095298,-7.5429083],[111.5092728,-7.5436602],[111.5092157,-7.5438744],[111.5091538,-7.5442123],[111.5089873,-7.5444978],[111.5087255,-7.5450213],[111.508321,-7.5460349],[111.5082188,-7.5460205],[111.5079832,-7.5459873],[111.5079754,-7.5460167],[111.5078829,-7.5463682],[111.5083496,-7.546487],[111.5081212,-7.5470819],[111.5080354,-7.5471104],[111.5079686,-7.5471326],[111.5078927,-7.5474007],[111.5098429,-7.5478633],[111.5099391,-7.5478861],[111.5110051,-7.5482716],[111.5110907,-7.5483906],[111.5112097,-7.5484905],[111.5113001,-7.5485524],[111.5115238,-7.5486523],[111.5119521,-7.5490045],[111.5122281,-7.5492424],[111.5123471,-7.5493567],[111.5123994,-7.5495375],[111.5125422,-7.5496089],[111.5126088,-7.5496755],[111.512723,-7.5497992],[111.5127754,-7.5498373],[111.5130704,-7.5499135],[111.5132798,-7.5499801],[111.5134226,-7.5500086],[111.5135844,-7.5500086],[111.5137414,-7.5500467],[111.5138414,-7.5500705],[111.513927,-7.550099],[111.5139889,-7.5501466],[111.5140651,-7.5501752],[111.5141364,-7.5501895],[111.514146,-7.5502799],[111.514146,-7.5503655],[111.5141935,-7.5504655],[111.5143078,-7.5507129],[111.514422,-7.55087],[111.5145029,-7.5510841],[111.5145552,-7.5512031],[111.5145695,-7.551284],[111.5145409,-7.5513649],[111.5144743,-7.5514268],[111.5142887,-7.5514696],[111.5137122,-7.551511],[111.5136558,-7.5516885],[111.513632,-7.5517932],[111.513632,-7.5520074],[111.513632,-7.5522501],[111.5136272,-7.5523738],[111.5135939,-7.5525166],[111.5135606,-7.5526451],[111.5135511,-7.5529258],[111.5135178,-7.5533351],[111.5134845,-7.5534588],[111.5134512,-7.5535873],[111.5131561,-7.5534969],[111.5130229,-7.5534446],[111.5129039,-7.5534255],[111.5128182,-7.5533827],[111.512723,-7.5533399],[111.5126231,-7.5532875],[111.5125374,-7.5532542],[111.5124565,-7.5532447],[111.5124042,-7.5532209],[111.5123233,-7.5531828],[111.5122281,-7.5531495],[111.5120806,-7.553121],[111.5119331,-7.5530686],[111.5118664,-7.5530258],[111.511776,-7.5529877],[111.511638,-7.5529449],[111.5110479,-7.552764],[111.5104626,-7.5526213],[111.5100227,-7.5525481],[111.5097758,-7.5525418],[111.5095744,-7.5525421],[111.5095592,-7.552514],[111.5095245,-7.5525076],[111.5093036,-7.5525078],[111.5090179,-7.5524899],[111.5088613,-7.552473],[111.5087326,-7.5524741],[111.5086447,-7.5524551],[111.5085749,-7.5524337],[111.5084728,-7.5524629],[111.5084245,-7.5524594],[111.5083678,-7.5524377],[111.5082579,-7.5523982],[111.5081867,-7.5523983],[111.5081312,-7.5524056],[111.5080552,-7.5524153],[111.5079817,-7.5524154],[111.5078911,-7.5524035],[111.507803,-7.5524036],[111.5077089,-7.5524108],[111.5076269,-7.5524326],[111.507563,-7.5524375],[111.5074471,-7.5524413],[111.5074045,-7.5524504],[111.5072364,-7.5524621],[111.5070761,-7.552495],[111.5068869,-7.5525261],[111.5067207,-7.5525686],[111.5066029,-7.5525822],[111.5065468,-7.5525669],[111.5064482,-7.5525208],[111.5063182,-7.5524773],[111.506153,-7.5524363],[111.505916,-7.5524084],[111.5055942,-7.5523785],[111.5054377,-7.5523591],[111.505366,-7.5523722],[111.5053116,-7.5523897],[111.5052443,-7.5524526],[111.5051097,-7.5526325],[111.5050609,-7.5526717],[111.5049728,-7.55264],[111.5048651,-7.5525767],[111.504733,-7.5525525],[111.5046377,-7.5526209],[111.5045326,-7.5527332],[111.5044568,-7.5527284],[111.5043541,-7.5527237],[111.5042685,-7.5527091],[111.5041902,-7.5526897],[111.5041023,-7.5527947],[111.5040705,-7.5528679],[111.5039678,-7.5528729],[111.5038357,-7.5528852],[111.5037771,-7.5528926],[111.5037502,-7.5529341],[111.5037405,-7.5529926],[111.5037415,-7.5531085],[111.5037958,-7.5531895],[111.5038636,-7.553282],[111.5038559,-7.5533283],[111.5038309,-7.5534056],[111.5038542,-7.5534905],[111.5038949,-7.5535888],[111.5039388,-7.5536778],[111.5039233,-7.5537403],[111.5038726,-7.5539199],[111.5038216,-7.5541046],[111.5037825,-7.5541926],[111.5037654,-7.5542561],[111.5037925,-7.5542977],[111.5039445,-7.5544148],[111.5040623,-7.5545002],[111.5040062,-7.5547105],[111.5039425,-7.5547374],[111.5038493,-7.5547474],[111.5038027,-7.5547278],[111.503668,-7.554772],[111.5035601,-7.5547795],[111.5035505,-7.5548992],[111.503555,-7.5550541],[111.5035468,-7.5551559],[111.5035027,-7.5551971],[111.5034283,-7.555244],[111.5033512,-7.5552771],[111.5033043,-7.5553157],[111.5032548,-7.555423],[111.5032109,-7.5555853],[111.5031559,-7.5557338],[111.5030596,-7.5558989],[111.5029579,-7.5561342],[111.5029579,-7.5561777],[111.5029689,-7.5562212],[111.5030301,-7.5563234],[111.5030498,-7.5564104],[111.5030761,-7.5565279],[111.5031004,-7.5566693],[111.5031288,-7.556778],[111.5031616,-7.5568454],[111.5032643,-7.5569497],[111.5032955,-7.5569885],[111.5033274,-7.557057],[111.5033595,-7.5571573],[111.5033915,-7.5572429],[111.5034751,-7.5573701],[111.5035882,-7.5575267],[111.5035441,-7.5575708],[111.5033871,-7.5576787],[111.503333,-7.5576885],[111.5032128,-7.5576764],[111.5030655,-7.5576961],[111.5029105,-7.5577119],[111.5027974,-7.5576705],[111.5026622,-7.5575947],[111.5024901,-7.5574749],[111.502382,-7.5574308],[111.5023892,-7.5573402],[111.5023965,-7.5572398],[111.5023771,-7.5571918],[111.5023444,-7.5571526],[111.5023094,-7.5570837],[111.5022739,-7.5570208],[111.5021487,-7.5567949],[111.5020868,-7.5566806],[111.5020583,-7.5566093],[111.5019869,-7.5565569],[111.5018775,-7.5565284],[111.5017823,-7.5565331],[111.5016823,-7.5565474],[111.5016157,-7.5565902],[111.5015824,-7.5566378],[111.5015729,-7.5567235],[111.5015824,-7.5568615],[111.5015729,-7.5569614],[111.5015443,-7.5570042],[111.5015301,-7.5570899],[111.5015301,-7.5571994],[111.5015538,-7.5572707],[111.5015967,-7.5573136],[111.5016919,-7.5573707],[111.5017537,-7.5573992],[111.5018251,-7.5574468],[111.5019012,-7.5575134],[111.5019917,-7.5575563],[111.5019475,-7.5576087],[111.5019231,-7.5576401],[111.5018427,-7.5577694],[111.5016923,-7.5579826],[111.5015876,-7.5581852],[111.5015262,-7.5584327],[111.5015205,-7.5585143],[111.5015128,-7.558594],[111.5014934,-7.5586621],[111.5014681,-7.5586912],[111.5013745,-7.5587128],[111.5012615,-7.5587187],[111.501131,-7.5587208],[111.5010256,-7.5587189],[111.500973,-7.5587288],[111.5009224,-7.5587657],[111.5008991,-7.5588319],[111.5008926,-7.5588901],[111.5009021,-7.5590114],[111.500896,-7.5590923],[111.5008992,-7.5592011],[111.5008245,-7.5593163],[111.5007342,-7.5594594],[111.5006065,-7.5596213],[111.5005564,-7.5597392],[111.5005171,-7.5598624],[111.5004705,-7.5600518],[111.5004213,-7.5602955],[111.500451,-7.5603741],[111.5004755,-7.5604206],[111.5005107,-7.5604263],[111.5005439,-7.5604906],[111.5006045,-7.5605917],[111.5006046,-7.5606345],[111.500593,-7.5607182],[111.5005695,-7.5607124],[111.5004797,-7.5606561],[111.5004269,-7.5606095],[111.5004054,-7.5606212],[111.5003919,-7.5607185],[111.5003472,-7.5608587],[111.5002324,-7.5611357],[111.5001622,-7.5611862],[111.5000767,-7.5612433],[111.5000262,-7.5613484],[111.4999452,-7.5615193],[111.499957,-7.5615886],[111.499971,-7.5616891],[111.4999938,-7.5617861],[111.4999817,-7.5618381],[111.4999193,-7.561975],[111.4998684,-7.5620926],[111.4999263,-7.5621106],[111.5000738,-7.5621486],[111.5002214,-7.5621915],[111.5002689,-7.5623009],[111.5002373,-7.5624019],[111.5001706,-7.5624722],[111.5000652,-7.5625249],[111.4998508,-7.5626373],[111.4996539,-7.5626937],[111.4996295,-7.5629357],[111.4996107,-7.563366],[111.4996067,-7.5634252],[111.4998968,-7.5635111],[111.5000396,-7.5635682],[111.5001157,-7.5636491],[111.5001728,-7.56373],[111.5002014,-7.5638538],[111.5001966,-7.5639585],[111.5001443,-7.5641536],[111.5000538,-7.5643392],[111.499992,-7.5644153],[111.4999253,-7.5644534],[111.4998397,-7.5644867],[111.4997397,-7.5644962],[111.4996113,-7.5644915],[111.4995925,-7.5646146],[111.4995864,-7.5647894],[111.4996023,-7.5649236],[111.4996368,-7.5650484],[111.4997466,-7.5652106],[111.4999628,-7.5654164],[111.5001585,-7.5652434],[111.5003679,-7.5651006],[111.5004155,-7.5650149],[111.5004346,-7.5649055],[111.5004631,-7.5647818],[111.5005107,-7.5646437],[111.500563,-7.5645676],[111.5006582,-7.5645057],[111.5007867,-7.5644772],[111.5009152,-7.5644772],[111.5011151,-7.56452],[111.5012388,-7.5647056],[111.5013054,-7.5648722],[111.5013578,-7.5649911],[111.5013721,-7.565072],[111.5013673,-7.565172],[111.5012816,-7.5652672],[111.5012198,-7.5653005],[111.5011341,-7.5653195],[111.5010389,-7.5652957],[111.5008819,-7.5655146],[111.5008438,-7.5655384],[111.5007058,-7.5656955],[111.5005011,-7.5659136],[111.5005848,-7.5660747],[111.5006646,-7.5662945],[111.5006981,-7.5664112],[111.5007206,-7.5664696],[111.5007179,-7.5665892],[111.5006985,-7.5667115],[111.5006116,-7.5668361],[111.5005395,-7.5668863],[111.5004234,-7.566927],[111.5003921,-7.5669615],[111.5003827,-7.5670021],[111.5003984,-7.5670303],[111.500433,-7.5670459],[111.5005397,-7.5670833],[111.5005774,-7.5671146],[111.5005964,-7.5672053],[111.5005839,-7.5673241],[111.5005212,-7.5674087],[111.5004492,-7.5674588],[111.5003738,-7.5674683],[111.5003174,-7.5674558],[111.5002358,-7.5674497],[111.5001448,-7.5674717],[111.5000821,-7.5674874],[111.5000302,-7.5675341],[111.4997096,-7.5674523],[111.4991481,-7.5673381],[111.4985532,-7.5672524],[111.498063,-7.5671668],[111.4978298,-7.5671239],[111.4975966,-7.5670621],[111.4971636,-7.5669526],[111.4968876,-7.5669098],[111.4967162,-7.566905],[111.496464,-7.5669336],[111.4957502,-7.5667623],[111.4954123,-7.5666861],[111.4951363,-7.566648],[111.4950078,-7.5666385],[111.4948412,-7.5667194],[111.4943844,-7.5666623],[111.4942654,-7.5666623],[111.4941369,-7.5666956],[111.4940084,-7.5667575],[111.4939418,-7.5667956],[111.4938752,-7.5668622],[111.493385,-7.5671906],[111.4932327,-7.5673095],[111.4931613,-7.5673571],[111.4930328,-7.5673333],[111.4929472,-7.5672857],[111.4928472,-7.5672144],[111.4929186,-7.5668955],[111.4929424,-7.5667194],[111.4929948,-7.56661],[111.493009,-7.5665481],[111.4930138,-7.566472],[111.4929662,-7.5663149],[111.4925332,-7.5661721],[111.4923095,-7.5661674],[111.4921334,-7.5661674],[111.4919859,-7.5661721],[111.4918991,-7.5662868],[111.4914909,-7.5661198],[111.4913625,-7.5660675],[111.4912625,-7.5660484],[111.4912007,-7.5660056],[111.4910864,-7.5659247],[111.490739,-7.565801],[111.4904916,-7.5657296],[111.4904154,-7.5655392],[111.4903774,-7.565444],[111.4903393,-7.5653726],[111.4902631,-7.5653251],[111.4898396,-7.5651775],[111.4897444,-7.5654488],[111.4895255,-7.565425],[111.4892019,-7.5653774],[111.4889497,-7.5653251],[111.4886404,-7.5652537],[111.4884786,-7.5652251],[111.4880931,-7.5651955],[111.487936,-7.5652537],[111.4878504,-7.5653108],[111.4877885,-7.5653679],[111.4876981,-7.5654488],[111.4876077,-7.5654964],[111.4873402,-7.565531],[111.4873245,-7.5655576],[111.4873113,-7.5655864],[111.4872815,-7.5656149],[111.4872678,-7.5656558],[111.4872149,-7.5657312],[111.487186,-7.5657613],[111.4871197,-7.5657997],[111.487,-7.5658056],[111.4869722,-7.5659444],[111.4868056,-7.5659167],[111.4868056,-7.5658611],[111.4864444,-7.5658889],[111.4863887,-7.5659726],[111.4863596,-7.5660025],[111.4863218,-7.5660413],[111.4862547,-7.5661279],[111.4862973,-7.5662724],[111.4863364,-7.5664187],[111.4863685,-7.5664557],[111.4863809,-7.5664883],[111.4864341,-7.566521],[111.4864567,-7.5665597],[111.4864793,-7.5666614],[111.4864835,-7.5666803],[111.4864817,-7.5667652],[111.4864656,-7.5667974],[111.486408,-7.5668526],[111.4863343,-7.5668848],[111.4862554,-7.5669225],[111.4862418,-7.5669966],[111.4862668,-7.5670501],[111.4863333,-7.5671667],[111.4864024,-7.5672964],[111.486406,-7.5673],[111.4864084,-7.5674059],[111.4864337,-7.5675118],[111.4864147,-7.5676165],[111.4862815,-7.5675974],[111.4861625,-7.5675784],[111.4860197,-7.5675546],[111.4858611,-7.5675278],[111.4857778,-7.5677778],[111.4858912,-7.5678592],[111.4860625,-7.5678972],[111.4863005,-7.5679686],[111.4864004,-7.5680114],[111.4865051,-7.5680638],[111.4866284,-7.5681944],[111.4866109,-7.5683585],[111.4866035,-7.5683898],[111.4865702,-7.5684279],[111.4865131,-7.5684612],[111.486456,-7.5685231],[111.4863941,-7.5685944],[111.486337,-7.5686896],[111.4862894,-7.5687705],[111.4862752,-7.5688514],[111.4862799,-7.5689276],[111.4864322,-7.5692131],[111.4865226,-7.5693892],[111.4865226,-7.5694653],[111.4864988,-7.5695272],[111.4864608,-7.5695795],[111.4864179,-7.5696081],[111.4863561,-7.5696842],[111.486299,-7.5697651],[111.4862609,-7.569827],[111.4862027,-7.5699398],[111.4861987,-7.5699475],[111.4861848,-7.5699745],[111.4860087,-7.5701839],[111.485904,-7.5703505],[111.4858421,-7.5704695],[111.4857898,-7.5705789],[111.4857629,-7.5707113],[111.4857184,-7.5709311],[111.4852359,-7.5708537],[111.485118,-7.5714109],[111.4850745,-7.5716393],[111.485008,-7.5719879],[111.484654,-7.5721515],[111.4846725,-7.5721862],[111.4848176,-7.5723211],[111.4848741,-7.5724044],[111.4849634,-7.5725917],[111.4850496,-7.5728059],[111.485121,-7.57302],[111.4851508,-7.5731479],[111.4851656,-7.5732491],[111.4851689,-7.5733544],[111.4851495,-7.5734245],[111.4850794,-7.5735346],[111.4850229,-7.5736209],[111.4849098,-7.5737487],[111.4848593,-7.5738142],[111.4847998,-7.5742276],[111.4847641,-7.5742871],[111.4847373,-7.5743496],[111.4846987,-7.574409],[111.4846332,-7.5744566],[111.4845767,-7.5744804],[111.4845202,-7.5745161],[111.4843864,-7.5746708],[111.4842674,-7.5748076],[111.4840443,-7.5748492],[111.4839283,-7.5748611],[111.4838242,-7.574882],[111.4838034,-7.5749385],[111.4837009,-7.5749523],[111.4836599,-7.5749453],[111.4835446,-7.5748939],[111.4835,-7.574876],[111.4834494,-7.5748522],[111.4833781,-7.5748403],[111.4833453,-7.5748403],[111.483274,-7.5748403],[111.4832145,-7.5748493],[111.4831342,-7.5748611],[111.4830955,-7.5748493],[111.483039,-7.5748225],[111.4829825,-7.5747898],[111.4829498,-7.574763],[111.4828843,-7.5747035],[111.4828546,-7.5746678],[111.48281,-7.5746648],[111.4827564,-7.5746648],[111.4826702,-7.5746708],[111.4825571,-7.5746738],[111.4821645,-7.5746351],[111.4819058,-7.5745875],[111.4816321,-7.5745518],[111.4814507,-7.5745132],[111.4812038,-7.5744388],[111.4812127,-7.5743853],[111.4812068,-7.5743496],[111.481189,-7.5743258],[111.4811652,-7.5743287],[111.4811265,-7.5743436],[111.4810878,-7.5743882],[111.4809391,-7.5745875],[111.4808053,-7.5747749],[111.4807012,-7.5749801],[111.4805316,-7.5749444],[111.4804751,-7.5749504],[111.4804127,-7.5749742],[111.4803413,-7.574998],[111.4803102,-7.5750062],[111.4802401,-7.5750247],[111.4801272,-7.5750373],[111.4800795,-7.5750812],[111.4800349,-7.5751199],[111.4799873,-7.5751556],[111.4799457,-7.5751824],[111.4797018,-7.5751586],[111.4796066,-7.5751467],[111.4794728,-7.5751437],[111.4793776,-7.5751497],[111.4793122,-7.5752419],[111.4792794,-7.5752805],[111.4792289,-7.5753341],[111.4791724,-7.5754054],[111.4790296,-7.5759051],[111.4789998,-7.5759854],[111.478985,-7.5760598],[111.4789671,-7.5761936],[111.4789523,-7.5763424],[111.4788214,-7.5767439],[111.4787976,-7.576848],[111.4787827,-7.5769551],[111.4787742,-7.576993],[111.478756,-7.577074],[111.4787045,-7.5771994],[111.4786226,-7.5774431],[111.478556,-7.5776658],[111.4785446,-7.5777286],[111.4785446,-7.5777686],[111.4785598,-7.57782],[111.4785674,-7.5778961],[111.4785788,-7.5779856],[111.4785827,-7.5782254],[111.478596,-7.578254],[111.4786207,-7.5782635],[111.478695,-7.5782559],[111.4787426,-7.578254],[111.4789348,-7.578353],[111.4790224,-7.5783967],[111.479049,-7.5784253],[111.4790928,-7.5785643],[111.4790985,-7.5786023],[111.4790966,-7.5786366],[111.4790814,-7.5786861],[111.4790319,-7.5787927],[111.4789938,-7.5788631],[111.4789748,-7.5789336],[111.4789748,-7.5789754],[111.4789748,-7.5789983],[111.4789805,-7.5790192],[111.4789976,-7.5790344],[111.4790224,-7.5790497],[111.4791252,-7.5790858],[111.4791823,-7.5791087],[111.4792013,-7.5791277],[111.4792165,-7.5791525],[111.4792261,-7.5791848],[111.4792242,-7.5792191],[111.4792223,-7.5792572],[111.4792089,-7.5793238],[111.4791823,-7.5794456],[111.479148,-7.5796341],[111.4791328,-7.5797806],[111.4791042,-7.5800452],[111.4790947,-7.5801004],[111.4790814,-7.5801595],[111.4790643,-7.5802013],[111.4790262,-7.5802832],[111.4790148,-7.5803117],[111.4790091,-7.5803403],[111.4789976,-7.5803707],[111.4789843,-7.5803936],[111.4789558,-7.580426],[111.4789272,-7.5804602],[111.4789158,-7.5804831],[111.4789082,-7.5805097],[111.4789005,-7.5805744],[111.4788815,-7.5807058],[111.4788739,-7.5807343],[111.4788625,-7.5807572],[111.4788492,-7.5807705],[111.4788282,-7.5807819],[111.4788016,-7.5807876],[111.478596,-7.5807686],[111.4783847,-7.5807496],[111.4782514,-7.5807362],[111.4782267,-7.58074],[111.4781962,-7.5807496],[111.478162,-7.5807648],[111.4780943,-7.580824],[111.4780934,-7.5808248],[111.4780696,-7.5808557],[111.4780506,-7.5808771],[111.4779792,-7.5809985],[111.4779078,-7.5811079],[111.4778293,-7.5812174],[111.4778127,-7.5812459],[111.4778055,-7.5812816],[111.477796,-7.5813197],[111.477777,-7.5813768],[111.4777603,-7.5814291],[111.4777437,-7.581472],[111.4777294,-7.5815196],[111.477708,-7.5816814],[111.4776723,-7.581905],[111.4776651,-7.5819764],[111.4776628,-7.5820335],[111.4776461,-7.5821025],[111.4775818,-7.5823119],[111.4775271,-7.5825237],[111.4774795,-7.5826355],[111.4774272,-7.5827664],[111.4773629,-7.5828949],[111.4772368,-7.5831733],[111.4771083,-7.5833494],[111.4770489,-7.5834969],[111.4770203,-7.5837253],[111.477006,-7.5838538],[111.4770108,-7.5838776],[111.4770227,-7.5839109],[111.4770465,-7.5839585],[111.4770917,-7.584018],[111.4771179,-7.5840727],[111.4771512,-7.5841393],[111.4771726,-7.5842036],[111.4771988,-7.5842512],[111.4772035,-7.584294],[111.4771964,-7.5843392],[111.4771821,-7.5843892],[111.4771535,-7.5844748],[111.4771535,-7.5845082],[111.4771607,-7.584551],[111.4771702,-7.5846033],[111.4771702,-7.5847175],[111.477175,-7.5847651],[111.4771845,-7.5848032],[111.4772083,-7.5848603],[111.4772773,-7.5849864],[111.4773272,-7.5850721],[111.4773818,-7.5851626],[111.4771973,-7.5853154],[111.4771876,-7.5853331],[111.4771389,-7.5854217],[111.4770378,-7.5855413],[111.4769687,-7.5856503],[111.4769261,-7.5857539],[111.4768891,-7.5859159],[111.4768596,-7.5861445],[111.4765056,-7.5864806],[111.4764551,-7.5864925],[111.4763956,-7.5864925],[111.4763361,-7.5864925],[111.4762918,-7.5865215],[111.476229,-7.5865609],[111.4761755,-7.5865847],[111.4760579,-7.5865655],[111.4757324,-7.5864798],[111.4756506,-7.5864475],[111.4755421,-7.5863694],[111.4753746,-7.5862248],[111.4753041,-7.5864741],[111.4752147,-7.5868415],[111.4751754,-7.5870251],[111.4751328,-7.5872241],[111.4750586,-7.5875192],[111.4753479,-7.5875515],[111.4756658,-7.587563],[111.4757515,-7.5876315],[111.4758048,-7.5877],[111.475839,-7.5877743],[111.4758543,-7.587818],[111.4758619,-7.587858],[111.4758562,-7.5879018],[111.4758181,-7.5879837],[111.4757648,-7.5881169],[111.475702,-7.5883263],[111.4756658,-7.588471],[111.475643,-7.5885566],[111.4755954,-7.588688],[111.4755173,-7.5886899],[111.4754735,-7.5886994],[111.4754711,-7.5887],[111.475426,-7.5887108],[111.4753746,-7.5887337],[111.4753422,-7.5887546],[111.4753175,-7.5888155],[111.4753098,-7.5888365],[111.4752642,-7.5888631],[111.475209,-7.5888688],[111.4751537,-7.5888821],[111.4751214,-7.5889183],[111.4751062,-7.5889602],[111.4750947,-7.5890078],[111.4750833,-7.5891753],[111.4750681,-7.5892914],[111.4750452,-7.5893714],[111.4750205,-7.5894608],[111.4750034,-7.5895922],[111.4751404,-7.5896226],[111.4750529,-7.5900814],[111.475129,-7.5902584],[111.4751404,-7.5903612],[111.475584,-7.5904602],[111.4758942,-7.5905287],[111.4760656,-7.5905611],[111.476195,-7.5905915],[111.4761531,-7.5906886],[111.4761093,-7.5906924],[111.4760275,-7.5907134],[111.4759418,-7.5907629],[111.4759247,-7.5907781],[111.4758961,-7.5908333],[111.4758219,-7.590957],[111.4757248,-7.5910751],[111.4756848,-7.5912311],[111.4756753,-7.5914006],[111.4760732,-7.591471],[111.476155,-7.5914824],[111.4761912,-7.5914729],[111.476254,-7.5914481],[111.4762997,-7.5914424],[111.4765453,-7.5915053],[111.4765357,-7.5915414],[111.4768022,-7.5916366],[111.4766923,-7.5919837],[111.4766328,-7.5921715],[111.4764996,-7.5927312],[111.4764215,-7.5929234],[111.4763625,-7.5929139],[111.476334,-7.5930224],[111.4762959,-7.5931176],[111.4762236,-7.5933441],[111.4761365,-7.5933304],[111.4760883,-7.5935925],[111.4760713,-7.5936848],[111.4760446,-7.5938219],[111.4763397,-7.5939304],[111.4763587,-7.5939475],[111.4763682,-7.5939685],[111.476372,-7.593997],[111.4763663,-7.5940256],[111.4763263,-7.5941912],[111.4763168,-7.5942331],[111.4763187,-7.5942597],[111.4763302,-7.5942883],[111.4763397,-7.5943054],[111.4763663,-7.5943225],[111.4762255,-7.5948062],[111.4766756,-7.5948779],[111.476628,-7.5949701],[111.4765655,-7.5950623],[111.4765447,-7.5951248],[111.4765175,-7.595184],[111.4764941,-7.5952348],[111.4763246,-7.5955323],[111.4762235,-7.595684],[111.4761342,-7.5959814],[111.4760747,-7.5961004],[111.4760153,-7.5962045],[111.4757238,-7.596374],[111.4756732,-7.5964008],[111.4756286,-7.5964097],[111.475581,-7.5964156],[111.4755453,-7.5964127],[111.4755037,-7.5964037],[111.475468,-7.596377],[111.4754204,-7.5963383],[111.4753817,-7.5963175],[111.4753431,-7.5963115],[111.4753103,-7.5963175],[111.475239,-7.5963591],[111.4751854,-7.5963918],[111.4751378,-7.5964037],[111.4750635,-7.5964008],[111.4749029,-7.5969243],[111.4749118,-7.5970016],[111.4749177,-7.5970462],[111.4749683,-7.5971235],[111.475001,-7.597183],[111.4749854,-7.5972599],[111.4749058,-7.597653],[111.474891,-7.5976887],[111.4748642,-7.5976827],[111.4748226,-7.5976649],[111.4747779,-7.597647],[111.4747512,-7.597647],[111.4747304,-7.5976559],[111.4746917,-7.5977035],[111.474653,-7.5977928],[111.4746322,-7.5978493],[111.4746411,-7.597882],[111.4746649,-7.5979088],[111.4746917,-7.5979385],[111.4747214,-7.5979742],[111.4747363,-7.5980099],[111.4747363,-7.5980545],[111.4747095,-7.5981497],[111.47465,-7.5983281],[111.4745876,-7.5984679],[111.4745489,-7.5985304],[111.4745281,-7.5985899],[111.4745173,-7.5985986],[111.4745132,-7.5986018],[111.4744865,-7.5986137],[111.4744537,-7.5986137],[111.4744151,-7.5986285],[111.4743794,-7.5986702],[111.474302,-7.5987594],[111.4742366,-7.5988486],[111.4742009,-7.598923],[111.4741652,-7.5989914],[111.4741414,-7.5990063],[111.4741206,-7.5990063],[111.4740879,-7.5989914],[111.4740522,-7.5989825],[111.4740225,-7.5989825],[111.4739927,-7.5989944],[111.4739689,-7.5990122],[111.4739362,-7.5990568],[111.4739184,-7.5991074],[111.4738916,-7.5991639],[111.473844,-7.5992294],[111.4737458,-7.5993691],[111.4735168,-7.5997618],[111.4736821,-7.5998506],[111.473584,-7.5999726],[111.4734769,-7.6001629],[111.4734591,-7.6005228],[111.473468,-7.6008351],[111.4735453,-7.6010166],[111.4736227,-7.601192],[111.4736881,-7.6013735],[111.4735207,-7.6016143],[111.4735067,-7.6016471],[111.4735691,-7.6016947],[111.4734948,-7.6018732],[111.473465,-7.6019475],[111.4734502,-7.602004],[111.4734412,-7.6020605],[111.4734353,-7.602129],[111.4734412,-7.6021884],[111.4734502,-7.6022598],[111.4734502,-7.6023104],[111.4734412,-7.6023639],[111.4734204,-7.6023877],[111.4733698,-7.6024264],[111.4732776,-7.6024561],[111.4731884,-7.6024978],[111.47312,-7.6025394],[111.4730694,-7.60259],[111.4730278,-7.6026435],[111.4730009,-7.6026793],[111.4729832,-7.602703],[111.4729475,-7.6027922],[111.4729267,-7.6028844],[111.4729088,-7.6029499],[111.4728731,-7.603045],[111.4728315,-7.6031581],[111.4727839,-7.6033038],[111.472775,-7.603396],[111.472778,-7.6034555],[111.4727839,-7.603509],[111.4728047,-7.6035566],[111.4728315,-7.6035864],[111.4728761,-7.6036161],[111.4729415,-7.6036518],[111.4730397,-7.6036786],[111.4733044,-7.6037262],[111.4735959,-7.6037648],[111.473587,-7.6038184],[111.4734115,-7.60513],[111.4733669,-7.6053234],[111.4733431,-7.6054037],[111.4733357,-7.6054192],[111.4733163,-7.6054602],[111.4732866,-7.6055137],[111.4732509,-7.6055673],[111.4732122,-7.605603],[111.4733282,-7.6056743],[111.4734948,-7.6057219],[111.4742349,-7.6059749],[111.4745566,-7.6060848],[111.4752615,-7.6063168],[111.4752883,-7.6063317],[111.4752942,-7.6063555],[111.4752794,-7.606406],[111.4752258,-7.6065607],[111.475095,-7.6069295],[111.4750295,-7.6071377],[111.4749224,-7.6075155],[111.474854,-7.6076999],[111.4747856,-7.6078605],[111.4747053,-7.608027],[111.4746518,-7.6081222],[111.4746191,-7.6081698],[111.47439,-7.6082947],[111.4745269,-7.6086427],[111.474396,-7.6086992],[111.4743365,-7.6087439],[111.4742859,-7.6087944],[111.4742532,-7.6088331],[111.4742086,-7.6088926],[111.474167,-7.6089699],[111.4741342,-7.6090532],[111.4740896,-7.6091692],[111.4733936,-7.6090651],[111.4732003,-7.6090026],[111.4731051,-7.6089729],[111.4727571,-7.6089164],[111.4722872,-7.6088331],[111.4722455,-7.6088331],[111.4722128,-7.608839],[111.4721831,-7.608848],[111.4721593,-7.6088717],[111.4721444,-7.6089015],[111.4721058,-7.6090591],[111.4716209,-7.608961],[111.4715585,-7.6089521],[111.4714455,-7.6089342],[111.4713235,-7.6089223],[111.4711421,-7.6089164],[111.4711332,-7.6090115],[111.4708417,-7.6089877],[111.4708,-7.6089937],[111.4707465,-7.6090264],[111.4706779,-7.6090129],[111.4706111,-7.609],[111.4704044,-7.6100585],[111.4703889,-7.6101944],[111.4708072,-7.6103629],[111.4703479,-7.6117301],[111.4701278,-7.6125034],[111.4698244,-7.6124469],[111.4696698,-7.6130001],[111.4700356,-7.6130656],[111.4700089,-7.6131399],[111.4699553,-7.6131756],[111.4697263,-7.6132619],[111.4695835,-7.6133065],[111.4694973,-7.6133511],[111.4693545,-7.6134284],[111.4692623,-7.6135117],[111.4691879,-7.6136009],[111.4691404,-7.6136604],[111.4691314,-7.6137259],[111.4691314,-7.6137853],[111.4690987,-7.6138389],[111.4690303,-7.6139251],[111.4689708,-7.6140144],[111.4689589,-7.6140679],[111.4689559,-7.6141928],[111.4689738,-7.6143772],[111.4689857,-7.6144784],[111.4689857,-7.6145349],[111.4688965,-7.6146806],[111.4688399,-7.614752],[111.4684741,-7.614865],[111.4683194,-7.6148888],[111.4682219,-7.6148918],[111.4679982,-7.6148965],[111.467727,-7.6149203],[111.4675794,-7.6149441],[111.4674557,-7.6149774],[111.4672844,-7.6150583],[111.4671321,-7.6151202],[111.4667609,-7.6151821],[111.4662802,-7.6152439],[111.4651048,-7.6153867],[111.4645623,-7.6154676],[111.4643338,-7.615539],[111.4641768,-7.6156104],[111.464014,-7.6157343],[111.4638627,-7.6158531],[111.4636866,-7.6159625],[111.4634915,-7.616053],[111.4632536,-7.6161243],[111.4630918,-7.6161719],[111.4630109,-7.616229],[111.4628586,-7.6163766],[111.4626153,-7.6166741],[111.4623872,-7.6169602],[111.4622363,-7.617181],[111.4620387,-7.6174702],[111.4617831,-7.6177805],[111.4617164,-7.6178709],[111.4615879,-7.6179946],[111.4613548,-7.6181516],[111.460936,-7.6184134],[111.4608218,-7.618461],[111.4607266,-7.6184848],[111.4606171,-7.61848],[111.4601365,-7.6184229],[111.4598176,-7.6183848],[111.4595844,-7.6184753],[111.4594274,-7.6185371],[111.4593465,-7.6185371],[111.4592323,-7.6185228],[111.4591085,-7.6185228],[111.4589801,-7.6185657],[111.4588373,-7.6186466],[111.4587469,-7.6187465],[111.4586564,-7.6188465],[111.458547,-7.619013],[111.4584994,-7.6191605],[111.4584601,-7.6193699],[111.4584601,-7.6194199],[111.4584459,-7.6194877],[111.4583995,-7.6195413],[111.4581746,-7.6196162],[111.4579854,-7.619659],[111.457707,-7.6196947],[111.4574715,-7.6196947],[111.457136,-7.6196697],[111.4568433,-7.6196198],[111.456672,-7.6195769],[111.4565256,-7.6195377],[111.4564221,-7.6195056],[111.4563151,-7.6194556],[111.456233,-7.6194092],[111.4560866,-7.6193128],[111.4559903,-7.6192843],[111.4558189,-7.6192129],[111.4556155,-7.6191415],[111.4553371,-7.6190344],[111.4551337,-7.6189702],[111.454998,-7.6189416],[111.4548124,-7.6189309],[111.4546233,-7.6189309],[111.4545233,-7.6189452],[111.4544377,-7.6189666],[111.4542521,-7.6190487],[111.4540236,-7.6191451],[111.4538273,-7.6192414],[111.4537273,-7.6193018],[111.4536802,-7.6193418],[111.4536017,-7.6193732],[111.4535379,-7.6193798],[111.4534641,-7.6193665],[111.4533642,-7.6193522],[111.4532547,-7.6193713],[111.4530739,-7.6194331],[111.4528264,-7.6195426],[111.4525219,-7.6197092],[111.4520985,-7.6200142],[111.4518468,-7.6201256],[111.4516624,-7.6202277],[111.4516343,-7.6203421],[111.4516236,-7.6204563],[111.4516272,-7.620674],[111.4516129,-7.6212487],[111.4516129,-7.6214343],[111.4516415,-7.6217234],[111.4516415,-7.6220839],[111.4515736,-7.6228013],[111.451513,-7.6232296],[111.451463,-7.6235258],[111.4514105,-7.6237204],[111.451284,-7.6245201],[111.4512078,-7.6249826],[111.4512068,-7.625],[111.375,-7.625],[111.25,-7.625],[111.1928886,-7.625],[111.1931327,-7.6243262],[111.1932235,-7.6240378],[111.1932562,-7.6237036],[111.1932889,-7.6233809],[111.1932868,-7.6230124],[111.1932357,-7.6221833],[111.1931294,-7.6217922],[111.1929881,-7.6213553],[111.1928009,-7.6209646],[111.1927522,-7.6205387],[111.1927541,-7.6204815],[111.192762,-7.6202392],[111.192885,-7.6195475],[111.1933214,-7.6190961],[111.1936089,-7.6188528],[111.1940212,-7.6183591],[111.1949499,-7.619869],[111.1950865,-7.6200911],[111.1965027,-7.6193156],[111.1976471,-7.6183958],[111.1984558,-7.6173639],[111.1990967,-7.6163692],[111.1994171,-7.6161251],[111.1997909,-7.6160097],[111.1999359,-7.6160102],[111.2001495,-7.6160068],[111.20018,-7.616003],[111.2003326,-7.6159834],[111.2005005,-7.6159596],[111.2006683,-7.6159429],[111.2009201,-7.6158914],[111.2009583,-7.6158814],[111.2012024,-7.6158166],[111.2013778,-7.6157569],[111.2015686,-7.6157078],[111.2016372,-7.6156931],[111.2017898,-7.6156582],[111.2019501,-7.6156263],[111.2021255,-7.6155867],[111.2023163,-7.6155343],[111.2025299,-7.6154899],[111.2027054,-7.6154432],[111.2029342,-7.6153855],[111.2032699,-7.6152901],[111.2038345,-7.6151132],[111.2041168,-7.6150589],[111.2043762,-7.6150989],[111.2046509,-7.6151919],[111.2049179,-7.615232],[111.2050171,-7.6152529],[111.205307,-7.615314],[111.2053375,-7.6153226],[111.2054596,-7.6153526],[111.2056198,-7.6153927],[111.2057648,-7.6154466],[111.2058792,-7.6154794],[111.2060013,-7.6154885],[111.2061157,-7.6154899],[111.2062683,-7.6155123],[111.2063446,-7.61553],[111.2065277,-7.6155653],[111.2066803,-7.6155939],[111.2068405,-7.6156215],[111.2070389,-7.6156458],[111.2071075,-7.6156545],[111.2072983,-7.6156816],[111.2075042,-7.6157283],[111.2077331,-7.6157918],[111.2078171,-7.6158142],[111.2080307,-7.6158442],[111.2082977,-7.6158557],[111.2084503,-7.6158576],[111.2086792,-7.6158199],[111.2088394,-7.6157536],[111.2090912,-7.6156816],[111.2092743,-7.6156253],[111.2094574,-7.6155676],[111.2096252,-7.61552],[111.2097931,-7.6154661],[111.2099457,-7.6153988],[111.2100143,-7.6153688],[111.210144,-7.6153059],[111.2102432,-7.6152491],[111.2103577,-7.6151819],[111.2104645,-7.615117],[111.2105331,-7.6150722],[111.2106705,-7.6149868],[111.2107696,-7.6148987],[111.210823,-7.6148576],[111.2109299,-7.6148586],[111.2110748,-7.6148591],[111.2111664,-7.61486],[111.2113876,-7.6148419],[111.2115326,-7.6148147],[111.2117767,-7.6147651],[111.211998,-7.6147446],[111.2122192,-7.6147394],[111.2123337,-7.6147294],[111.2123718,-7.614727],[111.2125091,-7.6147189],[111.2126388,-7.6146874],[111.2127838,-7.6146345],[111.2128601,-7.6146163],[111.2130051,-7.6146044],[111.2131348,-7.6146125],[111.2132111,-7.6146202],[111.2133179,-7.614645],[111.2134018,-7.6146793],[111.213501,-7.6147089],[111.2136001,-7.6147122],[111.2137451,-7.6146912],[111.2139435,-7.6146883],[111.2141342,-7.6146812],[111.2143021,-7.6146516],[111.2143326,-7.6146473],[111.2144775,-7.6146292],[111.2146759,-7.6146259],[111.214798,-7.6146369],[111.2149506,-7.6146679],[111.2150497,-7.614697],[111.2152328,-7.6147217],[111.2153091,-7.6147236],[111.2154999,-7.6147036],[111.2156524,-7.6146588],[111.2158585,-7.6145725],[111.21595,-7.6145243],[111.2161941,-7.6144304],[111.2162857,-7.6144042],[111.2164917,-7.6143803],[111.2166061,-7.6143794],[111.216835,-7.6144213],[111.2169647,-7.6144414],[111.2170105,-7.6144237],[111.2171402,-7.6143598],[111.2172546,-7.6142869],[111.2173233,-7.614232],[111.2174149,-7.6141276],[111.2174606,-7.6140256],[111.2175293,-7.6139011],[111.2175903,-7.6138158],[111.21772,-7.6136918],[111.2178268,-7.6135721],[111.2179413,-7.6134643],[111.2180786,-7.6133384],[111.218132,-7.6132845],[111.2183456,-7.6131448],[111.2185364,-7.6130723],[111.2187271,-7.6130595],[111.2188797,-7.6130605],[111.2189331,-7.6130581],[111.2191009,-7.6130566],[111.2192154,-7.6130514],[111.2193146,-7.6130466],[111.2193985,-7.6130433],[111.2195129,-7.6129927],[111.2196197,-7.6129174],[111.2197189,-7.6128015],[111.2197876,-7.6126737],[111.2198105,-7.6126265],[111.2198715,-7.6125197],[111.2199478,-7.6123814],[111.2200394,-7.6122379],[111.2200546,-7.6122069],[111.2201462,-7.6121006],[111.2201691,-7.6120834],[111.2202759,-7.6120138],[111.2203903,-7.611947],[111.2204971,-7.6119046],[111.2206192,-7.6118703],[111.2206726,-7.6118249],[111.2207413,-7.611772],[111.220787,-7.611742],[111.2209244,-7.6116104],[111.2210922,-7.6114549],[111.2211609,-7.6114149],[111.221283,-7.6113653],[111.2214432,-7.6112909],[111.2215424,-7.6112656],[111.2218094,-7.6112508],[111.2220688,-7.6112685],[111.2221146,-7.6112775],[111.2223587,-7.6113486],[111.2224045,-7.6113681],[111.2225113,-7.611392],[111.2226562,-7.6113949],[111.2231827,-7.6113934],[111.2232742,-7.6113825],[111.2236557,-7.6112461],[111.2237625,-7.6112103],[111.2238998,-7.6111817],[111.2240219,-7.6111641],[111.2241669,-7.6111579],[111.2244644,-7.611154],[111.2248154,-7.6111479],[111.2252808,-7.6111316],[111.2256164,-7.611041],[111.225769,-7.6109275],[111.2259445,-7.6107397],[111.2261963,-7.6103758],[111.226387,-7.6100363],[111.2265243,-7.6097688],[111.2266388,-7.6096363],[111.2266998,-7.6095848],[111.2268982,-7.6094832],[111.2271499,-7.6094322],[111.2272186,-7.6094293],[111.2273483,-7.6095166],[111.2274857,-7.6096005],[111.22789,-7.609797],[111.2281647,-7.6098933],[111.228508,-7.6099391],[111.2285614,-7.609941],[111.2289352,-7.6099562],[111.2292709,-7.6099372],[111.2295456,-7.6099324],[111.2296066,-7.6099424],[111.2298279,-7.6100263],[111.2299881,-7.6100711],[111.2302094,-7.6100792],[111.2304687,-7.610075],[111.2308197,-7.6100669],[111.2310791,-7.6100711],[111.2311783,-7.6100792],[111.2313614,-7.6099992],[111.2315903,-7.6099438],[111.2318725,-7.6099562],[111.231987,-7.6099248],[111.2321091,-7.6098032],[111.2322235,-7.6096592],[111.2324371,-7.6095609],[111.2327499,-7.6094494],[111.2330246,-7.6093817],[111.2330475,-7.6093736],[111.2332229,-7.609333],[111.2334976,-7.6093402],[111.2336426,-7.6092977],[111.2338638,-7.609034],[111.234024,-7.6088724],[111.2342224,-7.6087389],[111.2343445,-7.6086926],[111.234581,-7.6086978],[111.2347488,-7.6086797],[111.2348938,-7.6085672],[111.2349472,-7.6085071],[111.2351837,-7.6084098],[111.2353821,-7.6083402],[111.2355499,-7.6082473],[111.2356872,-7.6081447],[111.2358704,-7.6080637],[111.2359237,-7.6080398],[111.2360763,-7.6079692],[111.2362747,-7.6079673],[111.2364731,-7.6079959],[111.2365799,-7.6079587],[111.2367325,-7.6078405],[111.23703,-7.6077542],[111.2373581,-7.6074843],[111.237503,-7.6073117],[111.2376175,-7.6070637],[111.2376709,-7.6069269],[111.237854,-7.6068244],[111.2380676,-7.6067881],[111.2382507,-7.6067843],[111.238533,-7.6066441],[111.2388229,-7.6065817],[111.2391891,-7.6065836],[111.2394333,-7.6065926],[111.2394714,-7.6065874],[111.2397614,-7.6065044],[111.240097,-7.606337],[111.2405472,-7.6060519],[111.2407837,-7.6058864],[111.2410202,-7.6056437],[111.241188,-7.605431],[111.2412033,-7.6054067],[111.2413482,-7.605246],[111.2414245,-7.6051769],[111.2415924,-7.6050024],[111.2418442,-7.6047373],[111.2420425,-7.6045432],[111.2423859,-7.6043329],[111.2424087,-7.6043234],[111.242691,-7.6042027],[111.2428436,-7.6041431],[111.2428741,-7.6041345],[111.2429352,-7.6041002],[111.2435837,-7.6038513],[111.2436447,-7.6038308],[111.2437363,-7.6037893],[111.2438202,-7.6036911],[111.243866,-7.6035819],[111.2439499,-7.6034774],[111.2442474,-7.6033601],[111.244667,-7.6031746],[111.2449188,-7.6030769],[111.2450409,-7.6029839],[111.2451172,-7.602828],[111.2451706,-7.6025867],[111.2452469,-7.6023154],[111.2453995,-7.6019215],[111.2454452,-7.6018061],[111.245491,-7.6017775],[111.2456589,-7.6017069],[111.2459106,-7.6016774],[111.2460403,-7.601685],[111.2461013,-7.6016664],[111.2463074,-7.6015997],[111.2464981,-7.6014714],[111.246521,-7.6014447],[111.2465668,-7.6013846],[111.2467117,-7.6011967],[111.2467346,-7.6011648],[111.246849,-7.6010923],[111.2470398,-7.6010713],[111.2472534,-7.6010217],[111.2473068,-7.6010079],[111.2478638,-7.6008386],[111.2483978,-7.600655],[111.2487259,-7.6004634],[111.2489929,-7.6002621],[111.2490997,-7.6002664],[111.2493973,-7.600286],[111.2497253,-7.6004257],[111.25,-7.6006278],[111.2501297,-7.6007266],[111.2503052,-7.6008334],[111.2507553,-7.6010427],[111.2508087,-7.6010675],[111.2508697,-7.6011162],[111.2510071,-7.6012416],[111.251152,-7.6013322],[111.2512512,-7.6013989],[111.2515869,-7.6016168],[111.2518005,-7.6017193],[111.2520294,-7.6018242],[111.2521743,-7.6019373],[111.2523575,-7.6022281],[111.2524948,-7.6027274],[111.2525787,-7.6031699],[111.252594,-7.603261],[111.2526474,-7.6032538],[111.2529449,-7.6031995],[111.2529754,-7.6031842],[111.2529983,-7.6031718],[111.253128,-7.603023],[111.2531738,-7.6027631],[111.2531815,-7.6027317],[111.2532425,-7.6026296],[111.2533722,-7.6025185],[111.2536239,-7.602292],[111.2537918,-7.6021685],[111.254013,-7.6019859],[111.2542267,-7.6018018],[111.254364,-7.6016559],[111.2543945,-7.6016383],[111.2544785,-7.601573],[111.2545624,-7.6015062],[111.2546615,-7.6014332],[111.2547912,-7.6013684],[111.2548218,-7.6013546],[111.2550583,-7.6011853],[111.2552719,-7.6009345],[111.2555313,-7.600604],[111.2555618,-7.6005673],[111.2555771,-7.600481],[111.2556305,-7.5999293],[111.2557297,-7.5995984],[111.2557525,-7.5995426],[111.2558288,-7.599442],[111.256012,-7.599328],[111.2562942,-7.5992112],[111.2564316,-7.599174],[111.256546,-7.5991425],[111.2565486,-7.5991418],[111.257019,-7.5990171],[111.2576828,-7.5988197],[111.2580872,-7.5986104],[111.2584991,-7.5984788],[111.2591705,-7.59837],[111.259285,-7.5983724],[111.2594223,-7.5983757],[111.2602386,-7.5983643],[111.2602844,-7.5983529],[111.2604141,-7.5983548],[111.2606277,-7.5983262],[111.2608108,-7.598905],[111.2608032,-7.5995135],[111.2610397,-7.5997695],[111.2610626,-7.5997748],[111.2611313,-7.5997729],[111.2615585,-7.5997023],[111.2617569,-7.5996708],[111.2619553,-7.5996303],[111.2622986,-7.5994629],[111.262474,-7.5993633],[111.2625656,-7.5993156],[111.2629394,-7.5991048],[111.263031,-7.5990433],[111.2632141,-7.5989971],[111.263565,-7.5988946],[111.2637405,-7.598854],[111.2639389,-7.5988144],[111.2644348,-7.5987157],[111.2649002,-7.5986552],[111.2649765,-7.5986504],[111.2651596,-7.5986685],[111.2657089,-7.5987668],[111.2658005,-7.5987792],[111.2661361,-7.5988373],[111.2666168,-7.5989212],[111.2669372,-7.599008],[111.2672653,-7.5990591],[111.267746,-7.5993676],[111.2684021,-7.5996623],[111.2685623,-7.5996394],[111.268959,-7.5995783],[111.2691726,-7.5996198],[111.2692642,-7.5996923],[111.2693863,-7.5998077],[111.2695465,-7.5999159],[111.2696533,-7.5999321],[111.2698745,-7.5998773],[111.2699508,-7.5998425],[111.2701416,-7.5998139],[111.2704696,-7.5998344],[111.2705917,-7.5998897],[111.2707214,-7.600018],[111.2709656,-7.6004171],[111.2711487,-7.6004271],[111.2715454,-7.6004734],[111.2717209,-7.6005549],[111.271965,-7.6008072],[111.2720184,-7.6008167],[111.2723846,-7.6008253],[111.2726288,-7.6007867],[111.2727814,-7.600768],[111.2734375,-7.6006245],[111.2737655,-7.6005048],[111.2738266,-7.6004777],[111.2739181,-7.6004881],[111.2741318,-7.6005587],[111.2743149,-7.6006822],[111.2743835,-7.6007471],[111.2746734,-7.6009745],[111.274826,-7.6010279],[111.2750015,-7.6010665],[111.2751693,-7.6011648],[111.2752914,-7.6013126],[111.2755127,-7.6015343],[111.2756119,-7.6017069],[111.2756653,-7.6018791],[111.2756881,-7.6022238],[111.2756805,-7.6024646],[111.2756119,-7.6025938],[111.2755127,-7.6027908],[111.2753448,-7.6029386],[111.2752456,-7.6030864],[111.2751236,-7.6032099],[111.2750244,-7.6034269],[111.2750549,-7.6034212],[111.2754211,-7.603404],[111.2757873,-7.6034426],[111.2758636,-7.6034517],[111.2766342,-7.6035776],[111.2768555,-7.6035924],[111.2772522,-7.6036558],[111.2776489,-7.6036686],[111.2780914,-7.603672],[111.2782288,-7.6036706],[111.2787704,-7.6036863],[111.2788162,-7.603692],[111.2794723,-7.6036939],[111.2801056,-7.6036048],[111.2810593,-7.6033148],[111.2811966,-7.6032772],[111.2812881,-7.6032829],[111.2822113,-7.603486],[111.2835922,-7.6036672],[111.283844,-7.6035485],[111.2840805,-7.6033783],[111.2842636,-7.6032939],[111.2844086,-7.6032738],[111.2848358,-7.6032948],[111.2857208,-7.6033873],[111.2859802,-7.6033196],[111.2860107,-7.6033063],[111.2862549,-7.6032467],[111.2866897,-7.6033501],[111.2870026,-7.6033353],[111.2874145,-7.6033697],[111.2874832,-7.6033744],[111.2876663,-7.6033744],[111.2877197,-7.60327],[111.287857,-7.6030564],[111.2880936,-7.6026678],[111.2881393,-7.6026234],[111.2883987,-7.6024494],[111.2885513,-7.6024875],[111.2886734,-7.6025714],[111.288887,-7.6028614],[111.2890396,-7.6029563],[111.2894516,-7.6031107],[111.2896347,-7.6031708],[111.2900009,-7.6032696],[111.2902832,-7.6032877],[111.2904663,-7.6032953],[111.2906113,-7.6033454],[111.2908401,-7.603476],[111.2908211,-7.6035016],[111.2908096,-7.603517],[111.290823,-7.603524],[111.2909393,-7.6035847],[111.291008,-7.6036601],[111.2911072,-7.6036949],[111.2911987,-7.6036539],[111.291481,-7.6033363],[111.2915954,-7.6032762],[111.2917557,-7.6032419],[111.292099,-7.6032328],[111.2922134,-7.6031522],[111.2922592,-7.6029997],[111.2922592,-7.6027784],[111.2922592,-7.6027455],[111.2922592,-7.6023755],[111.2923279,-7.6022272],[111.2924805,-7.6020527],[111.2926025,-7.6020202],[111.2926483,-7.6020231],[111.2929993,-7.6020574],[111.2931595,-7.6021308],[111.2934265,-7.602262],[111.2935028,-7.6022796],[111.2937622,-7.6022877],[111.2938232,-7.6022858],[111.2940216,-7.6022567],[111.2942581,-7.60217],[111.294281,-7.6021552],[111.2943573,-7.6020193],[111.2943954,-7.6017823],[111.2943878,-7.6015186],[111.2943802,-7.6014661],[111.2944183,-7.6012616],[111.2945557,-7.6009955],[111.2948761,-7.6005015],[111.2949753,-7.6004162],[111.2953415,-7.6001114],[111.2956924,-7.5998444],[111.2959442,-7.5996041],[111.2960663,-7.5994134],[111.2961197,-7.5993013],[111.2961578,-7.5992703],[111.2961807,-7.5992565],[111.296196,-7.5991377],[111.2962112,-7.59903],[111.2962494,-7.5988807],[111.2962723,-7.598598],[111.2962723,-7.5985684],[111.2962951,-7.598217],[111.2963486,-7.5980401],[111.2964706,-7.597865],[111.296524,-7.5977487],[111.2966537,-7.597413],[111.2967224,-7.5971551],[111.2967377,-7.596929],[111.2967377,-7.5969042],[111.2967453,-7.5968403],[111.2966461,-7.596291],[111.2966385,-7.5962653],[111.2966537,-7.5959901],[111.296669,-7.5958337],[111.296669,-7.595807],[111.2966995,-7.5956645],[111.2967834,-7.595447],[111.2968139,-7.5952921],[111.2967834,-7.5952172],[111.2966843,-7.5950436],[111.2966614,-7.5950002],[111.2965469,-7.5949154],[111.2964172,-7.5948448],[111.2963028,-7.5947937],[111.2961349,-7.5947198],[111.2960892,-7.5946893],[111.2960739,-7.5946469],[111.2960434,-7.594553],[111.2957382,-7.5941353],[111.2957229,-7.5941114],[111.2955017,-7.5937705],[111.2954559,-7.5934248],[111.2954788,-7.5933942],[111.2955322,-7.5933032],[111.2957153,-7.5933418],[111.295845,-7.5934114],[111.2959824,-7.5935087],[111.296257,-7.5936551],[111.2964554,-7.5936632],[111.296608,-7.5935754],[111.2968368,-7.5933837],[111.2969742,-7.5933075],[111.2970733,-7.5933203],[111.29776,-7.5936079],[111.2978287,-7.5936455],[111.2980499,-7.5936875],[111.2981644,-7.5935874],[111.2981872,-7.593482],[111.2981949,-7.5934014],[111.2982101,-7.5929646],[111.2982788,-7.5927362],[111.2984314,-7.5925197],[111.2985306,-7.5924849],[111.2985763,-7.592463],[111.2988281,-7.5924129],[111.2991104,-7.5924243],[111.299111,-7.59242],[111.299202,-7.5917139],[111.2992859,-7.5913348],[111.2992325,-7.5910739],[111.2991562,-7.5907364],[111.2991485,-7.5906839],[111.2990875,-7.5902147],[111.2991104,-7.5901618],[111.2991409,-7.590156],[111.2995911,-7.5900883],[111.2998886,-7.5896816],[111.2997208,-7.5893974],[111.3001327,-7.5891599],[111.3001785,-7.5891366],[111.3004532,-7.588963],[111.3007202,-7.5889825],[111.3009414,-7.5889759],[111.3010559,-7.5888247],[111.3011017,-7.588653],[111.3011322,-7.5884885],[111.3011322,-7.5882687],[111.3011169,-7.5880904],[111.3010788,-7.587912],[111.3010254,-7.5877681],[111.3009033,-7.5876173],[111.3011856,-7.5871887],[111.3013382,-7.5870552],[111.3014603,-7.586894],[111.301506,-7.5868201],[111.3015442,-7.5868172],[111.3019028,-7.5868268],[111.3022232,-7.586935],[111.3026123,-7.5870761],[111.3027115,-7.5869565],[111.3028641,-7.5867214],[111.3029861,-7.5866994],[111.3033981,-7.5866651],[111.3039322,-7.5863533],[111.3042374,-7.5862364],[111.3049927,-7.5860195],[111.3050384,-7.5860123],[111.3052215,-7.5859599],[111.3054733,-7.585834],[111.3055649,-7.5857367],[111.305809,-7.5854993],[111.3061676,-7.5852847],[111.3063507,-7.5852255],[111.3066177,-7.5851912],[111.3066635,-7.5852003],[111.3074646,-7.585349],[111.3079071,-7.5851793],[111.308403,-7.5849661],[111.3085327,-7.5849466],[111.3085708,-7.5849542],[111.3087082,-7.5850272],[111.3088989,-7.5852041],[111.3091049,-7.585535],[111.3092422,-7.5856471],[111.3092956,-7.5856309],[111.3106842,-7.5851431],[111.310997,-7.5851426],[111.3111114,-7.5850586],[111.3113098,-7.5849104],[111.3115234,-7.584794],[111.3117752,-7.5845751],[111.3117599,-7.5843987],[111.3117676,-7.5842356],[111.3118133,-7.5841608],[111.3118507,-7.5841122],[111.3118515,-7.5841112],[111.3118896,-7.5840597],[111.3120499,-7.58396],[111.3124771,-7.5838146],[111.3126678,-7.5837283],[111.3128128,-7.5836043],[111.3130188,-7.5833921],[111.3139343,-7.5832033],[111.3142319,-7.5831418],[111.3147049,-7.5832195],[111.3148117,-7.5831394],[111.314949,-7.5829639],[111.3152237,-7.5839986],[111.3152771,-7.5840973],[111.3153457,-7.58427],[111.315567,-7.5847711],[111.3153915,-7.5849223],[111.3153229,-7.5850801],[111.3152771,-7.5853615],[111.3152771,-7.5854377],[111.3154144,-7.5855517],[111.3158646,-7.5857095],[111.3160019,-7.5857524],[111.3160858,-7.5858492],[111.3160705,-7.5859709],[111.3159485,-7.5861201],[111.3153229,-7.5864253],[111.3152084,-7.5865097],[111.3151245,-7.5873103],[111.3151474,-7.587625],[111.3152084,-7.5878877],[111.3152313,-7.5879445],[111.3153915,-7.5883488],[111.3154297,-7.5885119],[111.3154144,-7.5885629],[111.3153229,-7.5886974],[111.3151474,-7.5888338],[111.3150711,-7.5888567],[111.3155594,-7.5890712],[111.3159866,-7.5890536],[111.3165054,-7.5887594],[111.3168259,-7.5885767],[111.3170242,-7.5884213],[111.3178177,-7.5878367],[111.3180771,-7.5875234],[111.3182526,-7.587243],[111.318367,-7.5869541],[111.3185882,-7.5867071],[111.318634,-7.5863018],[111.3186951,-7.5862078],[111.3189926,-7.5860881],[111.3194275,-7.5858826],[111.32061,-7.5851612],[111.3208694,-7.5849609],[111.3211365,-7.5847883],[111.3221969,-7.5841832],[111.3236847,-7.583827],[111.3245849,-7.5838031],[111.3251648,-7.5840106],[111.3255615,-7.5844264],[111.3258209,-7.5846576],[111.3260955,-7.5847268],[111.3265381,-7.5846109],[111.3275299,-7.5845174],[111.3291702,-7.5842642],[111.3291721,-7.5842605],[111.3296203,-7.5833601],[111.3298721,-7.5824814],[111.3301544,-7.5817537],[111.3301926,-7.5817384],[111.3305282,-7.5815682],[111.330986,-7.5813159],[111.3322143,-7.5809354],[111.3325424,-7.5808096],[111.3328247,-7.5806031],[111.3333054,-7.5802664],[111.3335724,-7.5801363],[111.3346405,-7.579648],[111.3349304,-7.5795011],[111.3352203,-7.5794668],[111.3357391,-7.5793848],[111.3358841,-7.579339],[111.3362655,-7.5791993],[111.3364944,-7.5790533],[111.3367386,-7.5788369],[111.3369598,-7.5786218],[111.3372421,-7.5784621],[111.3374329,-7.5784459],[111.337471,-7.5784244],[111.3375854,-7.5783076],[111.3376083,-7.5781798],[111.3376617,-7.5781436],[111.3378448,-7.5781965],[111.3380966,-7.5782036],[111.3381958,-7.5781135],[111.3383331,-7.5777878],[111.3384628,-7.5777464],[111.3386078,-7.5776777],[111.3388138,-7.5775456],[111.3388977,-7.577486],[111.3389435,-7.5774517],[111.339302,-7.577217],[111.339447,-7.5772586],[111.3399582,-7.5774445],[111.3399586,-7.5774446],[111.3401031,-7.5774965],[111.3403854,-7.5774827],[111.3405456,-7.5774135],[111.3406143,-7.5773334],[111.3407135,-7.577085],[111.3408508,-7.5768556],[111.3410263,-7.5767784],[111.341217,-7.5767602],[111.3416061,-7.5768513],[111.3420486,-7.5769686],[111.3421554,-7.5770201],[111.3424301,-7.5771031],[111.3426895,-7.5770721],[111.3430557,-7.57694],[111.3435592,-7.576724],[111.3437118,-7.5766763],[111.3438034,-7.5766835],[111.3442383,-7.5767025],[111.3445053,-7.5766458],[111.3448029,-7.5764837],[111.345314,-7.5762152],[111.3456268,-7.5760259],[111.34626,-7.5755748],[111.3464203,-7.575519],[111.346672,-7.5753779],[111.3468094,-7.5753116],[111.347145,-7.5751967],[111.3475647,-7.5751376],[111.347702,-7.5750789],[111.347763,-7.5750374],[111.347969,-7.5749497],[111.3483887,-7.5748005],[111.3487854,-7.5745806],[111.3491592,-7.5743274],[111.3495483,-7.5741663],[111.3498535,-7.5740623],[111.3499985,-7.5740003],[111.350151,-7.5739355],[111.3503036,-7.5737767],[111.3506317,-7.5733451],[111.3510895,-7.5731916],[111.3514862,-7.5731897],[111.3519363,-7.5732221],[111.3520813,-7.5731368],[111.352272,-7.5729565],[111.3524398,-7.5727892],[111.3525848,-7.5727567],[111.3527832,-7.5727949],[111.3530807,-7.572813],[111.3532028,-7.5727624],[111.353302,-7.5726504],[111.3533859,-7.5725002],[111.3535995,-7.5716872],[111.3536682,-7.5715374],[111.3537521,-7.5712733],[111.3538132,-7.5712242],[111.3539581,-7.5710468],[111.3540497,-7.5708289],[111.3541946,-7.5705542],[111.354393,-7.5704093],[111.3545913,-7.5704178],[111.3547363,-7.5704832],[111.3549881,-7.5705757],[111.3553467,-7.5706334],[111.3554458,-7.5706195],[111.3563919,-7.5704059],[111.3566055,-7.5704345],[111.3566742,-7.5704574],[111.3567199,-7.5705142],[111.3571396,-7.5710478],[111.3572616,-7.5710592],[111.3577652,-7.5709629],[111.3581924,-7.5708832],[111.358223,-7.570878],[111.3586883,-7.5708394],[111.3590774,-7.5707974],[111.3594894,-7.5706663],[111.3597259,-7.570651],[111.3597488,-7.5706686],[111.3603592,-7.5709676],[111.3604889,-7.571012],[111.3605652,-7.5709939],[111.3609161,-7.570868],[111.3615341,-7.5704803],[111.3617248,-7.5702967],[111.3617706,-7.570332],[111.3620605,-7.5705494],[111.3621673,-7.5705304],[111.362297,-7.5704321],[111.3624267,-7.5702505],[111.3626327,-7.569971],[111.3626556,-7.5699777],[111.3630676,-7.5700598],[111.3634491,-7.5700936],[111.3643265,-7.5699839],[111.3645706,-7.5699882],[111.3648224,-7.5700359],[111.364975,-7.5701351],[111.3652725,-7.5703501],[111.365448,-7.5703539],[111.3658829,-7.57028],[111.3659973,-7.5702467],[111.3659668,-7.5709605],[111.3658981,-7.5713262],[111.3659286,-7.5716643],[111.3659973,-7.5718617],[111.3660126,-7.5722231],[111.3659439,-7.5724787],[111.3658295,-7.5727205],[111.3657227,-7.5729618],[111.3657074,-7.5730023],[111.3657227,-7.5730681],[111.3657913,-7.5731277],[111.3660202,-7.5731611],[111.3661728,-7.5731596],[111.3663788,-7.573102],[111.3664856,-7.5731015],[111.366478,-7.5734505],[111.3664799,-7.573452],[111.3669128,-7.57379],[111.3676053,-7.574138],[111.3676921,-7.5740236],[111.3679504,-7.5736832],[111.3683482,-7.5737408],[111.3695135,-7.5738481],[111.3701948,-7.5733568],[111.3701461,-7.5733185],[111.3701392,-7.5731596],[111.3703192,-7.5732089],[111.3703606,-7.5731394],[111.3703507,-7.5729465],[111.3704837,-7.5728296],[111.3704506,-7.5727435],[111.3706643,-7.5722972],[111.3706752,-7.5721624],[111.3705715,-7.5720027],[111.3708201,-7.5716993],[111.3706714,-7.5714426],[111.3706476,-7.571288],[111.3708346,-7.5711987],[111.3708834,-7.5709415],[111.3708037,-7.5704628],[111.3706913,-7.5703905],[111.3707352,-7.5702187],[111.3707398,-7.5701238],[111.3705804,-7.5700076],[111.3709171,-7.5696067],[111.371136,-7.5691231],[111.371344,-7.5687859],[111.3713973,-7.5687031],[111.3715646,-7.5685033],[111.3717723,-7.5682555],[111.3718141,-7.5677768],[111.3719003,-7.56774],[111.3720336,-7.5675141],[111.3720226,-7.5672872],[111.3720474,-7.5671529],[111.3721944,-7.5663572],[111.3721633,-7.5662142],[111.3721378,-7.5652299],[111.3720977,-7.5648299],[111.3720739,-7.5643718],[111.3720204,-7.5641517],[111.371949,-7.5639495],[111.3719073,-7.5638662],[111.3717943,-7.5638186],[111.3718003,-7.5631345],[111.3717527,-7.5631345],[111.3717051,-7.5630691],[111.371717,-7.562956],[111.3717824,-7.5628133],[111.3720263,-7.5625634],[111.3721603,-7.5626482],[111.3722648,-7.562654],[111.3723564,-7.5626277],[111.3724522,-7.5625729],[111.3724617,-7.562454],[111.3725331,-7.5624444],[111.3726473,-7.562454],[111.3726569,-7.5623873],[111.3726711,-7.5623445],[111.3727235,-7.5623207],[111.3727996,-7.5622922],[111.3727901,-7.5622303],[111.3727901,-7.5621827],[111.3728282,-7.5621494],[111.3729424,-7.5622065],[111.3730356,-7.5622264],[111.3734326,-7.5621399],[111.3735087,-7.5620875],[111.3736233,-7.5620046],[111.3737038,-7.5619305],[111.3738228,-7.5618543],[111.3738751,-7.5617972],[111.3738704,-7.5617354],[111.3738466,-7.5616878],[111.3738751,-7.5616354],[111.3739513,-7.5615545],[111.3739846,-7.5614498],[111.3740655,-7.5613499],[111.3741083,-7.5612642],[111.3741512,-7.5611595],[111.3741464,-7.5610453],[111.3741321,-7.5609739],[111.3740988,-7.560893],[111.3741321,-7.5607979],[111.37425,-7.5607222],[111.374194,-7.5606551],[111.3741389,-7.5605833],[111.3741111,-7.5605278],[111.3740369,-7.5603933],[111.3738989,-7.5601411],[111.3737222,-7.5598889],[111.3736962,-7.5597033],[111.3736796,-7.5595701],[111.3736653,-7.5594416],[111.3736486,-7.5593107],[111.3736153,-7.5591941],[111.3735749,-7.5591132],[111.3735415,-7.5590537],[111.3734722,-7.5589444],[111.3733883,-7.55889],[111.3733526,-7.5588281],[111.3732634,-7.5585997],[111.373035,-7.5586033],[111.3728232,-7.5586437],[111.3726043,-7.5587167],[111.3725662,-7.5587294],[111.3725695,-7.5587809],[111.3725805,-7.5589531],[111.3725948,-7.559034],[111.3726233,-7.5591339],[111.3726566,-7.55921],[111.372728,-7.5593623],[111.3727851,-7.5594956],[111.3728089,-7.559605],[111.3728089,-7.5597002],[111.3727328,-7.5597859],[111.3726566,-7.5598477],[111.3725948,-7.5598858],[111.3724948,-7.5599096],[111.3724901,-7.5600571],[111.372433,-7.5601571],[111.3723949,-7.5602237],[111.3722997,-7.5601904],[111.3721427,-7.5601475],[111.3720237,-7.5600619],[111.3719428,-7.5600666],[111.3717619,-7.5599572],[111.3716953,-7.5598906],[111.371662,-7.5597859],[111.3715621,-7.5596907],[111.3714812,-7.5596288],[111.3713622,-7.559605],[111.3712623,-7.5596431],[111.3711909,-7.559743],[111.3711623,-7.5598477],[111.3711338,-7.5599334],[111.3710196,-7.559843],[111.3709529,-7.559705],[111.3708594,-7.5593918],[111.370984,-7.5593689],[111.3709862,-7.5592767],[111.3709862,-7.5591387],[111.3710053,-7.5590197],[111.3709482,-7.5589102],[111.370834,-7.5588674],[111.3706817,-7.5588388],[111.370339,-7.5587579],[111.370182,-7.5586913],[111.369906,-7.5585676],[111.3697195,-7.5584066],[111.3696676,-7.5583712],[111.3692306,-7.5580735],[111.3691129,-7.5579632],[111.3685145,-7.5574027],[111.3685108,-7.5573536],[111.368508,-7.5573157],[111.3686048,-7.5572577],[111.3682655,-7.5570941],[111.36806,-7.5568877],[111.3679949,-7.5568223],[111.3676857,-7.5564077],[111.3677057,-7.5563021],[111.367793,-7.5561548],[111.3679596,-7.5560216],[111.3680637,-7.5558925],[111.3681826,-7.5558092],[111.3683314,-7.5556873],[111.3684808,-7.5556088],[111.3685038,-7.5555461],[111.3685336,-7.5554909],[111.3684979,-7.5554255],[111.3684295,-7.5553868],[111.3683611,-7.5553749],[111.3682723,-7.555397],[111.3681707,-7.5554404],[111.3680994,-7.5554612],[111.3680399,-7.5554017],[111.368031,-7.5553333],[111.3680101,-7.5552381],[111.3680131,-7.555137],[111.3680964,-7.5550299],[111.3681975,-7.5549228],[111.3683224,-7.5549169],[111.3684858,-7.5549305],[111.3686254,-7.5548909],[111.3689322,-7.5548187],[111.3690814,-7.5547212],[111.3691642,-7.5546671],[111.3691784,-7.5545499],[111.3691576,-7.5544725],[111.3690833,-7.5543],[111.3690714,-7.5541781],[111.369077,-7.5541051],[111.3690894,-7.554092],[111.3691168,-7.5540853],[111.3692664,-7.5540485],[111.3692699,-7.554047],[111.3694388,-7.5539749],[111.3696393,-7.5539534],[111.3698598,-7.5538404],[111.3701272,-7.5536539],[111.3702034,-7.5535462],[111.3702835,-7.553433],[111.3703973,-7.55331],[111.3704063,-7.553234],[111.3704138,-7.5532054],[111.3704503,-7.5530659],[111.3705454,-7.5529492],[111.3706654,-7.5529037],[111.3710253,-7.552756],[111.371212,-7.5526592],[111.3714005,-7.552599],[111.3715504,-7.5525201],[111.3716218,-7.5524773],[111.3716837,-7.5524059],[111.3716551,-7.5522679],[111.371617,-7.5521965],[111.3715694,-7.5520585],[111.3715504,-7.5519586],[111.3715742,-7.5518539],[111.3716789,-7.5518063],[111.3718169,-7.5517206],[111.3718502,-7.551654],[111.3718978,-7.5515874],[111.3719454,-7.5515017],[111.3719692,-7.5514208],[111.3720025,-7.5513637],[111.3720398,-7.5513509],[111.3720826,-7.5513628],[111.3721207,-7.5513913],[111.3721683,-7.5514389],[111.3722254,-7.5514627],[111.3722884,-7.55145],[111.3723134,-7.5514],[111.3723125,-7.551332],[111.3722972,-7.5512539],[111.3723353,-7.5511702],[111.3723905,-7.5511531],[111.3724724,-7.5511264],[111.3724971,-7.5510522],[111.3724628,-7.550997],[111.3724134,-7.55094],[111.3723519,-7.5508877],[111.3722547,-7.550805],[111.3721337,-7.5506595],[111.3720287,-7.5505044],[111.3719625,-7.5503783],[111.3719305,-7.5502186],[111.3719172,-7.5500318],[111.3720181,-7.5498404],[111.3722595,-7.5495138],[111.3724468,-7.5492348],[111.3725515,-7.5490238],[111.3726378,-7.5488499],[111.3726993,-7.5487259],[111.37266,-7.5485792],[111.3726565,-7.5484293],[111.3726672,-7.5482579],[111.3727064,-7.5481187],[111.3728206,-7.5479831],[111.3729257,-7.5479126],[111.3730526,-7.5478689],[111.3731383,-7.5478939],[111.3733025,-7.5479617],[111.3734274,-7.5480259],[111.3735416,-7.5480581],[111.3736558,-7.5480402],[111.3737665,-7.5479189],[111.3737986,-7.5478046],[111.3738022,-7.5476904],[111.3737879,-7.5475726],[111.3737379,-7.547412],[111.3737094,-7.5472835],[111.3736844,-7.5472157],[111.3735666,-7.5470801],[111.3734988,-7.5469944],[111.3735024,-7.5469159],[111.3735309,-7.5468481],[111.373563,-7.5467839],[111.3736772,-7.546766],[111.3737593,-7.546791],[111.3738593,-7.5468695],[111.3739307,-7.5469552],[111.3739562,-7.5470623],[111.3740591,-7.5471836],[111.3741234,-7.5472586],[111.3741841,-7.5472942],[111.3743161,-7.5473371],[111.3744268,-7.5473335],[111.3744732,-7.5472907],[111.3745517,-7.54723],[111.3746124,-7.54718],[111.3746481,-7.5471158],[111.3747409,-7.5469587],[111.3748622,-7.5469409],[111.3749793,-7.5469592],[111.3751392,-7.5469897],[111.3752483,-7.547003],[111.375341,-7.5469793],[111.3753732,-7.5469423],[111.3753755,-7.5469421],[111.37537,-7.54689],[111.37538,-7.54677],[111.37541,-7.5464],[111.37561,-7.54581],[111.3757,-7.54557],[111.37577,-7.54552],[111.37605,-7.54536],[111.3762,-7.54535],[111.37667,-7.54535],[111.37679,-7.54522],[111.37695,-7.54507],[111.37749,-7.54462],[111.37765,-7.54458],[111.37802,-7.54447],[111.37807,-7.54431],[111.37813,-7.54415],[111.3783,-7.54397],[111.3782981,-7.5439683],[111.37799,-7.54369],[111.37784,-7.54354],[111.37766,-7.5431],[111.3776301,-7.5425611],[111.37763,-7.54256],[111.37784,-7.54229],[111.37807,-7.54188],[111.37812,-7.54183],[111.3781255,-7.5418245],[111.3781306,-7.5418194],[111.3781712,-7.5417941],[111.3782072,-7.5417717],[111.3782212,-7.541763],[111.3782855,-7.541723],[111.3782959,-7.5417165],[111.3782998,-7.5417146],[111.3783607,-7.5416845],[111.3783766,-7.5416766],[111.3784468,-7.5416419],[111.3784553,-7.5416377],[111.3785254,-7.541603],[111.378537,-7.5415973],[111.3786016,-7.5415653],[111.3786137,-7.5415594],[111.3786786,-7.5415273],[111.3787013,-7.541516],[111.3787308,-7.5415015],[111.3787838,-7.5414971],[111.378816,-7.5414944],[111.3788799,-7.5414891],[111.3789436,-7.5414837],[111.3789951,-7.5414795],[111.3790424,-7.5414755],[111.3790494,-7.5414749],[111.3790517,-7.5414747],[111.3791116,-7.5414697],[111.3791321,-7.541468],[111.3791329,-7.541468],[111.3791803,-7.541464],[111.3792219,-7.5414605],[111.3792621,-7.5414572],[111.3793154,-7.5414528],[111.3793529,-7.5414496],[111.3793716,-7.5414481],[111.3793719,-7.541447],[111.3793726,-7.5414441],[111.3794098,-7.5412816],[111.3805389,-7.5404153],[111.3811111,-7.540029],[111.3812866,-7.5396595],[111.3813248,-7.5395913],[111.3814621,-7.5393724],[111.3814743,-7.5393442],[111.3815613,-7.539144],[111.3816147,-7.5390882],[111.3819046,-7.538783],[111.3820572,-7.5387134],[111.3823013,-7.5387296],[111.3824386,-7.5386996],[111.3825607,-7.5385446],[111.3828201,-7.5382929],[111.3829956,-7.5382137],[111.3831024,-7.5382428],[111.3832321,-7.5382504],[111.3832702,-7.5381774],[111.3832855,-7.5379743],[111.3832931,-7.5377283],[111.3833389,-7.5375452],[111.3834305,-7.5373711],[111.3835629,-7.53713],[111.3836761,-7.5371431],[111.3838132,-7.5371526],[111.3839978,-7.5371945],[111.3841558,-7.5372211],[111.3841944,-7.5372222],[111.3843875,-7.5373041],[111.3845255,-7.5373422],[111.3846492,-7.5373613],[111.3847635,-7.5373708],[111.3848301,-7.537366],[111.3848967,-7.5373613],[111.3849681,-7.5373708],[111.3850775,-7.5374088],[111.3852489,-7.5374279],[111.3853155,-7.5374517],[111.3854345,-7.5374802],[111.3855154,-7.537504],[111.3856944,-7.5375278],[111.3861111,-7.5376111],[111.3862812,-7.5376353],[111.3864329,-7.5376621],[111.3866292,-7.5376829],[111.3867333,-7.5376888],[111.3867928,-7.5376918],[111.3868889,-7.5376667],[111.3870694,-7.5377067],[111.3872687,-7.5377632],[111.3876667,-7.5378889],[111.3879141,-7.5379387],[111.388039,-7.5379476],[111.3881372,-7.5379476],[111.3882799,-7.5379773],[111.3884554,-7.5380368],[111.3885536,-7.5380695],[111.3887222,-7.5381389],[111.3887767,-7.5382123],[111.3888986,-7.5383194],[111.389083,-7.538483],[111.3892258,-7.53859],[111.3893031,-7.5386763],[111.3893715,-7.5387596],[111.3894722,-7.5388611],[111.3894994,-7.538944],[111.3896571,-7.539054],[111.390017,-7.5392741],[111.390246,-7.5394199],[111.3903441,-7.5395002],[111.3904444,-7.5395833],[111.3905732,-7.5396549],[111.3907427,-7.5397262],[111.3908611,-7.5397778],[111.3910342,-7.5398571],[111.3912222,-7.5399444],[111.3915693,-7.5400804],[111.3919477,-7.5402375],[111.3922903,-7.5404052],[111.3925937,-7.540573],[111.3928399,-7.5406979],[111.3931505,-7.5407943],[111.3934431,-7.5408799],[111.393643,-7.5409049],[111.3938215,-7.5408871],[111.3940106,-7.5408121],[111.3941356,-7.5407586],[111.3943854,-7.5407193],[111.3946245,-7.5407264],[111.3949351,-7.5407479],[111.3952956,-7.5407907],[111.395656,-7.5408407],[111.3959059,-7.5408906],[111.3962628,-7.5410263],[111.3964127,-7.5410584],[111.3965698,-7.5410762],[111.3967768,-7.5410869],[111.3969981,-7.5411512],[111.3971944,-7.5411944],[111.3973336,-7.5412083],[111.3974444,-7.5411667],[111.3976833,-7.5411405],[111.3978725,-7.5411226],[111.3980474,-7.5410976],[111.3981937,-7.5410655],[111.3983115,-7.5410191],[111.3984043,-7.5409799],[111.3985,-7.5409444],[111.3986435,-7.5408835],[111.3987041,-7.5408371],[111.3987505,-7.5407978],[111.3988056,-7.5407222],[111.39875,-7.5405833],[111.3990039,-7.5405837],[111.3991538,-7.540573],[111.3993145,-7.540573],[111.3995001,-7.5405765],[111.3997356,-7.5405765],[111.3999248,-7.5405765],[111.4,-7.5406111],[111.4001068,-7.5407621],[111.40025,-7.5409444],[111.4003182,-7.5408784],[111.4003814,-7.5408274],[111.4004037,-7.5408094],[111.4007776,-7.5405498],[111.4010732,-7.5403446],[111.4013014,-7.54018],[111.4013917,-7.5401149],[111.4016117,-7.5399563],[111.401813,-7.5398431],[111.4018523,-7.5398259],[111.4018983,-7.5398057],[111.4019617,-7.5397489],[111.4019913,-7.5396821],[111.4019928,-7.539671],[111.4020065,-7.5395711],[111.4019738,-7.539416],[111.4019219,-7.5393452],[111.4018211,-7.5392211],[111.4017457,-7.5391678],[111.4017019,-7.5390643],[111.401689,-7.538943],[111.4017619,-7.5388048],[111.4018098,-7.5387599],[111.4019365,-7.5386971],[111.4020555,-7.5386161],[111.4025096,-7.5385127],[111.4029217,-7.5385034],[111.4030721,-7.5384996],[111.4032739,-7.5385148],[111.4035,-7.5385278],[111.4040094,-7.5385195],[111.4044436,-7.5385374],[111.405217,-7.538472],[111.4061355,-7.5384562],[111.4067993,-7.5383901],[111.4078819,-7.538289],[111.40825,-7.53825],[111.40825,-7.538275],[111.40825,-7.5382778],[111.4084256,-7.5382472],[111.4086992,-7.5382042],[111.4091777,-7.5381287],[111.4091789,-7.5381285],[111.4091818,-7.5381281],[111.409592,-7.5380596],[111.4101239,-7.5379673],[111.4106834,-7.5378718],[111.4108278,-7.5378542],[111.4111173,-7.5378188],[111.4118763,-7.5377261],[111.4125668,-7.537666],[111.4131339,-7.5376228],[111.4133306,-7.5376008],[111.4138247,-7.5375099],[111.4143652,-7.5373115],[111.4146805,-7.5371256],[111.4148636,-7.5368685],[111.4150231,-7.5367289],[111.4152222,-7.5366111],[111.4151614,-7.5365908],[111.4151389,-7.5365833],[111.41539,-7.5364937],[111.4156952,-7.5364699],[111.4157425,-7.5364706],[111.415779,-7.5364699],[111.415785,-7.5364245],[111.4158088,-7.5363679],[111.415791,-7.5362995],[111.4157672,-7.5362579],[111.4157791,-7.5361657],[111.4158267,-7.5360616],[111.4158743,-7.5359337],[111.4158683,-7.5358355],[111.4158713,-7.5357433],[111.4158356,-7.5356749],[111.4158207,-7.5356214],[111.4158178,-7.5355708],[111.4158029,-7.5355084],[111.4158148,-7.5354191],[111.4158148,-7.5353359],[111.415794,-7.5352823],[111.4157226,-7.5352288],[111.4157374,-7.5350533],[111.4157434,-7.5349165],[111.4158594,-7.5348748],[111.4160051,-7.5348302],[111.4160854,-7.5347797],[111.4160973,-7.5347291],[111.4161092,-7.5346726],[111.4161092,-7.5345358],[111.4161538,-7.5341878],[111.4156578,-7.5341206],[111.4159022,-7.5331871],[111.4165571,-7.5332578],[111.4177605,-7.5334335],[111.4190877,-7.5336273],[111.4190782,-7.5337239],[111.4190723,-7.5337839],[111.4190624,-7.5338676],[111.4190578,-7.5339368],[111.4190478,-7.5340327],[111.4190441,-7.5340552],[111.419042,-7.5340806],[111.419039,-7.5341079],[111.419038,-7.5341295],[111.4190297,-7.5342102],[111.4190288,-7.5342221],[111.4190249,-7.5342737],[111.4190053,-7.5343609],[111.4189915,-7.5344459],[111.4189274,-7.5345106],[111.418876,-7.5345318],[111.4187148,-7.5345774],[111.4186651,-7.5346974],[111.4186362,-7.5348382],[111.4186293,-7.5348718],[111.4186285,-7.5349371],[111.4186266,-7.5350577],[111.4186317,-7.5351312],[111.4186341,-7.5351919],[111.4186482,-7.5352503],[111.4186267,-7.5352929],[111.418618,-7.5353101],[111.4185862,-7.5353642],[111.4185758,-7.535419],[111.4185863,-7.5355935],[111.4185915,-7.5356497],[111.4185996,-7.5357094],[111.4186063,-7.5357588],[111.4186104,-7.5358107],[111.4186066,-7.535829],[111.4185839,-7.5358492],[111.4185148,-7.5358805],[111.4184367,-7.5359378],[111.4184003,-7.5359852],[111.4183655,-7.5360224],[111.4183464,-7.5360648],[111.4183444,-7.5361074],[111.4183451,-7.5361613],[111.4183538,-7.536232],[111.4183667,-7.5362996],[111.4185298,-7.5366255],[111.4185514,-7.5367057],[111.4185791,-7.536704],[111.4188232,-7.5366845],[111.4192657,-7.5366354],[111.4203415,-7.5365181],[111.4203811,-7.5365062],[111.4203856,-7.5364195],[111.4204887,-7.536415],[111.4205084,-7.5364056],[111.4204777,-7.5363167],[111.4207281,-7.5355224],[111.4210543,-7.5355753],[111.4211027,-7.5355261],[111.4214198,-7.5351661],[111.4214578,-7.5351537],[111.4214554,-7.5351519],[111.4214554,-7.5351057],[111.4214554,-7.5350012],[111.421524,-7.5347075],[111.4216842,-7.5343961],[111.4221039,-7.5337872],[111.422348,-7.533647],[111.4225769,-7.5335726],[111.4226837,-7.5336141],[111.422851,-7.5337652],[111.4228516,-7.5337657],[111.4231949,-7.5340395],[111.423205,-7.534041],[111.4233322,-7.5340604],[111.4236145,-7.5340089],[111.4240189,-7.5339689],[111.4241943,-7.5340042],[111.4243164,-7.5341263],[111.4244156,-7.5343232],[111.42453,-7.5345521],[111.4245987,-7.5345411],[111.4246902,-7.53445],[111.424794,-7.5342342],[111.4247971,-7.5342278],[111.4248352,-7.5339918],[111.4248123,-7.5336694],[111.4248123,-7.5332488],[111.4248886,-7.532999],[111.4249572,-7.5329327],[111.4252777,-7.5323343],[111.4253311,-7.5322365],[111.4253235,-7.5320873],[111.4252624,-7.5315637],[111.4253082,-7.5312681],[111.4253235,-7.5311927],[111.4253692,-7.531105],[111.4254303,-7.5309801],[111.4256057,-7.5307498],[111.4258041,-7.5305356],[111.4259567,-7.5306201],[111.4260483,-7.530744],[111.4261627,-7.5310058],[111.4263077,-7.5312957],[111.4265136,-7.5314951],[111.4267807,-7.5316944],[111.427185,-7.5319252],[111.4272308,-7.5319242],[111.4272766,-7.5319199],[111.427391,-7.5319118],[111.4280777,-7.5318389],[111.4284362,-7.5317211],[111.4286422,-7.5317354],[111.4292144,-7.5317893],[111.4299011,-7.531404],[111.4304046,-7.5313391],[111.4312973,-7.5312247],[111.4314651,-7.531095],[111.431633,-7.5308775],[111.4318771,-7.5304479],[111.4321442,-7.5300526],[111.432312,-7.5299749],[111.4324036,-7.5299348],[111.4327621,-7.529777],[111.4328384,-7.529684],[111.4328689,-7.5296444],[111.4329224,-7.5294819],[111.4329147,-7.5292463],[111.4329376,-7.5287523],[111.4330215,-7.5286302],[111.4331665,-7.5285277],[111.4337539,-7.5281529],[111.4338913,-7.5279364],[111.4339676,-7.527719],[111.4339828,-7.5274338],[111.434021,-7.5272164],[111.4342041,-7.5268716],[111.434433,-7.5264201],[111.4344711,-7.5255746],[111.4345627,-7.5253224],[111.4347534,-7.5248499],[111.4348068,-7.5246753],[111.4350204,-7.5241608],[111.4351349,-7.5235481],[111.4352874,-7.5233874],[111.4354553,-7.5233149],[111.4356155,-7.5232162],[111.4356613,-7.5231265],[111.4356918,-7.5230655],[111.435852,-7.5226612],[111.4358826,-7.5223155],[111.4358139,-7.522078],[111.4357147,-7.5217352],[111.4357147,-7.5213947],[111.4357681,-7.5210728],[111.4357687,-7.5210691],[111.435852,-7.5205221],[111.4358902,-7.5204773],[111.4360885,-7.5203447],[111.43647,-7.5201645],[111.4367447,-7.5201335],[111.4367517,-7.5201326],[111.4372635,-7.5200734],[111.4375229,-7.5199813],[111.4377441,-7.5198259],[111.4377594,-7.5197277],[111.437706,-7.5194878],[111.4376831,-7.5192055],[111.4377441,-7.5190029],[111.4378585,-7.5188841],[111.4380722,-7.5187807],[111.4382782,-7.5187373],[111.4384842,-7.518774],[111.438797,-7.5188155],[111.4389343,-7.5187482],[111.4390106,-7.5186219],[111.4390564,-7.5183892],[111.4390564,-7.5180253],[111.4390793,-7.5175151],[111.4391784,-7.5173711],[111.4392547,-7.5173606],[111.4393921,-7.5174446],[111.439804,-7.5176973],[111.439949,-7.5176925],[111.4401703,-7.5176058],[111.4408493,-7.5172958],[111.4414673,-7.5171065],[111.4417572,-7.5171342],[111.4420547,-7.5172242],[111.442337,-7.5173158],[111.4424896,-7.5172524],[111.4430694,-7.5169868],[111.4431839,-7.5170335],[111.4437256,-7.5173201],[111.4439128,-7.51735],[111.4443588,-7.5174212],[111.444519,-7.5175533],[111.4446182,-7.5177292],[111.4447403,-7.5178928],[111.4448929,-7.51797],[111.445076,-7.5179691],[111.445282,-7.51791],[111.4461441,-7.5175843],[111.4463348,-7.5176248],[111.4465637,-7.5176572],[111.4467544,-7.5176086],[111.4471588,-7.5175008],[111.4475326,-7.5174941],[111.4478683,-7.5174565],[111.4480667,-7.517343],[111.4481964,-7.5171933],[111.448204,-7.5171008],[111.448143,-7.5168876],[111.4480972,-7.5166401],[111.4480667,-7.5165057],[111.4480972,-7.5161833],[111.4481888,-7.5158386],[111.4482193,-7.5158128],[111.4482716,-7.5157553],[111.4482727,-7.5157542],[111.4485245,-7.5157537],[111.4487457,-7.5157156],[111.4492798,-7.5155086],[111.4496536,-7.5154991],[111.4507522,-7.5154638],[111.451065,-7.5153932],[111.451683,-7.5152526],[111.4522705,-7.5151825],[111.452362,-7.5151906],[111.4527511,-7.5152235],[111.4528732,-7.5152988],[111.453041,-7.51549],[111.4534302,-7.5158877],[111.4536514,-7.5160484],[111.4537659,-7.5160412],[111.4538727,-7.5159635],[111.4540024,-7.5158576],[111.4543152,-7.5155997],[111.454422,-7.5156197],[111.4545746,-7.5157337],[111.4547806,-7.5159788],[111.4550934,-7.5163989],[111.4552307,-7.5164403],[111.4555664,-7.5164208],[111.4560776,-7.5163626],[111.4561233,-7.5163574],[111.4565048,-7.5163192],[111.45651,-7.5163194],[111.4573746,-7.5163526],[111.458168,-7.516488],[111.4583816,-7.5164999],[111.458385,-7.5165],[111.4588699,-7.5165128],[111.4590178,-7.5165289],[111.4593429,-7.5165643],[111.4595795,-7.5166549],[111.4597015,-7.5167632],[111.4598007,-7.5169167],[111.460022,-7.5173978],[111.460144,-7.5175423],[111.4602127,-7.5176248],[111.460289,-7.5174617],[111.4607315,-7.5171413],[111.4611435,-7.5168375],[111.461319,-7.5166974],[111.4612045,-7.5161633],[111.4611816,-7.5159711],[111.4614181,-7.515531],[111.4614792,-7.5153798],[111.4614715,-7.5152721],[111.4613724,-7.5151686],[111.4611664,-7.5150871],[111.4606705,-7.5150537],[111.460495,-7.5150356],[111.4603119,-7.5149493],[111.460228,-7.5148511],[111.4601898,-7.5145869],[111.4602203,-7.5143299],[111.4602966,-7.5141086],[111.4604339,-7.5139184],[111.4605942,-7.5137982],[111.4608307,-7.5137219],[111.4613571,-7.5137009],[111.4616165,-7.5136795],[111.4617462,-7.5136303],[111.4618377,-7.5135354],[111.4618606,-7.5133848],[111.4617996,-7.5131325],[111.4615021,-7.5124964],[111.4614792,-7.5124602],[111.4612961,-7.5121469],[111.4610367,-7.5117116],[111.4607925,-7.5112891],[111.460701,-7.5110597],[111.4606857,-7.5108313],[111.4608993,-7.5100283],[111.4609909,-7.509838],[111.4612961,-7.5095057],[111.461525,-7.5093684],[111.4617691,-7.5092649],[111.4626083,-7.5092244],[111.4641189,-7.5092697],[111.4641647,-7.5092768],[111.4643402,-7.5092787],[111.4645843,-7.5092778],[111.4648132,-7.5091967],[111.4650116,-7.509048],[111.4651031,-7.508903],[111.4651139,-7.5088201],[111.4655074,-7.5089195],[111.4657929,-7.5090123],[111.4660833,-7.5091389],[111.4661944,-7.5092778]],[[111.4149491,-7.5409108],[111.4147885,-7.5409406],[111.4145565,-7.5409287],[111.414271,-7.5409584],[111.4136111,-7.5410833],[111.4135936,-7.5411488],[111.4135728,-7.5412053],[111.4135728,-7.5412737],[111.4135728,-7.5413332],[111.4135847,-7.5414016],[111.4136084,-7.5414581],[111.4136322,-7.5415176],[111.413659,-7.541583],[111.4136917,-7.5416395],[111.4137155,-7.5416752],[111.4138056,-7.5417778],[111.4138315,-7.5418537],[111.4138464,-7.5419102],[111.4138375,-7.5419697],[111.4138137,-7.5420232],[111.4138077,-7.5420589],[111.413778,-7.5421035],[111.4137778,-7.5422222],[111.4137304,-7.5423504],[111.4136828,-7.5424277],[111.4136531,-7.5424991],[111.4135936,-7.5425675],[111.4135519,-7.5426241],[111.4134984,-7.5426746],[111.4134627,-7.5427014],[111.4134167,-7.54275],[111.413424,-7.5428382],[111.4134088,-7.5429048],[111.4133539,-7.543023],[111.4133248,-7.5430857],[111.4132956,-7.5431826],[111.413277,-7.5432725],[111.4132808,-7.5433534],[111.4132902,-7.5434122],[111.4132842,-7.5434598],[111.4132456,-7.5435074],[111.4131861,-7.5435907],[111.4131445,-7.5436472],[111.4131474,-7.5437156],[111.4131944,-7.5437778],[111.41325,-7.5438333],[111.4132515,-7.5439],[111.4132545,-7.5439417],[111.4131944,-7.544],[111.4131623,-7.5440517],[111.4131111,-7.5441111],[111.4131266,-7.5441885],[111.4131326,-7.544251],[111.4131355,-7.5443164],[111.4131236,-7.5443819],[111.4131177,-7.5444592],[111.4131088,-7.5445276],[111.4130909,-7.5446168],[111.4130731,-7.5446823],[111.4130731,-7.5447358],[111.4130731,-7.5447715],[111.4130641,-7.5448251],[111.4130522,-7.5448667],[111.4130344,-7.5449381],[111.4130136,-7.5449767],[111.4129809,-7.5450303],[111.4129571,-7.5450719],[111.4129481,-7.5451255],[111.4129422,-7.5451849],[111.4129779,-7.5452266],[111.4130136,-7.5452444],[111.4130166,-7.5452801],[111.4130017,-7.5453545],[111.4129722,-7.5454722],[111.4131972,-7.5455338],[111.4133373,-7.5455722],[111.4134187,-7.5455858],[111.4135046,-7.5456038],[111.4136108,-7.545631],[111.4136583,-7.5456423],[111.413699,-7.5456649],[111.4138056,-7.5456944],[111.4138098,-7.5457417],[111.4137984,-7.5457779],[111.4137871,-7.5458276],[111.4137826,-7.5458751],[111.41376,-7.54597],[111.4137465,-7.5460017],[111.4137306,-7.5460469],[111.4137284,-7.5460786],[111.4137222,-7.5461389],[111.4137713,-7.5461758],[111.4138101,-7.5461921],[111.4138406,-7.5462092],[111.4138672,-7.5462492],[111.4139444,-7.5463056],[111.414038,-7.546411],[111.4143825,-7.5461239],[111.4144877,-7.5460372],[111.414658,-7.5459861],[111.4147163,-7.5459957],[111.4148374,-7.5460156],[111.4152589,-7.5460461],[111.41547,-7.5460077],[111.415561,-7.5459094],[111.4156675,-7.5458349],[111.415796,-7.54571],[111.4158567,-7.54561],[111.4158817,-7.5454744],[111.4158852,-7.5453031],[111.4159031,-7.5451675],[111.4159602,-7.5450318],[111.4160566,-7.5449176],[111.4161244,-7.5448569],[111.4162529,-7.5447427],[111.4163635,-7.5446785],[111.4164599,-7.5446785],[111.4166312,-7.5447142],[111.4167311,-7.5447392],[111.4167997,-7.5448038],[111.4168703,-7.5448034],[111.4170666,-7.5446464],[111.4171345,-7.5445214],[111.4171844,-7.54445],[111.4172308,-7.5443537],[111.4173201,-7.5442537],[111.4174057,-7.5441574],[111.4174414,-7.5441145],[111.4174628,-7.5440753],[111.4174842,-7.5440003],[111.4174914,-7.5439575],[111.4175235,-7.543904],[111.4175271,-7.5438469],[111.4175092,-7.5437612],[111.4174949,-7.5437005],[111.4174771,-7.5436541],[111.4174735,-7.5436256],[111.4174668,-7.5435904],[111.4174564,-7.5435282],[111.4174818,-7.5435038],[111.4175337,-7.5434542],[111.4175825,-7.5434291],[111.4176167,-7.5434034],[111.4176995,-7.5433525],[111.4177685,-7.5433002],[111.4178518,-7.5432478],[111.4178851,-7.5431598],[111.4178899,-7.5431027],[111.4178875,-7.5430241],[111.4178613,-7.542929],[111.4177328,-7.5427624],[111.4176805,-7.54271],[111.4175853,-7.5426648],[111.4174521,-7.5426125],[111.4173807,-7.5425697],[111.4173402,-7.5425625],[111.4172376,-7.5424864],[111.417218,-7.5423987],[111.4172216,-7.5423595],[111.4172572,-7.5422691],[111.4173048,-7.5421989],[111.4173643,-7.5421406],[111.4174309,-7.542068],[111.4171944,-7.542],[111.4171474,-7.5419724],[111.4171667,-7.5412778],[111.4171669,-7.5412517],[111.4171674,-7.5411943],[111.4171389,-7.5411944],[111.4170334,-7.5411879],[111.4169776,-7.5411845],[111.4167397,-7.541125],[111.4166326,-7.5410834],[111.4165654,-7.5410721],[111.4165508,-7.5410697],[111.4164898,-7.5410596],[111.4162638,-7.5410239],[111.4160972,-7.5409941],[111.4158831,-7.5409584],[111.4156808,-7.5409108],[111.4155559,-7.540893],[111.4153179,-7.540893],[111.4151157,-7.5408989],[111.4149491,-7.5409108]]],[[[111.4552816,-7.625],[111.4539851,-7.625],[111.4539851,-7.6249998],[111.4540118,-7.6249731],[111.4540403,-7.6249293],[111.4540765,-7.624838],[111.4540955,-7.6248151],[111.4541165,-7.624798],[111.4541507,-7.6247904],[111.4549026,-7.6248741],[111.4548969,-7.6249598],[111.4552816,-7.625]]]]}},{"type":"Feature","properties":{},"geometry":{"type":"MultiPolygon","coordinates":[[[[111.4156808,-7.5409108],[111.4158831,-7.5409584],[111.4160972,-7.5409941],[111.4162638,-7.5410239],[111.4164898,-7.5410596],[111.4165508,-7.5410697],[111.4165654,-7.5410721],[111.4166326,-7.5410834],[111.4167397,-7.541125],[111.4169776,-7.5411845],[111.4170334,-7.5411879],[111.4171389,-7.5411944],[111.4171674,-7.5411943],[111.4171669,-7.5412517],[111.4171667,-7.5412778],[111.4171474,-7.5419724],[111.4171944,-7.542],[111.4174309,-7.542068],[111.4173643,-7.5421406],[111.4173048,-7.5421989],[111.4172572,-7.5422691],[111.4172216,-7.5423595],[111.417218,-7.5423987],[111.4172376,-7.5424864],[111.4173402,-7.5425625],[111.4173807,-7.5425697],[111.4174521,-7.5426125],[111.4175853,-7.5426648],[111.4176805,-7.54271],[111.4177328,-7.5427624],[111.4178613,-7.542929],[111.4178875,-7.5430241],[111.4178899,-7.5431027],[111.4178851,-7.5431598],[111.4178518,-7.5432478],[111.4177685,-7.5433002],[111.4176995,-7.5433525],[111.4176167,-7.5434034],[111.4175825,-7.5434291],[111.4175337,-7.5434542],[111.4174818,-7.5435038],[111.4174564,-7.5435282],[111.4174668,-7.5435904],[111.4174735,-7.5436256],[111.4174771,-7.5436541],[111.4174949,-7.5437005],[111.4175092,-7.5437612],[111.4175271,-7.5438469],[111.4175235,-7.543904],[111.4174914,-7.5439575],[111.4174842,-7.5440003],[111.4174628,-7.5440753],[111.4174414,-7.5441145],[111.4174057,-7.5441574],[111.4173201,-7.5442537],[111.4172308,-7.5443537],[111.4171844,-7.54445],[111.4171345,-7.5445214],[111.4170666,-7.5446464],[111.4168703,-7.5448034],[111.4167997,-7.5448038],[111.4167311,-7.5447392],[111.4166312,-7.5447142],[111.4164599,-7.5446785],[111.4163635,-7.5446785],[111.4162529,-7.5447427],[111.4161244,-7.5448569],[111.4160566,-7.5449176],[111.4159602,-7.5450318],[111.4159031,-7.5451675],[111.4158852,-7.5453031],[111.4158817,-7.5454744],[111.4158567,-7.54561],[111.415796,-7.54571],[111.4156675,-7.5458349],[111.415561,-7.5459094],[111.41547,-7.5460077],[111.4152589,-7.5460461],[111.4148374,-7.5460156],[111.4147163,-7.5459957],[111.414658,-7.5459861],[111.4144877,-7.5460372],[111.4143825,-7.5461239],[111.414038,-7.546411],[111.4139444,-7.5463056],[111.4138672,-7.5462492],[111.4138406,-7.5462092],[111.4138101,-7.5461921],[111.4137713,-7.5461758],[111.4137222,-7.5461389],[111.4137284,-7.5460786],[111.4137306,-7.5460469],[111.4137465,-7.5460017],[111.41376,-7.54597],[111.4137826,-7.5458751],[111.4137871,-7.5458276],[111.4137984,-7.5457779],[111.4138098,-7.5457417],[111.4138056,-7.5456944],[111.413699,-7.5456649],[111.4136583,-7.5456423],[111.4136108,-7.545631],[111.4135046,-7.5456038],[111.4134187,-7.5455858],[111.4133373,-7.5455722],[111.4131972,-7.5455338],[111.4129722,-7.5454722],[111.4130017,-7.5453545],[111.4130166,-7.5452801],[111.4130136,-7.5452444],[111.4129779,-7.5452266],[111.4129422,-7.5451849],[111.4129481,-7.5451255],[111.4129571,-7.5450719],[111.4129809,-7.5450303],[111.4130136,-7.5449767],[111.4130344,-7.5449381],[111.4130522,-7.5448667],[111.4130641,-7.5448251],[111.4130731,-7.5447715],[111.4130731,-7.5447358],[111.4130731,-7.5446823],[111.4130909,-7.5446168],[111.4131088,-7.5445276],[111.4131177,-7.5444592],[111.4131236,-7.5443819],[111.4131355,-7.5443164],[111.4131326,-7.544251],[111.4131266,-7.5441885],[111.4131111,-7.5441111],[111.4131623,-7.5440517],[111.4131944,-7.544],[111.4132545,-7.5439417],[111.4132515,-7.5439],[111.41325,-7.5438333],[111.4131944,-7.5437778],[111.4131474,-7.5437156],[111.4131445,-7.5436472],[111.4131861,-7.5435907],[111.4132456,-7.5435074],[111.4132842,-7.5434598],[111.4132902,-7.5434122],[111.4132808,-7.5433534],[111.413277,-7.5432725],[111.4132956,-7.5431826],[111.4133248,-7.5430857],[111.4133539,-7.543023],[111.4134088,-7.5429048],[111.413424,-7.5428382],[111.4134167,-7.54275],[111.4134627,-7.5427014],[111.4134984,-7.5426746],[111.4135519,-7.5426241],[111.4135936,-7.5425675],[111.4136531,-7.5424991],[111.4136828,-7.5424277],[111.4137304,-7.5423504],[111.4137778,-7.5422222],[111.413778,-7.5421035],[111.4138077,-7.5420589],[111.4138137,-7.5420232],[111.4138375,-7.5419697],[111.4138464,-7.5419102],[111.4138315,-7.5418537],[111.4138056,-7.5417778],[111.4137155,-7.5416752],[111.4136917,-7.5416395],[111.413659,-7.541583],[111.4136322,-7.5415176],[111.4136084,-7.5414581],[111.4135847,-7.5414016],[111.4135728,-7.5413332],[111.4135728,-7.5412737],[111.4135728,-7.5412053],[111.4135936,-7.5411488],[111.4136111,-7.5410833],[111.414271,-7.5409584],[111.4145565,-7.5409287],[111.4147885,-7.5409406],[111.4149491,-7.5409108],[111.4151157,-7.5408989],[111.4153179,-7.540893],[111.4155559,-7.540893],[111.4156808,-7.5409108]]],[[[111.2057332,-7.2451245],[111.205907,-7.2453782],[111.2061151,-7.245378],[111.206624,-7.2453775],[111.2066818,-7.2453544],[111.2072837,-7.2458615],[111.2074343,-7.2460575],[111.2076197,-7.2463919],[111.2077818,-7.2466225],[111.2080367,-7.2470145],[111.2080599,-7.2470837],[111.2084535,-7.2473718],[111.2085576,-7.2474178],[111.2093442,-7.2476479],[111.209599,-7.2479707],[111.2100275,-7.2484318],[111.2100854,-7.248524],[111.2102012,-7.2486393],[111.2106987,-7.248858],[111.21115,-7.2490538],[111.2119714,-7.249353],[111.212758,-7.2495599],[111.2133944,-7.2497785],[111.2143199,-7.2501007],[111.215037,-7.2501578],[111.2160549,-7.2503183],[111.216425,-7.2503987],[111.2172697,-7.2507787],[111.2176282,-7.2507784],[111.2180097,-7.2506511],[111.2183333,-7.2504893],[111.2187263,-7.2502928],[111.21905,-7.2501886],[111.2193507,-7.2501884],[111.21964,-7.2503381],[111.21986,-7.2506032],[111.2202421,-7.250949],[111.2204275,-7.2512834],[111.2204974,-7.2517448],[111.2207868,-7.2519984],[111.2212613,-7.2522748],[111.2214696,-7.2523438],[111.2217011,-7.2525513],[111.2223725,-7.2531275],[111.2226089,-7.2537347],[111.2226514,-7.2542117],[111.2227674,-7.2545116],[111.222837,-7.2547192],[111.2229288,-7.2548759],[111.2229992,-7.2549959],[111.2233235,-7.255411],[111.2233588,-7.2559186],[111.2233823,-7.2562301],[111.2235791,-7.256426],[111.2239147,-7.2565526],[111.2242618,-7.2567022],[111.2241467,-7.2571869],[111.2241006,-7.2573139],[111.2239389,-7.2574525],[111.2237771,-7.2576026],[111.2235807,-7.2577874],[111.2234653,-7.2579952],[111.223477,-7.2581105],[111.2235122,-7.2585027],[111.2233857,-7.2591605],[111.223409,-7.2592758],[111.2235252,-7.2597141],[111.2235834,-7.2600833],[111.2236995,-7.260487],[111.2238967,-7.2609483],[111.2241633,-7.2614441],[111.2245222,-7.2617783],[111.2246843,-7.2619974],[111.2250781,-7.2624354],[111.2251708,-7.2626199],[111.2252859,-7.2627058],[111.2254023,-7.2627928],[111.2256801,-7.2629425],[111.2259232,-7.2632192],[111.2262473,-7.2634265],[111.2265368,-7.2637377],[111.2268263,-7.2640144],[111.2270926,-7.2643025],[111.2272432,-7.2644985],[111.2274633,-7.2647867],[111.2273482,-7.2652945],[111.2275221,-7.265652],[111.2277188,-7.2657325],[111.2280431,-7.2661245],[111.2282402,-7.2665397],[111.2282635,-7.2667242],[111.2285879,-7.2671854],[111.2287272,-7.2676237],[111.2290627,-7.2677041],[111.2296302,-7.2683612],[111.2298386,-7.2685456],[111.2301046,-7.2685684],[111.2301483,-7.2681319],[111.2304334,-7.2678157],[111.2304966,-7.2674997],[111.2309088,-7.2678155],[111.2310041,-7.2683211],[111.2317013,-7.2681943],[111.2322718,-7.2684152],[111.2323038,-7.2688893],[111.233309,-7.269246],[111.2340155,-7.2695204],[111.2343006,-7.2692359],[111.234618,-7.270089],[111.2352519,-7.2702151],[111.2356958,-7.2706889],[111.2359813,-7.2710995],[111.2362381,-7.271839],[111.2363081,-7.2723581],[111.236616,-7.2726793],[111.2371547,-7.2725843],[111.2373452,-7.2732162],[111.237884,-7.2732159],[111.2380331,-7.2737986],[111.2378637,-7.274283],[111.2382127,-7.2750413],[111.2386883,-7.2753887],[111.2392844,-7.2756549],[111.2395735,-7.2756315],[111.2399668,-7.2757003],[111.2398296,-7.2759569],[111.2398297,-7.2761781],[111.2396714,-7.276589],[111.2394181,-7.2770316],[111.2404329,-7.2781056],[111.2409715,-7.2777892],[111.2411617,-7.277884],[111.2415105,-7.278105],[111.2417163,-7.2782829],[111.241509,-7.2789754],[111.2413473,-7.2791832],[111.2414408,-7.2799907],[111.2417768,-7.2804519],[111.241685,-7.2810403],[111.2414427,-7.2815482],[111.2417209,-7.2820786],[111.2422767,-7.2825627],[111.2426473,-7.2830469],[111.243064,-7.2833118],[111.243203,-7.2834616],[111.2433658,-7.2841652],[111.243366,-7.2843268],[111.2434937,-7.2847304],[111.2435518,-7.2850073],[111.2438876,-7.2852608],[111.2446378,-7.2853955],[111.2450499,-7.2854585],[111.2455253,-7.2855214],[111.2460008,-7.2856792],[111.2468881,-7.285331],[111.2474904,-7.2855519],[111.2475541,-7.2861523],[111.2483148,-7.2862467],[111.2488217,-7.285804],[111.2487261,-7.2849824],[111.2485672,-7.2841924],[111.2487255,-7.2838131],[111.2498985,-7.2844445],[111.2505322,-7.2841281],[111.2511144,-7.2838691],[111.2515196,-7.2841802],[111.2517397,-7.2844684],[111.2521565,-7.2848372],[111.2526192,-7.2849059],[111.2532584,-7.2850431],[111.25367,-7.2844108],[111.2538919,-7.2844423],[111.2541774,-7.2848846],[111.2540509,-7.2854535],[111.2546329,-7.2859192],[111.2545905,-7.2868437],[111.2550027,-7.2871279],[111.2548445,-7.2875704],[111.2551615,-7.2876966],[111.2561122,-7.2875697],[111.257095,-7.28798],[111.257507,-7.2880429],[111.2579825,-7.2881375],[111.2583946,-7.2881689],[111.2586798,-7.2881687],[111.2590284,-7.2880737],[111.2592844,-7.2876335],[111.2596203,-7.2880254],[111.2599904,-7.288025],[111.260314,-7.2878401],[111.2608226,-7.2875973],[111.2614698,-7.2872159],[111.2616777,-7.2869618],[111.2621519,-7.2870075],[111.262693,-7.2872242],[111.2632953,-7.2874451],[111.2638974,-7.2871603],[111.2643412,-7.2873181],[111.2649752,-7.2875705],[111.2654826,-7.2880126],[111.2660529,-7.2877911],[111.2664015,-7.2876329],[111.2667818,-7.2876642],[111.2671033,-7.2880061],[111.2674857,-7.288571],[111.2675555,-7.2889171],[111.2676702,-7.2893071],[111.2679873,-7.2895597],[111.2684944,-7.2895594],[111.2689697,-7.2894327],[111.2694644,-7.2892958],[111.269857,-7.2892109],[111.2704593,-7.2894909],[111.2710301,-7.2898107],[111.2719807,-7.2893993],[111.2724366,-7.2891427],[111.2727732,-7.2897148],[111.2737557,-7.2896194],[111.2742529,-7.2895446],[111.2745188,-7.2894289],[111.2752454,-7.2898081],[111.2756574,-7.2897447],[111.2768296,-7.2890487],[111.2772735,-7.2892381],[111.2775902,-7.2889218],[111.2772288,-7.2884206],[111.2778625,-7.2882622],[111.2786003,-7.2885363],[111.2790667,-7.2878823],[111.2793204,-7.2881665],[111.2796068,-7.2887313],[111.2795953,-7.2887429],[111.2798844,-7.2887772],[111.2803588,-7.2889382],[111.2806716,-7.2892724],[111.2806951,-7.2895839],[111.2803992,-7.2901252],[111.2806213,-7.2904727],[111.2809507,-7.2904835],[111.2812234,-7.2903143],[111.2814135,-7.2902194],[111.28154,-7.2898717],[111.2814131,-7.2895242],[111.2819517,-7.2893026],[111.2821978,-7.2889247],[111.2827066,-7.2888549],[111.2832852,-7.2891312],[111.2836204,-7.2889693],[111.2842909,-7.2887494],[111.2843256,-7.2887378],[111.2845109,-7.2889337],[111.2848677,-7.289522],[111.2854257,-7.2897634],[111.2860618,-7.2897627],[111.2859451,-7.2891421],[111.2865469,-7.2892199],[111.286611,-7.2897105],[111.2870232,-7.2900263],[111.2878791,-7.2902153],[111.2874038,-7.2904369],[111.2868968,-7.2906584],[111.2867704,-7.2912273],[111.2873094,-7.2914166],[111.2883235,-7.2912895],[111.2886087,-7.2915943],[111.2888754,-7.2921248],[111.2889571,-7.2926669],[111.2890036,-7.2928861],[111.2893742,-7.2932202],[111.2897791,-7.2932659],[111.2907393,-7.2934841],[111.2912488,-7.293945],[111.2913648,-7.2942218],[111.2918511,-7.2945558],[111.2922793,-7.294763],[111.292476,-7.294832],[111.2926958,-7.2948779],[111.292962,-7.2950622],[111.2934023,-7.2956155],[111.2934959,-7.2964461],[111.2930933,-7.296775],[111.293062,-7.2973122],[111.2933159,-7.2979125],[111.2937601,-7.2986391],[111.2944258,-7.2988283],[111.2950724,-7.299121],[111.2950379,-7.299271],[111.29483,-7.2994789],[111.2946682,-7.2995367],[111.2944486,-7.2996524],[111.2940439,-7.299722],[111.2937201,-7.299757],[111.2936393,-7.2998724],[111.2936395,-7.300057],[111.2942049,-7.3003137],[111.295594,-7.2999626],[111.2956646,-7.3008047],[111.2954099,-7.3012294],[111.2955053,-7.3016402],[111.2958853,-7.3015544],[111.2962341,-7.3013869],[111.2964558,-7.3011971],[111.2967093,-7.3010705],[111.2968538,-7.3007691],[111.2968217,-7.3001371],[111.2974101,-7.3001336],[111.2975722,-7.3002834],[111.2977925,-7.3006524],[111.2984526,-7.3012631],[111.2988828,-7.3015895],[111.2992314,-7.3015892],[111.2995481,-7.3010834],[111.2999283,-7.3009251],[111.3000957,-7.3018035],[111.3005701,-7.301953],[111.3006395,-7.3019298],[111.3007844,-7.3014618],[111.3010693,-7.3009876],[111.301608,-7.3007028],[111.3021997,-7.3010859],[111.3025812,-7.3009124],[111.3027429,-7.3007853],[111.3030339,-7.3001962],[111.3029701,-7.299659],[111.3033821,-7.2995955],[111.3037626,-7.2997533],[111.3040797,-7.3001007],[111.3038264,-7.3003537],[111.3034023,-7.3008884],[111.3032639,-7.3011193],[111.3031374,-7.3016617],[111.3034471,-7.3019973],[111.3036692,-7.3022499],[111.303983,-7.3026414],[111.3042492,-7.3027911],[111.304561,-7.3023985],[111.3046996,-7.3022945],[111.3049366,-7.301775],[111.3052539,-7.3021857],[111.304874,-7.3029444],[111.3050644,-7.3031655],[111.3053812,-7.3030388],[111.3056662,-7.3026594],[111.3060463,-7.3023115],[111.3063184,-7.3019465],[111.306364,-7.3014273],[111.3061087,-7.3008262],[111.3063303,-7.3004152],[111.3067425,-7.3007309],[111.3071233,-7.3014259],[111.3075355,-7.3015837],[111.3080184,-7.3017831],[111.3082499,-7.3019097],[111.3085162,-7.3021286],[111.3086772,-7.3025626],[111.3083435,-7.3026941],[111.308182,-7.3029943],[111.3081126,-7.3030174],[111.3081015,-7.303329],[111.3084876,-7.3034792],[111.3087414,-7.3037634],[111.3087041,-7.304182],[111.3087392,-7.3045166],[111.3087575,-7.305165],[111.3090568,-7.3055125],[111.3092752,-7.3058945],[111.3096208,-7.3061842],[111.3098629,-7.3063466],[111.3101399,-7.3063701],[111.3103479,-7.3062895],[111.3104289,-7.3062087],[111.3105446,-7.3061163],[111.3106835,-7.3059546],[111.3107763,-7.3058044],[111.3108112,-7.3056888],[111.3108466,-7.3053882],[111.3112051,-7.3051227],[111.3118627,-7.3053088],[111.3120119,-7.3056676],[111.3122426,-7.3057605],[111.3128655,-7.3059466],[111.3133733,-7.3060399],[111.3137888,-7.3060637],[111.3142736,-7.3061223],[111.3143197,-7.3061224],[111.3146663,-7.3060535],[111.3147128,-7.3059264],[111.3147484,-7.3055332],[111.3146681,-7.3053249],[111.3143035,-7.3051101],[111.3144395,-7.3047434],[111.3147935,-7.3047024],[111.3153655,-7.3048786],[111.3156383,-7.3054486],[111.315544,-7.3059393],[111.3158323,-7.3060669],[111.3160056,-7.3059863],[111.3163408,-7.3058364],[111.3169186,-7.3058686],[111.317123,-7.3060993],[111.3170009,-7.306724],[111.3169331,-7.3071042],[111.3169877,-7.307427],[111.3172548,-7.307713],[111.3177179,-7.307862],[111.3182082,-7.3079839],[111.3184402,-7.3086083],[111.3187808,-7.3088524],[111.3191078,-7.3091102],[111.3195573,-7.3093135],[111.3200884,-7.3093131],[111.3213137,-7.3089593],[111.3216135,-7.3092306],[111.3222945,-7.309393],[111.3218592,-7.310113],[111.3217371,-7.3107919],[111.3216735,-7.3116445],[111.3218254,-7.3119339],[111.321987,-7.312038],[111.3221777,-7.3121872],[111.3224774,-7.3122956],[111.3230492,-7.3120915],[111.3234032,-7.3119962],[111.3236756,-7.3121047],[111.3238529,-7.3124847],[111.3239348,-7.3127834],[111.3239349,-7.3129706],[111.3239349,-7.3132441],[111.3243576,-7.313652],[111.3249704,-7.3135837],[111.3251339,-7.3137193],[111.3250528,-7.3145476],[111.3252847,-7.3151313],[111.325557,-7.3155599],[111.3267196,-7.3152859],[111.3268287,-7.3154624],[111.3259984,-7.3160061],[111.3259305,-7.3163184],[111.3261077,-7.3165491],[111.3266526,-7.3168067],[111.3273468,-7.3163717],[111.3278504,-7.3159912],[111.3282044,-7.3158687],[111.3284359,-7.315855],[111.3286235,-7.316028],[111.3290043,-7.3160749],[111.3294663,-7.3160062],[111.3298788,-7.3150936],[111.3300694,-7.3150255],[111.3304374,-7.3154597],[111.3308871,-7.3159346],[111.3308967,-7.3164826],[111.3309767,-7.3168182],[111.3311154,-7.3170563],[111.3311564,-7.3172192],[111.3314017,-7.3174362],[111.331647,-7.3176261],[111.3320281,-7.3174765],[111.332314,-7.3173812],[111.3327905,-7.3171636],[111.3330085,-7.3173264],[111.3327991,-7.3175381],[111.3326601,-7.3177345],[111.3325092,-7.3180697],[111.3324151,-7.3187519],[111.3324722,-7.3190065],[111.3324515,-7.3191598],[111.3324925,-7.3193634],[111.3324929,-7.3198386],[111.3327793,-7.3204901],[111.3331472,-7.320775],[111.3335422,-7.3208833],[111.3340325,-7.3208558],[111.3345771,-7.3207604],[111.3348084,-7.3204615],[111.3346583,-7.3201357],[111.3344949,-7.3201087],[111.3343179,-7.3200817],[111.3341272,-7.3200818],[111.3337867,-7.3199735],[111.3337182,-7.3193897],[111.3338675,-7.318765],[111.3339899,-7.318602],[111.334303,-7.3184795],[111.334698,-7.3185336],[111.3353109,-7.3186553],[111.3352838,-7.3189133],[111.3354344,-7.3199179],[111.3356798,-7.3202979],[111.33602,-7.3199718],[111.3361013,-7.3194015],[111.3366596,-7.3193468],[111.3372179,-7.3194142],[111.3383074,-7.319427],[111.3387381,-7.3189648],[111.3389832,-7.3189238],[111.3393781,-7.3189779],[111.3399773,-7.3190453],[111.3399205,-7.3183356],[111.3400594,-7.3181739],[111.340467,-7.3182439],[111.3409164,-7.3182435],[111.3413016,-7.3183939],[111.3414789,-7.318706],[111.3419285,-7.3190994],[111.3424325,-7.3193027],[111.3428682,-7.3191259],[111.343222,-7.3188269],[111.3435623,-7.3185687],[111.3441889,-7.318894],[111.3445295,-7.3190024],[111.3447202,-7.3191652],[111.344546,-7.3203003],[111.3446144,-7.3206804],[111.3450507,-7.3214133],[111.3455413,-7.321861],[111.3461136,-7.3222407],[111.3465631,-7.3224712],[111.3468765,-7.3227289],[111.3468224,-7.3231363],[111.3464824,-7.3238018],[111.3463875,-7.3243314],[111.3466611,-7.3247176],[111.3461987,-7.3253916],[111.34609,-7.3256768],[111.3465399,-7.3263011],[111.3464723,-7.3269528],[111.3459143,-7.3274556],[111.3452608,-7.3276055],[111.3451657,-7.3278771],[111.3453493,-7.3282206],[111.3457256,-7.3282923],[111.3458892,-7.3284958],[111.3460935,-7.3285092],[111.3461889,-7.3286585],[111.3463116,-7.3287535],[111.3464069,-7.3287941],[111.3465023,-7.3288891],[111.3466249,-7.3289433],[111.3467612,-7.3290111],[111.3468975,-7.3291739],[111.3471427,-7.3293095],[111.3473607,-7.3294723],[111.3475242,-7.3295943],[111.3481102,-7.3300827],[111.3481105,-7.3305307],[111.3480015,-7.330959],[111.3477703,-7.3313122],[111.3474165,-7.3317333],[111.3470218,-7.3319509],[111.346436,-7.3317205],[111.3460957,-7.3318158],[111.3458507,-7.3319925],[111.3455654,-7.3329296],[111.3453896,-7.3336001],[111.344805,-7.3348633],[111.3449006,-7.3352162],[111.3451729,-7.3351345],[111.3456085,-7.3349441],[111.3463983,-7.3347941],[111.3471065,-7.3348343],[111.3473382,-7.3350921],[111.3470531,-7.3362328],[111.3475975,-7.3357979],[111.348033,-7.3354174],[111.3483062,-7.3350915],[111.3488585,-7.3350339],[111.3492038,-7.3349877],[111.3496756,-7.334884],[111.3501937,-7.3346997],[111.3506427,-7.3345385],[111.3508272,-7.3343888],[111.3511156,-7.3340205],[111.3516111,-7.3336635],[111.35183,-7.3335139],[111.3523249,-7.3334332],[111.3524401,-7.3333641],[111.3526015,-7.3332144],[111.3528665,-7.3330417],[111.353051,-7.3328345],[111.3531318,-7.3327079],[111.3533052,-7.3323741],[111.3536758,-7.3320963],[111.354288,-7.3319584],[111.355154,-7.3319019],[111.3560778,-7.3318338],[111.35669,-7.3317538],[111.3573137,-7.3316506],[111.3579374,-7.3315243],[111.35855,-7.3312477],[111.3590586,-7.330994],[111.3594635,-7.3306592],[111.3598799,-7.3303359],[111.3602729,-7.3301283],[111.3607464,-7.3300712],[111.3613347,-7.3303034],[111.3621422,-7.3306053],[111.3626034,-7.3308258],[111.3627341,-7.330876],[111.3633878,-7.3311276],[111.3642417,-7.3313487],[111.3648069,-7.3315577],[111.3651528,-7.3317548],[111.3654753,-7.3320791],[111.3657056,-7.3323108],[111.3658552,-7.3325308],[111.3675341,-7.3331437],[111.3690401,-7.3347217],[111.3690411,-7.3358719],[111.3691702,-7.337022],[111.3694275,-7.338172],[111.3699408,-7.3389384],[111.370454,-7.339577],[111.3713517,-7.3402153],[111.3719929,-7.3405982],[111.3739157,-7.34098],[111.3763513,-7.3413614],[111.3784026,-7.3419987],[111.3813507,-7.3422518],[111.3832735,-7.3425057],[111.3853249,-7.3432708],[111.3895554,-7.3442896],[111.3908375,-7.3447997],[111.392504,-7.3450538],[111.3937857,-7.3450527],[111.3950674,-7.3450516],[111.396477,-7.3446669],[111.3989119,-7.3442813],[111.3999371,-7.3441526],[111.400706,-7.3440241],[111.4023725,-7.3442783],[111.4035262,-7.3445328],[111.4046801,-7.3449152],[111.4059622,-7.3452974],[111.4076288,-7.3456793],[111.4101923,-7.3458048],[111.4122429,-7.3456751],[111.4146782,-7.3456729],[111.4171134,-7.3456706],[111.4186514,-7.3456692],[111.4201895,-7.3456678],[111.4216001,-7.3464332],[111.4242929,-7.3477087],[111.4258321,-7.3488575],[111.4268587,-7.3501345],[111.4276289,-7.3514118],[111.4277581,-7.3524341],[111.4282718,-7.3535838],[111.4285295,-7.3549894],[111.4286592,-7.3565229],[111.4286607,-7.3580565],[111.4287901,-7.3593344],[111.4290476,-7.3606122],[111.4298179,-7.3618894],[111.4307163,-7.3630388],[111.4316142,-7.3638047],[111.432384,-7.3645708],[111.4330255,-7.3652092],[111.4367137,-7.3672844],[111.4381241,-7.3677942],[111.4408166,-7.3685584],[111.4433805,-7.3689393],[111.4462012,-7.3697033],[111.4494063,-7.3703391],[111.4510727,-7.3704652],[111.4524833,-7.3711028],[111.4532526,-7.3713576],[111.4549204,-7.3727617],[111.4560749,-7.3736552],[111.4569731,-7.3745488],[111.4574863,-7.3750595],[111.458128,-7.3758257],[111.4590259,-7.3764638],[111.4600518,-7.3769739],[111.4624884,-7.3781216],[111.4628715,-7.3767154],[111.4629981,-7.3751816],[111.4633817,-7.3742866],[111.4633806,-7.3732642],[111.4633795,-7.372114],[111.4632503,-7.3712196],[111.4628651,-7.370581],[111.462352,-7.3701981],[111.4615826,-7.3698155],[111.4594033,-7.3695621],[111.4581215,-7.3695634],[111.4569674,-7.3690534],[111.456326,-7.3685429],[111.456069,-7.3679041],[111.4560684,-7.3672651],[111.4568362,-7.3661141],[111.4581169,-7.3650904],[111.4588853,-7.3644506],[111.4601651,-7.3625323],[111.4608053,-7.3618926],[111.4617621,-7.3606073],[111.4618321,-7.3614239],[111.4619522,-7.3620243],[111.4623184,-7.3625459],[111.4624329,-7.362864],[111.462471,-7.3629536],[111.4625778,-7.3630209],[111.4626846,-7.363029],[111.4627838,-7.3629508],[111.4628906,-7.3625645],[111.4629288,-7.3624186],[111.4630203,-7.3623104],[111.4634552,-7.3622565],[111.4636459,-7.3622546],[111.4636917,-7.3622541],[111.4637527,-7.3623371],[111.463768,-7.3624353],[111.463768,-7.3627376],[111.4638214,-7.3630371],[111.4638977,-7.3632111],[111.4639969,-7.3633031],[111.4641113,-7.3633227],[111.4643326,-7.3628745],[111.4645538,-7.3626003],[111.4647674,-7.3624362],[111.4650879,-7.3623466],[111.4652481,-7.3623232],[111.4653091,-7.3622603],[111.4652633,-7.361783],[111.4652633,-7.3616228],[111.4653168,-7.3614993],[111.4655685,-7.3613553],[111.4658279,-7.3612685],[111.4659805,-7.361267],[111.4665451,-7.3615889],[111.4669418,-7.3618474],[111.4670639,-7.3618888],[111.4672088,-7.3618593],[111.4673691,-7.3617253],[111.467598,-7.3612952],[111.4676666,-7.3611116],[111.4676666,-7.360989],[111.467514,-7.3607936],[111.4673843,-7.3607215],[111.4670181,-7.3606867],[111.4667511,-7.3606734],[111.466568,-7.3605685],[111.4665451,-7.3605451],[111.4664764,-7.3604016],[111.4664459,-7.3601713],[111.4664993,-7.3599891],[111.4665298,-7.359941],[111.466629,-7.3599267],[111.4668121,-7.3600377],[111.46698,-7.3601975],[111.4671783,-7.360188],[111.4673004,-7.3601903],[111.4674454,-7.360239],[111.4678116,-7.3601489],[111.4679305,-7.3601108],[111.4679336,-7.3601098],[111.4680557,-7.3599815],[111.4682083,-7.3598608],[111.4683227,-7.3598389],[111.4684143,-7.3598475],[111.4684982,-7.3597497],[111.4686355,-7.3594756],[111.4686508,-7.3593068],[111.4686508,-7.3591914],[111.4687195,-7.3590879],[111.469078,-7.3590836],[111.4705276,-7.3585624],[111.470665,-7.3584847],[111.470726,-7.3583712],[111.4707184,-7.3582997],[111.4705429,-7.358179],[111.4703674,-7.3581009],[111.4703217,-7.3580465],[111.4707565,-7.3577537],[111.4708971,-7.3576945],[111.4709015,-7.3576927],[111.4710159,-7.3577323],[111.471077,-7.357902],[111.4711075,-7.3579721],[111.471199,-7.3580079],[111.4715118,-7.3578476],[111.4717865,-7.3576245],[111.471962,-7.3574657],[111.4720917,-7.3574147],[111.4724045,-7.3575611],[111.4725799,-7.3576378],[111.4726867,-7.3576211],[111.4728165,-7.3574648],[111.4728928,-7.3573617],[111.4729767,-7.3573303],[111.4730682,-7.3573899],[111.4731445,-7.3574981],[111.4733505,-7.3574352],[111.4734878,-7.3573823],[111.4737549,-7.3573823],[111.4739151,-7.3574356],[111.4740295,-7.3575506],[111.4741211,-7.3577141],[111.4741363,-7.3580713],[111.4741211,-7.3581938],[111.4740219,-7.358304],[111.4739151,-7.3583755],[111.4739075,-7.3584337],[111.4740448,-7.3584771],[111.4742737,-7.3587331],[111.4746093,-7.3586206],[111.4746933,-7.3585152],[111.474739,-7.3584337],[111.4748382,-7.3584284],[111.4749756,-7.3585062],[111.4750366,-7.3585977],[111.4748993,-7.3587293],[111.474823,-7.3587899],[111.4750824,-7.3588562],[111.4751892,-7.3588881],[111.4752426,-7.3589658],[111.475235,-7.3590388],[111.4751053,-7.3590955],[111.4750366,-7.3591184],[111.4751816,-7.3593025],[111.4753265,-7.3594202],[111.4754944,-7.3594455],[111.4756165,-7.3594441],[111.4756851,-7.3595767],[111.4757156,-7.3596353],[111.4757919,-7.3596143],[111.4759369,-7.3595042],[111.4761276,-7.3594331],[111.4763107,-7.3594169],[111.4765015,-7.3596382],[111.4765701,-7.359683],[111.4766464,-7.3596496],[111.4767837,-7.3595032],[111.4769287,-7.3595862],[111.4770126,-7.3596358],[111.4771271,-7.3596019],[111.4771805,-7.3594293],[111.4771957,-7.3593535],[111.4773407,-7.3594384],[111.4774627,-7.3595194],[111.4775162,-7.3594951],[111.4774856,-7.3593311],[111.4771957,-7.3589148],[111.4770508,-7.3586945],[111.4770203,-7.3585691],[111.477066,-7.3585033],[111.477211,-7.3584747],[111.4773636,-7.3585338],[111.4775085,-7.3586216],[111.4777222,-7.358613],[111.4778518,-7.358601],[111.4780121,-7.3586836],[111.4781418,-7.3587789],[111.4784775,-7.3587894],[111.4786453,-7.3586802],[111.4788208,-7.3585119],[111.4789429,-7.3584694],[111.479126,-7.3585386],[111.4795914,-7.3584404],[111.4796448,-7.3584275],[111.480484,-7.3584856],[111.4805984,-7.3584866],[111.4807434,-7.3585195],[111.4809723,-7.3586888],[111.4810715,-7.3587946],[111.4810333,-7.3589644],[111.4810181,-7.3590197],[111.4811707,-7.3590517],[111.4813843,-7.3590469],[111.4815903,-7.3591632],[111.4816971,-7.35924],[111.4819946,-7.3590788],[111.4821014,-7.3590369],[111.4821396,-7.3590426],[111.4822006,-7.3591108],[111.4823303,-7.3592634],[111.4824219,-7.3593082],[111.4825897,-7.3592624],[111.4827423,-7.359189],[111.4829864,-7.3592219],[111.4831085,-7.3592343],[111.4835357,-7.3587546],[111.4836502,-7.3586463],[111.4837418,-7.3586268],[111.4838867,-7.3587679],[111.483963,-7.3588447],[111.48423,-7.3589253],[111.4843597,-7.3589277],[111.4844284,-7.358879],[111.4844131,-7.3586769],[111.4843979,-7.3586158],[111.4843903,-7.3585624],[111.4844436,-7.3584203],[111.4844894,-7.3583765],[111.4847488,-7.358222],[111.4849319,-7.3581771],[111.4851532,-7.3581771],[111.4853058,-7.358222],[111.4853439,-7.358241],[111.4854889,-7.3583569],[111.4855652,-7.3584733],[111.4855652,-7.3585066],[111.4853897,-7.358716],[111.4853363,-7.3587775],[111.4853134,-7.3588161],[111.4853286,-7.3589095],[111.4855575,-7.3589129],[111.4858398,-7.3587846],[111.485878,-7.3587622],[111.4860153,-7.3587899],[111.4861374,-7.3588862],[111.48629,-7.3591947],[111.4863891,-7.3593907],[111.4865036,-7.359519],[111.4865341,-7.3595352],[111.4865875,-7.35954],[111.4868393,-7.3594069],[111.4870834,-7.3592824],[111.4871979,-7.3592662],[111.487236,-7.3592786],[111.4873276,-7.3593397],[111.4874496,-7.3594927],[111.4875717,-7.3598737],[111.4878998,-7.3599772],[111.4880676,-7.3600597],[111.488266,-7.3601894],[111.4883041,-7.3602004],[111.4888992,-7.3602504],[111.4893188,-7.3603034],[111.489418,-7.3603339],[111.4894943,-7.3603935],[111.4902038,-7.3605132],[111.4909668,-7.3607497],[111.4911651,-7.3607955],[111.4913788,-7.3608174],[111.4914627,-7.3608379],[111.4919433,-7.3608441],[111.4921341,-7.3608202],[111.4923553,-7.3608121],[111.4924392,-7.3608031],[111.4925308,-7.3607864],[111.492691,-7.3607316],[111.492775,-7.360691],[111.4928055,-7.3606867],[111.4928894,-7.3606743],[111.4930496,-7.3608932],[111.4931869,-7.3610892],[111.4932632,-7.3611097],[111.4935684,-7.3610735],[111.4939194,-7.3611278],[111.4941177,-7.3611631],[111.4942779,-7.3611374],[111.4943237,-7.3611202],[111.4945984,-7.3609977],[111.494957,-7.36097],[111.49543,-7.3610238],[111.4955749,-7.3610153],[111.4957809,-7.3610572],[111.4961624,-7.3611245],[111.4962921,-7.3611841],[111.4963913,-7.3613205],[111.4964828,-7.3615422],[111.4965668,-7.3616175],[111.4966049,-7.3616275],[111.4967804,-7.3623314],[111.4968185,-7.3624496],[111.496849,-7.3627748],[111.4968567,-7.3629799],[111.4969101,-7.3633379],[111.4969177,-7.3633699],[111.4969787,-7.3636107],[111.4969864,-7.3639083],[111.4969558,-7.3642139],[111.4969558,-7.3642788],[111.4969558,-7.3644495],[111.4972992,-7.3644051],[111.4973755,-7.364376],[111.4974213,-7.3643641],[111.4974594,-7.3643722],[111.4976654,-7.3643999],[111.4980904,-7.3644686],[111.4980926,-7.364469],[111.4984894,-7.3640885],[111.498558,-7.3639674],[111.4987259,-7.3636798],[111.498764,-7.3636813],[111.4990692,-7.3637175],[111.4991684,-7.3637399],[111.4995422,-7.3638286],[111.4996109,-7.3638463],[111.5,-7.3638825],[111.5000305,-7.3638854],[111.5001907,-7.3639078],[111.5003738,-7.363955],[111.5010833,-7.3634104],[111.5022812,-7.3629603],[111.5024109,-7.3629589],[111.5026932,-7.3628439],[111.5027694,-7.362813],[111.5029297,-7.3627429],[111.5030594,-7.3627071],[111.5030595,-7.3627071],[111.5031356,-7.3626918],[111.5033722,-7.362636],[111.5036087,-7.3625798],[111.5039749,-7.3624644],[111.5042572,-7.3623266],[111.5043564,-7.3622613],[111.5045623,-7.3621191],[111.5047531,-7.3619747],[111.5049896,-7.3618497],[111.5051651,-7.3617763],[111.5058212,-7.3617467],[111.5059433,-7.361741],[111.5061493,-7.3617348],[111.5065002,-7.3617587],[111.506607,-7.3617663],[111.5070343,-7.3618106],[111.5074081,-7.3618974],[111.5082168,-7.3620858],[111.5082855,-7.3621025],[111.5087662,-7.3621659],[111.5090942,-7.3622136],[111.5105133,-7.3624777],[111.5106888,-7.3625278],[111.5108566,-7.3625621],[111.5110779,-7.3626065],[111.5111389,-7.3626184],[111.511734,-7.3626532],[111.5118484,-7.3626527],[111.5120544,-7.3626522],[111.5121612,-7.3626522],[111.5122146,-7.362647],[111.5130463,-7.3627681],[111.5135422,-7.3628964],[111.5140457,-7.3631019],[111.5142212,-7.3631911],[111.5143814,-7.363275],[111.5145416,-7.3633708],[111.5147934,-7.3634791],[111.5149765,-7.3635368],[111.5151748,-7.3636202],[111.5153351,-7.3637151],[111.515625,-7.3638653],[111.5161514,-7.3640551],[111.5174408,-7.3649315],[111.5177688,-7.3651761],[111.5179596,-7.3653016],[111.5180053,-7.365344],[111.518486,-7.3656139],[111.5185852,-7.3656687],[111.5189209,-7.3658394],[111.518959,-7.3658585],[111.5189896,-7.3658666],[111.5191345,-7.3659281],[111.5192184,-7.3659725],[111.5194015,-7.366115],[111.5194854,-7.3661966],[111.5196686,-7.3663549],[111.5197982,-7.3664889],[111.5200653,-7.3668055],[111.5201263,-7.3668737],[111.5203018,-7.3670544],[111.5203857,-7.3671436],[111.5204849,-7.3672347],[111.5205154,-7.3672647],[111.520607,-7.3673644],[111.5206909,-7.3674626],[111.5207901,-7.3675675],[111.5209656,-7.3677687],[111.5210342,-7.3678607],[111.52108,-7.3679218],[111.5211334,-7.3679719],[111.5213775,-7.3682513],[111.5215225,-7.3684058],[111.5215912,-7.3684582],[111.5215988,-7.3684859],[111.5217361,-7.3689021],[111.5217972,-7.3691139],[111.5218124,-7.3691425],[111.5219498,-7.3696379],[111.5221176,-7.3698925],[111.5221405,-7.3699197],[111.5222091,-7.3700251],[111.522232,-7.3700447],[111.5223312,-7.370131],[111.5224075,-7.370202],[111.5227661,-7.3706274],[111.5227696,-7.3706319],[111.5231399,-7.3711094],[111.5233459,-7.3713297],[111.5234298,-7.3714013],[111.5235443,-7.3715129],[111.5238495,-7.3716072],[111.524147,-7.371684],[111.5246582,-7.3716511],[111.5249481,-7.3715872],[111.5252685,-7.3715214],[111.5254059,-7.3715023],[111.5255432,-7.3714833],[111.5258408,-7.371447],[111.5260544,-7.3714647],[111.5262298,-7.3715047],[111.526268,-7.3715152],[111.5263061,-7.3715352],[111.5266876,-7.3718075],[111.5269546,-7.3719873],[111.5272674,-7.3721003],[111.5275879,-7.372168],[111.5278549,-7.372189],[111.5281601,-7.3721494],[111.528511,-7.3719983],[111.5294647,-7.3715219],[111.5295028,-7.3714995],[111.5295562,-7.3714346],[111.5295868,-7.3714022],[111.5297928,-7.3712601],[111.5300751,-7.3710303],[111.5304184,-7.3708448],[111.5305939,-7.3707866],[111.5307388,-7.3707704],[111.5310898,-7.37079],[111.5315246,-7.3708486],[111.532135,-7.3709321],[111.5323028,-7.3709173],[111.5326156,-7.3708958],[111.532875,-7.3708343],[111.5333099,-7.3706908],[111.5335159,-7.3705821],[111.5335998,-7.3705382],[111.5337677,-7.3704461],[111.5342712,-7.3700404],[111.5345154,-7.3699545],[111.5355377,-7.3697585],[111.5357132,-7.369863],[111.5357589,-7.3699154],[111.536026,-7.3699917],[111.5361633,-7.370006],[111.5362472,-7.3700032],[111.5364532,-7.3699974],[111.5366211,-7.3699088],[111.5368347,-7.3696732],[111.5369415,-7.3695659],[111.5369644,-7.3695502],[111.5371399,-7.3694701],[111.5374985,-7.3693494],[111.5376968,-7.3693003],[111.5377807,-7.3692726],[111.5381393,-7.3691916],[111.5384292,-7.3691668],[111.539032,-7.3692622],[111.5398483,-7.3693018],[111.5402984,-7.3693795],[111.5409317,-7.3696594],[111.5426025,-7.3708124],[111.5427246,-7.370779],[111.5429382,-7.3707003],[111.5433121,-7.3705935],[111.5433578,-7.3705816],[111.5443191,-7.3703274],[111.5446548,-7.3703069],[111.544754,-7.3702745],[111.5448837,-7.3702335],[111.5450287,-7.3701849],[111.5450515,-7.3701763],[111.5451126,-7.3701481],[111.5453949,-7.3699803],[111.5458603,-7.3697423],[111.5459518,-7.369656],[111.5460129,-7.3695912],[111.5460739,-7.3695587],[111.5461197,-7.3695392],[111.5461731,-7.3695192],[111.5462799,-7.3694667],[111.5463867,-7.3694243],[111.5465622,-7.3693456],[111.5466308,-7.3693065],[111.546875,-7.3692159],[111.5469742,-7.369091],[111.5472183,-7.3687324],[111.5474548,-7.3683533],[111.5477295,-7.3679423],[111.5477447,-7.3679203],[111.547966,-7.3675675],[111.5482864,-7.3670554],[111.5484161,-7.3668332],[111.5486145,-7.3665676],[111.5487366,-7.3664469],[111.5488739,-7.3662948],[111.5491333,-7.3655881],[111.5491867,-7.3653206],[111.5491867,-7.3652291],[111.5493011,-7.3646049],[111.5493622,-7.3641571],[111.5493545,-7.3639841],[111.5494079,-7.3632221],[111.5494537,-7.3629541],[111.5498275,-7.3614325],[111.5499572,-7.3611917],[111.5502624,-7.3608608],[111.5503845,-7.3607339],[111.5516891,-7.3601999],[111.5518494,-7.3600812],[111.5519485,-7.3600573],[111.551979,-7.3600587],[111.5522842,-7.3600411],[111.5523453,-7.3600144],[111.5524521,-7.3599395],[111.5526962,-7.3597979],[111.5528488,-7.3597855],[111.5528946,-7.3597888],[111.5531082,-7.3597631],[111.5531464,-7.3597412],[111.5532379,-7.3596553],[111.5535126,-7.3592076],[111.5535507,-7.3591094],[111.553566,-7.3588976],[111.553626,-7.3587416],[111.5536297,-7.3587321],[111.5536346,-7.3587193],[111.5536948,-7.3586788],[111.5537338,-7.3586526],[111.5538247,-7.358641],[111.5539398,-7.3586263],[111.5540274,-7.3586387],[111.5541382,-7.3586544],[111.5542297,-7.3587431],[111.5543429,-7.3589659],[111.5543594,-7.3589983],[111.5544739,-7.3591251],[111.5545073,-7.3591114],[111.5545273,-7.3591031],[111.5545296,-7.3591002],[111.5546341,-7.3589706],[111.5546646,-7.3588948],[111.5546685,-7.3588939],[111.5548324,-7.3588566],[111.5549927,-7.3589057],[111.5550919,-7.3590092],[111.5551834,-7.359065],[111.5552215,-7.3590541],[111.555252,-7.359013],[111.5553207,-7.3588476],[111.5554046,-7.3588142],[111.5554504,-7.3588266],[111.5557632,-7.35886],[111.5559158,-7.3588848],[111.5561218,-7.359013],[111.556282,-7.3591475],[111.5565033,-7.3593134],[111.5569229,-7.3595509],[111.5569839,-7.3595972],[111.5573959,-7.3597993],[111.5575638,-7.3598542],[111.5578155,-7.3599791],[111.5578918,-7.360033],[111.5581207,-7.3602447],[111.5581512,-7.3601889],[111.5585174,-7.3600564],[111.5587463,-7.3600134],[111.5588074,-7.3600001],[111.5590057,-7.3599371],[111.5590668,-7.3599066],[111.5592194,-7.3598298],[111.5593262,-7.3597893],[111.5593567,-7.3597784],[111.5595169,-7.3597083],[111.5596313,-7.3596787],[111.559845,-7.3596115],[111.560028,-7.3595271],[111.5600891,-7.3594889],[111.5601959,-7.3593983],[111.560234,-7.3593587],[111.5608101,-7.3599599],[111.5608139,-7.3599638],[111.5608902,-7.3598375],[111.5611343,-7.3594498],[111.5612182,-7.3592085],[111.5612793,-7.3586931],[111.561264,-7.3583512],[111.5615616,-7.3581495],[111.5617142,-7.3580351],[111.5619278,-7.3578963],[111.5620651,-7.3578081],[111.5624084,-7.3576207],[111.5625229,-7.3575849],[111.5628128,-7.3575501],[111.5628433,-7.357551],[111.5631714,-7.3576016],[111.5634231,-7.3576822],[111.5636673,-7.3577752],[111.5639496,-7.3579511],[111.5640182,-7.3580045],[111.5644302,-7.3583364],[111.5645828,-7.3584632],[111.5648956,-7.3587479],[111.5651627,-7.3589081],[111.5652313,-7.3589491],[111.5656433,-7.3592157],[111.565834,-7.3593716],[111.5659942,-7.3595166],[111.5663452,-7.3598122],[111.5664749,-7.3599505],[111.5666504,-7.3595657],[111.5668716,-7.3587808],[111.5670318,-7.3582625],[111.5670471,-7.3581976],[111.567131,-7.35784],[111.567131,-7.3576602],[111.5671158,-7.3575663],[111.5671997,-7.3568415],[111.5671692,-7.3564739],[111.5671234,-7.3563489],[111.5671463,-7.3561496],[111.5671844,-7.3558258],[111.5671921,-7.3557944],[111.5671387,-7.355308],[111.567276,-7.3553175],[111.5675583,-7.3553033],[111.5684738,-7.354897],[111.568779,-7.3547425],[111.5689697,-7.354649],[111.5692596,-7.3545098],[111.5694656,-7.3543581],[111.5694885,-7.3543352],[111.5696945,-7.3539772],[111.5698395,-7.3536243],[111.5698929,-7.3534989],[111.569931,-7.3534212],[111.5701828,-7.3531165],[111.5702438,-7.353053],[111.5705185,-7.3528065],[111.5705414,-7.3527889],[111.5708313,-7.3526473],[111.5709838,-7.3525834],[111.5713196,-7.352437],[111.5715942,-7.3522868],[111.5717544,-7.3521881],[111.5719528,-7.3520217],[111.5720215,-7.3519368],[111.5721435,-7.3517189],[111.572258,-7.3514094],[111.5723114,-7.3511934],[111.572464,-7.3506531],[111.5725937,-7.3502884],[111.5726471,-7.350141],[111.5735397,-7.3496017],[111.5736694,-7.3494949],[111.573967,-7.3492417],[111.5742263,-7.3490386],[111.5743027,-7.3489804],[111.5745392,-7.3488559],[111.574913,-7.3485622],[111.5749283,-7.3485813],[111.5750351,-7.3487191],[111.5751342,-7.3489289],[111.5753937,-7.3493733],[111.5756302,-7.3497919],[111.5757522,-7.349945],[111.5758438,-7.3500452],[111.5760193,-7.3501772],[111.5762634,-7.3502936],[111.5763244,-7.3503336],[111.5765152,-7.3503923],[111.5765533,-7.3503971],[111.5768432,-7.3504219],[111.5769119,-7.3504404],[111.577034,-7.3505196],[111.5772323,-7.3510084],[111.5773468,-7.3512816],[111.5774765,-7.3514575],[111.5781708,-7.3520746],[111.5786285,-7.3524804],[111.578804,-7.3526759],[111.5790405,-7.3532829],[111.5792618,-7.3539128],[111.5793381,-7.3541202],[111.5794678,-7.35429],[111.5800171,-7.3546342],[111.5801392,-7.3547067],[111.5805893,-7.3548769],[111.5808639,-7.354916],[111.5810699,-7.3548874],[111.5811767,-7.3548574],[111.5814209,-7.3547539],[111.5816116,-7.3546981],[111.5816269,-7.3544669],[111.5817413,-7.3540487],[111.5818863,-7.353784],[111.582077,-7.3535647],[111.5823516,-7.3533325],[111.5826263,-7.3531274],[111.5829162,-7.3529734],[111.5833359,-7.3529176],[111.5834885,-7.3529343],[111.5842743,-7.3535203],[111.5845642,-7.3537177],[111.5847549,-7.3538537],[111.5852279,-7.3541164],[111.5856857,-7.3543543],[111.5858306,-7.3544235],[111.5860214,-7.3545055],[111.5862045,-7.3546271],[111.5863418,-7.3546872],[111.5865783,-7.3547964],[111.5866775,-7.3548355],[111.5870208,-7.3549695],[111.5874252,-7.3551726],[111.5878067,-7.3553452],[111.5882034,-7.3555159],[111.5882492,-7.3555374],[111.5884246,-7.3556256],[111.5884475,-7.3556308],[111.5887909,-7.3557815],[111.5890427,-7.3558931],[111.5894241,-7.3560795],[111.5902176,-7.3564214],[111.5904159,-7.3565139],[111.591011,-7.356739],[111.5910415,-7.3567462],[111.5916671,-7.3570661],[111.591835,-7.3571977],[111.5920257,-7.3574705],[111.5922088,-7.3580284],[111.5923767,-7.3585071],[111.5924453,-7.3587045],[111.5925445,-7.3589253],[111.5926056,-7.3589963],[111.5927276,-7.3591084],[111.5929718,-7.3592204],[111.5930557,-7.3592429],[111.5934982,-7.3592653],[111.5939102,-7.3592395],[111.5939636,-7.359231],[111.5940323,-7.3592233],[111.5942993,-7.3589854],[111.5947189,-7.3586831],[111.594841,-7.3586277],[111.5952225,-7.3586373],[111.5953979,-7.3586559],[111.5958862,-7.3588152],[111.5962448,-7.3589358],[111.5963516,-7.3589754],[111.5966034,-7.3590736],[111.5966644,-7.3591022],[111.5967025,-7.3591265],[111.5967407,-7.3591413],[111.5969925,-7.3592395],[111.5970154,-7.3592538],[111.5973434,-7.3594574],[111.5973739,-7.3594822],[111.597557,-7.3597283],[111.5975799,-7.3597846],[111.5977325,-7.3601579],[111.5977859,-7.3602805],[111.5979233,-7.3606076],[111.5979995,-7.3606853],[111.5983276,-7.3609175],[111.5983505,-7.3609295],[111.5988388,-7.3610892],[111.5988693,-7.3610973],[111.5996094,-7.3612265],[111.6002502,-7.3613281],[111.6004867,-7.3613758],[111.6005935,-7.361443],[111.60083,-7.3616809],[111.6018676,-7.3627576],[111.6022567,-7.363069],[111.6029739,-7.3634271],[111.6030197,-7.3634357],[111.60302,-7.3634357],[111.603157,-7.3634352],[111.6033783,-7.3634252],[111.6046753,-7.3634677],[111.6049347,-7.3636183],[111.6052704,-7.3638868],[111.6059723,-7.3643402],[111.6061172,-7.3644757],[111.6062088,-7.3646407],[111.6062545,-7.3649025],[111.6063766,-7.3655052],[111.606575,-7.3659329],[111.6069717,-7.3665094],[111.6072693,-7.3667659],[111.6076049,-7.3669519],[111.6080093,-7.3671436],[111.6084366,-7.3672251],[111.609024,-7.3673548],[111.6096649,-7.3675885],[111.6098785,-7.36769],[111.6100921,-7.3678426],[111.6102752,-7.3680562],[111.6104507,-7.3683481],[111.6105194,-7.3686051],[111.6105423,-7.369059],[111.6106186,-7.3696932],[111.6107178,-7.3699746],[111.6109085,-7.3702325],[111.6110153,-7.3703713],[111.6111145,-7.3705091],[111.6111755,-7.3705615],[111.6112518,-7.3706274],[111.6114807,-7.3707342],[111.6120071,-7.3708562],[111.6122207,-7.3708038],[111.6125336,-7.3705945],[111.6127243,-7.370377],[111.613121,-7.3700985],[111.6136627,-7.369852],[111.6137848,-7.3698053],[111.6137854,-7.3698076],[111.6139603,-7.3704195],[111.6140136,-7.3707275],[111.6139984,-7.3709349],[111.6145401,-7.371036],[111.6145782,-7.3710503],[111.6146088,-7.3710684],[111.6148529,-7.3712601],[111.6149597,-7.3713645],[111.6151733,-7.3717217],[111.615303,-7.3720016],[111.6153259,-7.3721919],[111.6152496,-7.3723416],[111.6149978,-7.3725686],[111.6149215,-7.3726496],[111.6147842,-7.3734984],[111.614685,-7.3739523],[111.6144714,-7.3746294],[111.6143341,-7.3748979],[111.6142578,-7.3750004],[111.6142579,-7.3750009],[111.6143875,-7.3758015],[111.6146927,-7.3763832],[111.6149673,-7.3768782],[111.6152725,-7.3775487],[111.6154938,-7.378015],[111.6158142,-7.3785962],[111.6162796,-7.3793997],[111.6168594,-7.3794078],[111.6173324,-7.379507],[111.6176681,-7.3797264],[111.6177063,-7.379755],[111.6184005,-7.3803172],[111.618721,-7.3804984],[111.6191635,-7.3807883],[111.619606,-7.3809638],[111.6200027,-7.3811898],[111.6203766,-7.3814191],[111.6206054,-7.3815164],[111.6208648,-7.3816843],[111.6213531,-7.3818602],[111.6217804,-7.3819465],[111.622139,-7.3819656],[111.6224823,-7.3820705],[111.6227646,-7.3820857],[111.6231079,-7.3821172],[111.623352,-7.3821702],[111.6235199,-7.3822288],[111.6238784,-7.3826231],[111.6241913,-7.3829789],[111.624588,-7.3834118],[111.6248093,-7.3837509],[111.625,-7.3839855],[111.6256332,-7.3850936],[111.6268692,-7.3868551],[111.6274719,-7.3875498],[111.6278382,-7.3878045],[111.6278393,-7.3878052],[111.6281103,-7.3879936],[111.6281131,-7.3879956],[111.6289596,-7.3885841],[111.6299667,-7.3892178],[111.630722,-7.3897395],[111.6310882,-7.3898825],[111.6318805,-7.3901686],[111.6318817,-7.3901691],[111.6326446,-7.3904471],[111.6335068,-7.3907318],[111.6340942,-7.3908982],[111.635025,-7.3911824],[111.6358337,-7.3914418],[111.6365585,-7.3917183],[111.6371841,-7.3919577],[111.6376343,-7.3921699],[111.6385422,-7.3926968],[111.6392288,-7.3930277],[111.6399307,-7.3933009],[111.6404571,-7.393618],[111.6409607,-7.3940877],[111.6413803,-7.3942556],[111.6420974,-7.3945131],[111.6429748,-7.3947181],[111.6436386,-7.3949408],[111.6442261,-7.3950848],[111.6447601,-7.395338],[111.6465988,-7.3962759],[111.6482772,-7.3969607],[111.6493988,-7.3974752],[111.6502533,-7.39783],[111.6511154,-7.3981084],[111.6518173,-7.3983468],[111.6539691,-7.3989247],[111.6539764,-7.3989267],[111.6547089,-7.3991279],[111.6562042,-7.4006047],[111.6574249,-7.4009528],[111.6591034,-7.4020261],[111.6600952,-7.4025101],[111.6609726,-7.4028968],[111.6622696,-7.4036998],[111.6632309,-7.404251],[111.6639022,-7.4046654],[111.6647339,-7.4054665],[111.665184,-7.4057984],[111.6654587,-7.4060363],[111.6657028,-7.4062452],[111.6663284,-7.4067511],[111.6670303,-7.4071078],[111.6677017,-7.4074258],[111.6685257,-7.407896],[111.6689605,-7.4081459],[111.6691437,-7.408266],[111.6712189,-7.4095425],[111.6723556,-7.410089],[111.6732177,-7.4104471],[111.6736062,-7.4106614],[111.6736158,-7.4106967],[111.6737386,-7.411149],[111.6735052,-7.4118217],[111.6730011,-7.4127945],[111.672782,-7.4132845],[111.6724883,-7.4138443],[111.6722507,-7.4139719],[111.6718103,-7.4141576],[111.6716654,-7.4142735],[111.6715208,-7.4144647],[111.6713067,-7.4147889],[111.6711738,-7.4151188],[111.6711312,-7.4151858],[111.6707563,-7.4152294],[111.6704892,-7.4154219],[111.6702744,-7.4156749],[111.6701557,-7.4158649],[111.6700991,-7.4159553],[111.6699809,-7.4163342],[111.6699572,-7.4166967],[111.6700176,-7.4170285],[111.6701321,-7.4175091],[111.6701628,-7.4175593],[111.6702009,-7.4177327],[111.6701649,-7.4178949],[111.6701568,-7.4180414],[111.670243,-7.4181516],[111.6703183,-7.4182858],[111.6702011,-7.4184918],[111.6700401,-7.4187188],[111.6700409,-7.4194921],[111.6700148,-7.4196792],[111.6699576,-7.4197395],[111.6695949,-7.4200319],[111.6696017,-7.4201867],[111.6696852,-7.4203599],[111.6697887,-7.4205373],[111.669762,-7.4207171],[111.6696726,-7.4208134],[111.6694884,-7.4208748],[111.6692448,-7.4209491],[111.6688702,-7.4210219],[111.668588,-7.421085],[111.6684858,-7.4211098],[111.6682795,-7.4212047],[111.6680277,-7.4215132],[111.6680732,-7.4216015],[111.6681904,-7.4216778],[111.6683379,-7.4218767],[111.6683443,-7.4219213],[111.6683638,-7.422119],[111.6685018,-7.4226229],[111.6685251,-7.4230485],[111.6685178,-7.423083],[111.6684573,-7.4231589],[111.6683045,-7.4232543],[111.6680239,-7.4232453],[111.6677354,-7.4233519],[111.6676592,-7.4233213],[111.6675751,-7.4230237],[111.6674861,-7.422962],[111.6674694,-7.4229504],[111.6674226,-7.4229457],[111.6673162,-7.422935],[111.6671692,-7.4230222],[111.6669014,-7.4233248],[111.6668848,-7.4234076],[111.6668515,-7.4237239],[111.666793,-7.4237288],[111.6666467,-7.4236441],[111.6664608,-7.4235466],[111.6662192,-7.4235098],[111.6660122,-7.4234562],[111.6657919,-7.4233236],[111.6657276,-7.4232787],[111.6656851,-7.423249],[111.6656776,-7.4232969],[111.6656632,-7.4233889],[111.6656769,-7.4237763],[111.6655649,-7.4239207],[111.6654587,-7.4239674],[111.6653088,-7.4239089],[111.6651122,-7.423851],[111.6649562,-7.4238604],[111.6646649,-7.4240141],[111.6646125,-7.4240318],[111.664434,-7.4240356],[111.6641085,-7.4239745],[111.6639502,-7.4240469],[111.6638337,-7.4241738],[111.6638465,-7.4242464],[111.663872,-7.4243799],[111.6637954,-7.4244699],[111.6634558,-7.4246095],[111.663352,-7.4246022],[111.6633773,-7.4244368],[111.6635235,-7.4242418],[111.6636058,-7.4240788],[111.6635731,-7.4240231],[111.6634527,-7.4239641],[111.6633477,-7.4239758],[111.6632058,-7.424063],[111.663014,-7.4242679],[111.6628636,-7.4244832],[111.6627655,-7.4246365],[111.6625036,-7.4249209],[111.6623097,-7.4250471],[111.6620943,-7.4251856],[111.6619736,-7.4253256],[111.6619255,-7.4254159],[111.6619244,-7.425418],[111.6618771,-7.4255069],[111.6617617,-7.4256412],[111.6615054,-7.4258098],[111.6611994,-7.4259619],[111.6611293,-7.4260834],[111.6611397,-7.4262182],[111.6614585,-7.4262209],[111.6615576,-7.4263664],[111.6615942,-7.4264469],[111.6615586,-7.4264849],[111.6614344,-7.4265555],[111.6614033,-7.4266143],[111.6613406,-7.4268898],[111.6612696,-7.4269542],[111.6611509,-7.4269736],[111.6610685,-7.4268824],[111.6609803,-7.4268136],[111.6608514,-7.4268078],[111.6607083,-7.426933],[111.6604517,-7.4271194],[111.6602038,-7.4271931],[111.6599257,-7.4271682],[111.6597405,-7.4271375],[111.6596555,-7.4272165],[111.6596348,-7.4273393],[111.659623,-7.4275743],[111.659645,-7.4275777],[111.6597224,-7.4276255],[111.6599074,-7.4277808],[111.6599744,-7.4279217],[111.6599724,-7.428069],[111.6599044,-7.4281636],[111.6596314,-7.4285103],[111.659704,-7.4286219],[111.659776,-7.4288061],[111.659779,-7.4289996],[111.6595841,-7.4293486],[111.6593396,-7.4297362],[111.6592929,-7.4300897],[111.6592872,-7.4302801],[111.6591828,-7.4305657],[111.6590482,-7.4307563],[111.6590648,-7.4308644],[111.6591716,-7.4310988],[111.6592495,-7.4312951],[111.659239,-7.4314487],[111.6591639,-7.4315793],[111.6590171,-7.4316934],[111.6585762,-7.4320189],[111.658472,-7.4325875],[111.6583571,-7.4329369],[111.6583166,-7.4331459],[111.658393,-7.4333813],[111.6584343,-7.4336056],[111.6583597,-7.4337229],[111.6582105,-7.4338281],[111.6580867,-7.4338127],[111.6578539,-7.4338376],[111.6576281,-7.433986],[111.6575805,-7.4341004],[111.6574819,-7.4342862],[111.6572374,-7.4344928],[111.6569778,-7.4346967],[111.6568425,-7.435551],[111.6567282,-7.4355668],[111.656694,-7.4355694],[111.6566933,-7.4355695],[111.6564325,-7.4355904],[111.6561911,-7.4356613],[111.6560194,-7.4357343],[111.6555617,-7.435865],[111.6553048,-7.436311],[111.6551204,-7.4364716],[111.6548674,-7.4366967],[111.6548388,-7.4368375],[111.6548332,-7.4372547],[111.6549264,-7.4375187],[111.6551692,-7.4380946],[111.6552163,-7.4383918],[111.6552197,-7.4384367],[111.6552199,-7.4385143],[111.6550436,-7.4385936],[111.6547111,-7.4385566],[111.6540954,-7.438493],[111.6540218,-7.4384826],[111.6538772,-7.438462],[111.6538337,-7.4384559],[111.6536004,-7.4384504],[111.6531409,-7.4385327],[111.6528161,-7.4386265],[111.6526568,-7.4385874],[111.6523881,-7.4384231],[111.6522515,-7.4383491],[111.6521881,-7.4383148],[111.6521222,-7.4383381],[111.6521134,-7.4383412],[111.6520588,-7.4384549],[111.6519396,-7.4387091],[111.6518447,-7.4387538],[111.6517663,-7.4386916],[111.6513427,-7.438346],[111.6512259,-7.438346],[111.6508029,-7.4385765],[111.6506058,-7.4386749],[111.6509332,-7.4389787],[111.6509952,-7.4394326],[111.6511693,-7.4398888],[111.651396,-7.4400856],[111.651691,-7.4402926],[111.651654,-7.4403809],[111.6515326,-7.4404888],[111.6514665,-7.440596],[111.6514595,-7.4407451],[111.651482,-7.441097],[111.6513819,-7.4414652],[111.6514132,-7.4417265],[111.6515047,-7.4419955],[111.6516512,-7.4424785],[111.6517904,-7.4432711],[111.6519376,-7.4440716],[111.6521851,-7.4445072],[111.652383,-7.4446711],[111.6523112,-7.4447398],[111.6521681,-7.4448102],[111.6519716,-7.4448236],[111.6517874,-7.4449885],[111.6514874,-7.4453654],[111.6512169,-7.4454552],[111.6510547,-7.4455458],[111.6508623,-7.4457134],[111.6508123,-7.4458397],[111.6509063,-7.4462954],[111.6509618,-7.4470795],[111.6509943,-7.4476945],[111.6510655,-7.4477556],[111.6512291,-7.4478044],[111.6514289,-7.4478965],[111.6514843,-7.4479964],[111.6514821,-7.4481951],[111.651485,-7.4486358],[111.6517338,-7.4491482],[111.6516723,-7.4493174],[111.6516739,-7.4495055],[111.6517372,-7.4495939],[111.6519194,-7.4497485],[111.6521741,-7.4501737],[111.6522366,-7.4503083],[111.6522334,-7.4504261],[111.6521636,-7.4504792],[111.6519823,-7.4505464],[111.6516859,-7.4506348],[111.6516646,-7.450769],[111.6516781,-7.4510142],[111.6515715,-7.4510262],[111.6514336,-7.4509192],[111.6510473,-7.4506214],[111.6508223,-7.4505454],[111.650674,-7.4505517],[111.6506613,-7.4506302],[111.6506692,-7.4511943],[111.6505767,-7.4512115],[111.6503698,-7.4511745],[111.6502211,-7.4512063],[111.6500206,-7.4513165],[111.6499146,-7.4512093],[111.6495568,-7.4505595],[111.6494305,-7.4504723],[111.6491943,-7.4503889],[111.6490714,-7.4505603],[111.6490238,-7.4507769],[111.6488124,-7.4509391],[111.6486956,-7.4510847],[111.6485019,-7.4511013],[111.6483164,-7.4511076],[111.6481005,-7.4511042],[111.6479697,-7.4510952],[111.6478066,-7.4510519],[111.6476229,-7.4510224],[111.6474992,-7.4510112],[111.6473475,-7.450993],[111.6472147,-7.4509612],[111.6470815,-7.4509637],[111.646976,-7.4509799],[111.6469159,-7.451032],[111.6467223,-7.4510528],[111.646539,-7.451066],[111.6464565,-7.4511125],[111.646157,-7.4511927],[111.6458011,-7.4512912],[111.6454666,-7.4513485],[111.6454364,-7.4513564],[111.6453977,-7.4513621],[111.645349,-7.4513572],[111.6452921,-7.4513516],[111.645022,-7.4512825],[111.6446295,-7.4511731],[111.644272,-7.4510691],[111.6441502,-7.4512606],[111.6439612,-7.4516926],[111.6438764,-7.4518734],[111.6438203,-7.4518778],[111.6436235,-7.4518192],[111.6433545,-7.4517607],[111.6431543,-7.4517008],[111.643176,-7.4516034],[111.6430549,-7.4515748],[111.6428854,-7.4515377],[111.642881,-7.4515135],[111.6428936,-7.4513686],[111.6428855,-7.4513488],[111.6426908,-7.4513142],[111.6423356,-7.451216],[111.6420447,-7.4511469],[111.6419921,-7.4510744],[111.6419019,-7.4510135],[111.6417825,-7.450976],[111.6417044,-7.4513272],[111.6417363,-7.4513736],[111.6417276,-7.4514083],[111.6416204,-7.4515885],[111.6415536,-7.4517336],[111.6416206,-7.451719],[111.6416889,-7.4517903],[111.6417808,-7.4518729],[111.6416615,-7.4521071],[111.6415032,-7.4524218],[111.641409,-7.4525919],[111.6414185,-7.4526239],[111.6416048,-7.4527224],[111.6415912,-7.452796],[111.6415052,-7.452869],[111.6417206,-7.4530136],[111.6418787,-7.4531012],[111.641884,-7.45322],[111.6420061,-7.4532614],[111.6421928,-7.453318],[111.6424026,-7.4533589],[111.6424027,-7.4534183],[111.6423484,-7.4535244],[111.6423058,-7.4536237],[111.6422592,-7.4536936],[111.6422594,-7.453804],[111.642207,-7.4538622],[111.6422303,-7.4539436],[111.6422654,-7.4540541],[111.6422714,-7.4541907],[111.6422343,-7.4546099],[111.6421663,-7.4548073],[111.642088,-7.4549822],[111.6419937,-7.4551435],[111.6418096,-7.455489],[111.6417083,-7.4556895],[111.6416231,-7.4557332],[111.641327,-7.456076],[111.6411628,-7.4562694],[111.6410252,-7.45643],[111.6409401,-7.4565742],[111.6408093,-7.4568169],[111.6406347,-7.4572434],[111.6405832,-7.4573939],[111.6405548,-7.4575287],[111.6405472,-7.4576296],[111.6405022,-7.4576727],[111.6404592,-7.4577015],[111.6403974,-7.4577692],[111.640332,-7.4578677],[111.6402972,-7.4579416],[111.6402929,-7.4580257],[111.6402951,-7.4581836],[111.6403285,-7.4582202],[111.6402926,-7.4583228],[111.6402432,-7.4584938],[111.6401809,-7.4587097],[111.6401021,-7.4589339],[111.6400911,-7.4590872],[111.6400863,-7.4591538],[111.6400864,-7.4591565],[111.6400938,-7.4597425],[111.6400948,-7.4598156],[111.6400191,-7.4598319],[111.6398675,-7.4597854],[111.6398403,-7.459774],[111.6396977,-7.4597143],[111.6392422,-7.4595236],[111.6390681,-7.4595531],[111.6390316,-7.4595659],[111.6386892,-7.4596863],[111.6385564,-7.4597792],[111.6380959,-7.4602231],[111.6380432,-7.4602739],[111.6378571,-7.4603583],[111.6377344,-7.4604435],[111.637715,-7.460457],[111.6376219,-7.460588],[111.6376124,-7.4606624],[111.6375569,-7.4612552],[111.6375492,-7.4613367],[111.6374988,-7.4613889],[111.6372837,-7.4614648],[111.6369307,-7.46156],[111.6368232,-7.4616508],[111.6368143,-7.4616806],[111.6367858,-7.4617757],[111.6368187,-7.4618546],[111.6369866,-7.4621292],[111.6370053,-7.4621462],[111.6373186,-7.4624315],[111.6372891,-7.46257],[111.6371429,-7.4627769],[111.6369295,-7.4628199],[111.6365918,-7.462888],[111.6365581,-7.4628688],[111.6364649,-7.4628155],[111.6364165,-7.4626201],[111.6363718,-7.4625264],[111.636346,-7.4624725],[111.6362326,-7.462514],[111.6361492,-7.46254],[111.6358796,-7.4626241],[111.6356817,-7.4625964],[111.6356527,-7.4625923],[111.6354958,-7.4625022],[111.6354718,-7.4623967],[111.6354595,-7.4623424],[111.6355445,-7.4618434],[111.6355478,-7.4618244],[111.6354536,-7.4616884],[111.6353636,-7.461666],[111.6352195,-7.4617586],[111.6348816,-7.4619344],[111.6347911,-7.461847],[111.6347313,-7.4617627],[111.6346719,-7.461679],[111.6346571,-7.4616581],[111.6345375,-7.4615287],[111.634425,-7.4614977],[111.6342569,-7.4615171],[111.634124,-7.4616054],[111.6339999,-7.461749],[111.6336522,-7.4621513],[111.6335247,-7.4621836],[111.6334697,-7.4621856],[111.633048,-7.4622008],[111.6329672,-7.46219],[111.6327436,-7.46216],[111.6325874,-7.4621962],[111.6325103,-7.462214],[111.632431,-7.4622871],[111.6323452,-7.4624824],[111.6321971,-7.4626733],[111.6321371,-7.4627154],[111.6319739,-7.4628299],[111.6318191,-7.4628624],[111.6315318,-7.4629524],[111.6314877,-7.4630488],[111.6314849,-7.4632732],[111.631478,-7.4638175],[111.631432,-7.4638682],[111.6314254,-7.4638755],[111.6312633,-7.4639072],[111.6310987,-7.4638617],[111.6310757,-7.4638445],[111.630962,-7.4637596],[111.6308429,-7.4635751],[111.6307328,-7.4634927],[111.630674,-7.4634536],[111.6304147,-7.463281],[111.6302746,-7.4630939],[111.6301268,-7.462988],[111.6300807,-7.4629878],[111.6300144,-7.4629874],[111.6297517,-7.4630764],[111.6296918,-7.4630966],[111.6294554,-7.4631767],[111.6290542,-7.4633358],[111.6289638,-7.4633883],[111.6289484,-7.4633973],[111.6286639,-7.4635936],[111.6285951,-7.4636411],[111.6284035,-7.4642418],[111.6283702,-7.4643448],[111.6283245,-7.4644858],[111.6280583,-7.4647507],[111.6279041,-7.4649042],[111.6278502,-7.4649416],[111.6276039,-7.4651126],[111.6275722,-7.4651347],[111.6274915,-7.4652549],[111.6274763,-7.4652774],[111.6274494,-7.4654211],[111.6274973,-7.4656898],[111.6275098,-7.4658435],[111.6274592,-7.4659398],[111.6274252,-7.4660691],[111.627292,-7.4664202],[111.6271753,-7.4667279],[111.6268097,-7.4671333],[111.6267714,-7.4671304],[111.6266816,-7.4670832],[111.6265572,-7.4670409],[111.6263598,-7.4670509],[111.6262321,-7.467176],[111.6260672,-7.4673377],[111.6260644,-7.4673404],[111.6260374,-7.4673466],[111.6260154,-7.4673516],[111.6259167,-7.4673742],[111.6256424,-7.4672995],[111.6255205,-7.4672292],[111.6252246,-7.467275],[111.6251123,-7.4672925],[111.625084,-7.4672968],[111.625003,-7.4673101],[111.6249456,-7.4673132],[111.6241046,-7.4672478],[111.623865,-7.4672337],[111.623639,-7.4672205],[111.6235512,-7.4672186],[111.6235107,-7.4672693],[111.6234186,-7.4674652],[111.6233636,-7.4675821],[111.623234,-7.4680315],[111.6231447,-7.4683412],[111.6231013,-7.4685265],[111.6229411,-7.4685235],[111.6228842,-7.4685332],[111.622773,-7.4685831],[111.6227257,-7.4686705],[111.6227424,-7.4688052],[111.6227212,-7.4688053],[111.6225621,-7.4687417],[111.6224531,-7.4687087],[111.6224365,-7.468659],[111.6223985,-7.4686119],[111.6223272,-7.4685907],[111.6222421,-7.4685813],[111.6221637,-7.4685507],[111.6221327,-7.4684893],[111.6221067,-7.4684326],[111.6220307,-7.4684091],[111.6219217,-7.468395],[111.6218931,-7.4683667],[111.6218765,-7.4682959],[111.6218455,-7.4682133],[111.6218078,-7.4681745],[111.6217943,-7.4681232],[111.6217992,-7.4680598],[111.6217942,-7.4680232],[111.6217705,-7.4679368],[111.6217303,-7.4678403],[111.6216797,-7.4677475],[111.6216494,-7.4677028],[111.6216412,-7.4676421],[111.6216358,-7.4676067],[111.6216398,-7.467587],[111.6216529,-7.4675475],[111.6216596,-7.4675172],[111.6216542,-7.467496],[111.6216279,-7.4674777],[111.6216292,-7.4674552],[111.6216528,-7.4674315],[111.621691,-7.4673894],[111.6217766,-7.4672997],[111.6218148,-7.4672212],[111.6218563,-7.4670696],[111.6218713,-7.4669713],[111.621837,-7.4669486],[111.6217839,-7.4669448],[111.6216207,-7.4669337],[111.621503,-7.4668658],[111.6212484,-7.4668206],[111.6208876,-7.4667605],[111.6205684,-7.4667459],[111.6204991,-7.4667004],[111.6204782,-7.4666592],[111.6204913,-7.4665858],[111.6204968,-7.4665013],[111.6205401,-7.4664338],[111.6204684,-7.4663927],[111.6204046,-7.4664264],[111.6203539,-7.4664529],[111.6202389,-7.4664511],[111.6200959,-7.466412],[111.6199357,-7.4663371],[111.6198678,-7.4662996],[111.6198942,-7.4661887],[111.6199169,-7.4660373],[111.6198738,-7.4660329],[111.6198885,-7.4659438],[111.6198588,-7.4658814],[111.6197724,-7.4658596],[111.6195827,-7.4658088],[111.6194307,-7.4657717],[111.6194359,-7.4657003],[111.6194529,-7.4655734],[111.6193786,-7.4655535],[111.6193322,-7.4655867],[111.6192939,-7.4656092],[111.6192462,-7.465604],[111.6192141,-7.4655751],[111.619165,-7.4655235],[111.6191159,-7.4655117],[111.6190325,-7.4654854],[111.6188973,-7.4654498],[111.6186386,-7.4653813],[111.6185182,-7.465342],[111.6184627,-7.4653129],[111.6184388,-7.4653183],[111.6184042,-7.4653488],[111.618379,-7.4653567],[111.6183407,-7.465325],[111.6182514,-7.4652577],[111.6182105,-7.4652683],[111.6182448,-7.4653279],[111.6182211,-7.4654363],[111.6181166,-7.4654483],[111.6179666,-7.4654539],[111.6178112,-7.4654529],[111.6176216,-7.4654467],[111.6175564,-7.4654334],[111.6175203,-7.4654138],[111.6175018,-7.4653753],[111.6174725,-7.4653184],[111.6173887,-7.465296],[111.6173437,-7.4653358],[111.6172866,-7.4653795],[111.6172268,-7.4653558],[111.6171191,-7.4653228],[111.6170848,-7.4653043],[111.6170884,-7.4652513],[111.6170618,-7.4652063],[111.6170618,-7.46516],[111.6170952,-7.465016],[111.6170342,-7.4649952],[111.6169482,-7.4649629],[111.6169051,-7.4649052],[111.6167944,-7.4648886],[111.6167019,-7.4648656],[111.616527,-7.4648035],[111.6164395,-7.4647729],[111.6163638,-7.4647606],[111.6162599,-7.4647466],[111.6161359,-7.4647268],[111.6161041,-7.4649119],[111.6159787,-7.464911],[111.6157847,-7.464913],[111.6156819,-7.4649179],[111.615565,-7.4652415],[111.6155176,-7.4652374],[111.6153965,-7.4652019],[111.6152902,-7.465201],[111.6152873,-7.4652251],[111.6152301,-7.4654664],[111.6151709,-7.4654595],[111.6150371,-7.4654372],[111.6149992,-7.4655802],[111.6149591,-7.4657279],[111.6149278,-7.4659255],[111.6148544,-7.4659175],[111.6147052,-7.4659044],[111.6146117,-7.4659392],[111.6145758,-7.4659484],[111.6144241,-7.465942],[111.6142974,-7.4659422],[111.6141962,-7.4659344],[111.6141202,-7.4659518],[111.6140486,-7.4659153],[111.6139467,-7.4659438],[111.6137891,-7.465992],[111.6136288,-7.46604],[111.6135764,-7.4660984],[111.6135149,-7.4661179],[111.6133162,-7.4661437],[111.6133013,-7.4662851],[111.6132404,-7.4662904],[111.6131664,-7.4662769],[111.6130702,-7.4662467],[111.6129841,-7.4662453],[111.6129519,-7.4662622],[111.6129352,-7.4663866],[111.6129136,-7.466501],[111.6128919,-7.4666189],[111.6128364,-7.4666039],[111.6127853,-7.4666174],[111.6127739,-7.4666496],[111.6127703,-7.466676],[111.612734,-7.466693],[111.6126943,-7.4666648],[111.6126484,-7.4666119],[111.6126391,-7.4666745],[111.6125579,-7.4670398],[111.6126037,-7.4670795],[111.6126662,-7.4670984],[111.6128256,-7.467066],[111.6128865,-7.467066],[111.6131219,-7.4671327],[111.6134021,-7.4671982],[111.6139573,-7.467304],[111.6144359,-7.4673907],[111.6148883,-7.4675163],[111.614879,-7.4676098],[111.6148453,-7.4677608],[111.6148383,-7.467768],[111.6148144,-7.46778],[111.6147422,-7.4678184],[111.6147398,-7.4678735],[111.6147713,-7.4679454],[111.6148073,-7.4680004],[111.6147835,-7.4680532],[111.6147523,-7.4681418],[111.6147211,-7.4681444],[111.614601,-7.4680845],[111.6144974,-7.4680799],[111.6144591,-7.4680943],[111.6144087,-7.4681448],[111.6143271,-7.4682167],[111.6142694,-7.4682934],[111.6142863,-7.4683726],[111.6143275,-7.4685018],[111.6143515,-7.4685882],[111.6143422,-7.4686432],[111.6140994,-7.4686269],[111.6138829,-7.4686243],[111.6138046,-7.4686995],[111.6137159,-7.4687492],[111.6136813,-7.4687522],[111.6136393,-7.4687613],[111.6136272,-7.4687552],[111.6136211,-7.4687208],[111.6135925,-7.4686952],[111.6134781,-7.4686909],[111.6134058,-7.4686852],[111.6132929,-7.4686657],[111.6131201,-7.4687272],[111.6129406,-7.4687934],[111.6127868,-7.468856],[111.6125649,-7.4689542],[111.6123569,-7.4690204],[111.6123365,-7.4690642],[111.6123397,-7.4692054],[111.6123263,-7.4692281],[111.612292,-7.4692567],[111.6122578,-7.4692967],[111.612258,-7.469483],[111.6122316,-7.4695589],[111.6122031,-7.4696104],[111.6121555,-7.4696693],[111.6121327,-7.4697796],[111.6121016,-7.4698735],[111.6120803,-7.4700616],[111.6120717,-7.4701644],[111.6120977,-7.4702201],[111.6120934,-7.470267],[111.6120572,-7.4703675],[111.6120106,-7.470483],[111.6119617,-7.4705746],[111.6119517,-7.4706422],[111.6119348,-7.4707946],[111.6118992,-7.4708521],[111.6118417,-7.4709082],[111.6116796,-7.4710842],[111.6116501,-7.4711229],[111.6116353,-7.4711646],[111.6116543,-7.4712971],[111.6116679,-7.4714043],[111.6115108,-7.4717772],[111.6114793,-7.4718419],[111.6114504,-7.4719128],[111.6114202,-7.471931],[111.6113899,-7.4719369],[111.6113479,-7.4719356],[111.6113118,-7.4720336],[111.611295,-7.4720999],[111.611224,-7.4721],[111.6111787,-7.472076],[111.6111575,-7.4720761],[111.6111441,-7.4721213],[111.611114,-7.472241],[111.6111082,-7.4724055],[111.6111369,-7.472514],[111.6111825,-7.4726435],[111.61116,-7.4726784],[111.6110794,-7.4727392],[111.6110099,-7.4728291],[111.6109319,-7.4730227],[111.6108927,-7.4731467],[111.6109129,-7.4732322],[111.6109156,-7.4732499],[111.6107683,-7.4732918],[111.610612,-7.4733603],[111.6105703,-7.4734531],[111.6105243,-7.4735555],[111.6104833,-7.4737779],[111.6104758,-7.4738188],[111.6104792,-7.4738867],[111.6105084,-7.4744635],[111.6105403,-7.4746668],[111.6105407,-7.4746691],[111.6106224,-7.4751903],[111.6106291,-7.4752329],[111.6106401,-7.4753027],[111.6106364,-7.475499],[111.6106337,-7.4756488],[111.6104759,-7.4760656],[111.6103868,-7.4761685],[111.6102633,-7.4762783],[111.6101871,-7.476353],[111.61015,-7.4763479],[111.6100299,-7.4763046],[111.6099535,-7.4762583],[111.6098552,-7.4761851],[111.6097188,-7.4760357],[111.6095959,-7.475889],[111.6094579,-7.4757895],[111.60932,-7.4757291],[111.6091702,-7.4756512],[111.609019,-7.4756353],[111.6089625,-7.4756408],[111.6089477,-7.4756759],[111.6089299,-7.4757351],[111.6089153,-7.475809],[111.6088925,-7.4758925],[111.6088523,-7.4759654],[111.6088023,-7.476038],[111.60875,-7.4761687],[111.6087346,-7.4764032],[111.6087503,-7.476566],[111.6087257,-7.4766278],[111.6086714,-7.4766208],[111.6085557,-7.4767085],[111.6085445,-7.476717],[111.6085764,-7.4768829],[111.6085781,-7.4768914],[111.608579,-7.4768961],[111.6085897,-7.4769518],[111.6086309,-7.4771657],[111.6086478,-7.4774262],[111.6086578,-7.4775813],[111.6086621,-7.477647],[111.6086469,-7.4776828],[111.608631,-7.4777204],[111.608556,-7.4778973],[111.6082646,-7.4782403],[111.6082352,-7.4782638],[111.6078255,-7.4785904],[111.6076982,-7.4786715],[111.6075633,-7.4787575],[111.6074682,-7.4788021],[111.6074534,-7.478809],[111.6072577,-7.4788196],[111.6070756,-7.4787719],[111.6069244,-7.4786761],[111.6068761,-7.4785152],[111.6068925,-7.4783268],[111.6068964,-7.4782821],[111.6068997,-7.4782656],[111.6069783,-7.4778782],[111.6070021,-7.4777609],[111.6070046,-7.4777489],[111.6071546,-7.4769504],[111.6071044,-7.4765468],[111.6070908,-7.4764373],[111.607086,-7.4763991],[111.6070583,-7.4761759],[111.6070535,-7.4761377],[111.6068994,-7.4757711],[111.6068756,-7.4757468],[111.6067071,-7.4755743],[111.6066492,-7.4755547],[111.6064852,-7.4754991],[111.6064821,-7.475498],[111.6061749,-7.4755696],[111.6059876,-7.475748],[111.6057593,-7.4759655],[111.6054901,-7.4762219],[111.6052977,-7.4764079],[111.6051443,-7.4765562],[111.604922,-7.4767712],[111.6047203,-7.4772063],[111.6046532,-7.4773487],[111.6045045,-7.4776644],[111.6041248,-7.4785156],[111.604077,-7.4787149],[111.6040504,-7.4788261],[111.6039997,-7.4790371],[111.6039826,-7.4791753],[111.6040434,-7.4793264],[111.6040999,-7.4794861],[111.6041399,-7.4795323],[111.6042083,-7.4796112],[111.6043469,-7.4797017],[111.6044855,-7.4797922],[111.6046285,-7.4798783],[111.6047195,-7.4799948],[111.604732,-7.4800377],[111.6047673,-7.4801588],[111.6047415,-7.4802668],[111.6045859,-7.480362],[111.6041618,-7.4804403],[111.6039281,-7.4804234],[111.6034823,-7.480411],[111.6030292,-7.4803275],[111.6028821,-7.480345],[111.6028337,-7.4803754],[111.6027308,-7.4804402],[111.6025968,-7.4805613],[111.6025363,-7.4806952],[111.6024846,-7.4808421],[111.602472,-7.4811098],[111.6024982,-7.4812523],[111.602533,-7.4814077],[111.6026111,-7.4815501],[111.602648,-7.4815934],[111.6027325,-7.4816924],[111.6028975,-7.4818142],[111.6029582,-7.4818589],[111.6029955,-7.4819634],[111.603006,-7.4819927],[111.6030235,-7.4821438],[111.6030021,-7.482308],[111.6029373,-7.4824333],[111.6028595,-7.4825284],[111.6028592,-7.4825287],[111.6028967,-7.4825649],[111.6029305,-7.4825975],[111.6032153,-7.4828137],[111.6034479,-7.4829851],[111.6035772,-7.4831194],[111.6037469,-7.4833109],[111.6037589,-7.483743],[111.6035092,-7.4837835],[111.6033946,-7.4838436],[111.6033055,-7.4838925],[111.6031536,-7.4838983],[111.6030245,-7.4838928],[111.6028953,-7.4838529],[111.6027577,-7.4837845],[111.602657,-7.4836901],[111.6025536,-7.4836215],[111.6024872,-7.483473],[111.6024411,-7.4833936],[111.6024217,-7.4832841],[111.6024279,-7.4830845],[111.6024404,-7.4829268],[111.6022951,-7.482856],[111.6022751,-7.4828479],[111.6022396,-7.4828334],[111.6021199,-7.4828446],[111.6019665,-7.4828268],[111.6018991,-7.482819],[111.6018922,-7.4828171],[111.6017249,-7.4827715],[111.6012495,-7.4826417],[111.6012421,-7.4826396],[111.6009606,-7.4825321],[111.6006447,-7.4825152],[111.6005822,-7.4825168],[111.6004629,-7.4825198],[111.600277,-7.4826884],[111.6002037,-7.4829045],[111.6001954,-7.4831161],[111.6002214,-7.4832601],[111.6003131,-7.483768],[111.6003564,-7.4840874],[111.6003696,-7.4841851],[111.6004062,-7.4844726],[111.6004461,-7.4847858],[111.6004702,-7.4849752],[111.6006039,-7.4851719],[111.6006337,-7.4852156],[111.6006393,-7.4852238],[111.6006468,-7.4852269],[111.6006516,-7.4852287],[111.6007725,-7.4852769],[111.6008963,-7.4852912],[111.6010162,-7.4852439],[111.6012341,-7.485015],[111.6015539,-7.4847243],[111.6017026,-7.4845536],[111.60195,-7.4845134],[111.6021826,-7.4844477],[111.6023063,-7.4844476],[111.602459,-7.4844872],[111.6026504,-7.484531],[111.6027874,-7.4846836],[111.6028885,-7.4848164],[111.6029122,-7.4849063],[111.6028603,-7.4850315],[111.6027307,-7.485236],[111.6025991,-7.4853899],[111.6024918,-7.4855457],[111.6021978,-7.4859637],[111.6020822,-7.4860347],[111.6018937,-7.4861259],[111.6017596,-7.4861969],[111.6015611,-7.4863065],[111.6013907,-7.4863877],[111.6011678,-7.4864042],[111.6008967,-7.4863776],[111.6007198,-7.4863165],[111.6006007,-7.4862673],[111.6005106,-7.486276],[111.6004975,-7.4862772],[111.6004645,-7.4862902],[111.6004132,-7.4862903],[111.6002437,-7.4862905],[111.6001131,-7.4862859],[111.6000815,-7.4862847],[111.5999593,-7.4862804],[111.5998011,-7.4863063],[111.5997733,-7.4863109],[111.5996565,-7.4863801],[111.5995614,-7.4864925],[111.5995011,-7.486661],[111.5995142,-7.4867862],[111.5995967,-7.4869416],[111.5997122,-7.4870835],[111.5998004,-7.4871918],[111.5998186,-7.4872165],[111.5999782,-7.4874333],[111.6000121,-7.4877478],[111.6000134,-7.4877595],[111.6000093,-7.4878102],[111.6000006,-7.487915],[111.5999635,-7.4880218],[111.599936,-7.4881008],[111.5998829,-7.4881967],[111.5998237,-7.4883039],[111.5996971,-7.4884527],[111.5995693,-7.4886029],[111.5995515,-7.4886238],[111.5993786,-7.4887838],[111.5992797,-7.4888617],[111.5992359,-7.4888963],[111.5991191,-7.4889353],[111.5989892,-7.4889182],[111.5988463,-7.4888191],[111.5986799,-7.4886604],[111.5985444,-7.4885314],[111.5983305,-7.4883275],[111.5981506,-7.4882609],[111.5980275,-7.4883035],[111.5980252,-7.4883043],[111.5978955,-7.4884124],[111.5978221,-7.4885291],[111.5977271,-7.4887322],[111.5977405,-7.4888327],[111.5977602,-7.48898],[111.5979445,-7.4890239],[111.5982569,-7.4890869],[111.598443,-7.4891679],[111.5986778,-7.4892909],[111.5990554,-7.4893131],[111.5993712,-7.4893063],[111.5994623,-7.4893028],[111.5996478,-7.4892376],[111.5998466,-7.489312],[111.599915,-7.4894353],[111.5999966,-7.489565],[111.6000067,-7.4896042],[111.5998864,-7.4898511],[111.5997403,-7.4902215],[111.5995973,-7.4906601],[111.5994558,-7.4909275],[111.5994215,-7.4909732],[111.5992841,-7.491042],[111.599142,-7.491129],[111.5990778,-7.4911131],[111.5989382,-7.4910904],[111.5988807,-7.4910952],[111.5987937,-7.4911318],[111.5987502,-7.491093],[111.5986357,-7.4909295],[111.5986064,-7.4908861],[111.5985468,-7.4908411],[111.5984506,-7.490794],[111.5983742,-7.4907417],[111.5983072,-7.4907021],[111.5982907,-7.4906767],[111.5982906,-7.4906226],[111.5983033,-7.4905322],[111.5982833,-7.4904833],[111.5982398,-7.490375],[111.59819,-7.4902854],[111.5981864,-7.4901573],[111.5981567,-7.4900658],[111.5981199,-7.4899415],[111.5980719,-7.4897843],[111.5980865,-7.4896344],[111.5978138,-7.4895366],[111.5978168,-7.489693],[111.5978185,-7.4897771],[111.5978195,-7.4898289],[111.5978042,-7.4899381],[111.5977939,-7.4900109],[111.5977828,-7.49009],[111.5977606,-7.490248],[111.5977507,-7.4903188],[111.597704,-7.4904229],[111.5976583,-7.4905248],[111.5976558,-7.4905306],[111.5976233,-7.4905995],[111.5975824,-7.4906861],[111.597444,-7.490764],[111.5971799,-7.4907428],[111.5969668,-7.4907398],[111.5969029,-7.4907388],[111.5967861,-7.4907563],[111.596704,-7.4908255],[111.5966695,-7.4909378],[111.5966806,-7.491123],[111.5966908,-7.4912942],[111.5967003,-7.4915966],[111.596703,-7.4916804],[111.5967044,-7.491726],[111.596717,-7.4919803],[111.5967222,-7.4920844],[111.5966684,-7.4922926],[111.5966313,-7.4924362],[111.5965353,-7.4926628],[111.5963815,-7.4930256],[111.5963164,-7.4931794],[111.5958837,-7.4937132],[111.5958017,-7.4938645],[111.5957587,-7.4940588],[111.5957767,-7.4941937],[111.5957806,-7.4942229],[111.5959106,-7.4943436],[111.5961616,-7.4943606],[111.5963651,-7.4943603],[111.5964251,-7.4943602],[111.5966204,-7.4943599],[111.5968456,-7.4943596],[111.5968498,-7.4943596],[111.5970619,-7.4943593],[111.5971267,-7.4943593],[111.597235,-7.4943591],[111.5973519,-7.4943676],[111.5974904,-7.494389],[111.5976593,-7.4944363],[111.5977936,-7.4945613],[111.5978717,-7.4947123],[111.5978849,-7.4948462],[111.5978858,-7.4949298],[111.5978872,-7.4950676],[111.5978879,-7.4951426],[111.5978794,-7.4952549],[111.5978493,-7.4953845],[111.5977629,-7.4955228],[111.5976851,-7.4956049],[111.5976309,-7.4956245],[111.597577,-7.495644],[111.5974125,-7.4956485],[111.5973176,-7.4956349],[111.5971441,-7.49561],[111.5969468,-7.4955286],[111.596894,-7.4955068],[111.5967781,-7.4954789],[111.5967338,-7.4954682],[111.5966058,-7.4954654],[111.5965476,-7.4954641],[111.5963702,-7.495473],[111.5962425,-7.4955387],[111.5962188,-7.4955509],[111.5960805,-7.4956634],[111.5960157,-7.4957628],[111.595966,-7.4958554],[111.5959276,-7.4959271],[111.5959207,-7.49594],[111.5958733,-7.4960912],[111.5958733,-7.4960951],[111.5958743,-7.4966753],[111.5958745,-7.4967374],[111.5958536,-7.4973419],[111.5958496,-7.4975233],[111.5958086,-7.4976027],[111.5957805,-7.4976573],[111.5956804,-7.4976931],[111.5956594,-7.4977006],[111.5953087,-7.4976668],[111.5952178,-7.497658],[111.5948164,-7.4975514],[111.5945229,-7.4975152],[111.5945048,-7.4975129],[111.5943273,-7.4975089],[111.5941629,-7.4975307],[111.5939898,-7.4975871],[111.5938254,-7.4976564],[111.5937087,-7.4977515],[111.5936612,-7.4978768],[111.5936744,-7.4979804],[111.5937352,-7.4981229],[111.593797,-7.4982084],[111.5938059,-7.4982208],[111.5938349,-7.4982609],[111.5940628,-7.4984493],[111.5942815,-7.4986301],[111.5943378,-7.4987078],[111.5943467,-7.4988201],[111.594341,-7.4988484],[111.5943209,-7.4989496],[111.5942951,-7.4990663],[111.5941656,-7.4993255],[111.5940988,-7.4993958],[111.5938843,-7.4996217],[111.5938523,-7.4996698],[111.5937807,-7.4997773],[111.5937432,-7.4998892],[111.5937127,-7.5000047],[111.5937079,-7.5000154],[111.5935404,-7.5003481],[111.5934863,-7.5004557],[111.5933459,-7.5006844],[111.5932534,-7.5008697],[111.5932518,-7.5008727],[111.5930007,-7.5011135],[111.5926858,-7.5013497],[111.5925819,-7.5014277],[111.591996,-7.5020975],[111.5916716,-7.502443],[111.5915209,-7.5025242],[111.5915181,-7.5025257],[111.5913994,-7.5025897],[111.5912108,-7.5026109],[111.5910639,-7.5025274],[111.5910593,-7.5024192],[111.5910531,-7.5022765],[111.591021,-7.5017434],[111.5909895,-7.501352],[111.590989,-7.5013462],[111.5908839,-7.5010954],[111.590737,-7.501012],[111.5906481,-7.5010086],[111.590475,-7.5010019],[111.5902235,-7.5010022],[111.5899994,-7.501094],[111.5899931,-7.5010966],[111.5899692,-7.5011925],[111.5899651,-7.501209],[111.5899514,-7.501264],[111.5899516,-7.5013534],[111.5899516,-7.5013993],[111.5899521,-7.5017485],[111.5899521,-7.5017553],[111.5900574,-7.5023167],[111.5901317,-7.5027128],[111.5902694,-7.5033719],[111.5903077,-7.5035556],[111.5904482,-7.5042282],[111.5905851,-7.5050291],[111.5906232,-7.5052517],[111.5906599,-7.5054662],[111.5906862,-7.5056199],[111.5906963,-7.5056624],[111.5907488,-7.5058742],[111.5907816,-7.5060589],[111.5908454,-7.5064179],[111.5908582,-7.5064904],[111.5908314,-7.5066847],[111.5907831,-7.5069493],[111.5907109,-7.5070005],[111.590532,-7.5070456],[111.5903586,-7.5070066],[111.5902072,-7.5069093],[111.5901523,-7.5068612],[111.5899872,-7.5067168],[111.5899182,-7.5066564],[111.5897131,-7.5063644],[111.5891491,-7.505708],[111.5888521,-7.5054704],[111.5887213,-7.50546],[111.5886359,-7.5055216],[111.5884938,-7.5057467],[111.5881188,-7.5066437],[111.587983,-7.5066872],[111.5874538,-7.5066056],[111.5873154,-7.5066671],[111.5873051,-7.5066795],[111.5872061,-7.5067979],[111.5871099,-7.507154],[111.5870189,-7.5077982],[111.58702,-7.5078058],[111.5870328,-7.5078113],[111.5871734,-7.5079054],[111.5875347,-7.5082069],[111.5876633,-7.5083082],[111.5877893,-7.5083417],[111.587887,-7.508383],[111.5879926,-7.5084956],[111.5880943,-7.5086483],[111.5881231,-7.5087018],[111.5879968,-7.5087803],[111.5877574,-7.50888],[111.5875776,-7.5089112],[111.5875102,-7.5088899],[111.5873812,-7.5088443],[111.5872555,-7.5088046],[111.5871114,-7.5087834],[111.5869579,-7.5087378],[111.5868873,-7.508692],[111.5868198,-7.508582],[111.5867336,-7.5083925],[111.5867241,-7.5083264],[111.5867068,-7.5083245],[111.5865884,-7.5083892],[111.5864914,-7.5083832],[111.5860537,-7.5082639],[111.5858948,-7.5083011],[111.5858759,-7.5083633],[111.5858589,-7.5087049],[111.5858596,-7.509187],[111.5858601,-7.5096081],[111.5858607,-7.5100297],[111.5857587,-7.5102482],[111.5856458,-7.5103273],[111.5854115,-7.5103005],[111.5852207,-7.5102222],[111.5852182,-7.5102207],[111.5851632,-7.5102807],[111.585195,-7.5103839],[111.5850833,-7.5104761],[111.5849328,-7.5105781],[111.5848042,-7.5106872],[111.5846706,-7.5106874],[111.5845612,-7.5106367],[111.5843716,-7.5105594],[111.5842161,-7.5105548],[111.5840824,-7.5105477],[111.5840825,-7.5106131],[111.5840955,-7.5106617],[111.5841569,-7.5107526],[111.5842235,-7.5109002],[111.5842925,-7.5113416],[111.5843122,-7.5114002],[111.5842288,-7.5115348],[111.5842481,-7.5115678],[111.5842358,-7.5115924],[111.5841249,-7.5117231],[111.5840263,-7.5117407],[111.5837189,-7.5116888],[111.5837151,-7.5116875],[111.583309,-7.5115475],[111.5827298,-7.5112747],[111.5823687,-7.5111135],[111.5820548,-7.5109551],[111.5818727,-7.5109954],[111.5818352,-7.5110261],[111.5817765,-7.5110743],[111.5817631,-7.5111798],[111.5818304,-7.5113351],[111.5819576,-7.5114354],[111.5821635,-7.5116203],[111.5821912,-7.5117588],[111.5821522,-7.5120039],[111.5820615,-7.5123183],[111.5820204,-7.5124612],[111.5820067,-7.512486],[111.5818707,-7.5127319],[111.5817382,-7.5128363],[111.581625,-7.512842],[111.5816249,-7.512842],[111.5816249,-7.512842],[111.5814877,-7.5127531],[111.5811727,-7.5124407],[111.5809708,-7.5122984],[111.5808427,-7.5122984],[111.5806201,-7.5123623],[111.5805992,-7.5123732],[111.5803885,-7.5124828],[111.5803473,-7.5126584],[111.5802274,-7.513039],[111.5802497,-7.5136032],[111.5801684,-7.5138766],[111.5799662,-7.5142842],[111.5796298,-7.5148081],[111.5796186,-7.5148362],[111.5797179,-7.5148681],[111.5798477,-7.5148938],[111.5798356,-7.5149989],[111.579784,-7.5152229],[111.5799828,-7.5154069],[111.5800876,-7.5154561],[111.5801117,-7.515438],[111.5802132,-7.5154017],[111.5802519,-7.5154173],[111.5804043,-7.5154943],[111.5806473,-7.5156108],[111.5807984,-7.5156853],[111.5808989,-7.5156914],[111.5810092,-7.5157317],[111.5811176,-7.5157971],[111.581311,-7.5158315],[111.581456,-7.5158584],[111.5815371,-7.5158428],[111.5816202,-7.5157868],[111.5817478,-7.5157596],[111.5818484,-7.5158155],[111.581949,-7.5158191],[111.5820753,-7.5158902],[111.5821222,-7.5159188],[111.5821816,-7.5159359],[111.5821959,-7.5159339],[111.5822112,-7.5159158],[111.5822293,-7.5158833],[111.5822427,-7.5158499],[111.5822723,-7.515826],[111.5823791,-7.5158096],[111.5824716,-7.515838],[111.5825533,-7.515884],[111.582684,-7.5159598],[111.5827113,-7.5159923],[111.5827059,-7.5160221],[111.5826733,-7.5160805],[111.582672,-7.5161199],[111.5827397,-7.5161804],[111.582729,-7.5162872],[111.5827643,-7.5163268],[111.5828869,-7.5164228],[111.5829054,-7.5165006],[111.5829286,-7.5166777],[111.5829424,-7.5167005],[111.5830871,-7.5166787],[111.5831991,-7.5166786],[111.5832473,-7.516706],[111.5834093,-7.5167951],[111.583573,-7.5168481],[111.5836764,-7.5168755],[111.583814,-7.5168169],[111.5840517,-7.5167462],[111.5841449,-7.5167206],[111.5842782,-7.5166819],[111.5843849,-7.5166804],[111.584483,-7.5166985],[111.5845837,-7.5167612],[111.5847372,-7.5168182],[111.5848123,-7.5168507],[111.5848586,-7.5168669],[111.584886,-7.5169254],[111.5849064,-7.5169403],[111.584976,-7.5169402],[111.5850606,-7.5169714],[111.5851616,-7.5170365],[111.5852706,-7.5169847],[111.5853743,-7.5170607],[111.5854835,-7.5171326],[111.5857669,-7.5173078],[111.5858792,-7.5173627],[111.5859431,-7.5174572],[111.5861003,-7.5175242],[111.5862765,-7.5175945],[111.5864043,-7.5176477],[111.5865756,-7.5177717],[111.5866836,-7.5178792],[111.5867014,-7.5179145],[111.5866906,-7.5179922],[111.5867166,-7.518052],[111.5868192,-7.5181418],[111.5868093,-7.5182527],[111.5868801,-7.5183001],[111.586897,-7.5183292],[111.5868756,-7.5184211],[111.5868587,-7.5184564],[111.5868173,-7.5184855],[111.5867974,-7.5185162],[111.5867975,-7.5185836],[111.5867514,-7.5186496],[111.5866668,-7.5187434],[111.5865881,-7.5187484],[111.5864923,-7.5187706],[111.5864088,-7.5188246],[111.5863818,-7.518859],[111.5863179,-7.5188713],[111.5862368,-7.5189009],[111.5861852,-7.5189376],[111.5860526,-7.5190016],[111.5859568,-7.5190507],[111.5858462,-7.5190509],[111.585866,-7.5191612],[111.5858891,-7.5193538],[111.5859085,-7.5194006],[111.5859805,-7.5194474],[111.5860027,-7.5194942],[111.586025,-7.5196129],[111.5860584,-7.5197397],[111.5860365,-7.5199383],[111.5860809,-7.5200568],[111.586117,-7.5201699],[111.5862444,-7.5202828],[111.5863496,-7.5203792],[111.5863905,-7.5204829],[111.5864335,-7.5206691],[111.58671,-7.520758],[111.5867898,-7.5207987],[111.586859,-7.5208539],[111.58687,-7.5208908],[111.5869785,-7.5210073],[111.5869993,-7.5210316],[111.5871607,-7.5212205],[111.5871467,-7.521276],[111.5870551,-7.5212892],[111.5865467,-7.5213242],[111.5865432,-7.5213247],[111.5863738,-7.5213477],[111.5864097,-7.5214203],[111.5865324,-7.5215314],[111.5865468,-7.5215499],[111.5866134,-7.5216357],[111.5865855,-7.5217683],[111.586464,-7.5218745],[111.5863149,-7.5219366],[111.5861502,-7.5219179],[111.5860907,-7.5218569],[111.5860731,-7.5218388],[111.5857679,-7.5214156],[111.5856592,-7.5213242],[111.5855837,-7.5213174],[111.5854588,-7.5212571],[111.5853791,-7.5212572],[111.5852907,-7.5212626],[111.5852474,-7.5212868],[111.5851764,-7.5213958],[111.5851069,-7.5215759],[111.5850521,-7.5216866],[111.5849948,-7.5216903],[111.5849484,-7.5216795],[111.5849044,-7.5216309],[111.5848421,-7.5215373],[111.5847957,-7.521479],[111.5847334,-7.5214414],[111.5846944,-7.5214401],[111.5846261,-7.521478],[111.5845286,-7.5215414],[111.5844322,-7.5215817],[111.5843216,-7.5216071],[111.584272,-7.5216084],[111.584251,-7.5216218],[111.5839059,-7.5218606],[111.5838996,-7.521865],[111.5838978,-7.521908],[111.5838952,-7.521973],[111.5838798,-7.5220202],[111.5838703,-7.5220493],[111.583848,-7.5221173],[111.5837327,-7.5221845],[111.5835711,-7.5222685],[111.5835631,-7.52227],[111.5835184,-7.522393],[111.5834835,-7.5225639],[111.5835056,-7.5226734],[111.5835485,-7.522836],[111.5835981,-7.5229716],[111.5836013,-7.5230255],[111.5835905,-7.523081],[111.5835504,-7.5231273],[111.5834716,-7.5231274],[111.5834098,-7.5231213],[111.5833371,-7.5231199],[111.5832939,-7.5231307],[111.5832692,-7.5231708],[111.5832632,-7.523254],[111.583107,-7.5232141],[111.5830946,-7.5232003],[111.5831008,-7.523151],[111.5830945,-7.5231264],[111.5829645,-7.5229502],[111.5829412,-7.5229117],[111.5828747,-7.5228902],[111.5827572,-7.5228842],[111.582754,-7.5228456],[111.5827261,-7.5227346],[111.5826611,-7.5227192],[111.5825945,-7.5226823],[111.5825558,-7.5225945],[111.5824984,-7.5224944],[111.582492,-7.5223556],[111.5825061,-7.5222481],[111.5825353,-7.5221848],[111.5825864,-7.5221168],[111.5826126,-7.5220365],[111.5826171,-7.5219701],[111.5825954,-7.5219285],[111.582501,-7.5218993],[111.5823632,-7.5218563],[111.5821313,-7.5218127],[111.5820302,-7.5217868],[111.5820127,-7.521707],[111.5819656,-7.5216497],[111.5818959,-7.5215995],[111.5818802,-7.5215596],[111.5818871,-7.5215318],[111.5819114,-7.5215057],[111.5819462,-7.5214796],[111.5819535,-7.5213813],[111.5819535,-7.5213109],[111.5819358,-7.5212778],[111.581879,-7.521272],[111.5818005,-7.5212564],[111.5817456,-7.5212214],[111.5816887,-7.5211511],[111.5815966,-7.5210789],[111.5815083,-7.5210478],[111.5812811,-7.5209993],[111.5811243,-7.5209662],[111.5809498,-7.5209333],[111.5807213,-7.5209086],[111.5804674,-7.5208871],[111.5801037,-7.52085],[111.5799469,-7.5208502],[111.5799001,-7.5209441],[111.5798029,-7.5209505],[111.5796649,-7.5209256],[111.5794705,-7.5208884],[111.5794079,-7.5209541],[111.5793327,-7.5209511],[111.5791884,-7.5209388],[111.5790505,-7.5209108],[111.5789594,-7.5208515],[111.578903,-7.520836],[111.5788152,-7.5208392],[111.5787462,-7.5208206],[111.5787462,-7.5208018],[111.5787837,-7.5207298],[111.5788087,-7.5206423],[111.5786738,-7.5206175],[111.5785344,-7.5206131],[111.5784814,-7.5206577],[111.5784507,-7.5206829],[111.5784339,-7.5206718],[111.5783891,-7.5206245],[111.5782689,-7.520594],[111.5780565,-7.5205942],[111.5779811,-7.5206389],[111.5778891,-7.5207839],[111.5778612,-7.5208035],[111.5777215,-7.5208287],[111.5775427,-7.5208624],[111.5774257,-7.5211245],[111.5773783,-7.5211915],[111.5772834,-7.5212752],[111.5772554,-7.5212501],[111.5771826,-7.5211694],[111.5771043,-7.5211277],[111.5769366,-7.5210973],[111.5767353,-7.5210251],[111.5765983,-7.5209779],[111.5765757,-7.5207941],[111.5765058,-7.5207969],[111.5763409,-7.5207609],[111.576019,-7.5207087],[111.5758232,-7.520656],[111.5755491,-7.520595],[111.575356,-7.5205311],[111.5751433,-7.5204422],[111.5749595,-7.5204025],[111.5750621,-7.5209773],[111.5750038,-7.5211953],[111.5748848,-7.5213736],[111.5747157,-7.5214939],[111.5745167,-7.5215289],[111.5742239,-7.5215078],[111.573543,-7.5212805],[111.5733145,-7.5212896],[111.5729246,-7.5212907],[111.5727095,-7.52118],[111.5722997,-7.520969],[111.5721326,-7.5210023],[111.5721111,-7.5210146],[111.5719229,-7.521123],[111.5718014,-7.5212554],[111.5717996,-7.5212571],[111.5718933,-7.5214088],[111.5720084,-7.5216405],[111.572092,-7.521688],[111.5721807,-7.5217608],[111.5722562,-7.5218557],[111.5722917,-7.5219573],[111.5723031,-7.522134],[111.5723035,-7.522397],[111.572298,-7.522601],[111.572241,-7.5228869],[111.5722238,-7.5230982],[111.5721491,-7.5231928],[111.5720196,-7.5232774],[111.5719623,-7.5232924],[111.5718251,-7.5232279],[111.5717228,-7.5231411],[111.5716429,-7.5230591],[111.5716054,-7.5229523],[111.5715779,-7.5228105],[111.5715602,-7.5225892],[111.5715473,-7.5222558],[111.5715269,-7.521915],[111.5714893,-7.5217957],[111.5713402,-7.5219296],[111.5712834,-7.5221389],[111.5712612,-7.5223725],[111.5712437,-7.5225558],[111.5711792,-7.5228006],[111.570992,-7.5231083],[111.5707901,-7.5233857],[111.5705196,-7.5237574],[111.5700949,-7.5241166],[111.570052,-7.5241325],[111.5698408,-7.5242005],[111.5698245,-7.5242057],[111.5697243,-7.5242379],[111.5696687,-7.5242558],[111.5696425,-7.5242643],[111.5694438,-7.524212],[111.5693643,-7.5241442],[111.5693363,-7.5241204],[111.569426,-7.5239549],[111.5694858,-7.5238193],[111.5696719,-7.5233709],[111.5697517,-7.5231601],[111.5698004,-7.5230181],[111.5697958,-7.5228917],[111.5697334,-7.5227676],[111.5695977,-7.5227256],[111.5694864,-7.5227125],[111.5693486,-7.5227853],[111.5692436,-7.5228728],[111.5692287,-7.5229826],[111.569174,-7.5232097],[111.5690916,-7.5233845],[111.5689493,-7.5235867],[111.5688845,-7.5237429],[111.5688687,-7.5237453],[111.5688653,-7.5237456],[111.5688268,-7.5237491],[111.5688237,-7.5237494],[111.568734,-7.5237575],[111.5685825,-7.5237924],[111.5682824,-7.5238616],[111.5677517,-7.5239839],[111.5674418,-7.5241009],[111.5673581,-7.5241325],[111.5672794,-7.5241325],[111.567177,-7.5241325],[111.5670273,-7.5240753],[111.5669662,-7.5240497],[111.5669662,-7.5240497],[111.5669638,-7.524048],[111.5669611,-7.5240461],[111.5669526,-7.5240402],[111.5669443,-7.5240343],[111.5669341,-7.5240272],[111.5669303,-7.5240245],[111.5669192,-7.5240167],[111.5669138,-7.5240129],[111.5669134,-7.5240126],[111.5669005,-7.5240035],[111.5668855,-7.523993],[111.5668053,-7.5239367],[111.5667337,-7.5238864],[111.5665858,-7.5237787],[111.5665855,-7.5237784],[111.5665646,-7.5237632],[111.5665498,-7.5237524],[111.5665479,-7.5237511],[111.5665476,-7.5237508],[111.5665475,-7.5237508],[111.5665361,-7.5237606],[111.5664886,-7.5238706],[111.5664888,-7.523998],[111.5665115,-7.5241054],[111.5665141,-7.5241954],[111.5664917,-7.5242854],[111.5664191,-7.5244054],[111.566339,-7.524468],[111.5662689,-7.5245006],[111.5662213,-7.5244882],[111.5661485,-7.5244208],[111.5661108,-7.5243109],[111.5660763,-7.5241853],[111.566065,-7.524146],[111.5660451,-7.5240195],[111.5659885,-7.5238789],[111.5659649,-7.5238095],[111.5658441,-7.5238401],[111.5655775,-7.5237383],[111.5645793,-7.5232985],[111.564172,-7.5231652],[111.5640034,-7.5232042],[111.5639211,-7.5232828],[111.5639048,-7.5232983],[111.5638009,-7.5235538],[111.5638178,-7.5236643],[111.5638268,-7.5237226],[111.5638369,-7.5238145],[111.5638604,-7.5240273],[111.5637741,-7.5243312],[111.5636753,-7.5243746],[111.5634382,-7.5243652],[111.5634379,-7.5243651],[111.5631918,-7.524364],[111.563034,-7.5244282],[111.5631489,-7.524502],[111.5633134,-7.5246163],[111.5635045,-7.5247676],[111.5636919,-7.5249189],[111.5636691,-7.5249683],[111.5636162,-7.5250916],[111.563543,-7.525067],[111.5633308,-7.5249461],[111.5631525,-7.5248391],[111.5629261,-7.5246589],[111.5628204,-7.5246011],[111.56277,-7.5246265],[111.5621834,-7.5248442],[111.5620023,-7.5249855],[111.5618907,-7.5251524],[111.5618845,-7.5252242],[111.5618773,-7.5253075],[111.561888,-7.5253133],[111.5620267,-7.5253645],[111.5621499,-7.5254602],[111.5624831,-7.5256227],[111.5625876,-7.5256914],[111.5625999,-7.525739],[111.5625983,-7.5258026],[111.5625718,-7.5258856],[111.5625082,-7.5259792],[111.5624411,-7.5260763],[111.5623651,-7.5261188],[111.5622324,-7.5261666],[111.5621651,-7.5261455],[111.5620128,-7.5260521],[111.5618516,-7.5259429],[111.561781,-7.5258991],[111.561496,-7.5264583],[111.5613194,-7.5266746],[111.5612103,-7.5266222],[111.5611725,-7.5265984],[111.5611007,-7.5265151],[111.5610508,-7.5264357],[111.5610368,-7.5263682],[111.5610287,-7.5262273],[111.5610345,-7.526136],[111.561035,-7.5260509],[111.561019,-7.5259813],[111.5610009,-7.525878],[111.560959,-7.5257927],[111.5609071,-7.5257152],[111.5607974,-7.5256458],[111.5606679,-7.525638],[111.5604626,-7.5256383],[111.560361,-7.5256086],[111.5602334,-7.525575],[111.5601517,-7.5255909],[111.5600561,-7.5256408],[111.5599964,-7.5256706],[111.5599346,-7.5256509],[111.5598249,-7.5256033],[111.5597316,-7.525583],[111.5595969,-7.525525],[111.5594555,-7.5254558],[111.5593119,-7.5254583],[111.5591482,-7.5254831],[111.5590675,-7.5255324],[111.5591147,-7.5256106],[111.5590438,-7.5260206],[111.5590037,-7.5262799],[111.5589887,-7.5263227],[111.5586253,-7.5264616],[111.5585977,-7.5265674],[111.5585072,-7.5268015],[111.5584066,-7.527149],[111.5583637,-7.5270937],[111.5582423,-7.5269076],[111.5581512,-7.5267768],[111.5578684,-7.5267243],[111.5577346,-7.5266817],[111.5576162,-7.5268405],[111.5575557,-7.5269563],[111.5574873,-7.5272128],[111.5575808,-7.5272486],[111.5577893,-7.5273199],[111.5579546,-7.5273734],[111.5579905,-7.5274092],[111.5579978,-7.527531],[111.5579765,-7.5276886],[111.5578905,-7.5278786],[111.5578547,-7.5279425],[111.5577017,-7.5279192],[111.5574666,-7.527785],[111.5573313,-7.5277243],[111.5572091,-7.5276694],[111.5570489,-7.5276915],[111.5569427,-7.5277754],[111.5567749,-7.5279951],[111.5567011,-7.5281744],[111.5566849,-7.5283427],[111.5566849,-7.5283647],[111.5566818,-7.5284227],[111.5566813,-7.5284325],[111.55666,-7.5288431],[111.5566441,-7.5291474],[111.5565691,-7.5292814],[111.5564892,-7.5294239],[111.556443,-7.5294651],[111.5563656,-7.5295341],[111.5562688,-7.5295439],[111.5561471,-7.5294691],[111.5561166,-7.5294293],[111.5559901,-7.5292642],[111.5559373,-7.5291804],[111.5556929,-7.5287916],[111.5555609,-7.528725],[111.5554997,-7.5286942],[111.5554362,-7.5286881],[111.5554027,-7.5286849],[111.5553166,-7.5286766],[111.5548181,-7.5287148],[111.554685,-7.5287999],[111.5544834,-7.5289578],[111.5544749,-7.529019],[111.5545219,-7.5292126],[111.5546302,-7.5295103],[111.554688,-7.5296896],[111.554462,-7.5299648],[111.5542799,-7.5301229],[111.5541179,-7.5302649],[111.5539978,-7.5303609],[111.5539479,-7.5304448],[111.55393,-7.5305826],[111.553914,-7.5306167],[111.5538479,-7.5306227],[111.5537293,-7.5306209],[111.5536237,-7.5305223],[111.5535665,-7.5304275],[111.5535739,-7.5302885],[111.553642,-7.5300913],[111.5537693,-7.5297634],[111.5537862,-7.5297198],[111.5538061,-7.5294638],[111.5538832,-7.5293119],[111.5539223,-7.5292347],[111.5535955,-7.529199],[111.5535565,-7.5291925],[111.5535058,-7.5291263],[111.5534561,-7.5290138],[111.5533882,-7.5288543],[111.5533293,-7.5286542],[111.5532712,-7.5284937],[111.5532313,-7.5283735],[111.5531836,-7.5282897],[111.5530962,-7.528198],[111.5529676,-7.5281507],[111.5528137,-7.5281382],[111.5527836,-7.5281462],[111.552782,-7.5282222],[111.5528027,-7.528384],[111.5528191,-7.5286438],[111.5528642,-7.5290035],[111.5528947,-7.5291156],[111.5528734,-7.5291637],[111.5528465,-7.5291619],[111.5527287,-7.5291211],[111.5526161,-7.5290786],[111.552575,-7.5290323],[111.5525587,-7.5288596],[111.5525549,-7.528703],[111.552523,-7.5284639],[111.5525046,-7.5282225],[111.5524938,-7.5281798],[111.5524759,-7.5281691],[111.5524044,-7.528171],[111.5521597,-7.5281713],[111.5520935,-7.5281678],[111.5521042,-7.5281215],[111.5521309,-7.5280769],[111.5522006,-7.5279913],[111.552288,-7.5279306],[111.5524631,-7.5278983],[111.5526185,-7.5278608],[111.552622,-7.5278465],[111.5526022,-7.5277787],[111.55252,-7.5276756],[111.5524234,-7.5276008],[111.5523287,-7.5275778],[111.5521893,-7.5275638],[111.5520785,-7.5275389],[111.5520338,-7.5275497],[111.5520019,-7.5277297],[111.5519807,-7.5279435],[111.5519593,-7.5279738],[111.5519182,-7.5279471],[111.5518199,-7.5279402],[111.5516733,-7.5279367],[111.5515483,-7.5279173],[111.5514965,-7.5278907],[111.5514142,-7.5278266],[111.5513801,-7.527734],[111.5513369,-7.5275751],[111.5512935,-7.5273824],[111.5512373,-7.5271847],[111.5511913,-7.526992],[111.5511352,-7.526878],[111.5510741,-7.5267995],[111.5509036,-7.5267515],[111.550746,-7.5267517],[111.550657,-7.5267823],[111.5505224,-7.5268762],[111.5504056,-7.5270107],[111.5503371,-7.5272162],[111.5503267,-7.5273599],[111.5503792,-7.5274922],[111.5504539,-7.5276988],[111.5504602,-7.5278814],[111.5505181,-7.5282457],[111.5505726,-7.5283607],[111.5507674,-7.5285162],[111.5510755,-7.5286942],[111.5513153,-7.5288091],[111.5513548,-7.5288608],[111.5513585,-7.5289805],[111.5513854,-7.529059],[111.5514858,-7.5291071],[111.5516238,-7.5291587],[111.5517337,-7.52932],[111.5518687,-7.5294932],[111.5519924,-7.529625],[111.5520865,-7.5297297],[111.552133,-7.5298363],[111.5521957,-7.5300151],[111.5522283,-7.5302202],[111.552222,-7.5303733],[111.5521903,-7.5304864],[111.5521406,-7.5306425],[111.5520772,-7.5307489],[111.5520138,-7.5308395],[111.5519345,-7.5308735],[111.5518755,-7.530894],[111.5518143,-7.5308714],[111.5517348,-7.5308172],[111.5516394,-7.5307269],[111.5515645,-7.5306771],[111.5515282,-7.5306817],[111.5514035,-7.5307227],[111.551315,-7.5307815],[111.5512919,-7.5308434],[111.5512971,-7.5309172],[111.5513586,-7.5310877],[111.5514661,-7.5313471],[111.5514908,-7.5314031],[111.5514145,-7.5314876],[111.5514309,-7.531632],[111.5514839,-7.5318571],[111.5516152,-7.5319924],[111.5518453,-7.5321554],[111.5518911,-7.5321878],[111.5524577,-7.5325893],[111.5525088,-7.5326255],[111.5529025,-7.5329424],[111.5530866,-7.5332082],[111.5531765,-7.5334666],[111.5531861,-7.5336293],[111.5531505,-7.5339083],[111.5530753,-7.5340233],[111.5529877,-7.5340594],[111.5528462,-7.5340778],[111.5527157,-7.5341147],[111.5525929,-7.5341942],[111.5524862,-7.5343305],[111.5524613,-7.5344009],[111.5524432,-7.534537],[111.5524046,-7.5345847],[111.5521658,-7.5346689],[111.552059,-7.5347325],[111.5519884,-7.5347122],[111.5518996,-7.5346556],[111.5518496,-7.5346219],[111.5518207,-7.5346024],[111.5517653,-7.5345651],[111.5516765,-7.5344835],[111.5515922,-7.534411],[111.5515056,-7.5342863],[111.551449,-7.5342243],[111.551367,-7.5341402],[111.5512594,-7.5340408],[111.5511799,-7.5339592],[111.5511133,-7.5338725],[111.551044,-7.5337501],[111.5509666,-7.5336025],[111.55088,-7.5334877],[111.5507964,-7.5333586],[111.5507443,-7.5332208],[111.5507298,-7.5330815],[111.5507124,-7.5329781],[111.5506575,-7.5328286],[111.550588,-7.5326305],[111.5505071,-7.532438],[111.5504175,-7.5322829],[111.5503021,-7.5321193],[111.5501809,-7.5320303],[111.5501046,-7.5319642],[111.549995,-7.5319016],[111.5498996,-7.5318795],[111.549784,-7.5318898],[111.5496117,-7.5319405],[111.5493786,-7.5320096],[111.5491211,-7.5320504],[111.5489486,-7.5320384],[111.5487722,-7.5320103],[111.54862,-7.5320105],[111.5485451,-7.5320531],[111.5485512,-7.5320753],[111.5486992,-7.5324125],[111.5487749,-7.5325787],[111.5488682,-7.5327722],[111.5490214,-7.5331145],[111.5490362,-7.5331623],[111.5490752,-7.5333096],[111.5491868,-7.5338838],[111.5492047,-7.5340989],[111.5491991,-7.5342698],[111.5491195,-7.5345175],[111.5490016,-7.5347297],[111.5488069,-7.5349333],[111.5484774,-7.5351426],[111.5483983,-7.5351927],[111.5481723,-7.535339],[111.548087,-7.5354142],[111.5479729,-7.535515],[111.5477769,-7.5357342],[111.547741,-7.5357873],[111.5475975,-7.5359999],[111.5474548,-7.5362356],[111.5474123,-7.5366012],[111.5474025,-7.536794],[111.5473829,-7.5370498],[111.5473897,-7.537186],[111.5474501,-7.5374384],[111.5475102,-7.5376311],[111.5476304,-7.5377838],[111.5478271,-7.53787],[111.5481949,-7.5380299],[111.5484322,-7.5381137],[111.5486933,-7.5381842],[111.5490096,-7.5382102],[111.5492416,-7.5382125],[111.5495922,-7.5381805],[111.5499058,-7.538138],[111.5501706,-7.5380828],[111.5503645,-7.5380279],[111.5505922,-7.5379729],[111.5509253,-7.5379305],[111.5512248,-7.5379006],[111.5515117,-7.537955],[111.552018,-7.5380212],[111.5524276,-7.538103],[111.5528561,-7.5382149],[111.5531794,-7.5383681],[111.5532094,-7.5383232],[111.5532656,-7.5381732],[111.5532843,-7.5380795],[111.5532804,-7.5379708],[111.5532839,-7.5377461],[111.5533138,-7.5376299],[111.5533812,-7.5374237],[111.5534652,-7.5373016],[111.5535362,-7.5370311],[111.5535787,-7.5368414],[111.5536548,-7.5368081],[111.5538498,-7.536784],[111.5539021,-7.5367413],[111.5539444,-7.5364235],[111.5539919,-7.5363144],[111.5545152,-7.5364702],[111.5546531,-7.5364132],[111.5548052,-7.5363608],[111.5549976,-7.5363692],[111.5551191,-7.5363746],[111.5555043,-7.5363741],[111.555766,-7.5364164],[111.5561322,-7.5364065],[111.5565335,-7.5363826],[111.556597,-7.5363867],[111.5567071,-7.5364414],[111.5569866,-7.5364495],[111.5570246,-7.536441],[111.5570542,-7.5363903],[111.5571006,-7.5362552],[111.5573589,-7.5362844],[111.5577738,-7.5363472],[111.5580194,-7.5363722],[111.5580193,-7.5363131],[111.5580319,-7.5362245],[111.5580911,-7.5361948],[111.5582097,-7.5362031],[111.5585261,-7.5362506],[111.5585974,-7.5362621],[111.5586505,-7.5362538],[111.5587135,-7.5362041],[111.5587484,-7.536204],[111.5588613,-7.5362403],[111.5589825,-7.5362831],[111.5595073,-7.5363787],[111.5596879,-7.5364049],[111.5598419,-7.5364259],[111.5598314,-7.5365398],[111.5597946,-7.5367807],[111.5597947,-7.5369211],[111.5598002,-7.5370429],[111.5597763,-7.5372013],[111.5597492,-7.5373312],[111.5596969,-7.5374947],[111.5596363,-7.5377042],[111.5595665,-7.5379558],[111.5595516,-7.5380536],[111.5595086,-7.538173],[111.5594522,-7.5382758],[111.5593085,-7.5386465],[111.5592534,-7.5387737],[111.5592482,-7.5388327],[111.5592575,-7.5388694],[111.5592982,-7.5388877],[111.559364,-7.538885],[111.5594522,-7.5389256],[111.5595509,-7.539012],[111.5596061,-7.5390525],[111.5598106,-7.5391047],[111.5599319,-7.5391429],[111.5600075,-7.5391826],[111.56004,-7.5392076],[111.5600444,-7.5392401],[111.5600209,-7.5393139],[111.5599473,-7.5395909],[111.5598694,-7.5398483],[111.5598496,-7.5399628],[111.5596114,-7.5407301],[111.5595723,-7.5408571],[111.5595219,-7.5410047],[111.5595233,-7.5410167],[111.5597359,-7.5410781],[111.5599967,-7.5411535],[111.5600643,-7.541173],[111.5603265,-7.5412566],[111.5604949,-7.5413102],[111.5605166,-7.5413171],[111.5611665,-7.5414158],[111.561261,-7.541411],[111.5614503,-7.5414012],[111.5617069,-7.5413879],[111.5617838,-7.5413911],[111.5622792,-7.5414118],[111.5623409,-7.5414143],[111.5624129,-7.541418],[111.5624733,-7.541406],[111.562746,-7.5413371],[111.5630804,-7.5412468],[111.5632891,-7.5411992],[111.5632731,-7.5413191],[111.5632247,-7.5415924],[111.5631575,-7.5418995],[111.5631201,-7.5419444],[111.5629915,-7.5424367],[111.5629706,-7.5425336],[111.5629034,-7.5427927],[111.5627959,-7.5432829],[111.562776,-7.5434145],[111.5627745,-7.5435027],[111.562768,-7.5436644],[111.5627648,-7.543771],[111.5627054,-7.5439796],[111.5626623,-7.5440903],[111.5626174,-7.5442403],[111.5625724,-7.5443659],[111.5625406,-7.544424],[111.5624993,-7.5444897],[111.5624603,-7.544603],[111.5624233,-7.5447721],[111.562373,-7.54495],[111.5623217,-7.5451058],[111.5623206,-7.5451563],[111.5623265,-7.5451926],[111.5622854,-7.5452536],[111.5622666,-7.5452807],[111.5622643,-7.5453171],[111.5622727,-7.545405],[111.5622892,-7.5454577],[111.5622704,-7.5454883],[111.5622386,-7.5454989],[111.562187,-7.5455189],[111.5621223,-7.5455471],[111.5620799,-7.5455937],[111.5620582,-7.5456438],[111.5620415,-7.5457123],[111.5620416,-7.5457908],[111.5620636,-7.5458725],[111.5620653,-7.5459193],[111.5620519,-7.545946],[111.5620285,-7.5459727],[111.5619916,-7.5459778],[111.5619331,-7.5459879],[111.5618845,-7.5459863],[111.5618527,-7.5459963],[111.5618344,-7.5460164],[111.561826,-7.5460565],[111.5618178,-7.54614],[111.5617873,-7.5461847],[111.5617595,-7.5462429],[111.5617477,-7.5463512],[111.5617466,-7.5465084],[111.5617135,-7.5465679],[111.5616594,-7.54663],[111.5615601,-7.5467067],[111.5615019,-7.5467597],[111.5614393,-7.5467512],[111.561373,-7.546746],[111.5612895,-7.5467171],[111.5612325,-7.5467105],[111.5611914,-7.5467145],[111.5611583,-7.5467344],[111.5611067,-7.5467767],[111.5610113,-7.5468178],[111.5609649,-7.5468338],[111.5608827,-7.5468391],[111.5608906,-7.546818],[111.560929,-7.5467492],[111.5609792,-7.5466144],[111.5609884,-7.5465826],[111.5609553,-7.5465761],[111.5608969,-7.54658],[111.5608585,-7.546596],[111.5607664,-7.5466645],[111.560744,-7.5466719],[111.5607217,-7.546669],[111.5606545,-7.5466379],[111.5605843,-7.5465784],[111.5605365,-7.546525],[111.5604798,-7.5464611],[111.5604096,-7.5464284],[111.5602963,-7.5463914],[111.560256,-7.546396],[111.5602157,-7.5464228],[111.5601711,-7.5464571],[111.5601099,-7.5464586],[111.5599652,-7.5464469],[111.5598064,-7.546428],[111.5597147,-7.5464243],[111.5596879,-7.5463977],[111.5597107,-7.5462835],[111.5597449,-7.5461577],[111.5598477,-7.5458759],[111.5598666,-7.5457806],[111.5598627,-7.5457274],[111.559729,-7.5456704],[111.5596106,-7.5456325],[111.5595496,-7.5457011],[111.5595305,-7.5457278],[111.5594618,-7.5457126],[111.5592555,-7.5456253],[111.5592364,-7.5456405],[111.5591717,-7.5458349],[111.5591106,-7.5458197],[111.5589349,-7.5457628],[111.5586255,-7.5456909],[111.5585758,-7.5457061],[111.5585111,-7.545809],[111.5584501,-7.5459119],[111.5584122,-7.5460909],[111.5582098,-7.546114],[111.5578166,-7.5461907],[111.5571686,-7.5464156],[111.5570447,-7.5464911],[111.5568061,-7.5466693],[111.5566008,-7.5468112],[111.5564044,-7.5468928],[111.5562019,-7.5469292],[111.5559902,-7.5469175],[111.5558239,-7.5468754],[111.5556635,-7.5467913],[111.5555485,-7.5466618],[111.5554365,-7.5465444],[111.5553093,-7.5463516],[111.5551851,-7.546183],[111.5550731,-7.5460324],[111.5549976,-7.5459668],[111.554834,-7.5458247],[111.5546769,-7.5457104],[111.5544586,-7.5455503],[111.5542058,-7.5453904],[111.5539185,-7.5452343],[111.5537118,-7.5451125],[111.5534743,-7.5449945],[111.5533442,-7.5449488],[111.5532676,-7.5449528],[111.5530381,-7.5450523],[111.5527322,-7.5451824],[111.5524032,-7.5453247],[111.5521955,-7.5453929],[111.5519435,-7.5454443],[111.5515893,-7.5454379],[111.5513236,-7.545428],[111.5510237,-7.5453638],[111.5507954,-7.5453268],[111.5504888,-7.5452592],[111.550257,-7.5451576],[111.5501074,-7.5450767],[111.5499968,-7.5450284],[111.5499024,-7.5449721],[111.54987,-7.5449023],[111.5497971,-7.5448164],[111.5497484,-7.5446606],[111.5497375,-7.5445612],[111.5497939,-7.5443462],[111.5498528,-7.5441177],[111.5499037,-7.5438892],[111.5499622,-7.5435709],[111.5499736,-7.5434742],[111.5499746,-7.5434142],[111.5499577,-7.5433921],[111.549925,-7.5433732],[111.5498511,-7.5433491],[111.5497311,-7.5433102],[111.5495435,-7.5432632],[111.5494188,-7.5432183],[111.5493107,-7.5431853],[111.5491338,-7.5431134],[111.5490491,-7.5430793],[111.5488951,-7.5430068],[111.5487869,-7.5429423],[111.5486923,-7.5428643],[111.548595,-7.5427971],[111.5485058,-7.5426975],[111.5483733,-7.5425685],[111.5482002,-7.542399],[111.5480434,-7.5422942],[111.5480244,-7.5422431],[111.5480404,-7.5420465],[111.5480456,-7.5417259],[111.5480536,-7.5416289],[111.5480914,-7.5416046],[111.5481698,-7.5415776],[111.5481615,-7.5414617],[111.5481289,-7.5412946],[111.5481261,-7.5412084],[111.5481286,-7.5410763],[111.548131,-7.5408984],[111.5481253,-7.5405967],[111.5481375,-7.5403321],[111.5481646,-7.5401001],[111.5482018,-7.5397521],[111.5482345,-7.5393884],[111.5482535,-7.5392252],[111.5482341,-7.5391052],[111.5482146,-7.5389203],[111.5480846,-7.5389277],[111.5479788,-7.5389614],[111.547933,-7.5390095],[111.5478369,-7.5391512],[111.5477262,-7.5391898],[111.5475481,-7.5392308],[111.5474157,-7.5392574],[111.5473291,-7.53926],[111.5472591,-7.5391952],[111.5471675,-7.5391137],[111.547129,-7.539097],[111.5469341,-7.5391644],[111.5467055,-7.5392487],[111.5464937,-7.5393354],[111.5463986,-7.5393264],[111.546206,-7.5393134],[111.5460345,-7.5393136],[111.5458744,-7.5393366],[111.5457563,-7.5393614],[111.5456648,-7.5393539],[111.5454818,-7.5393048],[111.5452243,-7.5392442],[111.5452224,-7.5392024],[111.5452278,-7.5389859],[111.5452314,-7.538828],[111.5452425,-7.5385485],[111.5452367,-7.5384895],[111.5451565,-7.5384497],[111.5450018,-7.5384203],[111.5448434,-7.538387],[111.5446716,-7.5383457],[111.5444688,-7.5383045],[111.5444756,-7.5382563],[111.5445182,-7.5381588],[111.5444693,-7.5381011],[111.5443439,-7.538022],[111.5442859,-7.5380007],[111.5441088,-7.5380284],[111.544066,-7.5379767],[111.5439864,-7.5378946],[111.5439161,-7.5378733],[111.5437328,-7.53784],[111.5435924,-7.5378128],[111.5433907,-7.5377217],[111.5432745,-7.5376548],[111.5433384,-7.5374628],[111.5433872,-7.5373806],[111.5434847,-7.5372586],[111.5435671,-7.537155],[111.5434781,-7.5370931],[111.5431376,-7.5369162],[111.5426502,-7.5366585],[111.5422129,-7.5363776],[111.5417212,-7.5361431],[111.5416095,-7.5361073],[111.5414463,-7.5360732],[111.5413191,-7.5360374],[111.5412005,-7.5359365],[111.541087,-7.535851],[111.5409806,-7.5359745],[111.5406012,-7.5364656],[111.540522,-7.5365562],[111.5403965,-7.5366989],[111.5403271,-7.5367839],[111.5403098,-7.536834],[111.540335,-7.5369149],[111.5403718,-7.5369746],[111.5403584,-7.5370787],[111.54036,-7.5371829],[111.5404014,-7.5372545],[111.5404602,-7.537339],[111.5404886,-7.5374191],[111.5404887,-7.5375254],[111.5404845,-7.5375839],[111.5404671,-7.5376317],[111.5404237,-7.5376859],[111.5403889,-7.5377511],[111.5403695,-7.5378443],[111.5403478,-7.5378833],[111.5402478,-7.5379312],[111.5402037,-7.537951],[111.5401517,-7.5379465],[111.5400752,-7.5379191],[111.5399221,-7.5378812],[111.5398012,-7.5378554],[111.5396758,-7.5378876],[111.5395794,-7.5379366],[111.5394739,-7.5380267],[111.5394281,-7.5380618],[111.5393332,-7.538065],[111.5392597,-7.5380407],[111.5391082,-7.5379688],[111.5389503,-7.5378795],[111.5387802,-7.5381199],[111.5386761,-7.5382408],[111.5385812,-7.5383587],[111.5385076,-7.5383847],[111.5383987,-7.53842],[111.5383067,-7.5384278],[111.5382132,-7.5384111],[111.538141,-7.5383714],[111.5380751,-7.5383532],[111.5379683,-7.5383468],[111.5377751,-7.538347],[111.5376353,-7.5383558],[111.5375318,-7.5383628],[111.5374266,-7.5383921],[111.5373541,-7.5383716],[111.5372505,-7.538339],[111.5370831,-7.5383117],[111.5369398,-7.5382671],[111.5366773,-7.5382296],[111.5365316,-7.5382129],[111.5362231,-7.5381915],[111.5360859,-7.5381916],[111.5360519,-7.5381904],[111.5360046,-7.5382765],[111.5359392,-7.5384798],[111.5359092,-7.5385588],[111.5359052,-7.5386514],[111.5359108,-7.5387713],[111.5359411,-7.538917],[111.5359448,-7.5390295],[111.5359588,-7.5391367],[111.5359804,-7.5392102],[111.5359943,-7.5393222],[111.5359714,-7.5394156],[111.5359393,-7.5395506],[111.5358925,-7.5398822],[111.5358734,-7.5400871],[111.5358485,-7.5401884],[111.5357576,-7.540375],[111.535625,-7.5406426],[111.5355463,-7.5407326],[111.5355412,-7.5407586],[111.5355932,-7.5412127],[111.5356293,-7.5419906],[111.5357361,-7.5429196],[111.5357518,-7.5430886],[111.5357466,-7.5432162],[111.5357173,-7.5434134],[111.5356515,-7.543493],[111.5356013,-7.5435346],[111.5355598,-7.5436055],[111.5355373,-7.5436522],[111.5355443,-7.5437318],[111.5355739,-7.5439713],[111.5355764,-7.5440017],[111.5355606,-7.5440894],[111.5355436,-7.5441332],[111.535496,-7.5441491],[111.535496,-7.5441929],[111.5354812,-7.544544],[111.5354745,-7.5446549],[111.5354692,-7.5448069],[111.5354569,-7.5449137],[111.5354799,-7.5450648],[111.5354969,-7.5451402],[111.5355233,-7.5452342],[111.5355157,-7.5452773],[111.5354833,-7.5453652],[111.5354324,-7.5454284],[111.5353398,-7.545467],[111.5351636,-7.5454703],[111.5350504,-7.5454976],[111.5349612,-7.5455107],[111.5349243,-7.5455248],[111.5348743,-7.5455747],[111.5348396,-7.5455856],[111.5347722,-7.5455835],[111.534745,-7.545615],[111.5347103,-7.5456259],[111.5346722,-7.5456205],[111.5346167,-7.5456032],[111.534496,-7.545572],[111.534331,-7.5455372],[111.5342674,-7.5455275],[111.5342026,-7.5455142],[111.5341181,-7.5454692],[111.5339627,-7.5454181],[111.5337437,-7.5453391],[111.5336433,-7.5452978],[111.5335469,-7.5452915],[111.5334658,-7.5453644],[111.5333902,-7.5454537],[111.5333298,-7.5455937],[111.5333092,-7.5456006],[111.5332376,-7.5455966],[111.5331509,-7.5456186],[111.5330986,-7.5456159],[111.5329376,-7.5455901],[111.532782,-7.5455505],[111.5327519,-7.545626],[111.5327017,-7.5457665],[111.5326784,-7.5458091],[111.5326646,-7.5458242],[111.5326371,-7.5458311],[111.5325503,-7.5458202],[111.5325366,-7.545904],[111.5325065,-7.5460084],[111.5322972,-7.5465061],[111.5322447,-7.5466436],[111.5321892,-7.5468353],[111.5321582,-7.5468879],[111.5321009,-7.5469034],[111.5320095,-7.5468649],[111.5319813,-7.5468398],[111.5318505,-7.5467895],[111.5318086,-7.5467913],[111.5317686,-7.5468105],[111.5317372,-7.546847],[111.5316344,-7.5468385],[111.531399,-7.5468057],[111.5312002,-7.546759],[111.5309839,-7.5467054],[111.53082,-7.5466395],[111.5306491,-7.5465807],[111.5305315,-7.5465786],[111.5304948,-7.5465769],[111.5304792,-7.54661],[111.5304897,-7.5466517],[111.5304741,-7.5466952],[111.5304409,-7.5467335],[111.5303886,-7.5467527],[111.5303293,-7.5467493],[111.5302106,-7.5467147],[111.5301199,-7.5466782],[111.529968,-7.5466106],[111.5298353,-7.5465325],[111.5297096,-7.5464595],[111.5295961,-7.5463814],[111.5294774,-7.5463224],[111.5293657,-7.5462756],[111.5291807,-7.5462271],[111.5289198,-7.5461173],[111.5288228,-7.5460771],[111.5287036,-7.5460197],[111.5285771,-7.5459709],[111.5284739,-7.5459416],[111.5283806,-7.5459283],[111.5283118,-7.5459026],[111.5281774,-7.5458246],[111.528082,-7.5457682],[111.5280005,-7.545738],[111.5279258,-7.5456968],[111.5278857,-7.5456624],[111.527829,-7.5455991],[111.5276908,-7.5455483],[111.527554,-7.5455044],[111.5273862,-7.5454828],[111.5272866,-7.5454264],[111.527187,-7.5453466],[111.5270777,-7.5452723],[111.5269836,-7.545231],[111.5269269,-7.5452036],[111.5268467,-7.5451292],[111.5267348,-7.5450749],[111.5265978,-7.5450162],[111.526408,-7.5449311],[111.5263286,-7.5448785],[111.526243,-7.5447917],[111.5261434,-7.5447438],[111.5260594,-7.5447113],[111.5259567,-7.5446928],[111.5258229,-7.5446573],[111.5256534,-7.544611],[111.5254667,-7.5445272],[111.5253363,-7.5444569],[111.5252378,-7.5444045],[111.5251644,-7.5444778],[111.5251284,-7.5444972],[111.5250633,-7.5444973],[111.5249204,-7.5444726],[111.5248442,-7.5444893],[111.5248234,-7.5444838],[111.5248026,-7.5444631],[111.5247272,-7.5444393],[111.5246177,-7.5441265],[111.524553,-7.5439417],[111.52446,-7.5438627],[111.5242177,-7.5436569],[111.524074,-7.5435347],[111.5240411,-7.5434791],[111.5239993,-7.5434083],[111.5239881,-7.5433005],[111.5239813,-7.5432345],[111.5242043,-7.5426024],[111.5242507,-7.542471],[111.5242798,-7.5422365],[111.5243013,-7.5420624],[111.5244248,-7.5417068],[111.5245413,-7.5414378],[111.5244418,-7.5410477],[111.5244036,-7.5410073],[111.5242729,-7.5408691],[111.5242143,-7.5407529],[111.5242015,-7.5406539],[111.5240838,-7.5405843],[111.5238988,-7.5405995],[111.5237637,-7.5405872],[111.5235936,-7.5405525],[111.5233753,-7.5404826],[111.5231274,-7.5404105],[111.5228871,-7.5403434],[111.5227168,-7.5402886],[111.5226418,-7.5403636],[111.5225942,-7.5403612],[111.5224289,-7.5403065],[111.5224088,-7.5402715],[111.5224487,-7.5401318],[111.5225086,-7.5399394],[111.5225821,-7.5396286],[111.5226522,-7.5394151],[111.5227308,-7.5391735],[111.5227729,-7.5390527],[111.5227896,-7.5389319],[111.522812,-7.5388476],[111.5229187,-7.5385919],[111.5228989,-7.5385274],[111.5228453,-7.5384404],[111.5227439,-7.5383647],[111.522603,-7.5383283],[111.5224397,-7.5383342],[111.5223102,-7.5383849],[111.5220906,-7.5384975],[111.5219527,-7.5385538],[111.5218767,-7.5385511],[111.521795,-7.5385119],[111.5217357,-7.538408],[111.5216737,-7.5383547],[111.5216118,-7.5383716],[111.5215273,-7.5383745],[111.5214484,-7.5383438],[111.5214175,-7.5384196],[111.5213951,-7.5385404],[111.5214151,-7.5387622],[111.5213395,-7.5391499],[111.5212861,-7.5392848],[111.5212238,-7.5393648],[111.521235,-7.5394203],[111.5212351,-7.5395025],[111.5212173,-7.539567],[111.5211862,-7.5396092],[111.5211416,-7.5396093],[111.5208809,-7.539583],[111.5206403,-7.5395334],[111.5205972,-7.539524],[111.5205279,-7.5395121],[111.52048,-7.5395051],[111.5204274,-7.5395266],[111.5203963,-7.5395695],[111.5203461,-7.5396174],[111.5202792,-7.5396126],[111.5201954,-7.5395698],[111.5201116,-7.5395389],[111.5200853,-7.5395389],[111.5200423,-7.5395605],[111.5200136,-7.5395867],[111.5199825,-7.5396273],[111.5199059,-7.5396345],[111.5198246,-7.5396155],[111.5197385,-7.5395894],[111.5196619,-7.5395895],[111.5195328,-7.5396398],[111.5193916,-7.53969],[111.5192531,-7.5397062],[111.5191804,-7.5397089],[111.5191237,-7.5397278],[111.5190915,-7.539744],[111.5190807,-7.5397763],[111.5190834,-7.53983],[111.5190647,-7.5399537],[111.5189974,-7.5400344],[111.5189435,-7.5400372],[111.5188087,-7.5400212],[111.5186928,-7.5399944],[111.5186119,-7.5400026],[111.5185311,-7.5400377],[111.5183909,-7.5400728],[111.5182858,-7.5400917],[111.5181403,-7.540108],[111.5179218,-7.540076],[111.5177763,-7.5400386],[111.5176225,-7.5399742],[111.5175065,-7.5398937],[111.5172588,-7.539732],[111.5170102,-7.5396377],[111.5167843,-7.5395755],[111.5166079,-7.5395209],[111.5164049,-7.5394909],[111.5161983,-7.5394883],[111.5158562,-7.5393115],[111.5156752,-7.5392093],[111.5156701,-7.5392072],[111.5156049,-7.5391798],[111.5155805,-7.5391368],[111.5155481,-7.5391153],[111.5155049,-7.5391154],[111.5154834,-7.5391504],[111.5153835,-7.5391451],[111.5151269,-7.5390916],[111.5148999,-7.5390424],[111.5148835,-7.539086],[111.5148291,-7.539255],[111.5147143,-7.5392115],[111.5144574,-7.5391301],[111.5142442,-7.5390813],[111.5139709,-7.5390053],[111.5137734,-7.5389541],[111.5136156,-7.5389131],[111.5132385,-7.5388372],[111.512752,-7.5387016],[111.5122874,-7.5385986],[111.5114338,-7.5383324],[111.5113022,-7.5382545],[111.5112615,-7.5382304],[111.5110494,-7.5381049],[111.5107941,-7.5379869],[111.5106809,-7.5379346],[111.5105783,-7.5378872],[111.5101785,-7.537698],[111.5097466,-7.5375053],[111.5093611,-7.5373333],[111.5091845,-7.5372679],[111.509006,-7.5371787],[111.5087919,-7.5371073],[111.5086045,-7.537027],[111.5083783,-7.5369596],[111.5081667,-7.5368889],[111.5082321,-7.5365225],[111.5082025,-7.5364369],[111.5080644,-7.5363798],[111.508,-7.5363333],[111.5080548,-7.5360609],[111.5081111,-7.5356389],[111.5081999,-7.5351234],[111.5082245,-7.534657],[111.5083056,-7.53425],[111.508407,-7.533848],[111.5085117,-7.5334435],[111.5085593,-7.5331913],[111.5086545,-7.5328296],[111.5087211,-7.5325631],[111.5088056,-7.5323889],[111.509,-7.5324167],[111.5090685,-7.5322062],[111.5091446,-7.531992],[111.5092222,-7.5319167],[111.5093333,-7.5318889],[111.5094302,-7.5316637],[111.5095682,-7.5314876],[111.5097062,-7.5311973],[111.5099061,-7.5308166],[111.5100203,-7.5305311],[111.5100556,-7.5303333],[111.510125,-7.5301599],[111.510188,-7.5299743],[111.5101416,-7.5299136],[111.5101944,-7.52975],[111.5103165,-7.5295317],[111.5104165,-7.5292997],[111.5105557,-7.5290213],[111.5106449,-7.528725],[111.5106667,-7.5284444],[111.510677,-7.5283539],[111.5106667,-7.5281667],[111.5107698,-7.5280398],[111.5108912,-7.5279006],[111.5110411,-7.5276828],[111.5111125,-7.527508],[111.511191,-7.5272724],[111.5112517,-7.5270797],[111.5112909,-7.5269119],[111.5113409,-7.5265978],[111.5113889,-7.5263889],[111.5114622,-7.5263087],[111.5115122,-7.5262159],[111.5115336,-7.5260232],[111.5115657,-7.5258982],[111.5116585,-7.5257198],[111.511762,-7.5255556],[111.5118056,-7.5254444],[111.5118727,-7.5253272],[111.5119048,-7.5251059],[111.5119114,-7.5250046],[111.5119155,-7.5249417],[111.5118889,-7.5247222],[111.5118977,-7.5244741],[111.5118977,-7.5242207],[111.511901,-7.5241249],[111.5119065,-7.5239689],[111.51175,-7.5238889],[111.5118056,-7.5236111],[111.5116514,-7.5236068],[111.5113944,-7.5235925],[111.5111667,-7.5235833],[111.5108611,-7.5235278],[111.510895,-7.5232797],[111.5109444,-7.523],[111.5103784,-7.5228884],[111.5100556,-7.5228056],[111.50967,-7.5226678],[111.5096667,-7.5226667],[111.5096684,-7.5226496],[111.5096944,-7.5223889],[111.5095134,-7.5223423],[111.5090316,-7.5222184],[111.5085676,-7.5221006],[111.5082222,-7.522],[111.5080608,-7.5219364],[111.5080465,-7.5218329],[111.5080001,-7.5217758],[111.5079394,-7.5217116],[111.5079038,-7.5216259],[111.5078502,-7.521501],[111.5078431,-7.5214118],[111.5075833,-7.5213056],[111.5071507,-7.5211155],[111.5068116,-7.5209728],[111.5063611,-7.52075],[111.5052778,-7.5201944],[111.5046855,-7.5198199],[111.5040312,-7.5195344],[111.5035315,-7.5192845],[111.5029722,-7.519],[111.5025845,-7.5188729],[111.5022989,-7.5187515],[111.5020278,-7.5186389],[111.5021526,-7.5182411],[111.5022811,-7.5179306],[111.5024203,-7.5175951],[111.5026558,-7.5171847],[111.502795,-7.5169063],[111.5029485,-7.5165957],[111.5030806,-7.5163281],[111.5032222,-7.5160278],[111.5029039,-7.5158712],[111.5026291,-7.5157498],[111.5023257,-7.5156356],[111.5019444,-7.5154722],[111.50199,-7.5153323],[111.5020278,-7.5151667],[111.5018139,-7.5151229],[111.5016711,-7.5151086],[111.5014444,-7.5150833],[111.5011809,-7.5149801],[111.501012,-7.5148944],[111.500874,-7.514823],[111.5005833,-7.5146944],[111.5005833,-7.5144167],[111.5002778,-7.5143611],[111.5001984,-7.5142772],[111.4999571,-7.5142574],[111.4999309,-7.5142553],[111.4997255,-7.514233],[111.4996155,-7.5142211],[111.4995762,-7.5141455],[111.4995711,-7.5140828],[111.49959,-7.5140356],[111.4996095,-7.5139942],[111.499622,-7.5139554],[111.4995637,-7.5138851],[111.4994922,-7.5138643],[111.499405,-7.5138355],[111.4992945,-7.5138089],[111.4991981,-7.5138004],[111.4991123,-7.5138177],[111.498971,-7.5137974],[111.4988906,-7.5137662],[111.4987598,-7.5137284],[111.4986827,-7.5136827],[111.4986327,-7.5136506],[111.4985542,-7.5136435],[111.4984578,-7.5136506],[111.4983294,-7.513647],[111.498283,-7.5136756],[111.498258,-7.5137327],[111.49825,-7.5138056],[111.4981223,-7.5137862],[111.4980081,-7.5137755],[111.4978582,-7.513747],[111.49775,-7.5137222],[111.4977547,-7.513672],[111.4977547,-7.5136185],[111.497719,-7.5135542],[111.4976726,-7.513515],[111.4976369,-7.5135043],[111.4975727,-7.5135078],[111.497512,-7.5135043],[111.4974513,-7.5134614],[111.4974121,-7.5133972],[111.4973657,-7.5133187],[111.4972943,-7.5132901],[111.49723,-7.513308],[111.4971801,-7.5133615],[111.4971197,-7.5133942],[111.4970278,-7.5133889],[111.4969638,-7.5134359],[111.4969174,-7.5135465],[111.4968889,-7.5136389],[111.4969348,-7.5138356],[111.496918,-7.5139669],[111.4968611,-7.5141389],[111.4967734,-7.5141773],[111.4966953,-7.5141535],[111.4965698,-7.5141153],[111.4964722,-7.5141111],[111.4963703,-7.5141635],[111.4962778,-7.5142222],[111.4962925,-7.5143443],[111.4962778,-7.5144444],[111.4962066,-7.5144637],[111.4961111,-7.5145278],[111.496,-7.5147778],[111.4959167,-7.5148333],[111.4958577,-7.5149288],[111.4958056,-7.5150833],[111.4957129,-7.5152834],[111.4956825,-7.5153489],[111.4956111,-7.5155278],[111.4956075,-7.5155988],[111.4956183,-7.5156666],[111.4956389,-7.51575],[111.4956718,-7.5158344],[111.4956611,-7.515895],[111.4956432,-7.5159843],[111.4955861,-7.5161556],[111.4955397,-7.5163198],[111.4954862,-7.5164982],[111.4954327,-7.5166231],[111.4953863,-7.5167374],[111.4953056,-7.5169167],[111.4951715,-7.5168712],[111.4950615,-7.5168028],[111.495,-7.51675],[111.4949365,-7.5167612],[111.4948949,-7.516776],[111.4948611,-7.5168056],[111.4948027,-7.5168712],[111.494773,-7.5169307],[111.4947432,-7.5169842],[111.4946778,-7.5170883],[111.4946389,-7.5171667],[111.4945648,-7.5171805],[111.4945082,-7.5171835],[111.4944517,-7.5171776],[111.4943684,-7.5171627],[111.4943,-7.5171478],[111.4942222,-7.5171667],[111.4941389,-7.5171944],[111.4940799,-7.5171895],[111.4940145,-7.5171567],[111.4939372,-7.5171151],[111.4938717,-7.5170883],[111.4937885,-7.5170616],[111.4937052,-7.5170318],[111.4935951,-7.5169872],[111.4935059,-7.5169456],[111.4934018,-7.5169069],[111.493256,-7.5168593],[111.4931371,-7.5168087],[111.49303,-7.5167731],[111.4929318,-7.5167522],[111.4928337,-7.5167017],[111.4927691,-7.5166785],[111.4926761,-7.5166452],[111.4925779,-7.5165886],[111.4925278,-7.5165278],[111.4925125,-7.5164697],[111.4924916,-7.5164251],[111.4924857,-7.5163953],[111.4924738,-7.5163537],[111.4924262,-7.5162853],[111.4923935,-7.5162496],[111.4923611,-7.5161944],[111.4923162,-7.516199],[111.4922715,-7.516199],[111.492221,-7.5161931],[111.4921645,-7.5161782],[111.4921258,-7.5161633],[111.4920663,-7.5161484],[111.4920217,-7.5161365],[111.491983,-7.5161336],[111.4919265,-7.5161247],[111.491873,-7.5161128],[111.4918194,-7.5160919],[111.4917838,-7.5160771],[111.4917332,-7.5160652],[111.4916707,-7.5160473],[111.491635,-7.5160324],[111.4915833,-7.5159722],[111.4915904,-7.5158956],[111.4915964,-7.5157499],[111.4916111,-7.5156389],[111.4917213,-7.5156517],[111.4918313,-7.5156607],[111.4919444,-7.5156667],[111.4920128,-7.5155],[111.4920812,-7.5153275],[111.4921246,-7.5151887],[111.4920931,-7.5151639],[111.4920514,-7.5151461],[111.4919979,-7.5151223],[111.4919206,-7.5150896],[111.49187,-7.5150688],[111.4917808,-7.515042],[111.4917332,-7.5150271],[111.4916588,-7.5150033],[111.4915934,-7.5149825],[111.4915488,-7.5149498],[111.4915428,-7.5149676],[111.491522,-7.5150331],[111.4915071,-7.5150866],[111.4915161,-7.5151193],[111.491522,-7.5151312],[111.491519,-7.515158],[111.4914982,-7.5152175],[111.4914827,-7.5153013],[111.4914566,-7.5153454],[111.4914298,-7.5153424],[111.4913809,-7.5153135],[111.4913346,-7.5153191],[111.49129,-7.515274],[111.4912514,-7.5152561],[111.4912067,-7.5152443],[111.4911591,-7.5152353],[111.4911264,-7.5152264],[111.4910818,-7.5152056],[111.4910372,-7.5151848],[111.4909539,-7.5151639],[111.4909093,-7.5151312],[111.4908944,-7.5151461],[111.4908112,-7.5153484],[111.49075,-7.515492],[111.4906892,-7.5156815],[111.4906316,-7.5156574],[111.4905732,-7.5156041],[111.4905256,-7.5155655],[111.4904721,-7.5154852],[111.4904661,-7.5154406],[111.4904572,-7.5153959],[111.4904483,-7.5153543],[111.4904483,-7.5153246],[111.4904156,-7.5152889],[111.4903888,-7.5152472],[111.490365,-7.5151967],[111.4903501,-7.515152],[111.4903085,-7.5151134],[111.4902639,-7.5151015],[111.4901746,-7.5150836],[111.4901211,-7.5150836],[111.4900765,-7.515045],[111.4900557,-7.5150063],[111.4900378,-7.5149825],[111.4899992,-7.5149349],[111.4899932,-7.5149141],[111.4899754,-7.5148873],[111.4899308,-7.5148635],[111.4898683,-7.5148516],[111.4898029,-7.5148427],[111.4897463,-7.5148487],[111.4896988,-7.5148487],[111.4896006,-7.5148159],[111.4895441,-7.5147981],[111.4894965,-7.5147743],[111.4894608,-7.5147535],[111.4894073,-7.5147416],[111.4893627,-7.5147267],[111.489318,-7.5146762],[111.4892853,-7.5146167],[111.4892794,-7.5145572],[111.4893061,-7.5144798],[111.4893418,-7.5144144],[111.4893716,-7.5143341],[111.4893716,-7.5142806],[111.4893389,-7.5142597],[111.4892526,-7.514227],[111.4891693,-7.5141973],[111.4890652,-7.5141705],[111.4889879,-7.5141259],[111.4889284,-7.5141616],[111.4888719,-7.5141884],[111.4887856,-7.5142003],[111.4886905,-7.5141675],[111.4886161,-7.514117],[111.4885447,-7.5140367],[111.4885179,-7.5139207],[111.488506,-7.5138433],[111.4884674,-7.5138136],[111.488393,-7.5137868],[111.4883722,-7.5138404],[111.4883216,-7.5139385],[111.4882592,-7.5140575],[111.4881789,-7.514236],[111.4881432,-7.5143252],[111.488051,-7.5144739],[111.4879647,-7.5146196],[111.4878933,-7.5147505],[111.4878666,-7.5148546],[111.4878666,-7.5149171],[111.4878725,-7.5149706],[111.4876944,-7.5149167],[111.4875959,-7.5148933],[111.4875215,-7.5148635],[111.4874174,-7.5148278],[111.4873461,-7.51481],[111.4871944,-7.51475],[111.4870992,-7.5147089],[111.487,-7.5146667],[111.4869862,-7.5147684],[111.4869722,-7.5148333],[111.4870427,-7.5149617],[111.4870833,-7.5150278],[111.4871379,-7.5151045],[111.4871914,-7.5151372],[111.4871944,-7.5151944],[111.4871498,-7.5152324],[111.4871349,-7.5152532],[111.4871111,-7.5152918],[111.4871051,-7.5153335],[111.4871408,-7.5153751],[111.4871389,-7.5154444],[111.4871311,-7.5154675],[111.4871111,-7.5155268],[111.4871111,-7.5155833],[111.4871676,-7.5156339],[111.4872222,-7.5156944],[111.4872222,-7.5157222],[111.4868056,-7.5156389],[111.4865833,-7.5160556],[111.4865,-7.5160556],[111.4862565,-7.5159362],[111.486,-7.5158056],[111.4859853,-7.5158612],[111.485946,-7.5159861],[111.4859175,-7.5161361],[111.4858711,-7.5162645],[111.4858611,-7.5163889],[111.4857711,-7.5163966],[111.4855833,-7.5163889],[111.4855,-7.5164444],[111.4853714,-7.5164537],[111.4852778,-7.5164444],[111.4851501,-7.5163466],[111.4850252,-7.5162824],[111.4848889,-7.51625],[111.4848324,-7.5163788],[111.4848182,-7.5164894],[111.484786,-7.5166572],[111.48475,-7.5168056],[111.4845719,-7.5167856],[111.4842792,-7.5167178],[111.4840833,-7.5166667],[111.4839044,-7.5166108],[111.4837046,-7.5165358],[111.4835,-7.5164722],[111.4833084,-7.5164323],[111.4831111,-7.5164167],[111.4829722,-7.5164722],[111.4828611,-7.5164722],[111.4828056,-7.5164722],[111.4827659,-7.5165893],[111.4827694,-7.5167999],[111.4827623,-7.5169106],[111.4827587,-7.517114],[111.48275,-7.5173611],[111.4824444,-7.5174167],[111.4822733,-7.517396],[111.4819283,-7.5173484],[111.4816389,-7.5173333],[111.4811907,-7.5173127],[111.4809167,-7.5173333],[111.48075,-7.5173056],[111.4805,-7.51725],[111.4802091,-7.5171997],[111.4798611,-7.5171667],[111.4795488,-7.5171342],[111.4792222,-7.5171111],[111.4786667,-7.517],[111.4787591,-7.5168643],[111.4788433,-7.5165914],[111.4789225,-7.5163347],[111.4790556,-7.5159444],[111.4790865,-7.5158231],[111.4791086,-7.5157363],[111.47918,-7.5154329],[111.4791389,-7.5154167],[111.4789167,-7.5153611],[111.4787844,-7.5152961],[111.4786944,-7.5152778],[111.4785078,-7.5152336],[111.4783442,-7.5152098],[111.4781667,-7.5151944],[111.478023,-7.5151682],[111.4778743,-7.5151325],[111.47775,-7.5151111],[111.4776185,-7.5150582],[111.4775025,-7.5150403],[111.4773611,-7.5150278],[111.4773039,-7.5150191],[111.4771764,-7.5150115],[111.4770833,-7.515],[111.477066,-7.5150877],[111.4770984,-7.5151733],[111.4771517,-7.515318],[111.4772126,-7.5154836],[111.4772778,-7.5157222],[111.4773058,-7.5157977],[111.4773176,-7.51588],[111.477296,-7.5159578],[111.4772222,-7.5161111],[111.4769444,-7.5160278],[111.4768211,-7.5159978],[111.4765743,-7.5159324],[111.4763611,-7.5158333],[111.476372,-7.5156409],[111.4763889,-7.5153889],[111.4763611,-7.5153889],[111.4763751,-7.515319],[111.4763889,-7.51525],[111.47625,-7.5150556],[111.4763056,-7.5148333],[111.4758842,-7.5147278],[111.4756578,-7.5146818],[111.4755833,-7.5146667],[111.4755752,-7.5146054],[111.4755547,-7.5144518],[111.4755226,-7.5141448],[111.4755,-7.5139167],[111.4753611,-7.5138889],[111.4753333,-7.5138611],[111.475,-7.51375],[111.4750229,-7.5134702],[111.4750693,-7.5132061],[111.4750556,-7.513],[111.4749408,-7.5129634],[111.47475,-7.5129167],[111.4743333,-7.51275],[111.4740663,-7.5126814],[111.4737778,-7.5126111],[111.4733889,-7.5125278],[111.4732418,-7.5124958],[111.4731111,-7.5125],[111.4730278,-7.5124444],[111.4729492,-7.512428],[111.4728333,-7.5124167],[111.4725566,-7.5123459],[111.4723889,-7.5123056],[111.4721782,-7.5122281],[111.4720105,-7.5121675],[111.4718611,-7.5120833],[111.4718056,-7.5121944],[111.4716179,-7.5121246],[111.4714444,-7.5120556],[111.4712824,-7.5120104],[111.4711111,-7.5119722],[111.4709933,-7.5119248],[111.4707577,-7.5118462],[111.4705556,-7.5117778],[111.4705833,-7.5116667],[111.47025,-7.5115556],[111.4701944,-7.5115],[111.47,-7.5114444],[111.4698475,-7.5114072],[111.4696869,-7.5113573],[111.4694722,-7.5113056],[111.46933,-7.511268],[111.4691667,-7.51125],[111.4690833,-7.5112778],[111.4690278,-7.5113056],[111.4688874,-7.5112573],[111.4686667,-7.5111111],[111.4683735,-7.5109825],[111.46825,-7.5109167],[111.46825,-7.5108611],[111.468013,-7.5106541],[111.4678452,-7.5105221],[111.467574,-7.5102794],[111.4673333,-7.5100833],[111.4672028,-7.5099688],[111.4669565,-7.5097975],[111.4668056,-7.5096944],[111.4665924,-7.509537],[111.4664552,-7.5094476],[111.4661944,-7.5092778],[111.4660833,-7.5091389],[111.4657929,-7.5090123],[111.4655074,-7.5089195],[111.4651139,-7.5088201],[111.4651031,-7.508903],[111.4650116,-7.509048],[111.4648132,-7.5091967],[111.4645843,-7.5092778],[111.4643402,-7.5092787],[111.4641647,-7.5092768],[111.4641189,-7.5092697],[111.4626083,-7.5092244],[111.4617691,-7.5092649],[111.461525,-7.5093684],[111.4612961,-7.5095057],[111.4609909,-7.509838],[111.4608993,-7.5100283],[111.4606857,-7.5108313],[111.460701,-7.5110597],[111.4607925,-7.5112891],[111.4610367,-7.5117116],[111.4612961,-7.5121469],[111.4614792,-7.5124602],[111.4615021,-7.5124964],[111.4617996,-7.5131325],[111.4618606,-7.5133848],[111.4618377,-7.5135354],[111.4617462,-7.5136303],[111.4616165,-7.5136795],[111.4613571,-7.5137009],[111.4608307,-7.5137219],[111.4605942,-7.5137982],[111.4604339,-7.5139184],[111.4602966,-7.5141086],[111.4602203,-7.5143299],[111.4601898,-7.5145869],[111.460228,-7.5148511],[111.4603119,-7.5149493],[111.460495,-7.5150356],[111.4606705,-7.5150537],[111.4611664,-7.5150871],[111.4613724,-7.5151686],[111.4614715,-7.5152721],[111.4614792,-7.5153798],[111.4614181,-7.515531],[111.4611816,-7.5159711],[111.4612045,-7.5161633],[111.461319,-7.5166974],[111.4611435,-7.5168375],[111.4607315,-7.5171413],[111.460289,-7.5174617],[111.4602127,-7.5176248],[111.460144,-7.5175423],[111.460022,-7.5173978],[111.4598007,-7.5169167],[111.4597015,-7.5167632],[111.4595795,-7.5166549],[111.4593429,-7.5165643],[111.4590178,-7.5165289],[111.4588699,-7.5165128],[111.458385,-7.5165],[111.4583816,-7.5164999],[111.458168,-7.516488],[111.4573746,-7.5163526],[111.45651,-7.5163194],[111.4565048,-7.5163192],[111.4561233,-7.5163574],[111.4560776,-7.5163626],[111.4555664,-7.5164208],[111.4552307,-7.5164403],[111.4550934,-7.5163989],[111.4547806,-7.5159788],[111.4545746,-7.5157337],[111.454422,-7.5156197],[111.4543152,-7.5155997],[111.4540024,-7.5158576],[111.4538727,-7.5159635],[111.4537659,-7.5160412],[111.4536514,-7.5160484],[111.4534302,-7.5158877],[111.453041,-7.51549],[111.4528732,-7.5152988],[111.4527511,-7.5152235],[111.452362,-7.5151906],[111.4522705,-7.5151825],[111.451683,-7.5152526],[111.451065,-7.5153932],[111.4507522,-7.5154638],[111.4496536,-7.5154991],[111.4492798,-7.5155086],[111.4487457,-7.5157156],[111.4485245,-7.5157537],[111.4482727,-7.5157542],[111.4482716,-7.5157553],[111.4482193,-7.5158128],[111.4481888,-7.5158386],[111.4480972,-7.5161833],[111.4480667,-7.5165057],[111.4480972,-7.5166401],[111.448143,-7.5168876],[111.448204,-7.5171008],[111.4481964,-7.5171933],[111.4480667,-7.517343],[111.4478683,-7.5174565],[111.4475326,-7.5174941],[111.4471588,-7.5175008],[111.4467544,-7.5176086],[111.4465637,-7.5176572],[111.4463348,-7.5176248],[111.4461441,-7.5175843],[111.445282,-7.51791],[111.445076,-7.5179691],[111.4448929,-7.51797],[111.4447403,-7.5178928],[111.4446182,-7.5177292],[111.444519,-7.5175533],[111.4443588,-7.5174212],[111.4439128,-7.51735],[111.4437256,-7.5173201],[111.4431839,-7.5170335],[111.4430694,-7.5169868],[111.4424896,-7.5172524],[111.442337,-7.5173158],[111.4420547,-7.5172242],[111.4417572,-7.5171342],[111.4414673,-7.5171065],[111.4408493,-7.5172958],[111.4401703,-7.5176058],[111.439949,-7.5176925],[111.439804,-7.5176973],[111.4393921,-7.5174446],[111.4392547,-7.5173606],[111.4391784,-7.5173711],[111.4390793,-7.5175151],[111.4390564,-7.5180253],[111.4390564,-7.5183892],[111.4390106,-7.5186219],[111.4389343,-7.5187482],[111.438797,-7.5188155],[111.4384842,-7.518774],[111.4382782,-7.5187373],[111.4380722,-7.5187807],[111.4378585,-7.5188841],[111.4377441,-7.5190029],[111.4376831,-7.5192055],[111.437706,-7.5194878],[111.4377594,-7.5197277],[111.4377441,-7.5198259],[111.4375229,-7.5199813],[111.4372635,-7.5200734],[111.4367517,-7.5201326],[111.4367447,-7.5201335],[111.43647,-7.5201645],[111.4360885,-7.5203447],[111.4358902,-7.5204773],[111.435852,-7.5205221],[111.4357687,-7.5210691],[111.4357681,-7.5210728],[111.4357147,-7.5213947],[111.4357147,-7.5217352],[111.4358139,-7.522078],[111.4358826,-7.5223155],[111.435852,-7.5226612],[111.4356918,-7.5230655],[111.4356613,-7.5231265],[111.4356155,-7.5232162],[111.4354553,-7.5233149],[111.4352874,-7.5233874],[111.4351349,-7.5235481],[111.4350204,-7.5241608],[111.4348068,-7.5246753],[111.4347534,-7.5248499],[111.4345627,-7.5253224],[111.4344711,-7.5255746],[111.434433,-7.5264201],[111.4342041,-7.5268716],[111.434021,-7.5272164],[111.4339828,-7.5274338],[111.4339676,-7.527719],[111.4338913,-7.5279364],[111.4337539,-7.5281529],[111.4331665,-7.5285277],[111.4330215,-7.5286302],[111.4329376,-7.5287523],[111.4329147,-7.5292463],[111.4329224,-7.5294819],[111.4328689,-7.5296444],[111.4328384,-7.529684],[111.4327621,-7.529777],[111.4324036,-7.5299348],[111.432312,-7.5299749],[111.4321442,-7.5300526],[111.4318771,-7.5304479],[111.431633,-7.5308775],[111.4314651,-7.531095],[111.4312973,-7.5312247],[111.4304046,-7.5313391],[111.4299011,-7.531404],[111.4292144,-7.5317893],[111.4286422,-7.5317354],[111.4284362,-7.5317211],[111.4280777,-7.5318389],[111.427391,-7.5319118],[111.4272766,-7.5319199],[111.4272308,-7.5319242],[111.427185,-7.5319252],[111.4267807,-7.5316944],[111.4265136,-7.5314951],[111.4263077,-7.5312957],[111.4261627,-7.5310058],[111.4260483,-7.530744],[111.4259567,-7.5306201],[111.4258041,-7.5305356],[111.4256057,-7.5307498],[111.4254303,-7.5309801],[111.4253692,-7.531105],[111.4253235,-7.5311927],[111.4253082,-7.5312681],[111.4252624,-7.5315637],[111.4253235,-7.5320873],[111.4253311,-7.5322365],[111.4252777,-7.5323343],[111.4249572,-7.5329327],[111.4248886,-7.532999],[111.4248123,-7.5332488],[111.4248123,-7.5336694],[111.4248352,-7.5339918],[111.4247971,-7.5342278],[111.424794,-7.5342342],[111.4246902,-7.53445],[111.4245987,-7.5345411],[111.42453,-7.5345521],[111.4244156,-7.5343232],[111.4243164,-7.5341263],[111.4241943,-7.5340042],[111.4240189,-7.5339689],[111.4236145,-7.5340089],[111.4233322,-7.5340604],[111.423205,-7.534041],[111.4231949,-7.5340395],[111.4228516,-7.5337657],[111.422851,-7.5337652],[111.4226837,-7.5336141],[111.4225769,-7.5335726],[111.422348,-7.533647],[111.4221039,-7.5337872],[111.4216842,-7.5343961],[111.421524,-7.5347075],[111.4214554,-7.5350012],[111.4214554,-7.5351057],[111.4214554,-7.5351519],[111.4214578,-7.5351537],[111.4214198,-7.5351661],[111.4211027,-7.5355261],[111.4210543,-7.5355753],[111.4207281,-7.5355224],[111.4204777,-7.5363167],[111.4205084,-7.5364056],[111.4204887,-7.536415],[111.4203856,-7.5364195],[111.4203811,-7.5365062],[111.4203415,-7.5365181],[111.4192657,-7.5366354],[111.4188232,-7.5366845],[111.4185791,-7.536704],[111.4185514,-7.5367057],[111.4185298,-7.5366255],[111.4183667,-7.5362996],[111.4183538,-7.536232],[111.4183451,-7.5361613],[111.4183444,-7.5361074],[111.4183464,-7.5360648],[111.4183655,-7.5360224],[111.4184003,-7.5359852],[111.4184367,-7.5359378],[111.4185148,-7.5358805],[111.4185839,-7.5358492],[111.4186066,-7.535829],[111.4186104,-7.5358107],[111.4186063,-7.5357588],[111.4185996,-7.5357094],[111.4185915,-7.5356497],[111.4185863,-7.5355935],[111.4185758,-7.535419],[111.4185862,-7.5353642],[111.418618,-7.5353101],[111.4186267,-7.5352929],[111.4186482,-7.5352503],[111.4186341,-7.5351919],[111.4186317,-7.5351312],[111.4186266,-7.5350577],[111.4186285,-7.5349371],[111.4186293,-7.5348718],[111.4186362,-7.5348382],[111.4186651,-7.5346974],[111.4187148,-7.5345774],[111.418876,-7.5345318],[111.4189274,-7.5345106],[111.4189915,-7.5344459],[111.4190053,-7.5343609],[111.4190249,-7.5342737],[111.4190288,-7.5342221],[111.4190297,-7.5342102],[111.419038,-7.5341295],[111.419039,-7.5341079],[111.419042,-7.5340806],[111.4190441,-7.5340552],[111.4190478,-7.5340327],[111.4190578,-7.5339368],[111.4190624,-7.5338676],[111.4190723,-7.5337839],[111.4190782,-7.5337239],[111.4190877,-7.5336273],[111.4177605,-7.5334335],[111.4165571,-7.5332578],[111.4159022,-7.5331871],[111.4156578,-7.5341206],[111.4161538,-7.5341878],[111.4161092,-7.5345358],[111.4161092,-7.5346726],[111.4160973,-7.5347291],[111.4160854,-7.5347797],[111.4160051,-7.5348302],[111.4158594,-7.5348748],[111.4157434,-7.5349165],[111.4157374,-7.5350533],[111.4157226,-7.5352288],[111.415794,-7.5352823],[111.4158148,-7.5353359],[111.4158148,-7.5354191],[111.4158029,-7.5355084],[111.4158178,-7.5355708],[111.4158207,-7.5356214],[111.4158356,-7.5356749],[111.4158713,-7.5357433],[111.4158683,-7.5358355],[111.4158743,-7.5359337],[111.4158267,-7.5360616],[111.4157791,-7.5361657],[111.4157672,-7.5362579],[111.415791,-7.5362995],[111.4158088,-7.5363679],[111.415785,-7.5364245],[111.415779,-7.5364699],[111.4157425,-7.5364706],[111.4156952,-7.5364699],[111.41539,-7.5364937],[111.4151389,-7.5365833],[111.4151614,-7.5365908],[111.4152222,-7.5366111],[111.4150231,-7.5367289],[111.4148636,-7.5368685],[111.4146805,-7.5371256],[111.4143652,-7.5373115],[111.4138247,-7.5375099],[111.4133306,-7.5376008],[111.4131339,-7.5376228],[111.4125668,-7.537666],[111.4118763,-7.5377261],[111.4111173,-7.5378188],[111.4108278,-7.5378542],[111.4106834,-7.5378718],[111.4101239,-7.5379673],[111.409592,-7.5380596],[111.4091818,-7.5381281],[111.4091789,-7.5381285],[111.4091777,-7.5381287],[111.4086992,-7.5382042],[111.4084256,-7.5382472],[111.40825,-7.5382778],[111.40825,-7.538275],[111.40825,-7.53825],[111.4078819,-7.538289],[111.4067993,-7.5383901],[111.4061355,-7.5384562],[111.405217,-7.538472],[111.4044436,-7.5385374],[111.4040094,-7.5385195],[111.4035,-7.5385278],[111.4032739,-7.5385148],[111.4030721,-7.5384996],[111.4029217,-7.5385034],[111.4025096,-7.5385127],[111.4020555,-7.5386161],[111.4019365,-7.5386971],[111.4018098,-7.5387599],[111.4017619,-7.5388048],[111.401689,-7.538943],[111.4017019,-7.5390643],[111.4017457,-7.5391678],[111.4018211,-7.5392211],[111.4019219,-7.5393452],[111.4019738,-7.539416],[111.4020065,-7.5395711],[111.4019928,-7.539671],[111.4019913,-7.5396821],[111.4019617,-7.5397489],[111.4018983,-7.5398057],[111.4018523,-7.5398259],[111.401813,-7.5398431],[111.4016117,-7.5399563],[111.4013917,-7.5401149],[111.4013014,-7.54018],[111.4010732,-7.5403446],[111.4007776,-7.5405498],[111.4004037,-7.5408094],[111.4003814,-7.5408274],[111.4003182,-7.5408784],[111.40025,-7.5409444],[111.4001068,-7.5407621],[111.4,-7.5406111],[111.3999248,-7.5405765],[111.3997356,-7.5405765],[111.3995001,-7.5405765],[111.3993145,-7.540573],[111.3991538,-7.540573],[111.3990039,-7.5405837],[111.39875,-7.5405833],[111.3988056,-7.5407222],[111.3987505,-7.5407978],[111.3987041,-7.5408371],[111.3986435,-7.5408835],[111.3985,-7.5409444],[111.3984043,-7.5409799],[111.3983115,-7.5410191],[111.3981937,-7.5410655],[111.3980474,-7.5410976],[111.3978725,-7.5411226],[111.3976833,-7.5411405],[111.3974444,-7.5411667],[111.3973336,-7.5412083],[111.3971944,-7.5411944],[111.3969981,-7.5411512],[111.3967768,-7.5410869],[111.3965698,-7.5410762],[111.3964127,-7.5410584],[111.3962628,-7.5410263],[111.3959059,-7.5408906],[111.395656,-7.5408407],[111.3952956,-7.5407907],[111.3949351,-7.5407479],[111.3946245,-7.5407264],[111.3943854,-7.5407193],[111.3941356,-7.5407586],[111.3940106,-7.5408121],[111.3938215,-7.5408871],[111.393643,-7.5409049],[111.3934431,-7.5408799],[111.3931505,-7.5407943],[111.3928399,-7.5406979],[111.3925937,-7.540573],[111.3922903,-7.5404052],[111.3919477,-7.5402375],[111.3915693,-7.5400804],[111.3912222,-7.5399444],[111.3910342,-7.5398571],[111.3908611,-7.5397778],[111.3907427,-7.5397262],[111.3905732,-7.5396549],[111.3904444,-7.5395833],[111.3903441,-7.5395002],[111.390246,-7.5394199],[111.390017,-7.5392741],[111.3896571,-7.539054],[111.3894994,-7.538944],[111.3894722,-7.5388611],[111.3893715,-7.5387596],[111.3893031,-7.5386763],[111.3892258,-7.53859],[111.389083,-7.538483],[111.3888986,-7.5383194],[111.3887767,-7.5382123],[111.3887222,-7.5381389],[111.3885536,-7.5380695],[111.3884554,-7.5380368],[111.3882799,-7.5379773],[111.3881372,-7.5379476],[111.388039,-7.5379476],[111.3879141,-7.5379387],[111.3876667,-7.5378889],[111.3872687,-7.5377632],[111.3870694,-7.5377067],[111.3868889,-7.5376667],[111.3867928,-7.5376918],[111.3867333,-7.5376888],[111.3866292,-7.5376829],[111.3864329,-7.5376621],[111.3862812,-7.5376353],[111.3861111,-7.5376111],[111.3856944,-7.5375278],[111.3855154,-7.537504],[111.3854345,-7.5374802],[111.3853155,-7.5374517],[111.3852489,-7.5374279],[111.3850775,-7.5374088],[111.3849681,-7.5373708],[111.3848967,-7.5373613],[111.3848301,-7.537366],[111.3847635,-7.5373708],[111.3846492,-7.5373613],[111.3845255,-7.5373422],[111.3843875,-7.5373041],[111.3841944,-7.5372222],[111.3841558,-7.5372211],[111.3839978,-7.5371945],[111.3838132,-7.5371526],[111.3836761,-7.5371431],[111.3835629,-7.53713],[111.3834305,-7.5373711],[111.3833389,-7.5375452],[111.3832931,-7.5377283],[111.3832855,-7.5379743],[111.3832702,-7.5381774],[111.3832321,-7.5382504],[111.3831024,-7.5382428],[111.3829956,-7.5382137],[111.3828201,-7.5382929],[111.3825607,-7.5385446],[111.3824386,-7.5386996],[111.3823013,-7.5387296],[111.3820572,-7.5387134],[111.3819046,-7.538783],[111.3816147,-7.5390882],[111.3815613,-7.539144],[111.3814743,-7.5393442],[111.3814621,-7.5393724],[111.3813248,-7.5395913],[111.3812866,-7.5396595],[111.3811111,-7.540029],[111.3805389,-7.5404153],[111.3794098,-7.5412816],[111.3793726,-7.5414441],[111.3793719,-7.541447],[111.3793716,-7.5414481],[111.3793529,-7.5414496],[111.3793154,-7.5414528],[111.3792621,-7.5414572],[111.3792219,-7.5414605],[111.3791803,-7.541464],[111.3791329,-7.541468],[111.3791321,-7.541468],[111.3791116,-7.5414697],[111.3790517,-7.5414747],[111.3790494,-7.5414749],[111.3790424,-7.5414755],[111.3789951,-7.5414795],[111.3789436,-7.5414837],[111.3788799,-7.5414891],[111.378816,-7.5414944],[111.3787838,-7.5414971],[111.3787308,-7.5415015],[111.3787013,-7.541516],[111.3786786,-7.5415273],[111.3786137,-7.5415594],[111.3786016,-7.5415653],[111.378537,-7.5415973],[111.3785254,-7.541603],[111.3784553,-7.5416377],[111.3784468,-7.5416419],[111.3783766,-7.5416766],[111.3783607,-7.5416845],[111.3782998,-7.5417146],[111.3782959,-7.5417165],[111.3782855,-7.541723],[111.3782212,-7.541763],[111.3782072,-7.5417717],[111.3781712,-7.5417941],[111.3781306,-7.5418194],[111.3781255,-7.5418245],[111.37812,-7.54183],[111.37807,-7.54188],[111.37784,-7.54229],[111.37763,-7.54256],[111.3776301,-7.5425611],[111.37766,-7.5431],[111.37784,-7.54354],[111.37799,-7.54369],[111.3782981,-7.5439683],[111.3783,-7.54397],[111.37813,-7.54415],[111.37807,-7.54431],[111.37802,-7.54447],[111.37765,-7.54458],[111.37749,-7.54462],[111.37695,-7.54507],[111.37679,-7.54522],[111.37667,-7.54535],[111.3762,-7.54535],[111.37605,-7.54536],[111.37577,-7.54552],[111.3757,-7.54557],[111.37561,-7.54581],[111.37541,-7.5464],[111.37538,-7.54677],[111.37537,-7.54689],[111.3753755,-7.5469421],[111.3753732,-7.5469423],[111.375341,-7.5469793],[111.3752483,-7.547003],[111.3751392,-7.5469897],[111.3749793,-7.5469592],[111.3748622,-7.5469409],[111.3747409,-7.5469587],[111.3746481,-7.5471158],[111.3746124,-7.54718],[111.3745517,-7.54723],[111.3744732,-7.5472907],[111.3744268,-7.5473335],[111.3743161,-7.5473371],[111.3741841,-7.5472942],[111.3741234,-7.5472586],[111.3740591,-7.5471836],[111.3739562,-7.5470623],[111.3739307,-7.5469552],[111.3738593,-7.5468695],[111.3737593,-7.546791],[111.3736772,-7.546766],[111.373563,-7.5467839],[111.3735309,-7.5468481],[111.3735024,-7.5469159],[111.3734988,-7.5469944],[111.3735666,-7.5470801],[111.3736844,-7.5472157],[111.3737094,-7.5472835],[111.3737379,-7.547412],[111.3737879,-7.5475726],[111.3738022,-7.5476904],[111.3737986,-7.5478046],[111.3737665,-7.5479189],[111.3736558,-7.5480402],[111.3735416,-7.5480581],[111.3734274,-7.5480259],[111.3733025,-7.5479617],[111.3731383,-7.5478939],[111.3730526,-7.5478689],[111.3729257,-7.5479126],[111.3728206,-7.5479831],[111.3727064,-7.5481187],[111.3726672,-7.5482579],[111.3726565,-7.5484293],[111.37266,-7.5485792],[111.3726993,-7.5487259],[111.3726378,-7.5488499],[111.3725515,-7.5490238],[111.3724468,-7.5492348],[111.3722595,-7.5495138],[111.3720181,-7.5498404],[111.3719172,-7.5500318],[111.3719305,-7.5502186],[111.3719625,-7.5503783],[111.3720287,-7.5505044],[111.3721337,-7.5506595],[111.3722547,-7.550805],[111.3723519,-7.5508877],[111.3724134,-7.55094],[111.3724628,-7.550997],[111.3724971,-7.5510522],[111.3724724,-7.5511264],[111.3723905,-7.5511531],[111.3723353,-7.5511702],[111.3722972,-7.5512539],[111.3723125,-7.551332],[111.3723134,-7.5514],[111.3722884,-7.55145],[111.3722254,-7.5514627],[111.3721683,-7.5514389],[111.3721207,-7.5513913],[111.3720826,-7.5513628],[111.3720398,-7.5513509],[111.3720025,-7.5513637],[111.3719692,-7.5514208],[111.3719454,-7.5515017],[111.3718978,-7.5515874],[111.3718502,-7.551654],[111.3718169,-7.5517206],[111.3716789,-7.5518063],[111.3715742,-7.5518539],[111.3715504,-7.5519586],[111.3715694,-7.5520585],[111.371617,-7.5521965],[111.3716551,-7.5522679],[111.3716837,-7.5524059],[111.3716218,-7.5524773],[111.3715504,-7.5525201],[111.3714005,-7.552599],[111.371212,-7.5526592],[111.3710253,-7.552756],[111.3706654,-7.5529037],[111.3705454,-7.5529492],[111.3704503,-7.5530659],[111.3704138,-7.5532054],[111.3704063,-7.553234],[111.3703973,-7.55331],[111.3702835,-7.553433],[111.3702034,-7.5535462],[111.3701272,-7.5536539],[111.3698598,-7.5538404],[111.3696393,-7.5539534],[111.3694388,-7.5539749],[111.3692699,-7.554047],[111.3692664,-7.5540485],[111.3691168,-7.5540853],[111.3690894,-7.554092],[111.369077,-7.5541051],[111.3690714,-7.5541781],[111.3690833,-7.5543],[111.3691576,-7.5544725],[111.3691784,-7.5545499],[111.3691642,-7.5546671],[111.3690814,-7.5547212],[111.3689322,-7.5548187],[111.3686254,-7.5548909],[111.3684858,-7.5549305],[111.3683224,-7.5549169],[111.3681975,-7.5549228],[111.3680964,-7.5550299],[111.3680131,-7.555137],[111.3680101,-7.5552381],[111.368031,-7.5553333],[111.3680399,-7.5554017],[111.3680994,-7.5554612],[111.3681707,-7.5554404],[111.3682723,-7.555397],[111.3683611,-7.5553749],[111.3684295,-7.5553868],[111.3684979,-7.5554255],[111.3685336,-7.5554909],[111.3685038,-7.5555461],[111.3684808,-7.5556088],[111.3683314,-7.5556873],[111.3681826,-7.5558092],[111.3680637,-7.5558925],[111.3679596,-7.5560216],[111.367793,-7.5561548],[111.3677057,-7.5563021],[111.3676857,-7.5564077],[111.3679949,-7.5568223],[111.36806,-7.5568877],[111.3682655,-7.5570941],[111.3686048,-7.5572577],[111.368508,-7.5573157],[111.3685108,-7.5573536],[111.3685145,-7.5574027],[111.3691129,-7.5579632],[111.3692306,-7.5580735],[111.3696676,-7.5583712],[111.3697195,-7.5584066],[111.369906,-7.5585676],[111.370182,-7.5586913],[111.370339,-7.5587579],[111.3706817,-7.5588388],[111.370834,-7.5588674],[111.3709482,-7.5589102],[111.3710053,-7.5590197],[111.3709862,-7.5591387],[111.3709862,-7.5592767],[111.370984,-7.5593689],[111.3708594,-7.5593918],[111.3709529,-7.559705],[111.3710196,-7.559843],[111.3711338,-7.5599334],[111.3711623,-7.5598477],[111.3711909,-7.559743],[111.3712623,-7.5596431],[111.3713622,-7.559605],[111.3714812,-7.5596288],[111.3715621,-7.5596907],[111.371662,-7.5597859],[111.3716953,-7.5598906],[111.3717619,-7.5599572],[111.3719428,-7.5600666],[111.3720237,-7.5600619],[111.3721427,-7.5601475],[111.3722997,-7.5601904],[111.3723949,-7.5602237],[111.372433,-7.5601571],[111.3724901,-7.5600571],[111.3724948,-7.5599096],[111.3725948,-7.5598858],[111.3726566,-7.5598477],[111.3727328,-7.5597859],[111.3728089,-7.5597002],[111.3728089,-7.559605],[111.3727851,-7.5594956],[111.372728,-7.5593623],[111.3726566,-7.55921],[111.3726233,-7.5591339],[111.3725948,-7.559034],[111.3725805,-7.5589531],[111.3725695,-7.5587809],[111.3725662,-7.5587294],[111.3726043,-7.5587167],[111.3728232,-7.5586437],[111.373035,-7.5586033],[111.3732634,-7.5585997],[111.3733526,-7.5588281],[111.3733883,-7.55889],[111.3734722,-7.5589444],[111.3735415,-7.5590537],[111.3735749,-7.5591132],[111.3736153,-7.5591941],[111.3736486,-7.5593107],[111.3736653,-7.5594416],[111.3736796,-7.5595701],[111.3736962,-7.5597033],[111.3737222,-7.5598889],[111.3738989,-7.5601411],[111.3740369,-7.5603933],[111.3741111,-7.5605278],[111.3741389,-7.5605833],[111.374194,-7.5606551],[111.37425,-7.5607222],[111.3741321,-7.5607979],[111.3740988,-7.560893],[111.3741321,-7.5609739],[111.3741464,-7.5610453],[111.3741512,-7.5611595],[111.3741083,-7.5612642],[111.3740655,-7.5613499],[111.3739846,-7.5614498],[111.3739513,-7.5615545],[111.3738751,-7.5616354],[111.3738466,-7.5616878],[111.3738704,-7.5617354],[111.3738751,-7.5617972],[111.3738228,-7.5618543],[111.3737038,-7.5619305],[111.3736233,-7.5620046],[111.3735087,-7.5620875],[111.3734326,-7.5621399],[111.3730356,-7.5622264],[111.3729424,-7.5622065],[111.3728282,-7.5621494],[111.3727901,-7.5621827],[111.3727901,-7.5622303],[111.3727996,-7.5622922],[111.3727235,-7.5623207],[111.3726711,-7.5623445],[111.3726569,-7.5623873],[111.3726473,-7.562454],[111.3725331,-7.5624444],[111.3724617,-7.562454],[111.3724522,-7.5625729],[111.3723564,-7.5626277],[111.3722648,-7.562654],[111.3721603,-7.5626482],[111.3720263,-7.5625634],[111.3717824,-7.5628133],[111.371717,-7.562956],[111.3717051,-7.5630691],[111.3717527,-7.5631345],[111.3718003,-7.5631345],[111.3717943,-7.5638186],[111.3719073,-7.5638662],[111.371949,-7.5639495],[111.3720204,-7.5641517],[111.3720739,-7.5643718],[111.3720977,-7.5648299],[111.3721378,-7.5652299],[111.3721633,-7.5662142],[111.3721944,-7.5663572],[111.3720474,-7.5671529],[111.3720226,-7.5672872],[111.3720336,-7.5675141],[111.3719003,-7.56774],[111.3718141,-7.5677768],[111.3717723,-7.5682555],[111.3715646,-7.5685033],[111.3713973,-7.5687031],[111.371344,-7.5687859],[111.371136,-7.5691231],[111.3709171,-7.5696067],[111.3705804,-7.5700076],[111.3707398,-7.5701238],[111.3707352,-7.5702187],[111.3706913,-7.5703905],[111.3708037,-7.5704628],[111.3708834,-7.5709415],[111.3708346,-7.5711987],[111.3706476,-7.571288],[111.3706714,-7.5714426],[111.3708201,-7.5716993],[111.3705715,-7.5720027],[111.3706752,-7.5721624],[111.3706643,-7.5722972],[111.3704506,-7.5727435],[111.3704837,-7.5728296],[111.3703507,-7.5729465],[111.3703606,-7.5731394],[111.3703192,-7.5732089],[111.3701392,-7.5731596],[111.3701461,-7.5733185],[111.3701948,-7.5733568],[111.3695135,-7.5738481],[111.3683482,-7.5737408],[111.3679504,-7.5736832],[111.3676921,-7.5740236],[111.3676053,-7.574138],[111.3669128,-7.57379],[111.3664799,-7.573452],[111.366478,-7.5734505],[111.3664856,-7.5731015],[111.3663788,-7.573102],[111.3661728,-7.5731596],[111.3660202,-7.5731611],[111.3657913,-7.5731277],[111.3657227,-7.5730681],[111.3657074,-7.5730023],[111.3657227,-7.5729618],[111.3658295,-7.5727205],[111.3659439,-7.5724787],[111.3660126,-7.5722231],[111.3659973,-7.5718617],[111.3659286,-7.5716643],[111.3658981,-7.5713262],[111.3659668,-7.5709605],[111.3659973,-7.5702467],[111.3658829,-7.57028],[111.365448,-7.5703539],[111.3652725,-7.5703501],[111.364975,-7.5701351],[111.3648224,-7.5700359],[111.3645706,-7.5699882],[111.3643265,-7.5699839],[111.3634491,-7.5700936],[111.3630676,-7.5700598],[111.3626556,-7.5699777],[111.3626327,-7.569971],[111.3624267,-7.5702505],[111.362297,-7.5704321],[111.3621673,-7.5705304],[111.3620605,-7.5705494],[111.3617706,-7.570332],[111.3617248,-7.5702967],[111.3615341,-7.5704803],[111.3609161,-7.570868],[111.3605652,-7.5709939],[111.3604889,-7.571012],[111.3603592,-7.5709676],[111.3597488,-7.5706686],[111.3597259,-7.570651],[111.3594894,-7.5706663],[111.3590774,-7.5707974],[111.3586883,-7.5708394],[111.358223,-7.570878],[111.3581924,-7.5708832],[111.3577652,-7.5709629],[111.3572616,-7.5710592],[111.3571396,-7.5710478],[111.3567199,-7.5705142],[111.3566742,-7.5704574],[111.3566055,-7.5704345],[111.3563919,-7.5704059],[111.3554458,-7.5706195],[111.3553467,-7.5706334],[111.3549881,-7.5705757],[111.3547363,-7.5704832],[111.3545913,-7.5704178],[111.354393,-7.5704093],[111.3541946,-7.5705542],[111.3540497,-7.5708289],[111.3539581,-7.5710468],[111.3538132,-7.5712242],[111.3537521,-7.5712733],[111.3536682,-7.5715374],[111.3535995,-7.5716872],[111.3533859,-7.5725002],[111.353302,-7.5726504],[111.3532028,-7.5727624],[111.3530807,-7.572813],[111.3527832,-7.5727949],[111.3525848,-7.5727567],[111.3524398,-7.5727892],[111.352272,-7.5729565],[111.3520813,-7.5731368],[111.3519363,-7.5732221],[111.3514862,-7.5731897],[111.3510895,-7.5731916],[111.3506317,-7.5733451],[111.3503036,-7.5737767],[111.350151,-7.5739355],[111.3499985,-7.5740003],[111.3498535,-7.5740623],[111.3495483,-7.5741663],[111.3491592,-7.5743274],[111.3487854,-7.5745806],[111.3483887,-7.5748005],[111.347969,-7.5749497],[111.347763,-7.5750374],[111.347702,-7.5750789],[111.3475647,-7.5751376],[111.347145,-7.5751967],[111.3468094,-7.5753116],[111.346672,-7.5753779],[111.3464203,-7.575519],[111.34626,-7.5755748],[111.3456268,-7.5760259],[111.345314,-7.5762152],[111.3448029,-7.5764837],[111.3445053,-7.5766458],[111.3442383,-7.5767025],[111.3438034,-7.5766835],[111.3437118,-7.5766763],[111.3435592,-7.576724],[111.3430557,-7.57694],[111.3426895,-7.5770721],[111.3424301,-7.5771031],[111.3421554,-7.5770201],[111.3420486,-7.5769686],[111.3416061,-7.5768513],[111.341217,-7.5767602],[111.3410263,-7.5767784],[111.3408508,-7.5768556],[111.3407135,-7.577085],[111.3406143,-7.5773334],[111.3405456,-7.5774135],[111.3403854,-7.5774827],[111.3401031,-7.5774965],[111.3399586,-7.5774446],[111.3399582,-7.5774445],[111.339447,-7.5772586],[111.339302,-7.577217],[111.3389435,-7.5774517],[111.3388977,-7.577486],[111.3388138,-7.5775456],[111.3386078,-7.5776777],[111.3384628,-7.5777464],[111.3383331,-7.5777878],[111.3381958,-7.5781135],[111.3380966,-7.5782036],[111.3378448,-7.5781965],[111.3376617,-7.5781436],[111.3376083,-7.5781798],[111.3375854,-7.5783076],[111.337471,-7.5784244],[111.3374329,-7.5784459],[111.3372421,-7.5784621],[111.3369598,-7.5786218],[111.3367386,-7.5788369],[111.3364944,-7.5790533],[111.3362655,-7.5791993],[111.3358841,-7.579339],[111.3357391,-7.5793848],[111.3352203,-7.5794668],[111.3349304,-7.5795011],[111.3346405,-7.579648],[111.3335724,-7.5801363],[111.3333054,-7.5802664],[111.3328247,-7.5806031],[111.3325424,-7.5808096],[111.3322143,-7.5809354],[111.330986,-7.5813159],[111.3305282,-7.5815682],[111.3301926,-7.5817384],[111.3301544,-7.5817537],[111.3298721,-7.5824814],[111.3296203,-7.5833601],[111.3291721,-7.5842605],[111.3291702,-7.5842642],[111.3275299,-7.5845174],[111.3265381,-7.5846109],[111.3260955,-7.5847268],[111.3258209,-7.5846576],[111.3255615,-7.5844264],[111.3251648,-7.5840106],[111.3245849,-7.5838031],[111.3236847,-7.583827],[111.3221969,-7.5841832],[111.3211365,-7.5847883],[111.3208694,-7.5849609],[111.32061,-7.5851612],[111.3194275,-7.5858826],[111.3189926,-7.5860881],[111.3186951,-7.5862078],[111.318634,-7.5863018],[111.3185882,-7.5867071],[111.318367,-7.5869541],[111.3182526,-7.587243],[111.3180771,-7.5875234],[111.3178177,-7.5878367],[111.3170242,-7.5884213],[111.3168259,-7.5885767],[111.3165054,-7.5887594],[111.3159866,-7.5890536],[111.3155594,-7.5890712],[111.3150711,-7.5888567],[111.3151474,-7.5888338],[111.3153229,-7.5886974],[111.3154144,-7.5885629],[111.3154297,-7.5885119],[111.3153915,-7.5883488],[111.3152313,-7.5879445],[111.3152084,-7.5878877],[111.3151474,-7.587625],[111.3151245,-7.5873103],[111.3152084,-7.5865097],[111.3153229,-7.5864253],[111.3159485,-7.5861201],[111.3160705,-7.5859709],[111.3160858,-7.5858492],[111.3160019,-7.5857524],[111.3158646,-7.5857095],[111.3154144,-7.5855517],[111.3152771,-7.5854377],[111.3152771,-7.5853615],[111.3153229,-7.5850801],[111.3153915,-7.5849223],[111.315567,-7.5847711],[111.3153457,-7.58427],[111.3152771,-7.5840973],[111.3152237,-7.5839986],[111.314949,-7.5829639],[111.3148117,-7.5831394],[111.3147049,-7.5832195],[111.3142319,-7.5831418],[111.3139343,-7.5832033],[111.3130188,-7.5833921],[111.3128128,-7.5836043],[111.3126678,-7.5837283],[111.3124771,-7.5838146],[111.3120499,-7.58396],[111.3118896,-7.5840597],[111.3118515,-7.5841112],[111.3118507,-7.5841122],[111.3118133,-7.5841608],[111.3117676,-7.5842356],[111.3117599,-7.5843987],[111.3117752,-7.5845751],[111.3115234,-7.584794],[111.3113098,-7.5849104],[111.3111114,-7.5850586],[111.310997,-7.5851426],[111.3106842,-7.5851431],[111.3092956,-7.5856309],[111.3092422,-7.5856471],[111.3091049,-7.585535],[111.3088989,-7.5852041],[111.3087082,-7.5850272],[111.3085708,-7.5849542],[111.3085327,-7.5849466],[111.308403,-7.5849661],[111.3079071,-7.5851793],[111.3074646,-7.585349],[111.3066635,-7.5852003],[111.3066177,-7.5851912],[111.3063507,-7.5852255],[111.3061676,-7.5852847],[111.305809,-7.5854993],[111.3055649,-7.5857367],[111.3054733,-7.585834],[111.3052215,-7.5859599],[111.3050384,-7.5860123],[111.3049927,-7.5860195],[111.3042374,-7.5862364],[111.3039322,-7.5863533],[111.3033981,-7.5866651],[111.3029861,-7.5866994],[111.3028641,-7.5867214],[111.3027115,-7.5869565],[111.3026123,-7.5870761],[111.3022232,-7.586935],[111.3019028,-7.5868268],[111.3015442,-7.5868172],[111.301506,-7.5868201],[111.3014603,-7.586894],[111.3013382,-7.5870552],[111.3011856,-7.5871887],[111.3009033,-7.5876173],[111.3010254,-7.5877681],[111.3010788,-7.587912],[111.3011169,-7.5880904],[111.3011322,-7.5882687],[111.3011322,-7.5884885],[111.3011017,-7.588653],[111.3010559,-7.5888247],[111.3009414,-7.5889759],[111.3007202,-7.5889825],[111.3004532,-7.588963],[111.3001785,-7.5891366],[111.3001327,-7.5891599],[111.2997208,-7.5893974],[111.2998886,-7.5896816],[111.2995911,-7.5900883],[111.2991409,-7.590156],[111.2991104,-7.5901618],[111.2990875,-7.5902147],[111.2991485,-7.5906839],[111.2991562,-7.5907364],[111.2992325,-7.5910739],[111.2992859,-7.5913348],[111.299202,-7.5917139],[111.299111,-7.59242],[111.2991104,-7.5924243],[111.2988281,-7.5924129],[111.2985763,-7.592463],[111.2985306,-7.5924849],[111.2984314,-7.5925197],[111.2982788,-7.5927362],[111.2982101,-7.5929646],[111.2981949,-7.5934014],[111.2981872,-7.593482],[111.2981644,-7.5935874],[111.2980499,-7.5936875],[111.2978287,-7.5936455],[111.29776,-7.5936079],[111.2970733,-7.5933203],[111.2969742,-7.5933075],[111.2968368,-7.5933837],[111.296608,-7.5935754],[111.2964554,-7.5936632],[111.296257,-7.5936551],[111.2959824,-7.5935087],[111.295845,-7.5934114],[111.2957153,-7.5933418],[111.2955322,-7.5933032],[111.2954788,-7.5933942],[111.2954559,-7.5934248],[111.2955017,-7.5937705],[111.2957229,-7.5941114],[111.2957382,-7.5941353],[111.2960434,-7.594553],[111.2960739,-7.5946469],[111.2960892,-7.5946893],[111.2961349,-7.5947198],[111.2963028,-7.5947937],[111.2964172,-7.5948448],[111.2965469,-7.5949154],[111.2966614,-7.5950002],[111.2966843,-7.5950436],[111.2967834,-7.5952172],[111.2968139,-7.5952921],[111.2967834,-7.595447],[111.2966995,-7.5956645],[111.296669,-7.595807],[111.296669,-7.5958337],[111.2966537,-7.5959901],[111.2966385,-7.5962653],[111.2966461,-7.596291],[111.2967453,-7.5968403],[111.2967377,-7.5969042],[111.2967377,-7.596929],[111.2967224,-7.5971551],[111.2966537,-7.597413],[111.296524,-7.5977487],[111.2964706,-7.597865],[111.2963486,-7.5980401],[111.2962951,-7.598217],[111.2962723,-7.5985684],[111.2962723,-7.598598],[111.2962494,-7.5988807],[111.2962112,-7.59903],[111.296196,-7.5991377],[111.2961807,-7.5992565],[111.2961578,-7.5992703],[111.2961197,-7.5993013],[111.2960663,-7.5994134],[111.2959442,-7.5996041],[111.2956924,-7.5998444],[111.2953415,-7.6001114],[111.2949753,-7.6004162],[111.2948761,-7.6005015],[111.2945557,-7.6009955],[111.2944183,-7.6012616],[111.2943802,-7.6014661],[111.2943878,-7.6015186],[111.2943954,-7.6017823],[111.2943573,-7.6020193],[111.294281,-7.6021552],[111.2942581,-7.60217],[111.2940216,-7.6022567],[111.2938232,-7.6022858],[111.2937622,-7.6022877],[111.2935028,-7.6022796],[111.2934265,-7.602262],[111.2931595,-7.6021308],[111.2929993,-7.6020574],[111.2926483,-7.6020231],[111.2926025,-7.6020202],[111.2924805,-7.6020527],[111.2923279,-7.6022272],[111.2922592,-7.6023755],[111.2922592,-7.6027455],[111.2922592,-7.6027784],[111.2922592,-7.6029997],[111.2922134,-7.6031522],[111.292099,-7.6032328],[111.2917557,-7.6032419],[111.2915954,-7.6032762],[111.291481,-7.6033363],[111.2911987,-7.6036539],[111.2911072,-7.6036949],[111.291008,-7.6036601],[111.2909393,-7.6035847],[111.290823,-7.603524],[111.2908096,-7.603517],[111.2908211,-7.6035016],[111.2908401,-7.603476],[111.2906113,-7.6033454],[111.2904663,-7.6032953],[111.2902832,-7.6032877],[111.2900009,-7.6032696],[111.2896347,-7.6031708],[111.2894516,-7.6031107],[111.2890396,-7.6029563],[111.288887,-7.6028614],[111.2886734,-7.6025714],[111.2885513,-7.6024875],[111.2883987,-7.6024494],[111.2881393,-7.6026234],[111.2880936,-7.6026678],[111.287857,-7.6030564],[111.2877197,-7.60327],[111.2876663,-7.6033744],[111.2874832,-7.6033744],[111.2874145,-7.6033697],[111.2870026,-7.6033353],[111.2866897,-7.6033501],[111.2862549,-7.6032467],[111.2860107,-7.6033063],[111.2859802,-7.6033196],[111.2857208,-7.6033873],[111.2848358,-7.6032948],[111.2844086,-7.6032738],[111.2842636,-7.6032939],[111.2840805,-7.6033783],[111.283844,-7.6035485],[111.2835922,-7.6036672],[111.2822113,-7.603486],[111.2812881,-7.6032829],[111.2811966,-7.6032772],[111.2810593,-7.6033148],[111.2801056,-7.6036048],[111.2794723,-7.6036939],[111.2788162,-7.603692],[111.2787704,-7.6036863],[111.2782288,-7.6036706],[111.2780914,-7.603672],[111.2776489,-7.6036686],[111.2772522,-7.6036558],[111.2768555,-7.6035924],[111.2766342,-7.6035776],[111.2758636,-7.6034517],[111.2757873,-7.6034426],[111.2754211,-7.603404],[111.2750549,-7.6034212],[111.2750244,-7.6034269],[111.2751236,-7.6032099],[111.2752456,-7.6030864],[111.2753448,-7.6029386],[111.2755127,-7.6027908],[111.2756119,-7.6025938],[111.2756805,-7.6024646],[111.2756881,-7.6022238],[111.2756653,-7.6018791],[111.2756119,-7.6017069],[111.2755127,-7.6015343],[111.2752914,-7.6013126],[111.2751693,-7.6011648],[111.2750015,-7.6010665],[111.274826,-7.6010279],[111.2746734,-7.6009745],[111.2743835,-7.6007471],[111.2743149,-7.6006822],[111.2741318,-7.6005587],[111.2739181,-7.6004881],[111.2738266,-7.6004777],[111.2737655,-7.6005048],[111.2734375,-7.6006245],[111.2727814,-7.600768],[111.2726288,-7.6007867],[111.2723846,-7.6008253],[111.2720184,-7.6008167],[111.271965,-7.6008072],[111.2717209,-7.6005549],[111.2715454,-7.6004734],[111.2711487,-7.6004271],[111.2709656,-7.6004171],[111.2707214,-7.600018],[111.2705917,-7.5998897],[111.2704696,-7.5998344],[111.2701416,-7.5998139],[111.2699508,-7.5998425],[111.2698745,-7.5998773],[111.2696533,-7.5999321],[111.2695465,-7.5999159],[111.2693863,-7.5998077],[111.2692642,-7.5996923],[111.2691726,-7.5996198],[111.268959,-7.5995783],[111.2685623,-7.5996394],[111.2684021,-7.5996623],[111.267746,-7.5993676],[111.2672653,-7.5990591],[111.2669372,-7.599008],[111.2666168,-7.5989212],[111.2661361,-7.5988373],[111.2658005,-7.5987792],[111.2657089,-7.5987668],[111.2651596,-7.5986685],[111.2649765,-7.5986504],[111.2649002,-7.5986552],[111.2644348,-7.5987157],[111.2639389,-7.5988144],[111.2637405,-7.598854],[111.263565,-7.5988946],[111.2632141,-7.5989971],[111.263031,-7.5990433],[111.2629394,-7.5991048],[111.2625656,-7.5993156],[111.262474,-7.5993633],[111.2622986,-7.5994629],[111.2619553,-7.5996303],[111.2617569,-7.5996708],[111.2615585,-7.5997023],[111.2611313,-7.5997729],[111.2610626,-7.5997748],[111.2610397,-7.5997695],[111.2608032,-7.5995135],[111.2608108,-7.598905],[111.2606277,-7.5983262],[111.2604141,-7.5983548],[111.2602844,-7.5983529],[111.2602386,-7.5983643],[111.2594223,-7.5983757],[111.259285,-7.5983724],[111.2591705,-7.59837],[111.2584991,-7.5984788],[111.2580872,-7.5986104],[111.2576828,-7.5988197],[111.257019,-7.5990171],[111.2565486,-7.5991418],[111.256546,-7.5991425],[111.2564316,-7.599174],[111.2562942,-7.5992112],[111.256012,-7.599328],[111.2558288,-7.599442],[111.2557525,-7.5995426],[111.2557297,-7.5995984],[111.2556305,-7.5999293],[111.2555771,-7.600481],[111.2555618,-7.6005673],[111.2555313,-7.600604],[111.2552719,-7.6009345],[111.2550583,-7.6011853],[111.2548218,-7.6013546],[111.2547912,-7.6013684],[111.2546615,-7.6014332],[111.2545624,-7.6015062],[111.2544785,-7.601573],[111.2543945,-7.6016383],[111.254364,-7.6016559],[111.2542267,-7.6018018],[111.254013,-7.6019859],[111.2537918,-7.6021685],[111.2536239,-7.602292],[111.2533722,-7.6025185],[111.2532425,-7.6026296],[111.2531815,-7.6027317],[111.2531738,-7.6027631],[111.253128,-7.603023],[111.2529983,-7.6031718],[111.2529754,-7.6031842],[111.2529449,-7.6031995],[111.2526474,-7.6032538],[111.252594,-7.603261],[111.2525787,-7.6031699],[111.2524948,-7.6027274],[111.2523575,-7.6022281],[111.2521743,-7.6019373],[111.2520294,-7.6018242],[111.2518005,-7.6017193],[111.2515869,-7.6016168],[111.2512512,-7.6013989],[111.251152,-7.6013322],[111.2510071,-7.6012416],[111.2508697,-7.6011162],[111.2508087,-7.6010675],[111.2507553,-7.6010427],[111.2503052,-7.6008334],[111.2501297,-7.6007266],[111.25,-7.6006278],[111.2497253,-7.6004257],[111.2493973,-7.600286],[111.2490997,-7.6002664],[111.2489929,-7.6002621],[111.2487259,-7.6004634],[111.2483978,-7.600655],[111.2478638,-7.6008386],[111.2473068,-7.6010079],[111.2472534,-7.6010217],[111.2470398,-7.6010713],[111.246849,-7.6010923],[111.2467346,-7.6011648],[111.2467117,-7.6011967],[111.2465668,-7.6013846],[111.246521,-7.6014447],[111.2464981,-7.6014714],[111.2463074,-7.6015997],[111.2461013,-7.6016664],[111.2460403,-7.601685],[111.2459106,-7.6016774],[111.2456589,-7.6017069],[111.245491,-7.6017775],[111.2454452,-7.6018061],[111.2453995,-7.6019215],[111.2452469,-7.6023154],[111.2451706,-7.6025867],[111.2451172,-7.602828],[111.2450409,-7.6029839],[111.2449188,-7.6030769],[111.244667,-7.6031746],[111.2442474,-7.6033601],[111.2439499,-7.6034774],[111.243866,-7.6035819],[111.2438202,-7.6036911],[111.2437363,-7.6037893],[111.2436447,-7.6038308],[111.2435837,-7.6038513],[111.2429352,-7.6041002],[111.2428741,-7.6041345],[111.2428436,-7.6041431],[111.242691,-7.6042027],[111.2424087,-7.6043234],[111.2423859,-7.6043329],[111.2420425,-7.6045432],[111.2418442,-7.6047373],[111.2415924,-7.6050024],[111.2414245,-7.6051769],[111.2413482,-7.605246],[111.2412033,-7.6054067],[111.241188,-7.605431],[111.2410202,-7.6056437],[111.2407837,-7.6058864],[111.2405472,-7.6060519],[111.240097,-7.606337],[111.2397614,-7.6065044],[111.2394714,-7.6065874],[111.2394333,-7.6065926],[111.2391891,-7.6065836],[111.2388229,-7.6065817],[111.238533,-7.6066441],[111.2382507,-7.6067843],[111.2380676,-7.6067881],[111.237854,-7.6068244],[111.2376709,-7.6069269],[111.2376175,-7.6070637],[111.237503,-7.6073117],[111.2373581,-7.6074843],[111.23703,-7.6077542],[111.2367325,-7.6078405],[111.2365799,-7.6079587],[111.2364731,-7.6079959],[111.2362747,-7.6079673],[111.2360763,-7.6079692],[111.2359237,-7.6080398],[111.2358704,-7.6080637],[111.2356872,-7.6081447],[111.2355499,-7.6082473],[111.2353821,-7.6083402],[111.2351837,-7.6084098],[111.2349472,-7.6085071],[111.2348938,-7.6085672],[111.2347488,-7.6086797],[111.234581,-7.6086978],[111.2343445,-7.6086926],[111.2342224,-7.6087389],[111.234024,-7.6088724],[111.2338638,-7.609034],[111.2336426,-7.6092977],[111.2334976,-7.6093402],[111.2332229,-7.609333],[111.2330475,-7.6093736],[111.2330246,-7.6093817],[111.2327499,-7.6094494],[111.2324371,-7.6095609],[111.2322235,-7.6096592],[111.2321091,-7.6098032],[111.231987,-7.6099248],[111.2318725,-7.6099562],[111.2315903,-7.6099438],[111.2313614,-7.6099992],[111.2311783,-7.6100792],[111.2310791,-7.6100711],[111.2308197,-7.6100669],[111.2304687,-7.610075],[111.2302094,-7.6100792],[111.2299881,-7.6100711],[111.2298279,-7.6100263],[111.2296066,-7.6099424],[111.2295456,-7.6099324],[111.2292709,-7.6099372],[111.2289352,-7.6099562],[111.2285614,-7.609941],[111.228508,-7.6099391],[111.2281647,-7.6098933],[111.22789,-7.609797],[111.2274857,-7.6096005],[111.2273483,-7.6095166],[111.2272186,-7.6094293],[111.2271499,-7.6094322],[111.2268982,-7.6094832],[111.2266998,-7.6095848],[111.2266388,-7.6096363],[111.2265243,-7.6097688],[111.226387,-7.6100363],[111.2261963,-7.6103758],[111.2259445,-7.6107397],[111.225769,-7.6109275],[111.2256164,-7.611041],[111.2252808,-7.6111316],[111.2248154,-7.6111479],[111.2244644,-7.611154],[111.2241669,-7.6111579],[111.2240219,-7.6111641],[111.2238998,-7.6111817],[111.2237625,-7.6112103],[111.2236557,-7.6112461],[111.2232742,-7.6113825],[111.2231827,-7.6113934],[111.2226562,-7.6113949],[111.2225113,-7.611392],[111.2224045,-7.6113681],[111.2223587,-7.6113486],[111.2221146,-7.6112775],[111.2220688,-7.6112685],[111.2218094,-7.6112508],[111.2215424,-7.6112656],[111.2214432,-7.6112909],[111.221283,-7.6113653],[111.2211609,-7.6114149],[111.2210922,-7.6114549],[111.2209244,-7.6116104],[111.220787,-7.611742],[111.2207413,-7.611772],[111.2206726,-7.6118249],[111.2206192,-7.6118703],[111.2204971,-7.6119046],[111.2203903,-7.611947],[111.2202759,-7.6120138],[111.2201691,-7.6120834],[111.2201462,-7.6121006],[111.2200546,-7.6122069],[111.2200394,-7.6122379],[111.2199478,-7.6123814],[111.2198715,-7.6125197],[111.2198105,-7.6126265],[111.2197876,-7.6126737],[111.2197189,-7.6128015],[111.2196197,-7.6129174],[111.2195129,-7.6129927],[111.2193985,-7.6130433],[111.2193146,-7.6130466],[111.2192154,-7.6130514],[111.2191009,-7.6130566],[111.2189331,-7.6130581],[111.2188797,-7.6130605],[111.2187271,-7.6130595],[111.2185364,-7.6130723],[111.2183456,-7.6131448],[111.218132,-7.6132845],[111.2180786,-7.6133384],[111.2179413,-7.6134643],[111.2178268,-7.6135721],[111.21772,-7.6136918],[111.2175903,-7.6138158],[111.2175293,-7.6139011],[111.2174606,-7.6140256],[111.2174149,-7.6141276],[111.2173233,-7.614232],[111.2172546,-7.6142869],[111.2171402,-7.6143598],[111.2170105,-7.6144237],[111.2169647,-7.6144414],[111.216835,-7.6144213],[111.2166061,-7.6143794],[111.2164917,-7.6143803],[111.2162857,-7.6144042],[111.2161941,-7.6144304],[111.21595,-7.6145243],[111.2158585,-7.6145725],[111.2156524,-7.6146588],[111.2154999,-7.6147036],[111.2153091,-7.6147236],[111.2152328,-7.6147217],[111.2150497,-7.614697],[111.2149506,-7.6146679],[111.214798,-7.6146369],[111.2146759,-7.6146259],[111.2144775,-7.6146292],[111.2143326,-7.6146473],[111.2143021,-7.6146516],[111.2141342,-7.6146812],[111.2139435,-7.6146883],[111.2137451,-7.6146912],[111.2136001,-7.6147122],[111.213501,-7.6147089],[111.2134018,-7.6146793],[111.2133179,-7.614645],[111.2132111,-7.6146202],[111.2131348,-7.6146125],[111.2130051,-7.6146044],[111.2128601,-7.6146163],[111.2127838,-7.6146345],[111.2126388,-7.6146874],[111.2125091,-7.6147189],[111.2123718,-7.614727],[111.2123337,-7.6147294],[111.2122192,-7.6147394],[111.211998,-7.6147446],[111.2117767,-7.6147651],[111.2115326,-7.6148147],[111.2113876,-7.6148419],[111.2111664,-7.61486],[111.2110748,-7.6148591],[111.2109299,-7.6148586],[111.210823,-7.6148576],[111.2107696,-7.6148987],[111.2106705,-7.6149868],[111.2105331,-7.6150722],[111.2104645,-7.615117],[111.2103577,-7.6151819],[111.2102432,-7.6152491],[111.210144,-7.6153059],[111.2100143,-7.6153688],[111.2099457,-7.6153988],[111.2097931,-7.6154661],[111.2096252,-7.61552],[111.2094574,-7.6155676],[111.2092743,-7.6156253],[111.2090912,-7.6156816],[111.2088394,-7.6157536],[111.2086792,-7.6158199],[111.2084503,-7.6158576],[111.2082977,-7.6158557],[111.2080307,-7.6158442],[111.2078171,-7.6158142],[111.2077331,-7.6157918],[111.2075042,-7.6157283],[111.2072983,-7.6156816],[111.2071075,-7.6156545],[111.2070389,-7.6156458],[111.2068405,-7.6156215],[111.2066803,-7.6155939],[111.2065277,-7.6155653],[111.2063446,-7.61553],[111.2062683,-7.6155123],[111.2061157,-7.6154899],[111.2060013,-7.6154885],[111.2058792,-7.6154794],[111.2057648,-7.6154466],[111.2056198,-7.6153927],[111.2054596,-7.6153526],[111.2053375,-7.6153226],[111.205307,-7.615314],[111.2050171,-7.6152529],[111.2049179,-7.615232],[111.2046509,-7.6151919],[111.2043762,-7.6150989],[111.2041168,-7.6150589],[111.2038345,-7.6151132],[111.2032699,-7.6152901],[111.2029342,-7.6153855],[111.2027054,-7.6154432],[111.2025299,-7.6154899],[111.2023163,-7.6155343],[111.2021255,-7.6155867],[111.2019501,-7.6156263],[111.2017898,-7.6156582],[111.2016372,-7.6156931],[111.2015686,-7.6157078],[111.2013778,-7.6157569],[111.2012024,-7.6158166],[111.2009583,-7.6158814],[111.2009201,-7.6158914],[111.2006683,-7.6159429],[111.2005005,-7.6159596],[111.2003326,-7.6159834],[111.20018,-7.616003],[111.2001495,-7.6160068],[111.1999359,-7.6160102],[111.1997909,-7.6160097],[111.1994171,-7.6161251],[111.1990967,-7.6163692],[111.1984558,-7.6173639],[111.1976471,-7.6183958],[111.1965027,-7.6193156],[111.1950865,-7.6200911],[111.1949499,-7.619869],[111.1940212,-7.6183591],[111.1941596,-7.6181935],[111.1943993,-7.6176855],[111.1946729,-7.6170506],[111.194786,-7.6166469],[111.1950487,-7.6161273],[111.1950803,-7.6156088],[111.1951231,-7.6150212],[111.1952247,-7.6146176],[111.1956245,-7.6138323],[111.1958516,-7.6131632],[111.1960439,-7.6124596],[111.1962146,-7.6120211],[111.196293,-7.6115945],[111.1965199,-7.6108793],[111.1967147,-7.6106134],[111.1966434,-7.6102682],[111.1966179,-7.6098652],[111.1965239,-7.6096007],[111.1963718,-7.609279],[111.1961384,-7.6088886],[111.1958588,-7.6084983],[111.1936547,-7.6050655],[111.1932704,-7.6045491],[111.1930132,-7.6040436],[111.1926413,-7.6036769],[111.1922223,-7.6031607],[111.1693175,-7.5906624],[111.1683328,-7.5902181],[111.1646744,-7.5810333],[111.1643471,-7.5803899],[111.1641019,-7.5799534],[111.1639282,-7.5798852],[111.1635699,-7.5798524],[111.1628061,-7.5796373],[111.1624686,-7.5792243],[111.1617934,-7.5783523],[111.1615942,-7.5778695],[111.1614295,-7.5773751],[111.1613338,-7.5767996],[111.1611922,-7.5762935],[111.1610036,-7.5756495],[111.1608736,-7.5751663],[111.1608674,-7.5740952],[111.1606797,-7.5736008],[111.160505,-7.5733598],[111.1602487,-7.573004],[111.1600388,-7.5726595],[111.1598172,-7.5723036],[111.1596424,-7.572051],[111.1594462,-7.5716601],[111.1591183,-7.5712445],[111.1588501,-7.5709181],[111.1584925,-7.5706213],[111.1581051,-7.5700276],[111.1572457,-7.5691833],[111.1571645,-7.5691376],[111.156931,-7.5687241],[111.1566776,-7.5683335],[111.1565038,-7.5680812],[111.1560559,-7.5674679],[111.1555454,-7.5669195],[111.1551645,-7.5659295],[111.1552207,-7.5653903],[111.1546908,-7.5650535],[111.1544418,-7.5644422],[111.1541486,-7.564139],[111.1536863,-7.5635775],[111.1534095,-7.5631552],[111.1531302,-7.5627995],[111.1528615,-7.562294],[111.1524887,-7.5617545],[111.1523481,-7.5614212],[111.1522757,-7.5608802],[111.1523872,-7.5601886],[111.1523275,-7.5598548],[111.1523271,-7.5597857],[111.1522784,-7.5593598],[111.1522065,-7.558911],[111.1521336,-7.5583009],[111.152122,-7.5582894],[111.1519591,-7.5580829],[111.1517842,-7.5578188],[111.151632,-7.5574625],[111.1515374,-7.5570944],[111.1515818,-7.5567832],[111.1517064,-7.5563449],[111.1518429,-7.5559872],[111.1518659,-7.555964],[111.1518861,-7.555806],[111.1522241,-7.555156],[111.152224,-7.5548696],[111.1524547,-7.5546523],[111.1526462,-7.5544996],[111.1527801,-7.5540986],[111.1527991,-7.5536214],[111.1527989,-7.5532587],[111.1527988,-7.5528005],[111.1528561,-7.5525141],[111.1529327,-7.552285],[111.1527793,-7.5518269],[111.1521279,-7.5512163],[111.1521666,-7.5510298],[111.152473,-7.5509724],[111.1531433,-7.5507813],[111.1535454,-7.5504757],[111.1538134,-7.5500938],[111.1538132,-7.5495593],[111.1538322,-7.5492156],[111.1535832,-7.5490248],[111.1529127,-7.5485669],[111.1526253,-7.5482616],[111.1522612,-7.5477653],[111.1522419,-7.5473072],[111.1522417,-7.5469063],[111.1522033,-7.5465627],[111.1518968,-7.5462955],[111.1513412,-7.5459139],[111.1512646,-7.5457231],[111.1513603,-7.5455512],[111.1512049,-7.5449834],[111.1509748,-7.5444299],[111.1506873,-7.5438191],[111.1508979,-7.5434754],[111.1512425,-7.5431889],[111.1516256,-7.5431697],[111.1522001,-7.5431122],[111.1522957,-7.5427304],[111.1524104,-7.5421195],[111.1524677,-7.541604],[111.1522378,-7.5412987],[111.1518547,-7.5411842],[111.1513567,-7.5410699],[111.151165,-7.54065],[111.1511458,-7.5403064],[111.1513372,-7.5401345],[111.1517776,-7.5397334],[111.1520456,-7.5393134],[111.1518923,-7.539008],[111.1517007,-7.5389508],[111.1513943,-7.5389509],[111.1511453,-7.538951],[111.1509546,-7.5387496],[111.1509928,-7.5384632],[111.1513183,-7.5382722],[111.151548,-7.5378522],[111.1513564,-7.5376041],[111.1511264,-7.5371269],[111.1511071,-7.5368406],[111.1512027,-7.5363633],[111.1511068,-7.5359242],[111.1509342,-7.5353707],[111.1507617,-7.5350271],[111.150738,-7.5340748],[111.1504696,-7.5333304],[111.1502397,-7.5330441],[111.1500095,-7.5320324],[111.1498944,-7.5314216],[111.1495495,-7.5310017],[111.1491664,-7.5308682],[111.1486684,-7.530563],[111.1484002,-7.5302958],[111.148132,-7.5301623],[111.1477489,-7.5299333],[111.1476147,-7.5297043],[111.147595,-7.5291369],[111.1474799,-7.5287169],[111.1472117,-7.5283543],[111.1467137,-7.5282018],[111.1464838,-7.5279537],[111.1463496,-7.527591],[111.1463495,-7.5273046],[111.1464451,-7.5268274],[111.1465023,-7.5260447],[111.1466554,-7.5258155],[111.1470576,-7.5258154],[111.14723,-7.5259108],[111.1474981,-7.525968],[111.1477853,-7.5257388],[111.148036,-7.5253995],[111.1480533,-7.525376],[111.1482447,-7.5250323],[111.1482829,-7.5245359],[111.1484743,-7.5242686],[111.1488764,-7.5240585],[111.1493168,-7.5238674],[111.1495117,-7.5235362],[111.1500095,-7.5230015],[111.1504498,-7.5226196],[111.150852,-7.5225431],[111.1511584,-7.5225812],[111.1515607,-7.5227719],[111.1518479,-7.5225618],[111.1520776,-7.5223136],[111.1521157,-7.5218554],[111.1521156,-7.5213591],[111.1517686,-7.5207335],[111.1514047,-7.5205428],[111.1509834,-7.5205429],[111.150428,-7.5204858],[111.150332,-7.5200468],[111.1502936,-7.5197223],[111.1502935,-7.5193787],[111.1504083,-7.5191114],[111.1506955,-7.5187295],[111.1508677,-7.5182903],[111.1507335,-7.5178513],[111.150427,-7.5177369],[111.1496609,-7.5176799],[111.1492013,-7.5175464],[111.1489905,-7.5171838],[111.1485307,-7.5168212],[111.1482434,-7.5165349],[111.1488012,-7.5158734],[111.1490118,-7.5155488],[111.1491648,-7.5149761],[111.1493368,-7.5140024],[111.1494707,-7.5136206],[111.149911,-7.5130095],[111.1500833,-7.512704],[111.1500065,-7.5123413],[111.1500064,-7.5120168],[111.1500255,-7.5117114],[111.1501978,-7.5115013],[111.1504471,-7.5111458],[111.1507535,-7.5108593],[111.1512895,-7.5104391],[111.1518257,-7.5103244],[111.1524578,-7.5104769],[111.1528216,-7.5104959],[111.1532812,-7.5104575],[111.1534535,-7.510133],[111.1536831,-7.5095984],[111.1536829,-7.5090257],[111.1536636,-7.5084721],[111.1536443,-7.5081857],[111.1534145,-7.5080712],[111.1531463,-7.5080523],[111.1526867,-7.5080142],[111.1523802,-7.5078807],[111.1521886,-7.5075562],[111.1521502,-7.5073081],[111.1521693,-7.5069454],[111.1523801,-7.5063793],[111.1525141,-7.5061693],[111.1527821,-7.5059974],[111.1531843,-7.5059018],[111.1534331,-7.5056917],[111.1534139,-7.505329],[111.1532988,-7.5049091],[111.1530688,-7.504451],[111.1530496,-7.5040883],[111.1532217,-7.5035156],[111.1532974,-7.5030888],[111.1532215,-7.5029428],[111.152915,-7.5025612],[111.1527234,-7.5022749],[111.1525126,-7.5018931],[111.1522059,-7.5011296],[111.1522249,-7.500786],[111.1523972,-7.5004423],[111.1526614,-7.499911],[111.1526804,-7.4995292],[111.1524888,-7.4991666],[111.1522972,-7.4988612],[111.1521056,-7.4986513],[111.1520097,-7.4982122],[111.1519329,-7.4978496],[111.1517414,-7.4976015],[111.1514923,-7.4974106],[111.1510901,-7.4972199],[111.1507644,-7.4968191],[111.1505537,-7.4966665],[111.150094,-7.4964757],[111.1497301,-7.4961895],[111.149347,-7.4960178],[111.1491937,-7.4956551],[111.1488228,-7.4947647],[111.1482481,-7.4941159],[111.1479416,-7.4939251],[111.1473479,-7.4938871],[111.1468691,-7.4937918],[111.1462946,-7.4935438],[111.1459307,-7.4935249],[111.1454711,-7.4935632],[111.1451073,-7.4935633],[111.1448349,-7.4933676],[111.1447008,-7.4931195],[111.14403,-7.491497],[111.1436466,-7.4903708],[111.1435698,-7.4897027],[111.1435696,-7.4891491],[111.1432246,-7.488252],[111.1425675,-7.4873259],[111.1421462,-7.4872497],[111.1418972,-7.4872307],[111.141744,-7.4870971],[111.1415907,-7.4867917],[111.1414948,-7.4863145],[111.1412074,-7.4860855],[111.1409011,-7.4861811],[111.1406713,-7.4864102],[111.1404417,-7.4868303],[111.1401353,-7.4869449],[111.1397332,-7.4869259],[111.1393671,-7.4867964],[111.1392544,-7.4867352],[111.1391011,-7.4864489],[111.138986,-7.485819],[111.1388327,-7.4854372],[111.1381816,-7.4854183],[111.1377219,-7.4852276],[111.1371258,-7.4847211],[111.1365512,-7.4843777],[111.135766,-7.4840916],[111.1351531,-7.4835954],[111.1351529,-7.4830991],[111.135717,-7.4825463],[111.1366087,-7.4822831],[111.136991,-7.4820294],[111.136876,-7.4818004],[111.136244,-7.4816288],[111.1360347,-7.4814162],[111.1361098,-7.4810179],[111.1367033,-7.4805596],[111.1368181,-7.4803687],[111.1367605,-7.4798914],[111.1366455,-7.4796624],[111.1362355,-7.479208],[111.1355551,-7.4791728],[111.1351845,-7.4790565],[111.1352281,-7.4786129],[111.1354902,-7.4779697],[111.1354904,-7.4775443],[111.1354176,-7.4772541],[111.1350874,-7.4768543],[111.134666,-7.4766571],[111.134275,-7.4764396],[111.1339144,-7.4760753],[111.1336299,-7.4757463],[111.1333703,-7.475584],[111.1332006,-7.4751574],[111.1331967,-7.4751475],[111.1332085,-7.4745727],[111.1335679,-7.4742958],[111.1338924,-7.4741685],[111.1341243,-7.4740529],[111.1349074,-7.473711],[111.1351208,-7.4734481],[111.1350579,-7.4731476],[111.1343796,-7.4726595],[111.1341158,-7.4724718],[111.1339273,-7.4720336],[111.1342064,-7.4716728],[111.1351829,-7.471257],[111.1354968,-7.471019],[111.1355093,-7.4706935],[111.1351198,-7.4702617],[111.1347681,-7.4699989],[111.1345545,-7.4697986],[111.1344791,-7.4695482],[111.1344789,-7.4689723],[111.134416,-7.4683713],[111.134606,-7.4682878],[111.1351585,-7.4682626],[111.1356356,-7.4678242],[111.1359872,-7.4674485],[111.1363638,-7.4671143],[111.1365957,-7.4668952],[111.1371548,-7.4664465],[111.1372677,-7.4659832],[111.1371671,-7.465495],[111.136853,-7.4651069],[111.1360118,-7.4648883],[111.1357354,-7.4646004],[111.1355424,-7.4635984],[111.1355088,-7.4626849],[111.1351177,-7.4622676],[111.1346278,-7.4619672],[111.1340752,-7.4618923],[111.1335603,-7.461905],[111.1333091,-7.4620052],[111.1332465,-7.462506],[111.1331838,-7.4629067],[111.1330835,-7.4632698],[111.1330208,-7.4635453],[111.1325939,-7.4640337],[111.1321167,-7.4643093],[111.1316269,-7.4642343],[111.1314133,-7.4637837],[111.1315638,-7.4632578],[111.1318776,-7.4626817],[111.1322291,-7.461968],[111.1322917,-7.461367],[111.1320906,-7.4609789],[111.1316712,-7.4607474],[111.1311814,-7.4606098],[111.13088,-7.4605598],[111.1305032,-7.4605474],[111.1301642,-7.4606477],[111.1298126,-7.4608481],[111.129348,-7.4611362],[111.1287703,-7.461249],[111.128607,-7.4610738],[111.1286194,-7.4606731],[111.1287072,-7.4602975],[111.1288829,-7.4598593],[111.1291968,-7.4593834],[111.1294603,-7.4588324],[111.1296612,-7.4584317],[111.1298502,-7.4579594],[111.1301012,-7.4576088],[111.1305031,-7.4575836],[111.1308171,-7.4575961],[111.1310179,-7.4573957],[111.1309927,-7.4569825],[111.1308293,-7.4563691],[111.1305857,-7.4555636],[111.1305626,-7.4554947],[111.1303311,-7.4547825],[111.1302037,-7.4544494],[111.1301692,-7.4540126],[111.1300882,-7.4535414],[111.1298566,-7.4532776],[111.1297571,-7.4531281],[111.1296064,-7.4530405],[111.1294933,-7.4528903],[111.1293426,-7.452715],[111.1290662,-7.4525774],[111.1288025,-7.4524147],[111.1286392,-7.4522645],[111.1285763,-7.4520141],[111.1285009,-7.4517137],[111.1282748,-7.451576],[111.1279859,-7.4515761],[111.1276218,-7.4519894],[111.1273079,-7.4520145],[111.1271107,-7.4518247],[111.1266704,-7.451504],[111.1264285,-7.4510256],[111.1258005,-7.4507879],[111.1253107,-7.4506003],[111.1251563,-7.4502642],[111.1251067,-7.449749],[111.1251434,-7.4490622],[111.1249675,-7.4486992],[111.1248669,-7.4483862],[111.1247664,-7.4481108],[111.1247412,-7.4479355],[111.124917,-7.4476224],[111.1253815,-7.4472217],[111.1255698,-7.446871],[111.1254515,-7.44643],[111.1253979,-7.4462302],[111.1253285,-7.4460234],[111.1252474,-7.4459661],[111.1250279,-7.4456839],[111.1246008,-7.4451081],[111.12445,-7.4449454],[111.1241611,-7.4445072],[111.1241359,-7.4442568],[111.1243117,-7.4440439],[111.1246507,-7.4440438],[111.1249647,-7.4441314],[111.1253038,-7.4443441],[111.125555,-7.4444567],[111.1258438,-7.4443565],[111.1260949,-7.4441185],[111.1261702,-7.4437554],[111.1261701,-7.4435802],[111.126145,-7.4433423],[111.1260695,-7.4430794],[111.12606,-7.4427793],[111.125982,-7.4424834],[111.1258437,-7.4419576],[111.1256427,-7.4415946],[111.1254919,-7.4412941],[111.1253887,-7.4407806],[111.1253656,-7.4405967],[111.1252615,-7.4402751],[111.125278,-7.4396916],[111.125077,-7.4394287],[111.1248007,-7.4392911],[111.124449,-7.4393663],[111.1241979,-7.4395416],[111.1239342,-7.4396544],[111.123658,-7.4397797],[111.1233538,-7.4397961],[111.1231026,-7.4396835],[111.1228765,-7.4392453],[111.1227759,-7.4387445],[111.1227255,-7.4383314],[111.1226752,-7.4379182],[111.1226248,-7.437455],[111.1225744,-7.4368916],[111.1227878,-7.4366286],[111.1231645,-7.436303],[111.1236417,-7.4357973],[111.1239555,-7.4353465],[111.1240559,-7.4349083],[111.1239804,-7.4344075],[111.1238504,-7.4340359],[111.1227504,-7.4320728],[111.1228549,-7.4315897],[111.1229366,-7.4311638],[111.123037,-7.4307381],[111.1230494,-7.4304501],[111.1230293,-7.4302326],[111.1228788,-7.4298996],[111.1226356,-7.4294518],[111.1222766,-7.4289469],[111.1220682,-7.42866],[111.1218481,-7.4283272],[111.1218136,-7.4278789],[111.1218717,-7.4275223],[111.1221151,-7.4274182],[111.1222426,-7.4271994],[111.1220922,-7.4266365],[111.12193,-7.4265449],[111.1217446,-7.4265569],[111.1216056,-7.4265918],[111.1211535,-7.4267884],[111.1209102,-7.426858],[111.1206088,-7.4269163],[111.1204119,-7.4268938],[111.1203539,-7.4268824],[111.1200875,-7.4266992],[111.1196705,-7.4263554],[111.1193693,-7.4259653],[111.1190568,-7.4252648],[111.118999,-7.4248855],[111.1189067,-7.4240925],[111.1188607,-7.4231268],[111.1191856,-7.4223097],[111.1194059,-7.4218607],[111.1194988,-7.4214926],[111.1194294,-7.4211823],[111.1190819,-7.4209073],[111.1187113,-7.4204944],[111.1185725,-7.4199429],[111.1187001,-7.4195747],[111.1190249,-7.418907],[111.1192568,-7.4184235],[111.11957,-7.4178593],[111.119663,-7.4171578],[111.1195705,-7.4166637],[111.1191884,-7.4160323],[111.1188757,-7.4156882],[111.1184472,-7.4150455],[111.1184241,-7.4148846],[111.1184822,-7.4145051],[111.1185752,-7.4139415],[111.1188187,-7.4136189],[111.1191548,-7.4133881],[111.1198388,-7.412708],[111.1200591,-7.4124315],[111.1203374,-7.4119019],[111.1204187,-7.4114648],[111.1203841,-7.411212],[111.1202451,-7.4111318],[111.1199786,-7.411075],[111.1196889,-7.4110183],[111.1193993,-7.4109041],[111.1192139,-7.4107091],[111.119214,-7.4106861],[111.1192605,-7.4103296],[111.1194112,-7.4100878],[111.1195388,-7.4096966],[111.1200372,-7.4094423],[111.120837,-7.4088884],[111.121544,-7.4086451],[111.1219032,-7.4085752],[111.1220769,-7.4087932],[111.122552,-7.4089184],[111.1228416,-7.4089866],[111.1234442,-7.4090425],[111.1242321,-7.4090405],[111.1245219,-7.4089132],[111.1245799,-7.4088096],[111.1245335,-7.4087407],[111.1243714,-7.4085112],[111.1238036,-7.4079606],[111.1232949,-7.4074295],[111.1232463,-7.4070673],[111.1240213,-7.4069705],[111.1244571,-7.4067289],[111.1241422,-7.4064151],[111.1236308,-7.4063057],[111.1232218,-7.406029],[111.1234154,-7.4055943],[111.1238755,-7.4051837],[111.1244809,-7.4050145],[111.1249652,-7.4049177],[111.1254274,-7.4050479],[111.1264184,-7.4050863],[111.1268542,-7.4048448],[111.1272658,-7.4044341],[111.127629,-7.4040235],[111.1278953,-7.4037095],[111.12807,-7.4034313],[111.1280354,-7.4030635],[111.1279313,-7.4027764],[111.1278487,-7.4023975],[111.128453,-7.4021657],[111.1289141,-7.4019867],[111.1296406,-7.401576],[111.129592,-7.4011655],[111.1291371,-7.4010602],[111.1285748,-7.4009726],[111.1285021,-7.4006828],[111.1290911,-7.400175],[111.129301,-7.3997892],[111.1292525,-7.3995236],[111.128986,-7.399258],[111.1282837,-7.3992341],[111.127654,-7.3990894],[111.1274777,-7.3985925],[111.1274696,-7.3985697],[111.1277755,-7.3982829],[111.1281629,-7.3978964],[111.1283043,-7.3976017],[111.1281868,-7.3969305],[111.1286226,-7.3964475],[111.1290583,-7.3958678],[111.1293004,-7.3954089],[111.1298575,-7.3956985],[111.1303904,-7.3962055],[111.1308264,-7.3963019],[111.1311653,-7.3958672],[111.1313104,-7.3951669],[111.1314797,-7.3945873],[111.1315611,-7.394183],[111.1317306,-7.3939656],[111.1319485,-7.3936758],[111.1327234,-7.3935307],[111.1334256,-7.3931924],[111.1335224,-7.3928301],[111.1333042,-7.3922024],[111.133304,-7.391647],[111.1334008,-7.3912606],[111.1336671,-7.3909225],[111.1339334,-7.3906085],[111.1344177,-7.3903427],[111.1351555,-7.3900876],[111.1353641,-7.3899951],[111.1362564,-7.3896133],[111.1364031,-7.3891106],[111.1364272,-7.3886759],[111.1365481,-7.3881447],[111.1366745,-7.3878679],[111.1369756,-7.3877144],[111.1373041,-7.3876745],[111.137522,-7.3874813],[111.1375703,-7.387119],[111.1376428,-7.3866119],[111.1377153,-7.3861048],[111.1381027,-7.3859357],[111.1390472,-7.3858629],[111.1392893,-7.3855489],[111.13895,-7.3849937],[111.1381266,-7.3849456],[111.137642,-7.3841489],[111.1378353,-7.3832432],[111.1377867,-7.3828328],[111.1368665,-7.3830745],[111.1365758,-7.3825434],[111.1364787,-7.3818914],[111.1364785,-7.3810946],[111.1367205,-7.3806115],[111.1369439,-7.3801955],[111.1370832,-7.378897],[111.1374707,-7.378921],[111.1381726,-7.3791575],[111.1385892,-7.3789806],[111.1389606,-7.3788335],[111.1392156,-7.3785799],[111.1397025,-7.3779577],[111.1401431,-7.3773242],[111.1401766,-7.3766231],[111.1407062,-7.3759659],[111.1432384,-7.3743807],[111.1430961,-7.3738654],[111.1425662,-7.3735307],[111.1415231,-7.3735546],[111.1412219,-7.3734003],[111.1413164,-7.3730486],[111.142469,-7.3721219],[111.1429937,-7.3717444],[111.143246,-7.3714899],[111.1433664,-7.3713441],[111.1437534,-7.3708637],[111.14402,-7.370469],[111.1443554,-7.3699629],[111.1446736,-7.3696197],[111.1448287,-7.3693307],[111.1451039,-7.3689275],[111.1452758,-7.3684814],[111.1453191,-7.3682569],[111.1453359,-7.368044],[111.1453103,-7.3677766],[111.1452758,-7.3674678],[111.1451725,-7.3672448],[111.1450778,-7.3671505],[111.1448886,-7.3672364],[111.1447595,-7.3673479],[111.1445961,-7.3674423],[111.1442864,-7.3676225],[111.1440369,-7.3676054],[111.1439165,-7.3675712],[111.1438046,-7.3675369],[111.1435809,-7.3674169],[111.143466,-7.3672],[111.1434233,-7.3667954],[111.1434616,-7.3663391],[111.143693,-7.3659433],[111.1437921,-7.3654157],[111.1440234,-7.3647561],[111.1437256,-7.3644265],[111.1433287,-7.3644266],[111.1423364,-7.3641961],[111.1417409,-7.3638665],[111.1414761,-7.3632071],[111.141476,-7.3629193],[111.1416325,-7.3626061],[111.141825,-7.3623433],[111.1419972,-7.3622524],[111.1423519,-7.3622321],[111.142818,-7.3622218],[111.1432537,-7.3622621],[111.1434665,-7.3622519],[111.1438617,-7.3621305],[111.1441352,-7.3618476],[111.1442465,-7.3613324],[111.1443881,-7.3605241],[111.1444893,-7.3596916],[111.1444183,-7.3594593],[111.1442865,-7.359328],[111.1440535,-7.3592674],[111.1437697,-7.3592574],[111.1434252,-7.3594192],[111.1431315,-7.3597728],[111.1427162,-7.360369],[111.1424732,-7.3608237],[111.1422909,-7.361046],[111.1419565,-7.3611774],[111.1415613,-7.361218],[111.1412674,-7.361117],[111.141085,-7.3608645],[111.1410342,-7.360511],[111.1411151,-7.3601271],[111.1413075,-7.3597128],[111.1416823,-7.3591167],[111.1420971,-7.3585644],[111.1423098,-7.3583017],[111.1425427,-7.3579279],[111.1426237,-7.3577157],[111.1426034,-7.3575743],[111.142502,-7.357443],[111.1422487,-7.3573925],[111.1415495,-7.3572715],[111.1412657,-7.3571504],[111.1411136,-7.3568878],[111.1411136,-7.3566756],[111.1414678,-7.3558832],[111.141569,-7.3554487],[111.141579,-7.3552568],[111.1415483,-7.3547739],[111.141386,-7.3542789],[111.1409501,-7.3536325],[111.1404533,-7.3527942],[111.140375,-7.3525311],[111.1403037,-7.3520715],[111.1403599,-7.3519245],[111.1405786,-7.3513528],[111.1410612,-7.3508914],[111.141545,-7.3501334],[111.1421177,-7.3484484],[111.1424695,-7.3478065],[111.1426403,-7.3472549],[111.1426804,-7.3469741],[111.1426193,-7.3466544],[111.1420859,-7.345401],[111.1416933,-7.3444284],[111.1413711,-7.3429564],[111.1409986,-7.3417732],[111.1409883,-7.341001],[111.1410887,-7.3403993],[111.1412294,-7.3402187],[111.1417233,-7.3398078],[111.1421757,-7.3391558],[111.1425576,-7.3383935],[111.1427785,-7.3372903],[111.1427382,-7.3365798],[111.1426274,-7.3359982],[111.1423456,-7.3351458],[111.1422953,-7.3349954],[111.1423253,-7.334494],[111.142285,-7.3342834],[111.1425263,-7.3341229],[111.1426368,-7.3339323],[111.1426368,-7.3338019],[111.1425732,-7.3334513],[111.142427,-7.3333262],[111.1418412,-7.332825],[111.1419037,-7.3323562],[111.1428368,-7.3312511],[111.1431501,-7.3307978],[111.1434246,-7.3304627],[111.1435574,-7.3303522],[111.1436905,-7.3301647],[111.1437139,-7.3299303],[111.1435209,-7.329229],[111.1433798,-7.3290102],[111.1433562,-7.328893],[111.1435129,-7.3288305],[111.1438498,-7.3288382],[111.1441476,-7.3288537],[111.1445393,-7.3286661],[111.1448527,-7.3284941],[111.145072,-7.3283924],[111.1452914,-7.3282751],[111.1454402,-7.3280954],[111.1456891,-7.3278074],[111.1459826,-7.3273644],[111.1467581,-7.3267078],[111.1469146,-7.3260827],[111.1470711,-7.3254184],[111.1471603,-7.3247707],[111.147652,-7.3243678],[111.1480221,-7.3243094],[111.148641,-7.3240123],[111.1493068,-7.3236995],[111.1494436,-7.3230858],[111.149401,-7.3228193],[111.1497143,-7.3224676],[111.149957,-7.3220378],[111.1496199,-7.3214128],[111.149322,-7.3208268],[111.149988,-7.3208501],[111.1505397,-7.3204932],[111.1505081,-7.3198994],[111.1508056,-7.3190397],[111.1513155,-7.318654],[111.1516133,-7.3186383],[111.1521459,-7.3181771],[111.1522876,-7.3176498],[111.1526166,-7.3175169],[111.1525773,-7.3171575],[111.1529219,-7.3166807],[111.1532118,-7.3167822],[111.1535887,-7.3162456],[111.1538551,-7.316394],[111.1540039,-7.3162299],[111.1540273,-7.3158939],[111.1540112,-7.3146515],[111.1542383,-7.3143076],[111.1544029,-7.3142997],[111.1546458,-7.3143934],[111.1547711,-7.3142293],[111.1550135,-7.3136672],[111.1552798,-7.3133311],[111.1540808,-7.3126517],[111.1527806,-7.3119427],[111.1523907,-7.3113598],[111.1525075,-7.310874],[111.1520245,-7.3106098],[111.1513382,-7.3106023],[111.1507146,-7.3102722],[111.1501884,-7.3100197],[111.1497401,-7.3098255],[111.149058,-7.3095148],[111.1480172,-7.308908],[111.1475689,-7.3085972],[111.1472181,-7.3084613],[111.1467699,-7.3081117],[111.1457383,-7.3066719],[111.144817,-7.3070925],[111.1441196,-7.3073935],[111.143652,-7.3077046],[111.1430616,-7.3080895],[111.1422627,-7.3082258],[111.1416978,-7.3086923],[111.1407429,-7.3084594],[111.14047,-7.3081486],[111.1405478,-7.3076239],[111.1404307,-7.3068855],[111.1400213,-7.3062443],[111.1394561,-7.305953],[111.1389657,-7.3049497],[111.1383222,-7.3036285],[111.1379714,-7.3031817],[111.1376984,-7.3027737],[111.1373865,-7.302288],[111.1370356,-7.3015108],[111.1367042,-7.3011222],[111.1365287,-7.3006947],[111.1363716,-7.300318],[111.1359624,-7.3002404],[111.135787,-7.3001433],[111.1356115,-7.2998519],[111.135436,-7.2994633],[111.1352216,-7.2990164],[111.1353578,-7.29855],[111.1359034,-7.2983943],[111.1362007,-7.2981134],[111.1361553,-7.297883],[111.1359811,-7.2978308],[111.1358252,-7.297792],[111.1351433,-7.2977922],[111.1346951,-7.2979283],[111.1343568,-7.2977414],[111.1343685,-7.2976953],[111.1345533,-7.2975921],[111.1348898,-7.297423],[111.1350262,-7.2972287],[111.1353962,-7.2969759],[111.1357098,-7.2962674],[111.1357775,-7.2959064],[111.1357095,-7.2954552],[111.1355057,-7.2949588],[111.1352115,-7.2945754],[111.1353246,-7.2945753],[111.1355282,-7.294485],[111.1365914,-7.2938981],[111.1371342,-7.2933789],[111.1376179,-7.2924614],[111.1378033,-7.2921509],[111.1379549,-7.2915639],[111.1381522,-7.2911267],[111.1383372,-7.2909543],[111.1388224,-7.2906673],[111.1394341,-7.2904728],[111.1400462,-7.2901285],[111.1400699,-7.2899097],[111.1400948,-7.2892995],[111.1400962,-7.2888273],[111.1401783,-7.2883554],[111.1402604,-7.2878719],[111.1402737,-7.2872616],[111.1402751,-7.2867665],[111.1403337,-7.2864442],[111.1404734,-7.2859953],[111.1405091,-7.2856039],[111.1405795,-7.285201],[111.1406954,-7.2849824],[111.1409396,-7.2843035],[111.1409866,-7.2839812],[111.1410111,-7.2835091],[111.1411535,-7.2821275],[111.1411314,-7.2817936],[111.141285,-7.2813022],[111.1415162,-7.2811751],[111.1419438,-7.2809325],[111.1425449,-7.2805975],[111.1429839,-7.2800434],[111.1430993,-7.2798125],[111.1431452,-7.2794664],[111.1431913,-7.2792702],[111.1433411,-7.278774],[111.1433755,-7.2783932],[111.1434099,-7.2781394],[111.1437683,-7.2780122],[111.1443582,-7.2780694],[111.1447978,-7.2781383],[111.1453645,-7.2781379],[111.1460813,-7.277872],[111.1462082,-7.277595],[111.1464044,-7.277191],[111.1465661,-7.2769486],[111.1471554,-7.2764059],[111.1475713,-7.2759672],[111.1478831,-7.2754478],[111.1481137,-7.2748015],[111.1483215,-7.274386],[111.1485868,-7.2737282],[111.1487714,-7.2732089],[111.1490135,-7.272528],[111.1491286,-7.2718934],[111.1491625,-7.2711896],[111.1490579,-7.2706013],[111.1488721,-7.2699207],[111.1489293,-7.2692746],[111.1491603,-7.2689398],[111.1494838,-7.2686627],[111.1498881,-7.2681547],[111.150015,-7.2678547],[111.1498874,-7.2674279],[111.149702,-7.267105],[111.1495281,-7.2666782],[111.1495293,-7.2658502],[111.1491679,-7.2651954],[111.1487243,-7.2644587],[111.1488726,-7.2643543],[111.1490034,-7.2642622],[111.1492989,-7.2640656],[111.1494138,-7.2639018],[111.1494794,-7.2637053],[111.1494335,-7.263303],[111.1494334,-7.2631229],[111.1493347,-7.2625826],[111.1496629,-7.2619603],[111.1498598,-7.2614035],[111.1500401,-7.2605848],[111.1503191,-7.2602245],[111.1508282,-7.2602734],[111.1511731,-7.2605025],[111.1515179,-7.2606007],[111.1518805,-7.2605951],[111.15251,-7.2603523],[111.153019,-7.2601557],[111.153298,-7.2598445],[111.1535114,-7.2595497],[111.1537576,-7.2591894],[111.1540037,-7.25878],[111.1545455,-7.2585178],[111.1549067,-7.258403],[111.1554055,-7.2582157],[111.1557276,-7.2580589],[111.1562696,-7.2585008],[111.1566638,-7.2587627],[111.1572331,-7.258618],[111.1581013,-7.2584051],[111.1585973,-7.2581093],[111.1589386,-7.2581264],[111.1596612,-7.2580161],[111.1601373,-7.258126],[111.1606792,-7.2581913],[111.1613033,-7.2585513],[111.161796,-7.2587804],[111.1618781,-7.2589932],[111.1619639,-7.2592257],[111.1620338,-7.2597217],[111.1621266,-7.2600216],[111.1623005,-7.2603907],[111.1624278,-7.2605059],[111.1629132,-7.2605647],[111.1632835,-7.2603783],[111.1633644,-7.2603437],[111.1635841,-7.2602973],[111.164358,-7.2602531],[111.164625,-7.2603426],[111.1650415,-7.2604808],[111.165598,-7.2607984],[111.1660741,-7.2607491],[111.1667966,-7.2605524],[111.1669499,-7.2606869],[111.1672508,-7.2608366],[111.1675518,-7.2611709],[111.1676099,-7.2614247],[111.1676449,-7.2616785],[111.1676799,-7.2619669],[111.1677843,-7.2622668],[111.1678975,-7.2627788],[111.1680619,-7.2632536],[111.1682919,-7.2634827],[111.1687024,-7.2635317],[111.16908,-7.2633678],[111.1695397,-7.2632203],[111.1700408,-7.2634763],[111.1706654,-7.2635796],[111.1708388,-7.2634872],[111.1713823,-7.2634521],[111.17181,-7.2633018],[111.1725154,-7.2631512],[111.172978,-7.2631739],[111.1733248,-7.2630698],[111.1739723,-7.2628731],[111.1742828,-7.2627629],[111.1744634,-7.2627956],[111.1745504,-7.2627919],[111.1748083,-7.2627955],[111.1750382,-7.2629428],[111.1753012,-7.2635649],[111.1755148,-7.2638923],[111.1757611,-7.2640887],[111.1761882,-7.2643177],[111.1766801,-7.2643822],[111.1770503,-7.2644281],[111.1777559,-7.2645544],[111.1779942,-7.2638913],[111.1782239,-7.2633345],[111.1785028,-7.2627613],[111.1787161,-7.2623355],[111.1790116,-7.2622044],[111.1793959,-7.2624417],[111.1799627,-7.2626028],[111.1804023,-7.2626601],[111.1808068,-7.2624174],[111.1811535,-7.2621518],[111.1814654,-7.26184],[111.1820199,-7.2613204],[111.1822232,-7.2611301],[111.1822724,-7.2608844],[111.1823379,-7.2605733],[111.182305,-7.2603605],[111.1823376,-7.2598037],[111.1826824,-7.2596071],[111.1837825,-7.2596231],[111.1845618,-7.2590223],[111.184851,-7.2591028],[111.1853097,-7.2597862],[111.1857039,-7.2601462],[111.1862293,-7.2599332],[111.1868038,-7.2596709],[111.1874073,-7.2594929],[111.1880682,-7.2597032],[111.1888529,-7.2594686],[111.189776,-7.2598334],[111.1900549,-7.2592439],[111.1905965,-7.2586869],[111.1913267,-7.2584858],[111.1919161,-7.2581276],[111.1925053,-7.2575618],[111.1930946,-7.2570652],[111.1938109,-7.25643],[111.1941808,-7.2562797],[111.1946898,-7.2563254],[111.1950023,-7.2565558],[111.1956962,-7.2566014],[111.196124,-7.2565087],[111.1969217,-7.2562311],[111.197526,-7.2559234],[111.1978942,-7.2557359],[111.199153,-7.2555946],[111.1998827,-7.2558709],[111.1999123,-7.2549203],[111.2000162,-7.254481],[111.2002733,-7.2542437],[111.2003422,-7.2538399],[111.2002719,-7.2529862],[111.2000864,-7.2526056],[111.1996228,-7.2517177],[111.1990896,-7.2506221],[111.1991819,-7.2504028],[111.1993204,-7.2501143],[111.1995628,-7.2496987],[111.1997474,-7.2493178],[111.1998395,-7.248937],[111.1998044,-7.2485794],[111.1997347,-7.2483372],[111.1994108,-7.2482337],[111.1989364,-7.248061],[111.1982768,-7.2476809],[111.1978716,-7.2472544],[111.1978134,-7.2469544],[111.1978479,-7.2467583],[111.1979517,-7.2465044],[111.1982173,-7.246158],[111.19846,-7.2460078],[111.1989802,-7.2458343],[111.1992346,-7.2458225],[111.1996622,-7.2455453],[111.1999511,-7.2453604],[111.200321,-7.2451524],[111.20061,-7.2450483],[111.2011418,-7.2449094],[111.2017893,-7.2448165],[111.2024368,-7.2447352],[111.2034197,-7.2446536],[111.2038591,-7.2445955],[111.2039978,-7.2445146],[111.2041134,-7.244503],[111.2047034,-7.2446178],[111.2049,-7.2446638],[111.2054555,-7.2449748],[111.2057332,-7.2451245]]]]}},{"type":"Feature","properties":{},"geometry":{"type":"MultiPolygon","coordinates":[[[[111.1304668,-7.2595302],[111.1308864,-7.2595977],[111.1316291,-7.2591068],[111.1316632,-7.2590842],[111.1318468,-7.2589732],[111.1323214,-7.2589362],[111.1323705,-7.2589372],[111.132375,-7.2589372],[111.1324086,-7.2589569],[111.1329822,-7.2592264],[111.1333172,-7.2595164],[111.1334463,-7.2597445],[111.1335109,-7.259684],[111.1337658,-7.2595977],[111.1340658,-7.2596499],[111.1342009,-7.2598309],[111.134371,-7.2601356],[111.134604,-7.2605058],[111.1347769,-7.2606904],[111.1350356,-7.2608484],[111.1356544,-7.2612208],[111.135795,-7.2614245],[111.1360006,-7.261766],[111.1361327,-7.2617971],[111.1365697,-7.2617748],[111.1367587,-7.261632],[111.1368932,-7.2615624],[111.1369959,-7.2615092],[111.1379587,-7.2612198],[111.1379823,-7.2612289],[111.1383311,-7.2613639],[111.1386705,-7.2614764],[111.1386719,-7.2614769],[111.1392728,-7.2617261],[111.1396486,-7.2617162],[111.1400034,-7.2616927],[111.1403932,-7.2615724],[111.1408724,-7.2613504],[111.1409888,-7.2613643],[111.1411996,-7.261434],[111.1418982,-7.2617835],[111.1424285,-7.262004],[111.1427031,-7.2619928],[111.1429294,-7.2618948],[111.1434632,-7.2616575],[111.1437535,-7.2616708],[111.1438925,-7.2617407],[111.1440325,-7.2619118],[111.1442763,-7.2622268],[111.144445,-7.2623015],[111.1449851,-7.2624682],[111.1451607,-7.2626869],[111.1456236,-7.263472],[111.145976,-7.2642337],[111.1461326,-7.264412],[111.146298,-7.2645083],[111.1464848,-7.2645211],[111.1469827,-7.2644845],[111.1470109,-7.264452],[111.1475536,-7.2643972],[111.1477352,-7.2643788],[111.1486732,-7.2643586],[111.1487243,-7.2644587],[111.1491679,-7.2651954],[111.1495293,-7.2658502],[111.1495281,-7.2666782],[111.149702,-7.267105],[111.1498874,-7.2674279],[111.150015,-7.2678547],[111.1498881,-7.2681547],[111.1494838,-7.2686627],[111.1491603,-7.2689398],[111.1489293,-7.2692746],[111.1488721,-7.2699207],[111.1490579,-7.2706013],[111.1491625,-7.2711896],[111.1491286,-7.2718934],[111.1490135,-7.272528],[111.1487714,-7.2732089],[111.1485868,-7.2737282],[111.1483215,-7.274386],[111.1481137,-7.2748015],[111.1478831,-7.2754478],[111.1475713,-7.2759672],[111.1471554,-7.2764059],[111.1465661,-7.2769486],[111.1464044,-7.277191],[111.1462082,-7.277595],[111.1460813,-7.277872],[111.1453645,-7.2781379],[111.1447978,-7.2781383],[111.1443582,-7.2780694],[111.1437683,-7.2780122],[111.1434099,-7.2781394],[111.1433755,-7.2783932],[111.1433411,-7.278774],[111.1431913,-7.2792702],[111.1431452,-7.2794664],[111.1430993,-7.2798125],[111.1429839,-7.2800434],[111.1425449,-7.2805975],[111.1419438,-7.2809325],[111.1415162,-7.2811751],[111.141285,-7.2813022],[111.1411314,-7.2817936],[111.1411535,-7.2821275],[111.1410111,-7.2835091],[111.1409866,-7.2839812],[111.1409396,-7.2843035],[111.1406954,-7.2849824],[111.1405795,-7.285201],[111.1405091,-7.2856039],[111.1404734,-7.2859953],[111.1403337,-7.2864442],[111.1402751,-7.2867665],[111.1402737,-7.2872616],[111.1402604,-7.2878719],[111.1401783,-7.2883554],[111.1400962,-7.2888273],[111.1400948,-7.2892995],[111.1400699,-7.2899097],[111.1400462,-7.2901285],[111.1394341,-7.2904728],[111.1388224,-7.2906673],[111.1383372,-7.2909543],[111.1381522,-7.2911267],[111.1379549,-7.2915639],[111.1378033,-7.2921509],[111.1376179,-7.2924614],[111.1371342,-7.2933789],[111.1365914,-7.2938981],[111.1355282,-7.294485],[111.1353246,-7.2945753],[111.1352115,-7.2945754],[111.1355057,-7.2949588],[111.1357095,-7.2954552],[111.1357775,-7.2959064],[111.1357098,-7.2962674],[111.1353962,-7.2969759],[111.1350262,-7.2972287],[111.1348898,-7.297423],[111.1345533,-7.2975921],[111.1343685,-7.2976953],[111.1343568,-7.2977414],[111.1346951,-7.2979283],[111.1351433,-7.2977922],[111.1358252,-7.297792],[111.1359811,-7.2978308],[111.1361553,-7.297883],[111.1362007,-7.2981134],[111.1359034,-7.2983943],[111.1353578,-7.29855],[111.1352216,-7.2990164],[111.135436,-7.2994633],[111.1356115,-7.2998519],[111.135787,-7.3001433],[111.1359624,-7.3002404],[111.1363716,-7.300318],[111.1365287,-7.3006947],[111.1367042,-7.3011222],[111.1370356,-7.3015108],[111.1373865,-7.302288],[111.1376984,-7.3027737],[111.1379714,-7.3031817],[111.1383222,-7.3036285],[111.1389657,-7.3049497],[111.1394561,-7.305953],[111.1400213,-7.3062443],[111.1404307,-7.3068855],[111.1405478,-7.3076239],[111.14047,-7.3081486],[111.1407429,-7.3084594],[111.1416978,-7.3086923],[111.1422627,-7.3082258],[111.1430616,-7.3080895],[111.143652,-7.3077046],[111.1441196,-7.3073935],[111.144817,-7.3070925],[111.1457383,-7.3066719],[111.1467699,-7.3081117],[111.1472181,-7.3084613],[111.1475689,-7.3085972],[111.1480172,-7.308908],[111.149058,-7.3095148],[111.1497401,-7.3098255],[111.1501884,-7.3100197],[111.1507146,-7.3102722],[111.1513382,-7.3106023],[111.1520245,-7.3106098],[111.1525075,-7.310874],[111.1523907,-7.3113598],[111.1527806,-7.3119427],[111.1540808,-7.3126517],[111.1552798,-7.3133311],[111.1550135,-7.3136672],[111.1547711,-7.3142293],[111.1546458,-7.3143934],[111.1544029,-7.3142997],[111.1542383,-7.3143076],[111.1540112,-7.3146515],[111.1540273,-7.3158939],[111.1540039,-7.3162299],[111.1538551,-7.316394],[111.1535887,-7.3162456],[111.1532118,-7.3167822],[111.1529219,-7.3166807],[111.1525773,-7.3171575],[111.1526166,-7.3175169],[111.1522876,-7.3176498],[111.1521459,-7.3181771],[111.1516133,-7.3186383],[111.1513155,-7.318654],[111.1508056,-7.3190397],[111.1505081,-7.3198994],[111.1505397,-7.3204932],[111.149988,-7.3208501],[111.149322,-7.3208268],[111.1496199,-7.3214128],[111.149957,-7.3220378],[111.1497143,-7.3224676],[111.149401,-7.3228193],[111.1494436,-7.3230858],[111.1493068,-7.3236995],[111.148641,-7.3240123],[111.1480221,-7.3243094],[111.147652,-7.3243678],[111.1471603,-7.3247707],[111.1470711,-7.3254184],[111.1469146,-7.3260827],[111.1467581,-7.3267078],[111.1459826,-7.3273644],[111.1456891,-7.3278074],[111.1454402,-7.3280954],[111.1452914,-7.3282751],[111.145072,-7.3283924],[111.1448527,-7.3284941],[111.1445393,-7.3286661],[111.1441476,-7.3288537],[111.1438498,-7.3288382],[111.1435129,-7.3288305],[111.1433562,-7.328893],[111.1433798,-7.3290102],[111.1435209,-7.329229],[111.1437139,-7.3299303],[111.1436905,-7.3301647],[111.1435574,-7.3303522],[111.1434246,-7.3304627],[111.1431501,-7.3307978],[111.1428368,-7.3312511],[111.1419037,-7.3323562],[111.1418412,-7.332825],[111.142427,-7.3333262],[111.1425732,-7.3334513],[111.1426368,-7.3338019],[111.1426368,-7.3339323],[111.1425263,-7.3341229],[111.142285,-7.3342834],[111.1423253,-7.334494],[111.1422953,-7.3349954],[111.1423456,-7.3351458],[111.1426274,-7.3359982],[111.1427382,-7.3365798],[111.1427785,-7.3372903],[111.1425576,-7.3383935],[111.1421757,-7.3391558],[111.1417233,-7.3398078],[111.1412294,-7.3402187],[111.1410887,-7.3403993],[111.1409883,-7.341001],[111.1409986,-7.3417732],[111.1413711,-7.3429564],[111.1416933,-7.3444284],[111.1420859,-7.345401],[111.1426193,-7.3466544],[111.1426804,-7.3469741],[111.1426403,-7.3472549],[111.1424695,-7.3478065],[111.1421177,-7.3484484],[111.141545,-7.3501334],[111.1410612,-7.3508914],[111.1405786,-7.3513528],[111.1403599,-7.3519245],[111.1403037,-7.3520715],[111.140375,-7.3525311],[111.1404533,-7.3527942],[111.1409501,-7.3536325],[111.141386,-7.3542789],[111.1415483,-7.3547739],[111.141579,-7.3552568],[111.141569,-7.3554487],[111.1414678,-7.3558832],[111.1411136,-7.3566756],[111.1411136,-7.3568878],[111.1412657,-7.3571504],[111.1415495,-7.3572715],[111.1422487,-7.3573925],[111.142502,-7.357443],[111.1426034,-7.3575743],[111.1426237,-7.3577157],[111.1425427,-7.3579279],[111.1423098,-7.3583017],[111.1420971,-7.3585644],[111.1416823,-7.3591167],[111.1413075,-7.3597128],[111.1411151,-7.3601271],[111.1410342,-7.360511],[111.141085,-7.3608645],[111.1412674,-7.361117],[111.1415613,-7.361218],[111.1419565,-7.3611774],[111.1422909,-7.361046],[111.1424732,-7.3608237],[111.1427162,-7.360369],[111.1431315,-7.3597728],[111.1434252,-7.3594192],[111.1437697,-7.3592574],[111.1440535,-7.3592674],[111.1442865,-7.359328],[111.1444183,-7.3594593],[111.1444893,-7.3596916],[111.1443881,-7.3605241],[111.1442465,-7.3613324],[111.1441352,-7.3618476],[111.1438617,-7.3621305],[111.1434665,-7.3622519],[111.1432537,-7.3622621],[111.142818,-7.3622218],[111.1423519,-7.3622321],[111.1419972,-7.3622524],[111.141825,-7.3623433],[111.1416325,-7.3626061],[111.141476,-7.3629193],[111.1414761,-7.3632071],[111.1417409,-7.3638665],[111.1423364,-7.3641961],[111.1433287,-7.3644266],[111.1437256,-7.3644265],[111.1440234,-7.3647561],[111.1437921,-7.3654157],[111.143693,-7.3659433],[111.1434616,-7.3663391],[111.1434233,-7.3667954],[111.143466,-7.3672],[111.1435809,-7.3674169],[111.1438046,-7.3675369],[111.1439165,-7.3675712],[111.1440369,-7.3676054],[111.1442864,-7.3676225],[111.1445961,-7.3674423],[111.1447595,-7.3673479],[111.1448886,-7.3672364],[111.1450778,-7.3671505],[111.1451725,-7.3672448],[111.1452758,-7.3674678],[111.1453103,-7.3677766],[111.1453359,-7.368044],[111.1453191,-7.3682569],[111.1452758,-7.3684814],[111.1451039,-7.3689275],[111.1448287,-7.3693307],[111.1446736,-7.3696197],[111.1443554,-7.3699629],[111.14402,-7.370469],[111.1437534,-7.3708637],[111.1433664,-7.3713441],[111.143246,-7.3714899],[111.1429937,-7.3717444],[111.142469,-7.3721219],[111.1413164,-7.3730486],[111.1412219,-7.3734003],[111.1415231,-7.3735546],[111.1425662,-7.3735307],[111.1430961,-7.3738654],[111.1432384,-7.3743807],[111.1407062,-7.3759659],[111.1401766,-7.3766231],[111.1401431,-7.3773242],[111.1397025,-7.3779577],[111.1392156,-7.3785799],[111.1389606,-7.3788335],[111.1385892,-7.3789806],[111.1381726,-7.3791575],[111.1374707,-7.378921],[111.1370832,-7.378897],[111.1369439,-7.3801955],[111.1367205,-7.3806115],[111.1364785,-7.3810946],[111.1364787,-7.3818914],[111.1365758,-7.3825434],[111.1368665,-7.3830745],[111.1377867,-7.3828328],[111.1378353,-7.3832432],[111.137642,-7.3841489],[111.1381266,-7.3849456],[111.13895,-7.3849937],[111.1392893,-7.3855489],[111.1390472,-7.3858629],[111.1381027,-7.3859357],[111.1377153,-7.3861048],[111.1376428,-7.3866119],[111.1375703,-7.387119],[111.137522,-7.3874813],[111.1373041,-7.3876745],[111.1369756,-7.3877144],[111.1366745,-7.3878679],[111.1365481,-7.3881447],[111.1364272,-7.3886759],[111.1364031,-7.3891106],[111.1362564,-7.3896133],[111.1353641,-7.3899951],[111.1351555,-7.3900876],[111.1344177,-7.3903427],[111.1339334,-7.3906085],[111.1336671,-7.3909225],[111.1334008,-7.3912606],[111.133304,-7.391647],[111.1333042,-7.3922024],[111.1335224,-7.3928301],[111.1334256,-7.3931924],[111.1327234,-7.3935307],[111.1319485,-7.3936758],[111.1317306,-7.3939656],[111.1315611,-7.394183],[111.1314797,-7.3945873],[111.1313104,-7.3951669],[111.1311653,-7.3958672],[111.1308264,-7.3963019],[111.1303904,-7.3962055],[111.1298575,-7.3956985],[111.1293004,-7.3954089],[111.1290583,-7.3958678],[111.1286226,-7.3964475],[111.1281868,-7.3969305],[111.1283043,-7.3976017],[111.1281629,-7.3978964],[111.1277755,-7.3982829],[111.1274696,-7.3985697],[111.1274777,-7.3985925],[111.127654,-7.3990894],[111.1282837,-7.3992341],[111.128986,-7.399258],[111.1292525,-7.3995236],[111.129301,-7.3997892],[111.1290911,-7.400175],[111.1285021,-7.4006828],[111.1285748,-7.4009726],[111.1291371,-7.4010602],[111.129592,-7.4011655],[111.1296406,-7.401576],[111.1289141,-7.4019867],[111.128453,-7.4021657],[111.1278487,-7.4023975],[111.1279313,-7.4027764],[111.1280354,-7.4030635],[111.12807,-7.4034313],[111.1278953,-7.4037095],[111.127629,-7.4040235],[111.1272658,-7.4044341],[111.1268542,-7.4048448],[111.1264184,-7.4050863],[111.1254274,-7.4050479],[111.1249652,-7.4049177],[111.1244809,-7.4050145],[111.1238755,-7.4051837],[111.1234154,-7.4055943],[111.1232218,-7.406029],[111.1236308,-7.4063057],[111.1241422,-7.4064151],[111.1244571,-7.4067289],[111.1240213,-7.4069705],[111.1232463,-7.4070673],[111.1232949,-7.4074295],[111.1238036,-7.4079606],[111.1243714,-7.4085112],[111.1245335,-7.4087407],[111.1245799,-7.4088096],[111.1245219,-7.4089132],[111.1242321,-7.4090405],[111.1234442,-7.4090425],[111.1228416,-7.4089866],[111.122552,-7.4089184],[111.1220769,-7.4087932],[111.1219032,-7.4085752],[111.121544,-7.4086451],[111.120837,-7.4088884],[111.1200372,-7.4094423],[111.1195388,-7.4096966],[111.1194112,-7.4100878],[111.1192605,-7.4103296],[111.119214,-7.4106861],[111.1192139,-7.4107091],[111.1193993,-7.4109041],[111.1196889,-7.4110183],[111.1199786,-7.411075],[111.1202451,-7.4111318],[111.1203841,-7.411212],[111.1204187,-7.4114648],[111.1203374,-7.4119019],[111.1200591,-7.4124315],[111.1198388,-7.412708],[111.1191548,-7.4133881],[111.1188187,-7.4136189],[111.1185752,-7.4139415],[111.1184822,-7.4145051],[111.1184241,-7.4148846],[111.1184472,-7.4150455],[111.1188757,-7.4156882],[111.1191884,-7.4160323],[111.1195705,-7.4166637],[111.119663,-7.4171578],[111.11957,-7.4178593],[111.1192568,-7.4184235],[111.1190249,-7.418907],[111.1187001,-7.4195747],[111.1185725,-7.4199429],[111.1187113,-7.4204944],[111.1190819,-7.4209073],[111.1194294,-7.4211823],[111.1194988,-7.4214926],[111.1194059,-7.4218607],[111.1191856,-7.4223097],[111.1188607,-7.4231268],[111.1189067,-7.4240925],[111.118999,-7.4248855],[111.1190568,-7.4252648],[111.1193693,-7.4259653],[111.1196705,-7.4263554],[111.1200875,-7.4266992],[111.1203539,-7.4268824],[111.1204119,-7.4268938],[111.1206088,-7.4269163],[111.1209102,-7.426858],[111.1211535,-7.4267884],[111.1216056,-7.4265918],[111.1217446,-7.4265569],[111.12193,-7.4265449],[111.1220922,-7.4266365],[111.1222426,-7.4271994],[111.1221151,-7.4274182],[111.1218717,-7.4275223],[111.1218136,-7.4278789],[111.1218481,-7.4283272],[111.1220682,-7.42866],[111.1222766,-7.4289469],[111.1226356,-7.4294518],[111.1228788,-7.4298996],[111.1230293,-7.4302326],[111.1230494,-7.4304501],[111.123037,-7.4307381],[111.1229366,-7.4311638],[111.1228549,-7.4315897],[111.1227504,-7.4320728],[111.1238504,-7.4340359],[111.1239804,-7.4344075],[111.1240559,-7.4349083],[111.1239555,-7.4353465],[111.1236417,-7.4357973],[111.1231645,-7.436303],[111.1227878,-7.4366286],[111.1225744,-7.4368916],[111.1226248,-7.437455],[111.1226752,-7.4379182],[111.1227255,-7.4383314],[111.1227759,-7.4387445],[111.1228765,-7.4392453],[111.1231026,-7.4396835],[111.1233538,-7.4397961],[111.123658,-7.4397797],[111.1239342,-7.4396544],[111.1241979,-7.4395416],[111.124449,-7.4393663],[111.1248007,-7.4392911],[111.125077,-7.4394287],[111.125278,-7.4396916],[111.1252615,-7.4402751],[111.1253656,-7.4405967],[111.1253887,-7.4407806],[111.1254919,-7.4412941],[111.1256427,-7.4415946],[111.1258437,-7.4419576],[111.125982,-7.4424834],[111.12606,-7.4427793],[111.1260695,-7.4430794],[111.126145,-7.4433423],[111.1261701,-7.4435802],[111.1261702,-7.4437554],[111.1260949,-7.4441185],[111.1258438,-7.4443565],[111.125555,-7.4444567],[111.1253038,-7.4443441],[111.1249647,-7.4441314],[111.1246507,-7.4440438],[111.1243117,-7.4440439],[111.1241359,-7.4442568],[111.1241611,-7.4445072],[111.12445,-7.4449454],[111.1246008,-7.4451081],[111.1250279,-7.4456839],[111.1252474,-7.4459661],[111.1253285,-7.4460234],[111.1253979,-7.4462302],[111.1254515,-7.44643],[111.1255698,-7.446871],[111.1253815,-7.4472217],[111.124917,-7.4476224],[111.1247412,-7.4479355],[111.1247664,-7.4481108],[111.1248669,-7.4483862],[111.1249675,-7.4486992],[111.1251434,-7.4490622],[111.1251067,-7.449749],[111.1251563,-7.4502642],[111.1253107,-7.4506003],[111.1258005,-7.4507879],[111.1264285,-7.4510256],[111.1266704,-7.451504],[111.1271107,-7.4518247],[111.1273079,-7.4520145],[111.1276218,-7.4519894],[111.1279859,-7.4515761],[111.1282748,-7.451576],[111.1285009,-7.4517137],[111.1285763,-7.4520141],[111.1286392,-7.4522645],[111.1288025,-7.4524147],[111.1290662,-7.4525774],[111.1293426,-7.452715],[111.1294933,-7.4528903],[111.1296064,-7.4530405],[111.1297571,-7.4531281],[111.1298566,-7.4532776],[111.1300882,-7.4535414],[111.1301692,-7.4540126],[111.1302037,-7.4544494],[111.1303311,-7.4547825],[111.1305626,-7.4554947],[111.1305857,-7.4555636],[111.1308293,-7.4563691],[111.1309927,-7.4569825],[111.1310179,-7.4573957],[111.1308171,-7.4575961],[111.1305031,-7.4575836],[111.1301012,-7.4576088],[111.1298502,-7.4579594],[111.1296612,-7.4584317],[111.1294603,-7.4588324],[111.1291968,-7.4593834],[111.1288829,-7.4598593],[111.1287072,-7.4602975],[111.1286194,-7.4606731],[111.128607,-7.4610738],[111.1287703,-7.461249],[111.129348,-7.4611362],[111.1298126,-7.4608481],[111.1301642,-7.4606477],[111.1305032,-7.4605474],[111.13088,-7.4605598],[111.1311814,-7.4606098],[111.1316712,-7.4607474],[111.1320906,-7.4609789],[111.1322917,-7.461367],[111.1322291,-7.461968],[111.1318776,-7.4626817],[111.1315638,-7.4632578],[111.1314133,-7.4637837],[111.1316269,-7.4642343],[111.1321167,-7.4643093],[111.1325939,-7.4640337],[111.1330208,-7.4635453],[111.1330835,-7.4632698],[111.1331838,-7.4629067],[111.1332465,-7.462506],[111.1333091,-7.4620052],[111.1335603,-7.461905],[111.1340752,-7.4618923],[111.1346278,-7.4619672],[111.1351177,-7.4622676],[111.1355088,-7.4626849],[111.1355424,-7.4635984],[111.1357354,-7.4646004],[111.1360118,-7.4648883],[111.136853,-7.4651069],[111.1371671,-7.465495],[111.1372677,-7.4659832],[111.1371548,-7.4664465],[111.1365957,-7.4668952],[111.1363638,-7.4671143],[111.1359872,-7.4674485],[111.1356356,-7.4678242],[111.1351585,-7.4682626],[111.134606,-7.4682878],[111.134416,-7.4683713],[111.1344789,-7.4689723],[111.1344791,-7.4695482],[111.1345545,-7.4697986],[111.1347681,-7.4699989],[111.1351198,-7.4702617],[111.1355093,-7.4706935],[111.1354968,-7.471019],[111.1351829,-7.471257],[111.1342064,-7.4716728],[111.1339273,-7.4720336],[111.1341158,-7.4724718],[111.1343796,-7.4726595],[111.1350579,-7.4731476],[111.1351208,-7.4734481],[111.1349074,-7.473711],[111.1341243,-7.4740529],[111.1338924,-7.4741685],[111.1335679,-7.4742958],[111.1332085,-7.4745727],[111.1331967,-7.4751475],[111.1332006,-7.4751574],[111.1333703,-7.475584],[111.1336299,-7.4757463],[111.1339144,-7.4760753],[111.134275,-7.4764396],[111.134666,-7.4766571],[111.1350874,-7.4768543],[111.1354176,-7.4772541],[111.1354904,-7.4775443],[111.1354902,-7.4779697],[111.1352281,-7.4786129],[111.1351845,-7.4790565],[111.1355551,-7.4791728],[111.1362355,-7.479208],[111.1366455,-7.4796624],[111.1367605,-7.4798914],[111.1368181,-7.4803687],[111.1367033,-7.4805596],[111.1361098,-7.4810179],[111.1360347,-7.4814162],[111.136244,-7.4816288],[111.136876,-7.4818004],[111.136991,-7.4820294],[111.1366087,-7.4822831],[111.135717,-7.4825463],[111.1351529,-7.4830991],[111.1351531,-7.4835954],[111.135766,-7.4840916],[111.1365512,-7.4843777],[111.1371258,-7.4847211],[111.1377219,-7.4852276],[111.1381816,-7.4854183],[111.1388327,-7.4854372],[111.138986,-7.485819],[111.1391011,-7.4864489],[111.1392544,-7.4867352],[111.1393671,-7.4867964],[111.1397332,-7.4869259],[111.1401353,-7.4869449],[111.1404417,-7.4868303],[111.1406713,-7.4864102],[111.1409011,-7.4861811],[111.1412074,-7.4860855],[111.1414948,-7.4863145],[111.1415907,-7.4867917],[111.141744,-7.4870971],[111.1418972,-7.4872307],[111.1421462,-7.4872497],[111.1425675,-7.4873259],[111.1432246,-7.488252],[111.1435696,-7.4891491],[111.1435698,-7.4897027],[111.1436466,-7.4903708],[111.14403,-7.491497],[111.1447008,-7.4931195],[111.1448349,-7.4933676],[111.1451073,-7.4935633],[111.1454711,-7.4935632],[111.1459307,-7.4935249],[111.1462946,-7.4935438],[111.1468691,-7.4937918],[111.1473479,-7.4938871],[111.1479416,-7.4939251],[111.1482481,-7.4941159],[111.1488228,-7.4947647],[111.1491937,-7.4956551],[111.149347,-7.4960178],[111.1497301,-7.4961895],[111.150094,-7.4964757],[111.1505537,-7.4966665],[111.1507644,-7.4968191],[111.1510901,-7.4972199],[111.1514923,-7.4974106],[111.1517414,-7.4976015],[111.1519329,-7.4978496],[111.1520097,-7.4982122],[111.1521056,-7.4986513],[111.1522972,-7.4988612],[111.1524888,-7.4991666],[111.1526804,-7.4995292],[111.1526614,-7.499911],[111.1523972,-7.5004423],[111.1522249,-7.500786],[111.1522059,-7.5011296],[111.1525126,-7.5018931],[111.1527234,-7.5022749],[111.152915,-7.5025612],[111.1532215,-7.5029428],[111.1532974,-7.5030888],[111.1532217,-7.5035156],[111.1530496,-7.5040883],[111.1530688,-7.504451],[111.1532988,-7.5049091],[111.1534139,-7.505329],[111.1534331,-7.5056917],[111.1531843,-7.5059018],[111.1527821,-7.5059974],[111.1525141,-7.5061693],[111.1523801,-7.5063793],[111.1521693,-7.5069454],[111.1521502,-7.5073081],[111.1521886,-7.5075562],[111.1523802,-7.5078807],[111.1526867,-7.5080142],[111.1531463,-7.5080523],[111.1534145,-7.5080712],[111.1536443,-7.5081857],[111.1536636,-7.5084721],[111.1536829,-7.5090257],[111.1536831,-7.5095984],[111.1534535,-7.510133],[111.1532812,-7.5104575],[111.1528216,-7.5104959],[111.1524578,-7.5104769],[111.1518257,-7.5103244],[111.1512895,-7.5104391],[111.1507535,-7.5108593],[111.1504471,-7.5111458],[111.1501978,-7.5115013],[111.1500255,-7.5117114],[111.1500064,-7.5120168],[111.1500065,-7.5123413],[111.1500833,-7.512704],[111.149911,-7.5130095],[111.1494707,-7.5136206],[111.1493368,-7.5140024],[111.1491648,-7.5149761],[111.1490118,-7.5155488],[111.1488012,-7.5158734],[111.1482434,-7.5165349],[111.1485307,-7.5168212],[111.1489905,-7.5171838],[111.1492013,-7.5175464],[111.1496609,-7.5176799],[111.150427,-7.5177369],[111.1507335,-7.5178513],[111.1508677,-7.5182903],[111.1506955,-7.5187295],[111.1504083,-7.5191114],[111.1502935,-7.5193787],[111.1502936,-7.5197223],[111.150332,-7.5200468],[111.150428,-7.5204858],[111.1509834,-7.5205429],[111.1514047,-7.5205428],[111.1517686,-7.5207335],[111.1521156,-7.5213591],[111.1521157,-7.5218554],[111.1520776,-7.5223136],[111.1518479,-7.5225618],[111.1515607,-7.5227719],[111.1511584,-7.5225812],[111.150852,-7.5225431],[111.1504498,-7.5226196],[111.1500095,-7.5230015],[111.1495117,-7.5235362],[111.1493168,-7.5238674],[111.1488764,-7.5240585],[111.1484743,-7.5242686],[111.1482829,-7.5245359],[111.1482447,-7.5250323],[111.1480533,-7.525376],[111.148036,-7.5253995],[111.1458021,-7.5243194],[111.1430026,-7.5219944],[111.1395641,-7.5175756],[111.135963,-7.5140045],[111.1326274,-7.5118313],[111.1294175,-7.5109034],[111.127629,-7.5109516],[111.1259606,-7.5117998],[111.1250021,-7.5128268],[111.125,-7.5128284],[111.125,-7.5],[111.0795662,-7.5],[111.079557,-7.4997158],[111.079464,-7.4994993],[111.0791063,-7.499024],[111.0786642,-7.4985368],[111.078408,-7.498034],[111.0783458,-7.4976163],[111.0783825,-7.4972439],[111.0783624,-7.4972268],[111.0778792,-7.4968177],[111.0775072,-7.4965985],[111.0770522,-7.4965382],[111.0768324,-7.4964702],[111.0766046,-7.4964929],[111.0759299,-7.4966216],[111.0747827,-7.49666],[111.0744873,-7.4966829],[111.0743053,-7.4967961],[111.0741989,-7.497008],[111.0740245,-7.4974162],[111.0738046,-7.4972197],[111.0735465,-7.4967132],[111.0733267,-7.4966074],[111.0731979,-7.4966679],[111.0729473,-7.4969326],[111.0727201,-7.4972349],[111.072568,-7.4976296],[111.0724265,-7.4982276],[111.0711008,-7.4983622],[111.0702882,-7.4982831],[111.0690426,-7.4981227],[111.0689797,-7.4979202],[111.0684829,-7.4972937],[111.0682193,-7.4971321],[111.0675301,-7.4969908],[111.0660497,-7.4969101],[111.0645897,-7.4968294],[111.0638393,-7.4968599],[111.0636971,-7.4969812],[111.063454,-7.4971732],[111.0633525,-7.4972944],[111.0631397,-7.4974258],[111.0628966,-7.4975473],[111.0627037,-7.4977089],[111.0625317,-7.4980325],[111.0622175,-7.4987838],[111.0623814,-7.4991435],[111.0627683,-7.4995496],[111.0630055,-7.4998323],[111.0630306,-7.5],[111.0,-7.5],[111.0,-7.375],[111.125,-7.375],[111.125,-7.2500104],[111.1253665,-7.250387],[111.1257369,-7.2509523],[111.1258676,-7.251235],[111.1262164,-7.2523439],[111.126609,-7.2546271],[111.1267182,-7.2559971],[111.1266966,-7.2563233],[111.1266531,-7.2567147],[111.1267557,-7.2571118],[111.1267547,-7.2571406],[111.1267743,-7.2573311],[111.1268689,-7.2574849],[111.1269425,-7.2576047],[111.1271249,-7.2577879],[111.1274526,-7.2579887],[111.1275769,-7.2580574],[111.127783,-7.258079],[111.1282972,-7.2581727],[111.1290087,-7.258515],[111.1295738,-7.2587084],[111.1297484,-7.2587689],[111.1300964,-7.2591221],[111.1303036,-7.259395],[111.1304668,-7.2595302]]]]}}]}