{"type":"FeatureCollection","name":"batas_administrasi_wgs84","crs":{"type":"name","properties":{"name":"urn:ogc:def:crs:OGC:1.3:CRS84"}},"features":[{"type":"Feature","properties":{"Kabupaten":"Lamongan"},"geometry":{"type":"MultiPolygon","coordinates":[[[[112.3292975,-7.3459577],[112.3295592,-7.3459637],[112.3297734,-7.3459577],[112.3298745,-7.3460112],[112.3300292,-7.3460231],[112.33031,-7.3460498],[112.3304385,-7.3460641],[112.3305004,-7.3460212],[112.3307003,-7.3460831],[112.3309382,-7.3461069],[112.3311286,-7.346164],[112.3311702,-7.3462318],[112.3311452,-7.3463853],[112.331131,-7.3464495],[112.3309977,-7.3464924],[112.3308407,-7.3465756],[112.3307146,-7.3466066],[112.3306265,-7.3465756],[112.3305467,-7.3466418],[112.3303623,-7.3469868],[112.3303087,-7.3470879],[112.3305463,-7.3473074],[112.3306973,-7.3475429],[112.3309263,-7.3477355],[112.3320983,-7.3479788],[112.3323589,-7.3480005],[112.3324876,-7.3480206],[112.3325823,-7.348118],[112.3326506,-7.3483909],[112.3323019,-7.3495224],[112.332248,-7.3497149],[112.3322205,-7.349861],[112.3322065,-7.3500732],[112.3321234,-7.3502359],[112.3320468,-7.3502732],[112.3318603,-7.3502067],[112.3316206,-7.3501007],[112.3314746,-7.3500865],[112.3311584,-7.3503827],[112.3307805,-7.350709],[112.3306273,-7.3507879],[112.3295201,-7.3487244],[112.3296153,-7.3485222],[112.3301864,-7.3489505],[112.3303767,-7.3488672],[112.3302339,-7.3483913],[112.3303648,-7.3479273],[112.3302101,-7.3476894],[112.3300436,-7.3479035],[112.3297818,-7.3481772],[112.32929,-7.34809],[112.3291751,-7.3475347],[112.3286992,-7.3476656],[112.3286021,-7.3474542],[112.3285207,-7.3468566],[112.328645,-7.3463941],[112.3288406,-7.3460232],[112.3289099,-7.3459053],[112.3292975,-7.3459577]]],[[[112.4469456,-6.8743994],[112.4469734,-6.8744301],[112.4470022,-6.8744612],[112.447033,-6.8744918],[112.4470662,-6.8745217],[112.4471026,-6.8745526],[112.4471401,-6.8745838],[112.4471771,-6.8746155],[112.4472135,-6.8746486],[112.4472577,-6.8746804],[112.4472931,-6.874667],[112.4473279,-6.8746959],[112.4473579,-6.8747172],[112.4473615,-6.8747727],[112.4474024,-6.874796],[112.4474245,-6.8748096],[112.4474457,-6.874824],[112.4474663,-6.8748386],[112.4474862,-6.8748533],[112.4475051,-6.8748674],[112.4475236,-6.8748811],[112.4475417,-6.8748941],[112.4475587,-6.8749075],[112.447584,-6.8749327],[112.4476215,-6.8748954],[112.4476397,-6.8748792],[112.447651,-6.8748669],[112.447663,-6.8748543],[112.4476759,-6.8748408],[112.4476912,-6.8748252],[112.447708,-6.8748079],[112.4477257,-6.8747906],[112.447744,-6.8747741],[112.4477611,-6.8747594],[112.4477815,-6.8747415],[112.4478015,-6.8747234],[112.4478258,-6.8747006],[112.4478439,-6.8746831],[112.4478618,-6.8746651],[112.4478781,-6.8746491],[112.4478963,-6.8746313],[112.4479101,-6.8746183],[112.4479224,-6.8746049],[112.4479355,-6.87459],[112.447952,-6.8745723],[112.4479714,-6.874554],[112.4479924,-6.8745353],[112.4480124,-6.8745178],[112.4480294,-6.874501],[112.44805,-6.8744815],[112.4480755,-6.874459],[112.4481096,-6.874432],[112.4481319,-6.8744135],[112.4481504,-6.8743971],[112.4481666,-6.8743816],[112.4481842,-6.8743635],[112.4482016,-6.8743458],[112.4482189,-6.8743281],[112.4482366,-6.874311],[112.4482545,-6.874294],[112.4482713,-6.874278],[112.4482869,-6.8742639],[112.4483013,-6.8742512],[112.4483137,-6.8742415],[112.4483236,-6.874234],[112.4483325,-6.8742283],[112.4483414,-6.8742237],[112.4483511,-6.8742206],[112.4483586,-6.8742205],[112.4483635,-6.8742228],[112.4483667,-6.8742278],[112.4483667,-6.874235],[112.4483631,-6.8742451],[112.4483538,-6.8742574],[112.4483445,-6.8742677],[112.4483349,-6.8742768],[112.4483257,-6.8742846],[112.4483154,-6.8742928],[112.448305,-6.8743011],[112.4482949,-6.87431],[112.4482847,-6.8743191],[112.4482743,-6.874328],[112.4482628,-6.8743378],[112.4482507,-6.874348],[112.4482373,-6.87436],[112.4482228,-6.8743738],[112.4482043,-6.8743917],[112.4481871,-6.8744085],[112.4481701,-6.8744249],[112.4481558,-6.8744384],[112.4481412,-6.8744512],[112.4481267,-6.8744637],[112.4481097,-6.8744779],[112.4480916,-6.8744943],[112.4480713,-6.8745131],[112.4480498,-6.874532],[112.4480304,-6.8745493],[112.4480068,-6.8745701],[112.4479878,-6.8745879],[112.4479685,-6.8746068],[112.4479506,-6.8746263],[112.4479347,-6.8746435],[112.4479204,-6.8746587],[112.4479053,-6.8746731],[112.4478829,-6.8746928],[112.4478555,-6.8747175],[112.4478195,-6.874751],[112.4477971,-6.8747729],[112.4477795,-6.8747905],[112.4477643,-6.8748052],[112.4477457,-6.8748222],[112.4477275,-6.8748377],[112.4477115,-6.874852],[112.4476977,-6.8748653],[112.4476818,-6.8748813],[112.4476658,-6.8748967],[112.4476483,-6.8749131],[112.4476314,-6.8749283],[112.4476155,-6.8749429],[112.447605,-6.8749547],[112.4475773,-6.8749803],[112.447571,-6.8750038],[112.4475659,-6.8750275],[112.4475653,-6.8750507],[112.4475709,-6.8750733],[112.4475833,-6.8750951],[112.4476017,-6.8751161],[112.4476245,-6.8751359],[112.4476499,-6.8751538],[112.4476763,-6.8751682],[112.4477048,-6.8751771],[112.4477222,-6.8752006],[112.4477663,-6.8751698],[112.4477955,-6.8751548],[112.4478613,-6.8752148],[112.4479062,-6.8752639],[112.4479579,-6.8753322],[112.4478996,-6.8753889],[112.4479496,-6.8754642],[112.4479943,-6.8755465],[112.4480552,-6.8756253],[112.4481312,-6.8757154],[112.4482164,-6.8758132],[112.4483081,-6.8759184],[112.448402,-6.8760253],[112.4484946,-6.8761308],[112.4485805,-6.8762278],[112.4486595,-6.8763118],[112.4487242,-6.8763868],[112.4487942,-6.8764547],[112.4488434,-6.8765055],[112.4489858,-6.8763206],[112.4490583,-6.8762402],[112.449284,-6.8764359],[112.4492207,-6.8765201],[112.4491732,-6.8765825],[112.4491182,-6.876645],[112.4490674,-6.8767016],[112.4491016,-6.8767316],[112.4491657,-6.8767908],[112.4492331,-6.8768369],[112.4492866,-6.8768805],[112.4493424,-6.8769186],[112.4493976,-6.8769535],[112.4494521,-6.8769869],[112.4494877,-6.8770079],[112.4495513,-6.8770337],[112.44959,-6.8770578],[112.4496247,-6.8770773],[112.4496539,-6.8770961],[112.449668,-6.8771469],[112.4496565,-6.8771814],[112.4496711,-6.8772057],[112.449708,-6.8772293],[112.4497755,-6.8772635],[112.4498038,-6.8772335],[112.4498738,-6.8771494],[112.449945,-6.8770523],[112.4500278,-6.8769605],[112.4500971,-6.8768809],[112.4501536,-6.8768079],[112.4502061,-6.8767441],[112.450222,-6.8767508],[112.4502197,-6.8767974],[112.4502313,-6.8768193],[112.4502508,-6.8768378],[112.4502817,-6.8768478],[112.4503225,-6.8768502],[112.4503676,-6.8768476],[112.4504108,-6.8768419],[112.4504507,-6.8768341],[112.4504882,-6.8768236],[112.4505256,-6.8768103],[112.4505631,-6.8767945],[112.4505984,-6.876778],[112.4506308,-6.8767606],[112.4506604,-6.8767416],[112.4506887,-6.8767192],[112.4507165,-6.8766928],[112.4507441,-6.8766627],[112.4507711,-6.8766303],[112.4507975,-6.8765961],[112.4508225,-6.876563],[112.4508473,-6.8765307],[112.4508728,-6.8764997],[112.4509018,-6.8764685],[112.4509359,-6.8764357],[112.4509795,-6.8763965],[112.4510075,-6.8763485],[112.4510566,-6.8763026],[112.4511066,-6.8762618],[112.4511482,-6.8762168],[112.4511805,-6.8761835],[112.4512059,-6.8761704],[112.4512311,-6.8761637],[112.4512566,-6.8761634],[112.4513123,-6.8762044],[112.4513649,-6.8762445],[112.4513758,-6.8762631],[112.4513804,-6.8762852],[112.4513779,-6.8763118],[112.4513415,-6.8763451],[112.4512891,-6.8763917],[112.4512593,-6.8764297],[112.4512212,-6.8764718],[112.4511857,-6.8765081],[112.4511491,-6.8765738],[112.4511083,-6.8766246],[112.4510413,-6.8766526],[112.4510062,-6.8766919],[112.4509772,-6.876734],[112.4509558,-6.8767791],[112.4509422,-6.8768267],[112.4509356,-6.8768676],[112.4509333,-6.8769027],[112.4509337,-6.8769347],[112.4509371,-6.8769699],[112.4509449,-6.8770101],[112.4509577,-6.8770544],[112.450974,-6.8771006],[112.4509922,-6.8771467],[112.4510109,-6.8771928],[112.4510299,-6.8772396],[112.4510484,-6.8772855],[112.4510653,-6.877328],[112.4510796,-6.8773642],[112.4510914,-6.8773942],[112.4511022,-6.8774207],[112.4511132,-6.8774466],[112.451125,-6.8774736],[112.4511375,-6.877502],[112.45115,-6.8775301],[112.4511625,-6.8775579],[112.4511756,-6.8775852],[112.4511903,-6.8776131],[112.4512067,-6.8776419],[112.4512246,-6.8776712],[112.4512432,-6.8777005],[112.4512617,-6.8777284],[112.4512795,-6.8777543],[112.4512969,-6.8777793],[112.4513144,-6.8778047],[112.4513314,-6.8778298],[112.4513479,-6.8778539],[112.4513641,-6.8778757],[112.4513817,-6.8778971],[112.4514017,-6.8779193],[112.4514228,-6.8779423],[112.451444,-6.8779652],[112.451465,-6.8779882],[112.4514862,-6.8780117],[112.4515079,-6.8780361],[112.4515287,-6.8780601],[112.4515482,-6.878083],[112.4515665,-6.8781045],[112.4515856,-6.8781269],[112.4516063,-6.8781508],[112.4516295,-6.8781773],[112.4516519,-6.8782026],[112.4516732,-6.8782264],[112.4516929,-6.8782487],[112.4517125,-6.8782716],[112.4517326,-6.8782956],[112.4517533,-6.8783201],[112.4517741,-6.8783436],[112.4517941,-6.8783643],[112.4518144,-6.8783822],[112.4518357,-6.8783983],[112.4518599,-6.8784153],[112.4518845,-6.8784335],[112.4519091,-6.8784537],[112.4519332,-6.8784755],[112.4519576,-6.8784985],[112.4519837,-6.8785223],[112.45201,-6.8785446],[112.4520372,-6.878566],[112.4520651,-6.8785868],[112.4520945,-6.878609],[112.4521244,-6.8786326],[112.4521548,-6.8786572],[112.4521852,-6.8786813],[112.4522161,-6.8787039],[112.4522468,-6.8787242],[112.4522777,-6.8787423],[112.4523099,-6.8787592],[112.452345,-6.8787761],[112.4523828,-6.8787941],[112.4524197,-6.8788126],[112.4524521,-6.8788313],[112.4524783,-6.8788505],[112.4525003,-6.8788715],[112.452521,-6.8788947],[112.4525424,-6.8789196],[112.4525653,-6.878945],[112.4525878,-6.8789674],[112.4526089,-6.8789859],[112.4526281,-6.8790012],[112.452647,-6.8790165],[112.4526673,-6.879034],[112.4526902,-6.8790542],[112.4527168,-6.8790761],[112.4527469,-6.8790981],[112.4527795,-6.8791187],[112.4528121,-6.8791378],[112.4528436,-6.8791569],[112.452873,-6.8791773],[112.4529015,-6.8792014],[112.4529288,-6.8792289],[112.4529565,-6.8792592],[112.4529829,-6.8792873],[112.4530081,-6.8793115],[112.4530324,-6.8793316],[112.4530578,-6.8793498],[112.4530863,-6.8793681],[112.4531187,-6.8793871],[112.4531535,-6.8794069],[112.4531894,-6.8794277],[112.4532264,-6.8794507],[112.4532658,-6.879476],[112.4533069,-6.8795022],[112.4533465,-6.8795261],[112.4533825,-6.8795471],[112.4534169,-6.8795663],[112.4534523,-6.8795849],[112.4534901,-6.8796033],[112.45353,-6.8796216],[112.4535708,-6.8796399],[112.4536122,-6.8796575],[112.4536517,-6.8796718],[112.4536907,-6.8796796],[112.4537325,-6.8796795],[112.4537655,-6.8796563],[112.4538463,-6.8796837],[112.4538888,-6.8796404],[112.4539325,-6.8795946],[112.4539636,-6.8795683],[112.4539875,-6.8795455],[112.4540096,-6.8795237],[112.4540314,-6.8795009],[112.4540527,-6.8794762],[112.4540733,-6.8794501],[112.4540936,-6.8794235],[112.4541152,-6.879397],[112.4541401,-6.8793686],[112.4541699,-6.879336],[112.4542034,-6.879299],[112.4542389,-6.8792601],[112.4542743,-6.8792222],[112.4543101,-6.879185],[112.4543441,-6.87915],[112.4543757,-6.8791181],[112.4544045,-6.879089],[112.4544317,-6.8790615],[112.4544583,-6.8790333],[112.4544843,-6.8790043],[112.4545096,-6.8789751],[112.454535,-6.8789465],[112.454562,-6.8789183],[112.4545913,-6.87889],[112.4546212,-6.8788624],[112.4546501,-6.8788352],[112.454677,-6.8788084],[112.4547047,-6.878779],[112.4547346,-6.8787466],[112.4547688,-6.8787094],[112.4548061,-6.8786701],[112.4548446,-6.8786309],[112.4548808,-6.8785963],[112.4549118,-6.8785688],[112.4549372,-6.8785489],[112.4549577,-6.8785361],[112.4549743,-6.8785302],[112.4549868,-6.8785312],[112.4549942,-6.8785387],[112.4549949,-6.8785516],[112.4549889,-6.8785684],[112.4549771,-6.8785879],[112.4549609,-6.8786094],[112.4549403,-6.878633],[112.4549158,-6.8786581],[112.4548864,-6.878686],[112.4548538,-6.8787159],[112.454818,-6.8787485],[112.4547833,-6.8787814],[112.4547489,-6.8788161],[112.4547143,-6.878853],[112.4546773,-6.8788932],[112.4546392,-6.878933],[112.4545973,-6.878974],[112.4545537,-6.8790148],[112.4545083,-6.8790576],[112.4544637,-6.8791023],[112.4544213,-6.8791487],[112.4543823,-6.8791938],[112.4543464,-6.8792355],[112.4543125,-6.8792733],[112.4542797,-6.8793084],[112.4542527,-6.8793371],[112.4542308,-6.8793612],[112.4542119,-6.8793838],[112.4541907,-6.8794103],[112.4541642,-6.8794433],[112.4541324,-6.8794814],[112.4540965,-6.879523],[112.4540565,-6.8795677],[112.4540128,-6.8796157],[112.4539669,-6.8796655],[112.4539242,-6.8797131],[112.4538852,-6.8797595],[112.4538491,-6.8798059],[112.4538151,-6.8798524],[112.4537831,-6.8798974],[112.4537536,-6.879939],[112.4537268,-6.879976],[112.453704,-6.8800075],[112.4536836,-6.8800366],[112.4536619,-6.8800708],[112.4536614,-6.8801048],[112.4535876,-6.8801926],[112.4535089,-6.8802743],[112.4534356,-6.8803743],[112.4534445,-6.8804592],[112.4534324,-6.8805005],[112.4534287,-6.8805292],[112.4534313,-6.8805499],[112.4534377,-6.8805663],[112.4534466,-6.8805801],[112.4534567,-6.8805926],[112.4534669,-6.8806056],[112.4534766,-6.8806197],[112.4534859,-6.8806357],[112.4534949,-6.8806536],[112.4535044,-6.8806734],[112.4535155,-6.8806955],[112.4535306,-6.8807214],[112.4535501,-6.8807512],[112.4535734,-6.8807846],[112.4535963,-6.8808175],[112.4536176,-6.8808489],[112.453637,-6.8808785],[112.4536554,-6.8809068],[112.4536747,-6.8809367],[112.4536947,-6.8809686],[112.453716,-6.8810039],[112.4537356,-6.8810372],[112.4537542,-6.881067],[112.4537719,-6.8810927],[112.4537904,-6.8811176],[112.4538081,-6.8811417],[112.453824,-6.8811649],[112.4538384,-6.8811873],[112.4538532,-6.8812107],[112.4538703,-6.8812365],[112.453889,-6.8812644],[112.4539092,-6.8812954],[112.4539293,-6.8813298],[112.4539488,-6.8813669],[112.4539675,-6.8814046],[112.453985,-6.8814356],[112.4540017,-6.8814598],[112.4540181,-6.8814786],[112.454035,-6.8814967],[112.4540525,-6.8815164],[112.4540701,-6.8815385],[112.4540878,-6.881563],[112.4541058,-6.8815886],[112.4541244,-6.881614],[112.4541437,-6.8816372],[112.4541639,-6.8816583],[112.4541847,-6.8816769],[112.4542059,-6.881693],[112.4542277,-6.8817057],[112.4542503,-6.8817145],[112.4542739,-6.8817226],[112.4543086,-6.8816971],[112.4543469,-6.8817287],[112.4543119,-6.8817745],[112.4543375,-6.8818046],[112.4543537,-6.8818259],[112.4543743,-6.881844],[112.4543971,-6.8818618],[112.4544194,-6.8818807],[112.4544398,-6.881901],[112.4544585,-6.8819221],[112.4544776,-6.8819439],[112.4544997,-6.8819654],[112.4545253,-6.8819848],[112.4545523,-6.8819988],[112.4545769,-6.8820063],[112.4546005,-6.8820099],[112.4546284,-6.8820165],[112.4546674,-6.8820333],[112.4547203,-6.8820648],[112.454782,-6.8821062],[112.4548461,-6.8821502],[112.4549325,-6.8822077],[112.4549433,-6.8821923],[112.4549891,-6.8822298],[112.4550482,-6.8822801],[112.4551066,-6.8823222],[112.4551616,-6.8823689],[112.4552084,-6.8823643],[112.455236,-6.8823641],[112.4552569,-6.8823557],[112.455276,-6.8823432],[112.4552951,-6.8823285],[112.4553143,-6.8823123],[112.4553324,-6.8822949],[112.4553488,-6.8822762],[112.455364,-6.882256],[112.4553789,-6.8822346],[112.4553933,-6.8822133],[112.4554037,-6.8821836],[112.4554169,-6.8821614],[112.4554299,-6.8821376],[112.4554435,-6.8821115],[112.4554626,-6.88209],[112.4554816,-6.8820554],[112.4555034,-6.8820179],[112.4555249,-6.881983],[112.4555435,-6.8819556],[112.4555589,-6.8819352],[112.4555724,-6.8819186],[112.4555863,-6.8819021],[112.4556013,-6.8818846],[112.4556183,-6.8818662],[112.4556368,-6.8818477],[112.4556567,-6.8818309],[112.4556748,-6.8818191],[112.4556899,-6.8818145],[112.4556996,-6.8818176],[112.4557038,-6.8818273],[112.4557017,-6.8818413],[112.4556946,-6.8818579],[112.4556839,-6.8818756],[112.4556716,-6.8818939],[112.4556586,-6.8819128],[112.4556452,-6.8819321],[112.4556314,-6.881952],[112.4556169,-6.8819727],[112.4556009,-6.881996],[112.4555838,-6.8820224],[112.4555665,-6.8820516],[112.4555509,-6.8820807],[112.4555368,-6.8821082],[112.4555225,-6.8821342],[112.4555055,-6.88216],[112.4554845,-6.8821881],[112.4554584,-6.8822212],[112.4554294,-6.8822583],[112.4554001,-6.8822969],[112.4553749,-6.8823311],[112.4553542,-6.8823597],[112.4553369,-6.8823838],[112.4553202,-6.8824065],[112.4553022,-6.8824312],[112.4552832,-6.8824582],[112.4552644,-6.8824869],[112.4552496,-6.8825116],[112.455239,-6.8825319],[112.4552322,-6.8825493],[112.4552279,-6.8825673],[112.4552259,-6.8825882],[112.4552267,-6.8826118],[112.4552312,-6.8826369],[112.4552394,-6.8826608],[112.455252,-6.8826828],[112.45527,-6.8827044],[112.4552931,-6.8827272],[112.4553202,-6.8827526],[112.4553462,-6.8827772],[112.4553707,-6.8828012],[112.4553933,-6.8828237],[112.455416,-6.8828458],[112.4554397,-6.8828679],[112.4554641,-6.8828893],[112.4554894,-6.8829105],[112.4555131,-6.8829302],[112.4555355,-6.8829492],[112.455556,-6.8829679],[112.4555755,-6.8829865],[112.4555943,-6.8830049],[112.4556119,-6.8830227],[112.4556272,-6.8830387],[112.4556393,-6.883052],[112.4556485,-6.8830627],[112.4556561,-6.8830716],[112.4556638,-6.8830799],[112.4556732,-6.883089],[112.4556844,-6.8830988],[112.4556979,-6.8831096],[112.4557133,-6.8831215],[112.4557326,-6.8831367],[112.4557559,-6.8831542],[112.4557829,-6.8831724],[112.4558077,-6.8831843],[112.4558294,-6.8831887],[112.455848,-6.8831859],[112.4558663,-6.8831805],[112.4558872,-6.8831751],[112.4559128,-6.8831722],[112.4559458,-6.8831728],[112.4559871,-6.8831776],[112.4560347,-6.8831859],[112.4560848,-6.8831965],[112.456132,-6.8832065],[112.4561782,-6.8832138],[112.4562268,-6.8832131],[112.4562795,-6.8832147],[112.4561022,-6.8835594],[112.4560167,-6.8837058],[112.4558248,-6.884052],[112.455592,-6.8839858],[112.4553961,-6.8839208],[112.4551249,-6.883803],[112.4545307,-6.8835244],[112.4541422,-6.8833944],[112.4538477,-6.8832911],[112.4537778,-6.8832914],[112.4537058,-6.8833418],[112.4534875,-6.8834909],[112.4534329,-6.8834911],[112.4531964,-6.8834088],[112.4529065,-6.883261],[112.4525444,-6.8830325],[112.452238,-6.8827355],[112.4518792,-6.8824202],[112.4517634,-6.882313],[112.4520547,-6.882042],[112.4517938,-6.8818586],[112.4515333,-6.8816763],[112.450973,-6.8812163],[112.4508097,-6.8810833],[112.4504178,-6.8807399],[112.4502594,-6.8806239],[112.4498608,-6.8803467],[112.4497512,-6.8802624],[112.4493688,-6.8799449],[112.4491762,-6.879792],[112.4488037,-6.879501],[112.4486119,-6.8793419],[112.4486492,-6.8792721],[112.4488173,-6.8788825],[112.4487209,-6.8787727],[112.44861,-6.8786394],[112.4483236,-6.8783514],[112.4478117,-6.8779666],[112.4475423,-6.8777558],[112.4478529,-6.8774225],[112.4480241,-6.877229],[112.4479667,-6.8771893],[112.4479586,-6.8771664],[112.4479447,-6.8770753],[112.4479386,-6.8770276],[112.4479402,-6.8769849],[112.4479485,-6.8769111],[112.4479463,-6.8768095],[112.4479299,-6.876778],[112.447899,-6.8767388],[112.4478663,-6.8767053],[112.4477879,-6.876602],[112.4478804,-6.8764821],[112.4478814,-6.8764487],[112.4478727,-6.8764282],[112.4478433,-6.8763916],[112.4477345,-6.8762657],[112.4477447,-6.8762504],[112.4477557,-6.8762145],[112.4477573,-6.8761813],[112.4477529,-6.8761586],[112.4477336,-6.8761126],[112.4477066,-6.8760734],[112.4476691,-6.8760342],[112.4476075,-6.8759808],[112.4474617,-6.8758658],[112.4467456,-6.8752125],[112.4465484,-6.8749962],[112.4465284,-6.874773],[112.4465196,-6.8744092],[112.4465796,-6.8744268],[112.446599,-6.8743957],[112.446619,-6.8743104],[112.4466418,-6.8742171],[112.4466673,-6.8741097],[112.4466612,-6.87401],[112.4466779,-6.8738956],[112.4466968,-6.8737854],[112.4467278,-6.8736562],[112.4467506,-6.8735488],[112.4467823,-6.8734574],[112.4468384,-6.8734713],[112.4468178,-6.8735671],[112.446784,-6.8736878],[112.4467567,-6.8737917],[112.4467384,-6.87389],[112.4467194,-6.8740177],[112.4467216,-6.8740902],[112.4467436,-6.8741471],[112.4467586,-6.8741832],[112.4467627,-6.8741904],[112.4467761,-6.874214],[112.4467972,-6.8742438],[112.446819,-6.8742702],[112.4468431,-6.8742955],[112.4468675,-6.8743193],[112.446893,-6.8743442],[112.4469189,-6.8743706],[112.4469456,-6.8743994]]],[[[112.3336781,-6.8612068],[112.3337412,-6.8612322],[112.3338051,-6.8612597],[112.3338392,-6.8612893],[112.3338904,-6.8613152],[112.3339272,-6.8613362],[112.3339684,-6.8613513],[112.3339944,-6.8613565],[112.3340153,-6.8613564],[112.334031,-6.8613543],[112.334048,-6.8613546],[112.3340639,-6.8613578],[112.3340781,-6.861364],[112.3340865,-6.8613713],[112.3340907,-6.8613823],[112.3340921,-6.8613947],[112.3340915,-6.8614097],[112.3340934,-6.8614267],[112.334097,-6.8614515],[112.3341033,-6.8614783],[112.3340902,-6.861526],[112.3340609,-6.8615814],[112.3340263,-6.8616743],[112.3339934,-6.8617658],[112.3339705,-6.861828],[112.3339571,-6.8618592],[112.3339505,-6.8618774],[112.333947,-6.8618947],[112.3339446,-6.8619141],[112.3339429,-6.8619328],[112.3339389,-6.8619567],[112.3339323,-6.8619868],[112.3339205,-6.8620321],[112.333909,-6.8620719],[112.3338989,-6.8621058],[112.3338892,-6.8621395],[112.3338821,-6.8621709],[112.3338773,-6.8622031],[112.333874,-6.8622346],[112.3338706,-6.8622672],[112.3338678,-6.8622984],[112.3338645,-6.8623263],[112.3338615,-6.8623465],[112.3338572,-6.8623692],[112.3338516,-6.8623956],[112.3338436,-6.8624287],[112.3338343,-6.8624633],[112.3338221,-6.8625089],[112.3338153,-6.8625455],[112.3338086,-6.8625781],[112.3338013,-6.8626052],[112.3337914,-6.8626337],[112.3337816,-6.8626611],[112.3337723,-6.862689],[112.3337666,-6.8627093],[112.3337626,-6.8627309],[112.33376,-6.8627516],[112.3337561,-6.8627786],[112.3337504,-6.8628063],[112.3337418,-6.862838],[112.3337298,-6.8628763],[112.3337168,-6.8629182],[112.3337053,-6.8629542],[112.3336943,-6.8629847],[112.3336839,-6.8630149],[112.333672,-6.863047],[112.3336586,-6.8630804],[112.333643,-6.8631153],[112.3336265,-6.8631536],[112.3336115,-6.8631884],[112.3335963,-6.8632265],[112.3335809,-6.8632674],[112.3335634,-6.8633178],[112.3335452,-6.8633698],[112.3335328,-6.8634041],[112.3335238,-6.8634293],[112.3335181,-6.8634485],[112.3335127,-6.8634685],[112.3335081,-6.8634865],[112.3335045,-6.8635039],[112.3335001,-6.8635224],[112.3334944,-6.8635425],[112.3334866,-6.8635678],[112.3334783,-6.8635937],[112.333469,-6.8636235],[112.333461,-6.8636468],[112.3334515,-6.8636723],[112.3334401,-6.8637017],[112.3334269,-6.86374],[112.3334124,-6.8637849],[112.3334011,-6.8638282],[112.3333939,-6.8638658],[112.3333903,-6.8638973],[112.3333881,-6.8639237],[112.3333867,-6.8639484],[112.3333841,-6.8639739],[112.3333804,-6.8640016],[112.3333738,-6.8640323],[112.3333679,-6.8640622],[112.333361,-6.8640907],[112.3333548,-6.8641153],[112.3333511,-6.864136],[112.333351,-6.8641565],[112.3333543,-6.8641772],[112.3333612,-6.8641972],[112.3333724,-6.864216],[112.3333877,-6.8642309],[112.3334067,-6.8642432],[112.3334348,-6.8642546],[112.3334713,-6.8642676],[112.3335243,-6.8642851],[112.3335708,-6.8643024],[112.3336132,-6.8643195],[112.3336514,-6.8643358],[112.3336922,-6.8643516],[112.3337326,-6.8643668],[112.3337768,-6.8643818],[112.3338121,-6.8643948],[112.3338458,-6.8644069],[112.3338844,-6.8644206],[112.3339301,-6.864433],[112.3339817,-6.8644488],[112.334041,-6.86447],[112.3341101,-6.8644976],[112.3341662,-6.8645254],[112.3342066,-6.8645521],[112.3342316,-6.8645751],[112.3342531,-6.8645971],[112.334282,-6.8646211],[112.3343152,-6.8646442],[112.334362,-6.8646726],[112.3343987,-6.8646914],[112.334433,-6.8647059],[112.3344635,-6.864716],[112.3344959,-6.8647267],[112.3345316,-6.8647398],[112.334569,-6.8647566],[112.3346071,-6.864776],[112.3346421,-6.8647976],[112.3346743,-6.8648206],[112.3347065,-6.8648442],[112.3347418,-6.8648684],[112.3347736,-6.8648905],[112.334806,-6.8649135],[112.334837,-6.8649384],[112.3348631,-6.8649601],[112.3348857,-6.8649802],[112.3349061,-6.8649987],[112.334931,-6.8650221],[112.3349571,-6.8650467],[112.3349826,-6.8650689],[112.3350023,-6.8650835],[112.3350233,-6.8650959],[112.3350424,-6.8651072],[112.3350614,-6.8651212],[112.3350843,-6.8651422],[112.3351144,-6.8651673],[112.3351534,-6.8651958],[112.3351939,-6.8652211],[112.3352307,-6.8652446],[112.3352693,-6.8652701],[112.3353007,-6.8652871],[112.3353231,-6.8652968],[112.3353397,-6.8653022],[112.3353599,-6.8653117],[112.3353822,-6.8653237],[112.3354102,-6.8653396],[112.3354372,-6.8653534],[112.3354715,-6.8653514],[112.3355223,-6.8653195],[112.3356032,-6.8652492],[112.335683,-6.8651092],[112.3358403,-6.865206],[112.3359643,-6.8652756],[112.3360762,-6.8653497],[112.3360278,-6.865445],[112.3359949,-6.8655164],[112.3359745,-6.8655463],[112.3359628,-6.8655758],[112.335963,-6.865598],[112.3359787,-6.8656171],[112.3360042,-6.8656298],[112.3360346,-6.8656446],[112.3360617,-6.8656582],[112.3360883,-6.8656733],[112.3361155,-6.8656858],[112.3361465,-6.8656978],[112.3361751,-6.8657086],[112.3362012,-6.8657204],[112.336227,-6.8657328],[112.3362565,-6.865746],[112.3362904,-6.8657612],[112.3363288,-6.8657758],[112.3363718,-6.8657893],[112.336415,-6.8657999],[112.3364569,-6.8658097],[112.3364967,-6.8658204],[112.3365422,-6.8658329],[112.3365845,-6.8658453],[112.336628,-6.865858],[112.3366686,-6.8658693],[112.3367055,-6.8658812],[112.336741,-6.8658964],[112.3367717,-6.8659124],[112.3368019,-6.8659321],[112.336823,-6.8659482],[112.3368452,-6.8659676],[112.3368672,-6.8659842],[112.3368906,-6.8659994],[112.3369152,-6.8660122],[112.3369407,-6.8660227],[112.3369676,-6.8660316],[112.3369962,-6.8660396],[112.3370231,-6.8660492],[112.3370478,-6.8660603],[112.3370694,-6.8660738],[112.3370913,-6.8660908],[112.3371224,-6.8661158],[112.3371619,-6.8661442],[112.3372045,-6.866172],[112.3372431,-6.8661989],[112.3372756,-6.8662249],[112.3373055,-6.866252],[112.3373358,-6.8662816],[112.3373618,-6.8663057],[112.3373897,-6.8663294],[112.3374077,-6.866349],[112.3374216,-6.8663677],[112.3374325,-6.8663862],[112.3374415,-6.8664026],[112.3374507,-6.8664184],[112.3374615,-6.8664324],[112.3374749,-6.8664463],[112.3374905,-6.8664601],[112.3375063,-6.8664739],[112.3375212,-6.8664884],[112.3375348,-6.8665036],[112.3375488,-6.8665219],[112.3375634,-6.8665435],[112.3375774,-6.8665661],[112.3375899,-6.8665861],[112.3376014,-6.8666024],[112.3376127,-6.866616],[112.3376244,-6.8666267],[112.3376385,-6.8666353],[112.3376533,-6.8666417],[112.3376691,-6.866648],[112.3376854,-6.8666564],[112.337702,-6.8666666],[112.3377199,-6.8666784],[112.3377381,-6.8666834],[112.3377605,-6.8666801],[112.3377856,-6.8666587],[112.3378122,-6.8666416],[112.3378398,-6.8666394],[112.3378611,-6.866648],[112.3378814,-6.866661],[112.3379022,-6.8666736],[112.3379277,-6.8666891],[112.3379545,-6.8667066],[112.3379872,-6.8667285],[112.3380127,-6.866744],[112.3380345,-6.8667553],[112.3380526,-6.8667638],[112.3380696,-6.8667721],[112.3380869,-6.8667828],[112.3381025,-6.8667951],[112.3381146,-6.8668081],[112.3381205,-6.8668199],[112.3381217,-6.866833],[112.3381186,-6.8668491],[112.3381119,-6.8668716],[112.338102,-6.866899],[112.3381019,-6.8669255],[112.3381161,-6.8669475],[112.3381538,-6.8669771],[112.3381844,-6.8670054],[112.3382109,-6.8670391],[112.3382296,-6.8670696],[112.3382476,-6.867098],[112.3382604,-6.8671168],[112.3382701,-6.8671307],[112.3382791,-6.8671419],[112.3382884,-6.8671524],[112.338299,-6.8671637],[112.3383098,-6.867175],[112.3383216,-6.8671859],[112.3383351,-6.8671951],[112.3383503,-6.867202],[112.3383669,-6.8672057],[112.3383869,-6.8672076],[112.3384069,-6.8672096],[112.3384337,-6.8672137],[112.3384546,-6.8672185],[112.3384738,-6.8672237],[112.3384881,-6.8672269],[112.3385047,-6.8672243],[112.3385176,-6.8672131],[112.3385343,-6.8671851],[112.3385519,-6.867122],[112.3385825,-6.8671373],[112.3386119,-6.8671529],[112.3386637,-6.8671791],[112.3386926,-6.8672049],[112.3387072,-6.86723],[112.338714,-6.8672461],[112.3387224,-6.8672572],[112.3387333,-6.8672612],[112.3387463,-6.8672636],[112.338763,-6.8672672],[112.3387778,-6.8672776],[112.3387908,-6.8672911],[112.3387992,-6.8673102],[112.3388145,-6.8673246],[112.3388236,-6.8673371],[112.3388277,-6.8673487],[112.338827,-6.8673618],[112.3388269,-6.8673755],[112.3388344,-6.8673885],[112.3388473,-6.8674013],[112.338862,-6.8674137],[112.3388761,-6.8674294],[112.3388869,-6.8674446],[112.3388966,-6.8674622],[112.3389052,-6.8674776],[112.3389161,-6.867494],[112.3389282,-6.8675096],[112.3389434,-6.8675254],[112.3389599,-6.8675387],[112.3389783,-6.8675509],[112.3389987,-6.8675635],[112.339018,-6.8675777],[112.3390339,-6.867594],[112.3390452,-6.867612],[112.3390543,-6.8676323],[112.3390624,-6.8676528],[112.3390745,-6.8676719],[112.3390899,-6.8676855],[112.3391122,-6.8676966],[112.3391334,-6.8676999],[112.339149,-6.8677093],[112.3391525,-6.8677206],[112.3391516,-6.8677336],[112.3391514,-6.867746],[112.3391557,-6.867759],[112.3391631,-6.8677708],[112.3391712,-6.867781],[112.3391799,-6.8677914],[112.3391875,-6.8678022],[112.3391954,-6.8678143],[112.3392027,-6.8678268],[112.3392113,-6.8678387],[112.3392162,-6.8678508],[112.3392163,-6.867861],[112.3392107,-6.8678711],[112.3392081,-6.8678788],[112.339211,-6.8678887],[112.3392207,-6.8679011],[112.3392339,-6.8679147],[112.3392505,-6.86793],[112.3392655,-6.8679441],[112.3392783,-6.8679566],[112.3392885,-6.8679665],[112.3392979,-6.8679748],[112.3393071,-6.867982],[112.3393164,-6.8679859],[112.3393275,-6.8679875],[112.3393425,-6.867988],[112.3393604,-6.8679978],[112.3393765,-6.8680098],[112.3393915,-6.8680238],[112.3394041,-6.8680333],[112.3394173,-6.86804],[112.3394335,-6.8680446],[112.3394517,-6.8680566],[112.3394703,-6.8680745],[112.3394867,-6.8680922],[112.3395002,-6.8681073],[112.3395107,-6.8681192],[112.3395149,-6.8681316],[112.3395107,-6.868145],[112.3394979,-6.8681653],[112.3394912,-6.8681838],[112.3394942,-6.8682028],[112.3395037,-6.8682181],[112.3395162,-6.8682326],[112.3395292,-6.8682463],[112.3395426,-6.8682596],[112.3395574,-6.8682743],[112.3395732,-6.8682905],[112.3395911,-6.8683099],[112.3396043,-6.8683236],[112.3396156,-6.8683345],[112.339625,-6.8683434],[112.3396342,-6.8683523],[112.3396431,-6.8683609],[112.3396521,-6.8683698],[112.3396606,-6.8683794],[112.3396668,-6.8683891],[112.3396711,-6.8683995],[112.3396743,-6.8684119],[112.3396779,-6.8684271],[112.339684,-6.8684468],[112.3396907,-6.8684649],[112.3396989,-6.8684795],[112.3397085,-6.8684905],[112.3397195,-6.8684999],[112.3397328,-6.8685102],[112.339745,-6.86852],[112.3397561,-6.8685292],[112.3397669,-6.8685381],[112.3397771,-6.8685473],[112.3397868,-6.8685575],[112.3397945,-6.8685678],[112.3397993,-6.8685779],[112.3398024,-6.8685875],[112.3398058,-6.8685982],[112.339813,-6.8686102],[112.3398227,-6.8686221],[112.3398335,-6.868633],[112.3398453,-6.8686439],[112.339858,-6.8686557],[112.3398716,-6.8686678],[112.3398844,-6.8686793],[112.3398967,-6.8686903],[112.3399088,-6.868702],[112.339921,-6.8687143],[112.3399357,-6.8687297],[112.3399492,-6.8687426],[112.3399616,-6.868754],[112.3399729,-6.8687638],[112.3399838,-6.8687736],[112.3399946,-6.8687832],[112.3400043,-6.8687928],[112.3400133,-6.8688023],[112.3400206,-6.8688128],[112.3400254,-6.8688237],[112.3400286,-6.8688353],[112.3400331,-6.8688468],[112.340043,-6.8688585],[112.3400567,-6.8688699],[112.3400714,-6.8688805],[112.3400861,-6.8688903],[112.3401019,-6.8688991],[112.3401187,-6.8689071],[112.3401347,-6.8689157],[112.3401486,-6.8689243],[112.3401616,-6.8689336],[112.3401708,-6.8689445],[112.3401854,-6.868947],[112.3401817,-6.8689733],[112.3401933,-6.8689846],[112.3402091,-6.8689934],[112.3402269,-6.8690016],[112.3402434,-6.8690104],[112.3402612,-6.8690208],[112.3402798,-6.8690321],[112.3402951,-6.8690411],[112.3403076,-6.8690477],[112.3403212,-6.869054],[112.3403367,-6.8690608],[112.3403542,-6.8690681],[112.3403752,-6.869077],[112.3403978,-6.8690861],[112.3404237,-6.8690964],[112.3404464,-6.8691041],[112.3404703,-6.8691109],[112.3404916,-6.8691168],[112.3405127,-6.8691233],[112.340533,-6.8691306],[112.3405559,-6.8691394],[112.3405843,-6.869149],[112.3406153,-6.8691579],[112.3406468,-6.8691653],[112.3406768,-6.8691709],[112.3407069,-6.8691764],[112.3407403,-6.8691811],[112.3407762,-6.8691874],[112.3408158,-6.8691942],[112.3408563,-6.8692012],[112.3408885,-6.8692046],[112.3409174,-6.8691971],[112.3409504,-6.8691696],[112.3409936,-6.8691155],[112.341043,-6.8690236],[112.3413212,-6.8691129],[112.3413621,-6.8690312],[112.341458,-6.8690761],[112.3415445,-6.8691072],[112.3416633,-6.8691461],[112.3416352,-6.8692558],[112.3415885,-6.8693625],[112.3415484,-6.8694667],[112.3415197,-6.8695438],[112.3415033,-6.8695856],[112.3414983,-6.8696079],[112.3415039,-6.8696207],[112.341518,-6.8696331],[112.3415343,-6.8696431],[112.3415527,-6.8696515],[112.3415733,-6.8696587],[112.3415969,-6.8696663],[112.3416201,-6.8696746],[112.3416427,-6.8696832],[112.3416643,-6.8696899],[112.3416884,-6.8696946],[112.3417124,-6.8696958],[112.341733,-6.8696949],[112.3417533,-6.8696918],[112.3417709,-6.8696901],[112.3417873,-6.8696923],[112.3417996,-6.8696998],[112.3418077,-6.8697147],[112.3418146,-6.8697327],[112.3418275,-6.8697523],[112.3418498,-6.8697606],[112.3418799,-6.8697616],[112.3419123,-6.869759],[112.3419445,-6.8697579],[112.3419807,-6.8697556],[112.3420204,-6.8697499],[112.3420613,-6.869743],[112.3420991,-6.8697379],[112.342136,-6.8697358],[112.3421726,-6.8697368],[112.342213,-6.8697387],[112.3422584,-6.8697399],[112.342308,-6.8697402],[112.3423596,-6.8697418],[112.3424034,-6.8697468],[112.3424385,-6.8697526],[112.3424632,-6.8697444],[112.3424905,-6.8696971],[112.3425261,-6.8695888],[112.3425746,-6.8694314],[112.3426155,-6.8693016],[112.342643,-6.8692269],[112.3426489,-6.8692346],[112.3426274,-6.8693171],[112.3425906,-6.8694514],[112.3425489,-6.8696],[112.3425133,-6.8697342],[112.3424894,-6.8698195],[112.3424828,-6.8698414],[112.342478,-6.8698827],[112.3424882,-6.8699053],[112.3425137,-6.8699404],[112.3425441,-6.8699761],[112.3425887,-6.8700159],[112.3426559,-6.8700605],[112.3426916,-6.8700849],[112.3427035,-6.8700915],[112.3427186,-6.8701007],[112.3428968,-6.8701087],[112.3429093,-6.870054],[112.3429141,-6.8700326],[112.3429156,-6.8700262],[112.3429902,-6.8700379],[112.3429905,-6.8700491],[112.3430037,-6.8700534],[112.3430228,-6.8700567],[112.3430362,-6.8700577],[112.3430677,-6.8700578],[112.3430917,-6.8700581],[112.3431089,-6.8700587],[112.3431205,-6.870053],[112.3431361,-6.8700408],[112.343136,-6.8699986],[112.3431972,-6.8700037],[112.3432385,-6.8700155],[112.343277,-6.8700247],[112.3433072,-6.8700305],[112.3433354,-6.8700344],[112.3433563,-6.8700368],[112.3433706,-6.8700454],[112.3433813,-6.870059],[112.3433935,-6.8700822],[112.3434128,-6.8700949],[112.3434366,-6.8701007],[112.3434596,-6.8700995],[112.3434809,-6.8700887],[112.3435004,-6.8700684],[112.3435061,-6.8700088],[112.3435365,-6.870016],[112.3435564,-6.8700035],[112.3435767,-6.8699933],[112.3435927,-6.8699779],[112.3436053,-6.869959],[112.3436155,-6.869941],[112.3436258,-6.8699301],[112.3436394,-6.8699258],[112.3436551,-6.8699261],[112.3436722,-6.8699277],[112.3436907,-6.86993],[112.3437096,-6.8699327],[112.3437297,-6.8699357],[112.3437557,-6.8699387],[112.343784,-6.8699408],[112.3438212,-6.8699424],[112.3438513,-6.8699423],[112.3438733,-6.8699424],[112.3439043,-6.869945],[112.3439043,-6.869996],[112.3438992,-6.8700343],[112.3439378,-6.8700745],[112.3439665,-6.8700897],[112.3439999,-6.8700904],[112.3440324,-6.870091],[112.3440693,-6.8700901],[112.3441029,-6.8700893],[112.3441351,-6.8700897],[112.344166,-6.8700909],[112.3441934,-6.8700923],[112.3442178,-6.8700938],[112.3442364,-6.8700959],[112.3442506,-6.8700974],[112.3442619,-6.870097],[112.3442713,-6.8700927],[112.3442773,-6.8700839],[112.3442831,-6.870073],[112.3442925,-6.8700655],[112.3443119,-6.8700611],[112.3443388,-6.8700596],[112.3443667,-6.8700594],[112.3443925,-6.8700592],[112.3444115,-6.8700583],[112.3444274,-6.8700561],[112.3444384,-6.8700453],[112.3444505,-6.8700248],[112.3444647,-6.8699899],[112.3444895,-6.8699685],[112.3445243,-6.8699561],[112.3445617,-6.869953],[112.3445968,-6.869951],[112.344626,-6.8699485],[112.3446624,-6.8699444],[112.3446895,-6.8699423],[112.3447108,-6.8699438],[112.3447243,-6.8699496],[112.3447379,-6.8699561],[112.3447551,-6.8699619],[112.344783,-6.8699623],[112.344808,-6.8699604],[112.3448306,-6.8699566],[112.3448488,-6.8699524],[112.3448653,-6.8699476],[112.3448808,-6.8699417],[112.3448944,-6.8699345],[112.3449052,-6.8699255],[112.3449153,-6.8699144],[112.3449251,-6.8699005],[112.3449342,-6.869886],[112.3449426,-6.8698717],[112.3449504,-6.8698604],[112.3449609,-6.8698497],[112.3449746,-6.869844],[112.3449916,-6.8698435],[112.3450129,-6.8698483],[112.3450329,-6.8698534],[112.3450565,-6.8698571],[112.3450798,-6.8698582],[112.3451057,-6.8698599],[112.3451316,-6.869864],[112.3451588,-6.8698706],[112.3451842,-6.8698791],[112.3452094,-6.8698873],[112.3452347,-6.8698948],[112.3452609,-6.8698977],[112.3452882,-6.8698965],[112.3453174,-6.8698921],[112.3453495,-6.8698862],[112.3453853,-6.8698794],[112.3454169,-6.8698741],[112.3454436,-6.8698709],[112.3454633,-6.8698677],[112.3454824,-6.8698627],[112.3455048,-6.8698531],[112.3455419,-6.8698468],[112.3455761,-6.8698429],[112.3456103,-6.869841],[112.3456424,-6.8698398],[112.3456729,-6.8698382],[112.3457005,-6.869837],[112.3457215,-6.8698367],[112.3457371,-6.8698387],[112.3457486,-6.8698446],[112.3457594,-6.8698531],[112.3457741,-6.8698606],[112.345794,-6.8698636],[112.3458201,-6.8698616],[112.3458467,-6.8698559],[112.3458739,-6.8698476],[112.3458978,-6.8698387],[112.3459208,-6.8698297],[112.3459376,-6.8698179],[112.3459564,-6.8697689],[112.34601,-6.8697612],[112.3460746,-6.8697514],[112.3461643,-6.8697306],[112.3462451,-6.8697141],[112.3462994,-6.8697034],[112.3463347,-6.8696974],[112.3463648,-6.8696934],[112.346398,-6.8696871],[112.3464337,-6.8696775],[112.3464815,-6.8696617],[112.346525,-6.8696478],[112.3465594,-6.8696358],[112.3465837,-6.869625],[112.3465986,-6.8696126],[112.3466099,-6.8695944],[112.3466173,-6.8695704],[112.3466236,-6.8695437],[112.3466274,-6.8695172],[112.3466302,-6.8694922],[112.3466359,-6.869465],[112.3466521,-6.8694374],[112.3466838,-6.8694132],[112.3467303,-6.8693953],[112.3467776,-6.869384],[112.3468172,-6.869378],[112.3468469,-6.8693756],[112.3468743,-6.8693759],[112.3468984,-6.8693798],[112.3469214,-6.8693882],[112.3469379,-6.8694],[112.3469515,-6.8694153],[112.346963,-6.8694357],[112.3469723,-6.8694613],[112.3469803,-6.869495],[112.346986,-6.8695365],[112.3469884,-6.8695729],[112.3469887,-6.8696059],[112.3469873,-6.8696325],[112.3469887,-6.8696559],[112.3470008,-6.8696746],[112.3470266,-6.8696885],[112.3470703,-6.8696964],[112.3471212,-6.8696967],[112.3471724,-6.8696905],[112.347215,-6.8696819],[112.347246,-6.8696734],[112.3472641,-6.8696686],[112.3472753,-6.8696652],[112.3472836,-6.8696616],[112.3472945,-6.8696538],[112.347312,-6.8696432],[112.3473383,-6.8696325],[112.3473686,-6.8696215],[112.347401,-6.8696094],[112.3474296,-6.8695947],[112.3474563,-6.8695799],[112.3474821,-6.8695673],[112.3475118,-6.8695589],[112.3475425,-6.8695569],[112.3475739,-6.8695588],[112.3476028,-6.8695614],[112.3476303,-6.8695617],[112.3476544,-6.8695569],[112.3476803,-6.8695459],[112.3477066,-6.8695301],[112.3477295,-6.8695167],[112.3477531,-6.8695075],[112.3477764,-6.8695055],[112.3478028,-6.8695103],[112.3478301,-6.8695216],[112.3478537,-6.8695369],[112.3478758,-6.8695562],[112.3478964,-6.8695782],[112.3479164,-6.8696009],[112.3479349,-6.86962],[112.3479525,-6.8696369],[112.3479722,-6.8696515],[112.3479971,-6.8696651],[112.3480266,-6.8696769],[112.3480537,-6.8696847],[112.3480816,-6.869689],[112.3481095,-6.8696884],[112.3481437,-6.8696874],[112.3481811,-6.8696865],[112.3482204,-6.8696855],[112.3482604,-6.8696844],[112.3483025,-6.869684],[112.3483438,-6.8696851],[112.3483874,-6.869686],[112.3484341,-6.8696855],[112.3484853,-6.8696827],[112.3485384,-6.8696805],[112.3485895,-6.8696797],[112.3486369,-6.8696794],[112.3486828,-6.8696796],[112.3487307,-6.8696791],[112.3487833,-6.8696783],[112.3488354,-6.869678],[112.3488863,-6.8696783],[112.3489324,-6.8696775],[112.3489758,-6.8696754],[112.3490168,-6.8696725],[112.3490556,-6.8696693],[112.3490896,-6.8696659],[112.3491217,-6.8696652],[112.3491512,-6.8696673],[112.3491837,-6.8696729],[112.3492154,-6.8696768],[112.3492482,-6.8696779],[112.3492815,-6.8696765],[112.3493154,-6.8696743],[112.3493554,-6.8696712],[112.3493979,-6.8696675],[112.3494386,-6.869663],[112.3494719,-6.8696585],[112.3495024,-6.8696538],[112.349529,-6.869651],[112.3495583,-6.8696504],[112.3495869,-6.8696522],[112.3496237,-6.8696548],[112.3496638,-6.8696549],[112.3497059,-6.8696518],[112.3497473,-6.8696464],[112.3497762,-6.8696405],[112.3498034,-6.8696341],[112.3498352,-6.8696262],[112.349868,-6.86962],[112.3498949,-6.8696171],[112.3499142,-6.8696189],[112.3499304,-6.8696241],[112.3499496,-6.8696299],[112.3499715,-6.8696325],[112.3499943,-6.8696302],[112.3500163,-6.8696238],[112.3500362,-6.8696162],[112.3500572,-6.8696091],[112.3500791,-6.8696037],[112.3501016,-6.8696007],[112.3501254,-6.8695991],[112.3501508,-6.8695992],[112.3501779,-6.8696004],[112.3502046,-6.8696018],[112.3502357,-6.8696019],[112.3502661,-6.8696006],[112.3502987,-6.8695968],[112.3503289,-6.8695906],[112.3503608,-6.8695804],[112.3503892,-6.8695687],[112.3504158,-6.8695565],[112.3504409,-6.8695463],[112.3504676,-6.8695398],[112.3504909,-6.8695402],[112.3505079,-6.8695471],[112.3505194,-6.8695579],[112.3505286,-6.8695685],[112.3505411,-6.8695769],[112.350562,-6.8695817],[112.3505932,-6.8695828],[112.3506364,-6.8695805],[112.3506824,-6.8695776],[112.3507262,-6.8695742],[112.3507597,-6.8695697],[112.350788,-6.8695633],[112.3508141,-6.8695554],[112.3508398,-6.8695488],[112.3508626,-6.8695464],[112.3508811,-6.8695486],[112.3508977,-6.8695545],[112.3509174,-6.8695578],[112.3509413,-6.8695546],[112.3509779,-6.8695429],[112.3510189,-6.8695292],[112.3510673,-6.8695136],[112.3511174,-6.8694967],[112.3511733,-6.8694769],[112.3512374,-6.8694541],[112.3513063,-6.8694288],[112.3513686,-6.8694082],[112.3514144,-6.8693944],[112.3514577,-6.8693831],[112.3515068,-6.8693693],[112.3515632,-6.8693545],[112.3516266,-6.8693387],[112.3516881,-6.8693245],[112.3517429,-6.8693122],[112.3517901,-6.8693023],[112.3518305,-6.8692956],[112.3518673,-6.8692914],[112.3519027,-6.8692874],[112.3519432,-6.8692817],[112.3519885,-6.8692754],[112.3520361,-6.8692677],[112.352087,-6.8692581],[112.3521379,-6.8692492],[112.3521785,-6.8692409],[112.3522128,-6.8692341],[112.3522751,-6.8692397],[112.352301,-6.8692332],[112.3523127,-6.8692289],[112.3523249,-6.8692243],[112.3523369,-6.8692192],[112.35235,-6.8692132],[112.3523637,-6.8692065],[112.3523774,-6.869199],[112.3523908,-6.869191],[112.3524045,-6.8691823],[112.3524189,-6.8691733],[112.3524342,-6.8691643],[112.3524497,-6.8691554],[112.3524652,-6.8691465],[112.3524806,-6.8691372],[112.3524961,-6.869128],[112.3525126,-6.8691189],[112.3525295,-6.8691106],[112.352547,-6.8691028],[112.352564,-6.8690953],[112.3525807,-6.8690878],[112.3525977,-6.8690802],[112.3526154,-6.8690724],[112.3526339,-6.8690643],[112.3526524,-6.8690556],[112.3526705,-6.8690464],[112.3526881,-6.8690367],[112.352705,-6.8690267],[112.3527214,-6.8690164],[112.3527372,-6.8690062],[112.3527516,-6.8689967],[112.3527648,-6.8689877],[112.3527768,-6.8689792],[112.3527882,-6.8689705],[112.3527989,-6.8689618],[112.352809,-6.8689529],[112.3528182,-6.8689443],[112.3528264,-6.8689361],[112.3528339,-6.8689285],[112.3528416,-6.8689214],[112.3528501,-6.8689146],[112.352859,-6.8689079],[112.3528668,-6.8689012],[112.3528722,-6.8688939],[112.352875,-6.868886],[112.3528761,-6.8688768],[112.3528772,-6.8688667],[112.3528796,-6.8688564],[112.3528838,-6.8688471],[112.3528894,-6.8688397],[112.352896,-6.8688341],[112.3529032,-6.8688301],[112.352911,-6.8688275],[112.3529187,-6.868826],[112.3529266,-6.8688251],[112.3529348,-6.8688242],[112.3529438,-6.8688221],[112.3529532,-6.8688177],[112.3529629,-6.8688104],[112.3529722,-6.8688011],[112.3529802,-6.8687908],[112.352986,-6.8687805],[112.3529896,-6.8687705],[112.3529919,-6.8687602],[112.3529942,-6.8687489],[112.3529971,-6.8687362],[112.3530007,-6.8687226],[112.3530047,-6.8687094],[112.3530093,-6.8686974],[112.3530148,-6.8686881],[112.3530216,-6.8686815],[112.3530292,-6.8686771],[112.3530376,-6.8686735],[112.3530465,-6.8686695],[112.3530557,-6.8686643],[112.3530645,-6.8686581],[112.3530725,-6.8686515],[112.35308,-6.868645],[112.3530868,-6.8686386],[112.3530927,-6.8686322],[112.3530971,-6.8686256],[112.3531002,-6.8686185],[112.3531022,-6.8686104],[112.3531034,-6.8686014],[112.3531036,-6.8685907],[112.3531031,-6.8685788],[112.3531026,-6.8685657],[112.3531033,-6.8685529],[112.3531058,-6.8685415],[112.35311,-6.8685321],[112.353115,-6.8685249],[112.3531211,-6.8685194],[112.3531285,-6.8685149],[112.3531373,-6.8685102],[112.3531461,-6.8685047],[112.3531546,-6.868498],[112.3531623,-6.8684905],[112.35317,-6.8684818],[112.3531775,-6.8684716],[112.3531849,-6.8684587],[112.3531916,-6.8684432],[112.3531971,-6.8684264],[112.3532015,-6.8684109],[112.353206,-6.8683967],[112.3532115,-6.8683842],[112.3532186,-6.8683729],[112.353226,-6.8683642],[112.3532333,-6.8683578],[112.3532404,-6.8683534],[112.3532474,-6.868349],[112.3532539,-6.8683435],[112.3532595,-6.8683363],[112.3532643,-6.8683277],[112.3532685,-6.8683177],[112.3532726,-6.8683068],[112.3532768,-6.8682955],[112.3532819,-6.8682847],[112.3532882,-6.8682748],[112.3532959,-6.8682655],[112.3533045,-6.8682562],[112.3533137,-6.8682459],[112.3533226,-6.8682347],[112.3533314,-6.8682226],[112.3533399,-6.8682106],[112.3533484,-6.8681982],[112.3533567,-6.8681859],[112.3533648,-6.8681734],[112.3533723,-6.8681613],[112.3533796,-6.8681495],[112.3533865,-6.8681381],[112.3533938,-6.8681268],[112.3534016,-6.8681159],[112.3534099,-6.8681058],[112.3534186,-6.8680967],[112.3534276,-6.8680885],[112.3534375,-6.8680807],[112.3534482,-6.8680729],[112.3534597,-6.8680649],[112.3534713,-6.8680571],[112.3534833,-6.8680497],[112.3534956,-6.8680426],[112.3535086,-6.868036],[112.3535216,-6.86803],[112.3535351,-6.8680246],[112.3535485,-6.8680197],[112.3535617,-6.8680149],[112.3535724,-6.8680098],[112.3535805,-6.8680039],[112.3535858,-6.8679974],[112.3535888,-6.8679904],[112.3535899,-6.8679833],[112.353589,-6.8679761],[112.3535861,-6.8679692],[112.3535816,-6.8679623],[112.3535762,-6.8679551],[112.3535708,-6.8679473],[112.3535659,-6.8679383],[112.3535621,-6.8679278],[112.3535598,-6.8679157],[112.3535596,-6.8679018],[112.3535621,-6.8678867],[112.353567,-6.8678714],[112.3535736,-6.8678586],[112.3535803,-6.8678494],[112.3535869,-6.8678433],[112.3535933,-6.8678391],[112.3536001,-6.8678355],[112.3536069,-6.8678325],[112.3536139,-6.8678297],[112.3536219,-6.8678265],[112.3536319,-6.8678223],[112.3536436,-6.8678171],[112.3536556,-6.8678112],[112.3536656,-6.8678053],[112.3536726,-6.8677997],[112.3536773,-6.8677939],[112.3536818,-6.8677876],[112.3536878,-6.867781],[112.3536961,-6.867775],[112.3537054,-6.8677703],[112.3537145,-6.867767],[112.3537226,-6.8677652],[112.35373,-6.867765],[112.3537369,-6.8677667],[112.3537436,-6.8677699],[112.35375,-6.8677738],[112.3537561,-6.8677764],[112.3537617,-6.8677767],[112.3537661,-6.8677741],[112.3537688,-6.8677689],[112.3537704,-6.8677622],[112.3537719,-6.8677551],[112.3537742,-6.8677492],[112.3537776,-6.8677443],[112.3537819,-6.8677403],[112.3537865,-6.8677365],[112.3537905,-6.8677329],[112.353793,-6.8677293],[112.3537931,-6.8677258],[112.3537911,-6.8677219],[112.3537882,-6.8677177],[112.3537861,-6.8677127],[112.3537866,-6.8677076],[112.3537908,-6.8677024],[112.3537977,-6.8676973],[112.3538061,-6.8676921],[112.353814,-6.8676876],[112.3538212,-6.8676836],[112.3538279,-6.8676798],[112.3538349,-6.8676757],[112.3538422,-6.8676712],[112.3538496,-6.8676667],[112.3538566,-6.8676623],[112.3538634,-6.867658],[112.3538703,-6.8676539],[112.3538772,-6.8676499],[112.3538841,-6.8676463],[112.3538903,-6.8676429],[112.3538957,-6.8676398],[112.3539,-6.8676366],[112.3539036,-6.867633],[112.3539068,-6.8676289],[112.3539103,-6.8676243],[112.3539144,-6.8676196],[112.3539192,-6.8676149],[112.3539245,-6.8676105],[112.3539304,-6.8676062],[112.3539369,-6.8676019],[112.3539435,-6.8675975],[112.3539498,-6.8675935],[112.3539558,-6.8675899],[112.3539616,-6.867587],[112.3539674,-6.8675843],[112.3539729,-6.8675814],[112.3539778,-6.8675781],[112.3539823,-6.8675741],[112.3539863,-6.8675696],[112.3539906,-6.8675646],[112.3539952,-6.8675595],[112.3540003,-6.867554],[112.3540058,-6.8675482],[112.3540117,-6.8675419],[112.3540178,-6.8675356],[112.3540243,-6.8675298],[112.3540298,-6.8675243],[112.3540338,-6.8675179],[112.3540356,-6.86751],[112.3540357,-6.8675012],[112.3540355,-6.8674929],[112.3540366,-6.867486],[112.3540394,-6.8674804],[112.3540438,-6.8674762],[112.354049,-6.8674732],[112.3540548,-6.8674713],[112.3540615,-6.8674699],[112.354069,-6.8674682],[112.3540768,-6.8674659],[112.3540848,-6.867463],[112.3540925,-6.86746],[112.3540999,-6.867457],[112.3541066,-6.8674532],[112.3541125,-6.8674482],[112.354117,-6.8674419],[112.3541201,-6.8674348],[112.3541222,-6.8674273],[112.354124,-6.8674196],[112.3541265,-6.8674119],[112.3541305,-6.8674044],[112.3541365,-6.8673976],[112.3541436,-6.8673926],[112.354151,-6.8673897],[112.3541577,-6.867388],[112.3541637,-6.8673863],[112.3541688,-6.8673834],[112.3541728,-6.8673791],[112.3541749,-6.8673738],[112.3541741,-6.8673689],[112.3541704,-6.8673654],[112.3541639,-6.8673636],[112.3541565,-6.8673628],[112.354149,-6.8673619],[112.3541431,-6.8673597],[112.3541392,-6.8673556],[112.3541378,-6.8673493],[112.3541387,-6.8673413],[112.3541413,-6.8673308],[112.3541604,-6.8673127],[112.35415,-6.867289],[112.3541245,-6.8672512],[112.3541015,-6.867212],[112.3540741,-6.8671964],[112.354083,-6.8671831],[112.3541155,-6.867195],[112.3541264,-6.8671888],[112.3541321,-6.8671786],[112.3541391,-6.8671692],[112.3541454,-6.8671584],[112.3541522,-6.8671463],[112.3541601,-6.867133],[112.3541696,-6.8671181],[112.3541807,-6.8671022],[112.3541924,-6.8670865],[112.3542035,-6.8670725],[112.3542133,-6.8670605],[112.3542215,-6.8670505],[112.3542282,-6.8670416],[112.354234,-6.8670333],[112.3542401,-6.8670243],[112.3542473,-6.867014],[112.3542561,-6.8670019],[112.354266,-6.8669881],[112.3542762,-6.8669734],[112.3542862,-6.8669583],[112.3542961,-6.8669429],[112.3543062,-6.866927],[112.3543164,-6.8669111],[112.3543263,-6.8668959],[112.3543354,-6.866882],[112.3543439,-6.8668691],[112.3543527,-6.8668559],[112.3543626,-6.8668408],[112.3543738,-6.8668236],[112.3543849,-6.8668068],[112.3543949,-6.8667919],[112.3544038,-6.8667793],[112.3544125,-6.8667672],[112.3544218,-6.8667545],[112.3544318,-6.8667407],[112.3544417,-6.866727],[112.3544513,-6.8667137],[112.3544603,-6.8667013],[112.3544689,-6.8666891],[112.3544773,-6.8666772],[112.3544856,-6.8666653],[112.3544938,-6.8666535],[112.3545025,-6.8666407],[112.3545123,-6.866626],[112.3545236,-6.8666092],[112.3545357,-6.8665914],[112.3545476,-6.8665743],[112.3545592,-6.866558],[112.3545712,-6.8665421],[112.3545841,-6.8665258],[112.3545984,-6.8665083],[112.354614,-6.8664891],[112.3546346,-6.8664637],[112.3546606,-6.8664318],[112.354691,-6.8663949],[112.3547169,-6.8663639],[112.3547365,-6.8663408],[112.3547496,-6.8663261],[112.3547602,-6.8663155],[112.3547694,-6.8663074],[112.354778,-6.866301],[112.3547865,-6.8662954],[112.3547953,-6.8662899],[112.3548057,-6.8662835],[112.3548186,-6.8662753],[112.3548344,-6.8662653],[112.3548528,-6.8662541],[112.354872,-6.8662436],[112.3548928,-6.8662337],[112.3549146,-6.8662244],[112.3549368,-6.8662149],[112.354956,-6.8662064],[112.3549714,-6.8661989],[112.3549834,-6.866192],[112.3549935,-6.8661852],[112.3550032,-6.8661778],[112.3550133,-6.8661696],[112.3550245,-6.8661606],[112.3550362,-6.8661514],[112.3550483,-6.8661423],[112.3550611,-6.8661329],[112.3550739,-6.8661232],[112.3550863,-6.8661131],[112.3550973,-6.866103],[112.355107,-6.8660926],[112.3551153,-6.8660823],[112.3551228,-6.8660724],[112.3551301,-6.8660631],[112.3551384,-6.8660537],[112.3551491,-6.8660432],[112.3551621,-6.8660316],[112.3551778,-6.8660192],[112.3551947,-6.8660078],[112.3552127,-6.8659976],[112.3552313,-6.8659893],[112.3552504,-6.8659825],[112.3552699,-6.8659769],[112.3552897,-6.8659721],[112.3553095,-6.8659676],[112.355329,-6.8659635],[112.3553485,-6.8659596],[112.3553678,-6.8659557],[112.3553873,-6.8659522],[112.3554071,-6.8659491],[112.3554281,-6.8659465],[112.3554503,-6.8659447],[112.3554742,-6.8659436],[112.3554986,-6.865943],[112.3555238,-6.8659427],[112.35555,-6.8659424],[112.3555771,-6.865942],[112.3556038,-6.8659417],[112.3556281,-6.8659413],[112.3556488,-6.8659404],[112.3556662,-6.8659384],[112.3556804,-6.8659347],[112.3556928,-6.8659294],[112.3557038,-6.8659233],[112.3557136,-6.8659173],[112.3557223,-6.8659118],[112.3557295,-6.8659069],[112.3557355,-6.8659021],[112.3557411,-6.8658974],[112.3557465,-6.8658929],[112.3557524,-6.8658886],[112.3557594,-6.8658848],[112.3557684,-6.8658811],[112.3557794,-6.8658775],[112.3557916,-6.8658742],[112.3558035,-6.8658713],[112.3558143,-6.8658682],[112.355824,-6.8658645],[112.3558325,-6.8658599],[112.3558399,-6.8658544],[112.3558463,-6.8658483],[112.3558518,-6.865841],[112.3558571,-6.865832],[112.3558621,-6.8658215],[112.3558675,-6.8658102],[112.3558732,-6.865799],[112.3558799,-6.8657881],[112.3558876,-6.8657779],[112.3558967,-6.8657681],[112.3559065,-6.865759],[112.3559171,-6.8657508],[112.3559289,-6.8657432],[112.3559419,-6.8657363],[112.3559581,-6.8657341],[112.3559696,-6.8657288],[112.3559797,-6.8657235],[112.3559892,-6.8657175],[112.3559994,-6.8657101],[112.3560092,-6.8657024],[112.3560178,-6.8656949],[112.3560245,-6.8656877],[112.3560295,-6.8656805],[112.3560334,-6.8656729],[112.3560369,-6.8656646],[112.3560385,-6.8656514],[112.3560443,-6.865642],[112.3560519,-6.8656326],[112.3560601,-6.8656244],[112.3560687,-6.865617],[112.3560769,-6.8656102],[112.3560845,-6.8656029],[112.3560907,-6.8655947],[112.3560952,-6.8655855],[112.3560979,-6.8655759],[112.356099,-6.865567],[112.3560992,-6.8655584],[112.3560992,-6.8655498],[112.3561002,-6.8655408],[112.3561026,-6.8655319],[112.3561064,-6.8655231],[112.3561111,-6.8655139],[112.3561162,-6.8655038],[112.3561211,-6.865493],[112.3561251,-6.8654822],[112.3561273,-6.8654729],[112.3561281,-6.8654649],[112.3561283,-6.8654575],[112.356129,-6.8654495],[112.3561308,-6.8654409],[112.3561339,-6.8654322],[112.3561387,-6.8654243],[112.3561447,-6.865418],[112.356152,-6.8654131],[112.3561597,-6.8654093],[112.3561676,-6.8654057],[112.3561747,-6.8654015],[112.3561809,-6.8653962],[112.3561864,-6.8653892],[112.3561916,-6.8653808],[112.3561968,-6.865371],[112.356202,-6.8653609],[112.3562073,-6.8653504],[112.3562121,-6.8653398],[112.3562161,-6.8653289],[112.3562193,-6.8653171],[112.3562211,-6.8653049],[112.3562212,-6.8652924],[112.3562194,-6.86528],[112.3562158,-6.8652665],[112.356211,-6.8652515],[112.3562059,-6.8652344],[112.3562015,-6.8652177],[112.3561982,-6.8652017],[112.3561963,-6.8651866],[112.3561963,-6.8651715],[112.3561984,-6.8651566],[112.3562023,-6.8651427],[112.3562072,-6.8651313],[112.3562122,-6.8651227],[112.3562172,-6.8651163],[112.3562223,-6.8651113],[112.3562278,-6.8651071],[112.3562336,-6.8651032],[112.3562398,-6.8650989],[112.3562462,-6.8650936],[112.3562521,-6.865087],[112.356257,-6.8650795],[112.356261,-6.8650717],[112.3562646,-6.8650641],[112.3562685,-6.8650568],[112.3562729,-6.8650499],[112.3562782,-6.8650434],[112.3562842,-6.8650375],[112.3562971,-6.8650323],[112.3563106,-6.8650305],[112.356317,-6.8650245],[112.3563224,-6.8650175],[112.3563261,-6.8650094],[112.3563267,-6.8650005],[112.3563163,-6.8649912],[112.3563062,-6.864974],[112.3563018,-6.8649597],[112.3562992,-6.8649455],[112.3562985,-6.8649331],[112.3562997,-6.8649235],[112.3563025,-6.8649159],[112.3563074,-6.8649091],[112.3563142,-6.8649023],[112.3563224,-6.8648956],[112.3563313,-6.86489],[112.3563406,-6.8648859],[112.3563502,-6.8648833],[112.35636,-6.8648819],[112.3563702,-6.8648816],[112.3563801,-6.8648828],[112.3563893,-6.8648861],[112.356397,-6.8648919],[112.3564028,-6.8648999],[112.356407,-6.8649096],[112.3564104,-6.86492],[112.3564138,-6.8649302],[112.3564183,-6.8649401],[112.3564247,-6.8649494],[112.3564336,-6.8649576],[112.3564454,-6.8649643],[112.3564584,-6.8649687],[112.3564717,-6.8649709],[112.3564839,-6.8649712],[112.356495,-6.8649703],[112.356505,-6.8649683],[112.3565146,-6.8649653],[112.3565238,-6.8649612],[112.3565328,-6.8649564],[112.356541,-6.8649513],[112.356548,-6.8649459],[112.3565543,-6.8649402],[112.3565614,-6.8649337],[112.3565696,-6.8649275],[112.3565794,-6.8649222],[112.3565886,-6.8649205],[112.3565972,-6.8649222],[112.3566052,-6.8649268],[112.3566129,-6.8649321],[112.35662,-6.864937],[112.3566264,-6.8649416],[112.3566321,-6.8649461],[112.3566374,-6.8649508],[112.3566421,-6.8649558],[112.3566462,-6.8649611],[112.3566494,-6.8649668],[112.356652,-6.8649732],[112.3566542,-6.8649798],[112.3566561,-6.8649865],[112.3566577,-6.8649928],[112.3566591,-6.864999],[112.3566601,-6.8650049],[112.3566612,-6.8650109],[112.3566626,-6.8650167],[112.3566646,-6.8650223],[112.356667,-6.8650275],[112.35667,-6.8650325],[112.3566739,-6.8650378],[112.3566783,-6.8650436],[112.3566831,-6.8650499],[112.3566877,-6.8650563],[112.3566917,-6.8650622],[112.3566954,-6.8650676],[112.3566996,-6.865073],[112.3567046,-6.8650788],[112.3567109,-6.8650855],[112.3567178,-6.8650921],[112.3567251,-6.8650985],[112.3567323,-6.8651042],[112.3567399,-6.8651094],[112.3567479,-6.8651138],[112.3567571,-6.8651176],[112.3567677,-6.8651206],[112.35678,-6.865123],[112.3567936,-6.8651247],[112.3568066,-6.8651254],[112.3568188,-6.8651251],[112.3568301,-6.8651234],[112.3568411,-6.8651206],[112.3568526,-6.8651164],[112.356865,-6.8651116],[112.3568785,-6.8651064],[112.3568929,-6.865101],[112.356908,-6.8650957],[112.3569234,-6.8650909],[112.3569386,-6.8650868],[112.3569527,-6.8650834],[112.356966,-6.8650803],[112.3569789,-6.8650753],[112.356993,-6.8650649],[112.3570138,-6.865054],[112.357026,-6.8650371],[112.357029,-6.8649011],[112.3571034,-6.8649005],[112.3571045,-6.8648239],[112.3571874,-6.864827],[112.3572374,-6.8648263],[112.3572367,-6.864969],[112.3572687,-6.8649674],[112.357279,-6.8649673],[112.3572867,-6.8649636],[112.3572945,-6.8649598],[112.3573028,-6.8649565],[112.3573126,-6.8649526],[112.3573236,-6.8649477],[112.3573374,-6.8649431],[112.3573482,-6.8649364],[112.357358,-6.8649286],[112.3573672,-6.8649195],[112.3573769,-6.8649085],[112.3573869,-6.8648969],[112.3573973,-6.8648854],[112.3574076,-6.8648749],[112.3574249,-6.8648597],[112.3574338,-6.8648504],[112.3574409,-6.864841],[112.3574463,-6.8648308],[112.3574501,-6.8648194],[112.3574532,-6.8648061],[112.3574557,-6.8647912],[112.3574581,-6.8647759],[112.3574536,-6.8647595],[112.3574551,-6.8647448],[112.3574558,-6.8647297],[112.3574559,-6.8647143],[112.3574564,-6.8647001],[112.3574577,-6.8646879],[112.3574603,-6.864678],[112.3574643,-6.8646692],[112.3574694,-6.8646609],[112.3574768,-6.8646517],[112.3574866,-6.8646415],[112.3574991,-6.8646299],[112.3575118,-6.864619],[112.3575233,-6.8646094],[112.3575324,-6.8646016],[112.3575397,-6.8645949],[112.3575462,-6.8645883],[112.3575532,-6.8645809],[112.3575612,-6.8645724],[112.3575707,-6.8645627],[112.3575811,-6.8645517],[112.3575919,-6.8645397],[112.3576019,-6.8645272],[112.3576102,-6.8645143],[112.3576164,-6.8645014],[112.3576202,-6.8644881],[112.3576221,-6.8644743],[112.3576226,-6.8644597],[112.3576222,-6.8644444],[112.3576211,-6.8644282],[112.3576192,-6.8644116],[112.3576162,-6.8643953],[112.3576125,-6.8643797],[112.3576087,-6.8643653],[112.3576048,-6.8643518],[112.3576011,-6.8643394],[112.3575979,-6.8643276],[112.3575953,-6.8643161],[112.3575938,-6.8643049],[112.3575938,-6.8642939],[112.3575954,-6.8642829],[112.3575982,-6.8642719],[112.3576013,-6.8642609],[112.3576039,-6.8642496],[112.3576056,-6.8642375],[112.3576067,-6.8642249],[112.3576076,-6.8642123],[112.3576083,-6.8641999],[112.3576088,-6.8641872],[112.357609,-6.8641738],[112.3576092,-6.8641594],[112.3576098,-6.8641444],[112.3576113,-6.8641286],[112.3576139,-6.8641123],[112.3576175,-6.8640963],[112.3576212,-6.8640824],[112.3576248,-6.8640714],[112.3576284,-6.8640631],[112.3576327,-6.8640564],[112.3576377,-6.8640503],[112.357643,-6.8640441],[112.3576475,-6.8640374],[112.3576508,-6.8640303],[112.3576531,-6.8640231],[112.3576549,-6.8640163],[112.3576571,-6.8640101],[112.3576604,-6.8640042],[112.3576651,-6.8639984],[112.357671,-6.8639923],[112.3576773,-6.8639864],[112.3576838,-6.8639805],[112.3576903,-6.8639744],[112.3576973,-6.8639676],[112.3577051,-6.8639598],[112.3577138,-6.8639512],[112.3577238,-6.8639417],[112.3577345,-6.8639318],[112.3577457,-6.8639216],[112.3577552,-6.8639122],[112.3577625,-6.8639036],[112.3577744,-6.8638946],[112.3577772,-6.8638879],[112.3577785,-6.8638821],[112.3577784,-6.8638767],[112.3577702,-6.8638729],[112.3577686,-6.8638671],[112.3577673,-6.8638602],[112.357767,-6.8638522],[112.3577684,-6.8638434],[112.3577716,-6.8638352],[112.3577766,-6.8638279],[112.3577829,-6.8638214],[112.3577898,-6.8638149],[112.3577967,-6.8638078],[112.3578035,-6.8638001],[112.3578095,-6.8637924],[112.3578147,-6.8637852],[112.3578195,-6.8637785],[112.3578244,-6.8637726],[112.3578298,-6.8637673],[112.3578361,-6.8637629],[112.3578439,-6.8637594],[112.3578535,-6.8637566],[112.3578653,-6.8637545],[112.3578784,-6.8637527],[112.3578919,-6.8637507],[112.3579042,-6.8637521],[112.3579149,-6.8637468],[112.3579238,-6.8637395],[112.3579307,-6.8637312],[112.3579356,-6.8637225],[112.3579393,-6.8637145],[112.3579426,-6.8637071],[112.3579471,-6.8636916],[112.3579542,-6.8636863],[112.3579638,-6.8636821],[112.3579768,-6.8636788],[112.3579929,-6.8636766],[112.3580104,-6.863676],[112.3580262,-6.8636772],[112.3580395,-6.8636803],[112.3580502,-6.863685],[112.3580591,-6.8636907],[112.3580709,-6.8636985],[112.3580778,-6.8637047],[112.3580838,-6.8637113],[112.358089,-6.863718],[112.3580935,-6.8637234],[112.358098,-6.8637271],[112.3581034,-6.8637282],[112.3581102,-6.8637272],[112.358118,-6.863724],[112.3581257,-6.8637192],[112.3581327,-6.8637132],[112.3581389,-6.8637064],[112.3581447,-6.863699],[112.3581506,-6.8636912],[112.3581564,-6.8636836],[112.3581628,-6.8636726],[112.3581693,-6.8636668],[112.3581768,-6.8636621],[112.358186,-6.8636582],[112.3581973,-6.8636548],[112.3582099,-6.8636521],[112.3582221,-6.8636507],[112.3582327,-6.8636512],[112.358242,-6.8636538],[112.3582511,-6.8636571],[112.3582612,-6.8636605],[112.3582725,-6.8636632],[112.3582828,-6.8636664],[112.3582909,-6.8636708],[112.358295,-6.8636765],[112.3582946,-6.8636828],[112.3582892,-6.8636892],[112.3582796,-6.8636954],[112.3582681,-6.8637014],[112.358257,-6.8637076],[112.358247,-6.8637147],[112.3582384,-6.863723],[112.3582319,-6.8637324],[112.3582289,-6.8637419],[112.3582298,-6.8637515],[112.3582342,-6.8637611],[112.3582408,-6.8637708],[112.3582491,-6.8637808],[112.3582586,-6.8637908],[112.3582686,-6.8638005],[112.3582788,-6.8638102],[112.358288,-6.8638208],[112.358296,-6.8638334],[112.3583026,-6.8638474],[112.3583087,-6.8638612],[112.3583152,-6.8638732],[112.3583287,-6.8638832],[112.3583364,-6.8638924],[112.3583429,-6.8639018],[112.3583472,-6.8639119],[112.3583493,-6.8639226],[112.3583497,-6.8639342],[112.3583489,-6.8639458],[112.3583412,-6.8639668],[112.3583429,-6.8639747],[112.3583473,-6.8639803],[112.3583535,-6.8639835],[112.3583603,-6.8639845],[112.3583666,-6.8639843],[112.3583731,-6.8639832],[112.3583812,-6.8639816],[112.358392,-6.8639791],[112.3584052,-6.8639755],[112.358419,-6.8639705],[112.3584314,-6.8639643],[112.3584414,-6.8639572],[112.3584498,-6.8639499],[112.3584577,-6.8639429],[112.3584659,-6.863937],[112.3584745,-6.8639327],[112.3584833,-6.8639314],[112.3584918,-6.863934],[112.358499,-6.8639411],[112.3585053,-6.8639522],[112.3585116,-6.8639658],[112.358519,-6.8639805],[112.3585272,-6.8639954],[112.3585355,-6.8640099],[112.3585425,-6.8640237],[112.3585474,-6.8640368],[112.3585507,-6.8640498],[112.3585533,-6.8640633],[112.3585563,-6.8640777],[112.3585597,-6.8640919],[112.3585634,-6.8641052],[112.3585678,-6.8641169],[112.3585737,-6.8641266],[112.3585818,-6.8641341],[112.3585917,-6.8641391],[112.3586026,-6.8641416],[112.3586142,-6.8641422],[112.358626,-6.8641414],[112.3586384,-6.8641405],[112.3586512,-6.86414],[112.3586648,-6.8641403],[112.3586782,-6.8641408],[112.3586911,-6.8641406],[112.358703,-6.8641388],[112.3587127,-6.8641346],[112.3587199,-6.8641278],[112.3587248,-6.8641192],[112.3587283,-6.864109],[112.3587313,-6.8640979],[112.3587338,-6.8640862],[112.3587272,-6.8640696],[112.3587289,-6.8640597],[112.3587311,-6.8640509],[112.3587344,-6.8640429],[112.358739,-6.8640356],[112.3587448,-6.8640288],[112.3587558,-6.8640221],[112.3587679,-6.8640214],[112.3587763,-6.8640142],[112.3587843,-6.8640061],[112.3587914,-6.8639976],[112.3587971,-6.8639884],[112.3588013,-6.8639787],[112.358804,-6.8639682],[112.3588055,-6.8639575],[112.3588058,-6.8639472],[112.3588056,-6.863938],[112.3588053,-6.8639302],[112.3588057,-6.8639235],[112.3588071,-6.863918],[112.3588098,-6.8639136],[112.3588139,-6.8639109],[112.3588193,-6.8639102],[112.3588258,-6.8639121],[112.3588326,-6.8639165],[112.35884,-6.8639235],[112.3588475,-6.8639318],[112.3588553,-6.8639404],[112.3588631,-6.8639477],[112.3588713,-6.863953],[112.3588802,-6.8639563],[112.35889,-6.863958],[112.3588997,-6.8639585],[112.3589103,-6.8639577],[112.3589179,-6.8639576],[112.3589234,-6.8639555],[112.3589288,-6.863954],[112.3589354,-6.8639534],[112.3589438,-6.8639547],[112.3589544,-6.8639588],[112.3589648,-6.863966],[112.3589801,-6.8639791],[112.3589963,-6.8639954],[112.35901,-6.86401],[112.3590208,-6.8640213],[112.3590292,-6.8640289],[112.3590374,-6.864035],[112.3590463,-6.8640406],[112.3590561,-6.8640462],[112.3590668,-6.8640515],[112.3590881,-6.8640678],[112.3591044,-6.8640724],[112.3591213,-6.8640774],[112.359136,-6.8640823],[112.3591482,-6.8640857],[112.3591597,-6.8640863],[112.3591717,-6.8640839],[112.359184,-6.864079],[112.3591952,-6.8640733],[112.3592101,-6.8640607],[112.3592199,-6.864056],[112.3592307,-6.8640524],[112.3592431,-6.8640504],[112.359256,-6.8640507],[112.3592687,-6.8640538],[112.3592794,-6.8640598],[112.3592875,-6.8640678],[112.3592923,-6.8640774],[112.3592941,-6.8640883],[112.3592934,-6.8641007],[112.3592913,-6.8641139],[112.3592891,-6.8641265],[112.3592875,-6.8641378],[112.3592914,-6.8641596],[112.3592919,-6.8641677],[112.3592935,-6.8641745],[112.3592967,-6.8641801],[112.3593024,-6.8641843],[112.3593106,-6.8641873],[112.3593215,-6.8641896],[112.3593347,-6.8641915],[112.3593498,-6.8641932],[112.3593649,-6.8641942],[112.3593804,-6.8641951],[112.3593954,-6.8641856],[112.3594147,-6.8641738],[112.3594317,-6.8641971],[112.3594228,-6.864251],[112.3594532,-6.8642562],[112.3594746,-6.8642543],[112.3594902,-6.8642824],[112.3594854,-6.8643413],[112.3594047,-6.8643339],[112.3594073,-6.8643776],[112.3594108,-6.8644036],[112.3594115,-6.8644223],[112.3594134,-6.8644373],[112.3594157,-6.8644487],[112.3594184,-6.864459],[112.3594215,-6.8644692],[112.359425,-6.8644802],[112.3594296,-6.8644927],[112.3594358,-6.864508],[112.3594438,-6.864526],[112.3594528,-6.8645461],[112.3594611,-6.8645647],[112.3594683,-6.8645812],[112.3594744,-6.864595],[112.35948,-6.8646077],[112.3594851,-6.8646194],[112.3594904,-6.8646312],[112.359496,-6.8646432],[112.3595025,-6.864656],[112.3595093,-6.8646691],[112.3595164,-6.8646824],[112.3595235,-6.8646955],[112.3595305,-6.8647085],[112.3595373,-6.864721],[112.3595438,-6.8647332],[112.3595499,-6.8647449],[112.3595561,-6.8647564],[112.359563,-6.8647688],[112.3595717,-6.8647835],[112.3595824,-6.8648011],[112.359595,-6.8648204],[112.3596087,-6.864839],[112.3596223,-6.8648547],[112.3596355,-6.8648678],[112.3596473,-6.8648783],[112.3596593,-6.8648878],[112.359674,-6.8648976],[112.3596937,-6.8649098],[112.3597185,-6.8649245],[112.359745,-6.8649405],[112.3597698,-6.8649554],[112.3597923,-6.864969],[112.3598129,-6.8649817],[112.3598331,-6.8649941],[112.3598524,-6.8650057],[112.3598707,-6.8650162],[112.3598876,-6.8650256],[112.359902,-6.8650338],[112.359914,-6.8650409],[112.3599239,-6.865047],[112.359933,-6.8650526],[112.3599442,-6.8650586],[112.3599598,-6.8650655],[112.3599821,-6.8650729],[112.36001,-6.8650815],[112.3600429,-6.8650848],[112.3600763,-6.8650847],[112.3601069,-6.8650819],[112.3601325,-6.8650782],[112.3601539,-6.8650746],[112.3601726,-6.8650716],[112.3601901,-6.8650687],[112.3602075,-6.8650656],[112.3602254,-6.8650618],[112.3602448,-6.8650545],[112.3602629,-6.8650482],[112.3602815,-6.8650408],[112.3603012,-6.8650324],[112.3603233,-6.8650227],[112.3603454,-6.8650124],[112.360367,-6.8650016],[112.3603867,-6.8649905],[112.3604054,-6.8649795],[112.3604229,-6.8649688],[112.3604387,-6.8649596],[112.3604532,-6.8649514],[112.3604673,-6.8649436],[112.3604819,-6.8649352],[112.3604974,-6.8649258],[112.3605133,-6.8649159],[112.3605292,-6.8649056],[112.3605448,-6.8648951],[112.3605601,-6.8648844],[112.3605746,-6.8648734],[112.3605885,-6.8648623],[112.3606021,-6.8648516],[112.3606156,-6.8648418],[112.36063,-6.8648331],[112.3606405,-6.8648272],[112.3606612,-6.8648237],[112.3606741,-6.8648159],[112.3606827,-6.8647895],[112.3606879,-6.8647728],[112.3606913,-6.8647539],[112.3606937,-6.8647345],[112.3606958,-6.8647166],[112.3606972,-6.8647007],[112.3607012,-6.864674],[112.3606972,-6.8646546],[112.3606918,-6.8646399],[112.360686,-6.8646262],[112.3606751,-6.8646144],[112.3606724,-6.8646063],[112.3606689,-6.8645937],[112.3606665,-6.8645808],[112.3606653,-6.8645677],[112.3606652,-6.8645543],[112.3606659,-6.8645419],[112.3606676,-6.8645299],[112.3606706,-6.8645188],[112.3606753,-6.8645071],[112.360682,-6.8644943],[112.3606906,-6.86448],[112.3607004,-6.864464],[112.3607173,-6.8644556],[112.3607285,-6.8644361],[112.3607419,-6.8644121],[112.3607582,-6.8643826],[112.3607767,-6.8643492],[112.360796,-6.8643143],[112.3608244,-6.8642638],[112.3608578,-6.8641945],[112.3608981,-6.8641214],[112.3608219,-6.8640777],[112.3607393,-6.8640224],[112.3606531,-6.8639607],[112.3605687,-6.8638996],[112.3604887,-6.8638497],[112.3604593,-6.8638596],[112.3604351,-6.863867],[112.3604157,-6.8638737],[112.3603956,-6.8638818],[112.3603747,-6.8638901],[112.360355,-6.8638991],[112.3603381,-6.8639092],[112.3603231,-6.8639206],[112.360309,-6.863933],[112.3602773,-6.8639506],[112.3602621,-6.8639599],[112.360247,-6.8639669],[112.3602326,-6.8639718],[112.3602195,-6.863975],[112.3602078,-6.8639769],[112.360197,-6.863978],[112.3601863,-6.8639782],[112.3601747,-6.8639768],[112.3601616,-6.8639732],[112.3601473,-6.8639668],[112.3601336,-6.8639585],[112.3601218,-6.8639491],[112.3601122,-6.8639389],[112.3601049,-6.863928],[112.3600994,-6.8639166],[112.3600954,-6.8639049],[112.3600919,-6.8638932],[112.3600884,-6.8638812],[112.3600852,-6.8638683],[112.3600831,-6.8638534],[112.3600836,-6.8638354],[112.3600896,-6.8638201],[112.3600967,-6.8637952],[112.3601064,-6.8637678],[112.3601182,-6.863739],[112.3601322,-6.8637208],[112.3601465,-6.8636949],[112.3601608,-6.8636724],[112.3601746,-6.8636526],[112.3601879,-6.8636342],[112.3601912,-6.8636297],[112.3602033,-6.8636018],[112.3602163,-6.8635836],[112.3602303,-6.8635647],[112.3602454,-6.8635459],[112.3602615,-6.8635286],[112.3602786,-6.863514],[112.3602973,-6.8635024],[112.3603176,-6.8634934],[112.3603382,-6.863487],[112.3603578,-6.8634833],[112.3603768,-6.8634821],[112.3603974,-6.8634834],[112.3604202,-6.8634868],[112.3604443,-6.8634923],[112.3604664,-6.8634991],[112.3604861,-6.8635068],[112.3605041,-6.8635153],[112.3605217,-6.8635251],[112.3605389,-6.8635361],[112.3605561,-6.8635488],[112.3605739,-6.8635637],[112.3606136,-6.8635884],[112.3606528,-6.8636199],[112.3606666,-6.863635],[112.3606798,-6.8636495],[112.3606932,-6.8636638],[112.3607076,-6.8636784],[112.3607236,-6.863694],[112.3607415,-6.8637109],[112.3607608,-6.8637287],[112.3607807,-6.863747],[112.3608004,-6.863765],[112.3608202,-6.8637826],[112.3608414,-6.8638004],[112.3608642,-6.8638184],[112.3608849,-6.8638371],[112.3609101,-6.863855],[112.3609357,-6.8638737],[112.3609593,-6.8638922],[112.3609817,-6.863911],[112.3610019,-6.8639291],[112.3610181,-6.8639466],[112.3610359,-6.8639637],[112.3610535,-6.8639812],[112.3610714,-6.8640002],[112.3610887,-6.8640203],[112.3611042,-6.8640412],[112.3611154,-6.8640608],[112.3611227,-6.8640797],[112.3611267,-6.8640977],[112.3611289,-6.8641155],[112.3611364,-6.8641331],[112.3611344,-6.8641508],[112.3611282,-6.8641712],[112.3611173,-6.8641984],[112.3610918,-6.864237],[112.3610696,-6.864282],[112.3610529,-6.8643331],[112.3610357,-6.864373],[112.3610168,-6.8644205],[112.3610024,-6.8644644],[112.361013,-6.8644811],[112.3609957,-6.8645349],[112.3609941,-6.8645585],[112.360989,-6.8645715],[112.3609865,-6.8645812],[112.3609839,-6.8645892],[112.3609797,-6.8645962],[112.3609736,-6.8646028],[112.3609664,-6.8646085],[112.3609586,-6.8646134],[112.3609512,-6.8646173],[112.3609444,-6.8646208],[112.3609383,-6.8646248],[112.3609326,-6.8646296],[112.3609269,-6.8646357],[112.3609212,-6.8646431],[112.3609155,-6.8646519],[112.3609108,-6.8646612],[112.3609085,-6.8646701],[112.36091,-6.8646779],[112.3609153,-6.8646855],[112.3609234,-6.8646933],[112.3609329,-6.864702],[112.3609422,-6.8647109],[112.3609507,-6.8647198],[112.3609587,-6.8647288],[112.3609662,-6.8647384],[112.3609739,-6.8647493],[112.3609821,-6.8647623],[112.3609908,-6.864777],[112.3609995,-6.8647923],[112.361007,-6.8648063],[112.361013,-6.8648187],[112.3610178,-6.8648294],[112.3610226,-6.8648398],[112.3610277,-6.8648499],[112.3610335,-6.8648606],[112.3610394,-6.864872],[112.3610452,-6.864884],[112.361051,-6.8648959],[112.3610574,-6.8649071],[112.3610652,-6.864916],[112.3610746,-6.8649214],[112.3610856,-6.8649226],[112.361097,-6.8649211],[112.3611092,-6.8649182],[112.3611217,-6.8649154],[112.361135,-6.8649132],[112.3611477,-6.8649122],[112.3611602,-6.8649124],[112.3611722,-6.8649137],[112.361185,-6.8649154],[112.3611978,-6.864917],[112.3612103,-6.8649184],[112.3612202,-6.86492],[112.3612278,-6.8649218],[112.3612335,-6.8649236],[112.3612388,-6.8649248],[112.3612441,-6.864925],[112.3612496,-6.8649242],[112.3612553,-6.8649232],[112.3612613,-6.8649229],[112.3612671,-6.8649243],[112.3612719,-6.8649281],[112.3612752,-6.8649341],[112.3612774,-6.8649424],[112.3612789,-6.8649517],[112.3612805,-6.8649613],[112.3612823,-6.8649694],[112.361284,-6.8649763],[112.3612847,-6.864982],[112.3612829,-6.8649876],[112.3612782,-6.8649931],[112.3612708,-6.8649982],[112.3612628,-6.8650027],[112.361255,-6.8650072],[112.3612484,-6.865012],[112.3612429,-6.8650176],[112.3612386,-6.8650243],[112.3612352,-6.8650322],[112.3612327,-6.8650418],[112.361231,-6.8650527],[112.3612299,-6.865065],[112.3612291,-6.8650774],[112.3612284,-6.8650897],[112.3612276,-6.8651012],[112.3612266,-6.8651122],[112.3612255,-6.8651229],[112.3612247,-6.8651336],[112.3612244,-6.8651446],[112.3612251,-6.8651562],[112.3612268,-6.8651681],[112.3612289,-6.8651803],[112.3612314,-6.865193],[112.3612336,-6.8652057],[112.3612356,-6.8652182],[112.3612375,-6.8652301],[112.3612396,-6.8652414],[112.3612421,-6.8652523],[112.3612453,-6.8652632],[112.3612498,-6.8652742],[112.3612559,-6.8652854],[112.3612634,-6.8652966],[112.3612714,-6.865307],[112.3612791,-6.865316],[112.3612867,-6.8653241],[112.3612943,-6.8653317],[112.3613025,-6.8653396],[112.3613112,-6.8653476],[112.3613202,-6.8653556],[112.361329,-6.8653635],[112.3613373,-6.8653712],[112.3613445,-6.8653789],[112.3613503,-6.8653875],[112.3613543,-6.8653975],[112.3613573,-6.8654095],[112.3613601,-6.865423],[112.3613641,-6.8654372],[112.3613693,-6.8654505],[112.3613757,-6.8654635],[112.3613819,-6.8654765],[112.3613871,-6.8654906],[112.361391,-6.8655061],[112.3613936,-6.8655233],[112.3613956,-6.8655405],[112.361398,-6.8655568],[112.361402,-6.86557],[112.3614084,-6.8655809],[112.3614166,-6.8655899],[112.3614256,-6.8655987],[112.3614348,-6.8656093],[112.3614438,-6.8656239],[112.3614521,-6.8656429],[112.361459,-6.8656641],[112.3614645,-6.8656845],[112.3614693,-6.865702],[112.3614741,-6.8657172],[112.3614795,-6.8657309],[112.3614858,-6.8657432],[112.3614929,-6.8657534],[112.3615009,-6.8657614],[112.3615095,-6.8657673],[112.3615183,-6.8657718],[112.3615269,-6.8657752],[112.3615352,-6.8657778],[112.3615435,-6.8657803],[112.361552,-6.8657831],[112.3615606,-6.8657867],[112.3615683,-6.865791],[112.3615745,-6.8657962],[112.3615791,-6.8658022],[112.3615827,-6.8658095],[112.3615861,-6.8658176],[112.3615899,-6.8658257],[112.3615943,-6.8658331],[112.3615992,-6.8658393],[112.3616041,-6.8658441],[112.3616087,-6.8658476],[112.3616127,-6.8658503],[112.3616163,-6.8658531],[112.3616199,-6.8658571],[112.3616237,-6.8658627],[112.3616276,-6.8658695],[112.3616312,-6.8658771],[112.3616344,-6.8658848],[112.3616376,-6.865893],[112.3616409,-6.8659016],[112.3616446,-6.865911],[112.3616489,-6.8659214],[112.3616544,-6.8659326],[112.3616611,-6.8659447],[112.3616687,-6.8659572],[112.3616765,-6.8659694],[112.3616766,-6.8659817],[112.3616847,-6.8659984],[112.3616921,-6.8660096],[112.3617022,-6.8660226],[112.36171,-6.8660363],[112.3617174,-6.8660517],[112.3617244,-6.8660683],[112.3617363,-6.8660826],[112.3617443,-6.8661008],[112.3617503,-6.8661123],[112.3617567,-6.8661256],[112.3617621,-6.8661365],[112.3617664,-6.8661462],[112.36177,-6.8661557],[112.3617729,-6.8661654],[112.3617756,-6.8661754],[112.3617781,-6.8661856],[112.3617807,-6.8661969],[112.3617833,-6.8662095],[112.3617862,-6.8662243],[112.3617893,-6.8662412],[112.3617934,-6.8662602],[112.3617983,-6.8662803],[112.361804,-6.8662997],[112.3618094,-6.8663166],[112.3618143,-6.8663312],[112.3618187,-6.8663444],[112.3618227,-6.8663573],[112.3618261,-6.8663694],[112.3618289,-6.8663803],[112.3618315,-6.8663897],[112.3618345,-6.8663984],[112.3618386,-6.8664071],[112.361844,-6.8664158],[112.3618502,-6.866424],[112.3618564,-6.8664308],[112.3618623,-6.8664367],[112.3618679,-6.8664421],[112.3618735,-6.8664473],[112.361879,-6.8664519],[112.3618844,-6.8664556],[112.3618904,-6.8664584],[112.3618971,-6.8664611],[112.3619044,-6.8664649],[112.3619116,-6.8664705],[112.3619177,-6.8664778],[112.3619223,-6.8664859],[112.361926,-6.8664934],[112.3619303,-6.8664992],[112.3619363,-6.8665034],[112.361944,-6.8665067],[112.3619523,-6.8665103],[112.3619598,-6.8665152],[112.3619655,-6.8665214],[112.3619702,-6.866528],[112.3619751,-6.8665337],[112.3619813,-6.8665379],[112.3619883,-6.8665413],[112.3619957,-6.8665449],[112.3620028,-6.8665493],[112.3620093,-6.8665553],[112.3620144,-6.8665631],[112.3620177,-6.8665724],[112.3620195,-6.8665822],[112.3620206,-6.8665913],[112.362022,-6.8665989],[112.3620247,-6.8666051],[112.3620296,-6.8666103],[112.3620368,-6.8666148],[112.3620461,-6.8666189],[112.3620558,-6.8666231],[112.3620652,-6.8666278],[112.362074,-6.8666332],[112.3620826,-6.866639],[112.3620912,-6.8666449],[112.362099,-6.86665],[112.362106,-6.8666543],[112.3621121,-6.8666576],[112.3621174,-6.86666],[112.3621224,-6.8666624],[112.3621272,-6.8666654],[112.362132,-6.8666693],[112.3621365,-6.8666739],[112.3621407,-6.8666782],[112.3621445,-6.866682],[112.3621485,-6.8666853],[112.3621526,-6.8666883],[112.3621568,-6.8666908],[112.3621612,-6.866693],[112.3621665,-6.8666953],[112.3621735,-6.8666986],[112.3621821,-6.866703],[112.3621918,-6.8667087],[112.3622008,-6.8667146],[112.362209,-6.8667204],[112.3622163,-6.8667259],[112.3622232,-6.8667315],[112.3622299,-6.8667369],[112.3622368,-6.8667417],[112.3622444,-6.8667451],[112.3622531,-6.8667469],[112.3622622,-6.8667472],[112.3622707,-6.8667469],[112.3622777,-6.8667467],[112.3622834,-6.8667473],[112.3622881,-6.8667491],[112.3622927,-6.8667517],[112.3622977,-6.8667546],[112.3623038,-6.866757],[112.3623107,-6.8667582],[112.3623179,-6.8667584],[112.3623247,-6.8667583],[112.3623308,-6.8667589],[112.3623361,-6.8667609],[112.3623408,-6.8667645],[112.362345,-6.8667688],[112.3623496,-6.8667729],[112.3623553,-6.8667753],[112.3623621,-6.8667755],[112.3623693,-6.8667739],[112.3623763,-6.866772],[112.3623827,-6.8667712],[112.3623886,-6.8667726],[112.3623938,-6.8667764],[112.3623985,-6.8667824],[112.3624029,-6.8667896],[112.3624077,-6.8667971],[112.3624132,-6.866804],[112.3624188,-6.8668102],[112.362424,-6.8668156],[112.3624286,-6.8668207],[112.3624325,-6.866826],[112.3624355,-6.8668316],[112.3624374,-6.8668378],[112.3624382,-6.8668445],[112.3624383,-6.8668514],[112.3624381,-6.8668582],[112.3624382,-6.866865],[112.3624391,-6.8668713],[112.3624413,-6.8668767],[112.362445,-6.8668802],[112.3624496,-6.8668815],[112.3624544,-6.8668813],[112.3624588,-6.8668812],[112.3624629,-6.8668822],[112.3624667,-6.8668848],[112.3624706,-6.8668884],[112.3624749,-6.8668925],[112.3624798,-6.8668963],[112.3624852,-6.8668992],[112.3624907,-6.8669009],[112.3624961,-6.8669012],[112.3625022,-6.8668999],[112.3625096,-6.8668969],[112.3625185,-6.8668925],[112.3625281,-6.8668873],[112.3625367,-6.8668821],[112.3625439,-6.8668765],[112.3625498,-6.8668701],[112.3625551,-6.866863],[112.3625623,-6.8668563],[112.3625817,-6.8668249],[112.3626253,-6.8668464],[112.362689,-6.8668764],[112.3627864,-6.8669254],[112.3628908,-6.8669771],[112.3629845,-6.8670246],[112.3630478,-6.867055],[112.3630302,-6.8671028],[112.3630499,-6.8671272],[112.3630583,-6.8671358],[112.3630654,-6.8671424],[112.3630719,-6.867149],[112.3630774,-6.8671561],[112.3630817,-6.8671637],[112.3630854,-6.8671714],[112.3630894,-6.8671786],[112.3630946,-6.8671847],[112.3631012,-6.8671892],[112.3631089,-6.8671922],[112.3631171,-6.8671942],[112.3631253,-6.8671959],[112.3631329,-6.8671978],[112.3631398,-6.8672004],[112.363146,-6.8672037],[112.3631515,-6.8672079],[112.3631568,-6.8672126],[112.3631626,-6.8672173],[112.3631694,-6.8672217],[112.3631772,-6.8672255],[112.3631855,-6.8672289],[112.3631943,-6.8672323],[112.3632033,-6.8672361],[112.363213,-6.8672408],[112.3632229,-6.8672463],[112.3632328,-6.8672522],[112.3632424,-6.8672585],[112.3632514,-6.8672652],[112.3632597,-6.8672724],[112.363267,-6.8672798],[112.3632737,-6.8672869],[112.3632804,-6.8672931],[112.3632881,-6.867298],[112.3632978,-6.8673015],[112.3633092,-6.867304],[112.363322,-6.8673057],[112.3633343,-6.867307],[112.3633461,-6.8673089],[112.3633585,-6.8673123],[112.363372,-6.8673173],[112.3633865,-6.8673238],[112.3634002,-6.867331],[112.363413,-6.8673386],[112.3634243,-6.8673464],[112.3634351,-6.8673542],[112.3634455,-6.8673618],[112.3634557,-6.867369],[112.3634667,-6.8673759],[112.3634787,-6.8673826],[112.3634919,-6.8673895],[112.3635045,-6.8673958],[112.3635159,-6.8674013],[112.3635261,-6.8674059],[112.3635363,-6.86741],[112.3635474,-6.867414],[112.3635598,-6.8674182],[112.363573,-6.8674223],[112.3635873,-6.8674263],[112.363602,-6.8674297],[112.3636164,-6.8674323],[112.3636292,-6.8674342],[112.3636402,-6.8674362],[112.3636495,-6.8674391],[112.3636573,-6.8674434],[112.3636638,-6.8674492],[112.3636695,-6.867456],[112.3636751,-6.867463],[112.363681,-6.867469],[112.3636876,-6.8674734],[112.3636951,-6.8674759],[112.3637035,-6.8674771],[112.3637128,-6.8674779],[112.363723,-6.8674794],[112.3637339,-6.867482],[112.3637445,-6.8674853],[112.3637544,-6.8674881],[112.3637639,-6.8674892],[112.3637734,-6.8674886],[112.3637834,-6.867487],[112.3637939,-6.8674855],[112.3638042,-6.8674847],[112.3638137,-6.8674853],[112.3638221,-6.8674873],[112.3638299,-6.8674906],[112.3638374,-6.8674949],[112.3638445,-6.8674994],[112.3638509,-6.8675037],[112.3638569,-6.8675072],[112.3638629,-6.8675101],[112.3638692,-6.8675121],[112.3638756,-6.8675129],[112.363882,-6.8675122],[112.3638882,-6.8675101],[112.363895,-6.8675073],[112.3639033,-6.8675049],[112.3639139,-6.8675035],[112.3639268,-6.8675039],[112.3639412,-6.8675066],[112.3639561,-6.8675113],[112.3639703,-6.867517],[112.3639834,-6.8675226],[112.3639958,-6.867528],[112.3640076,-6.8675338],[112.3640192,-6.867541],[112.3640295,-6.86755],[112.3640382,-6.8675604],[112.3640442,-6.8675709],[112.3640491,-6.8675805],[112.3640543,-6.8675884],[112.3640612,-6.8675946],[112.3640694,-6.8675989],[112.3640797,-6.8676009],[112.3641108,-6.8675987],[112.3641289,-6.8675652],[112.3641766,-6.8675822],[112.3642177,-6.8675974],[112.3642713,-6.8676167],[112.3643232,-6.8676299],[112.3643618,-6.8676446],[112.3643776,-6.8676402],[112.3643919,-6.867638],[112.3644007,-6.8676357],[112.3644084,-6.8676342],[112.3644156,-6.8676336],[112.3644222,-6.8676338],[112.364428,-6.867635],[112.3644333,-6.8676373],[112.3644381,-6.8676409],[112.3644422,-6.8676457],[112.3644453,-6.8676511],[112.364448,-6.8676567],[112.3644512,-6.8676619],[112.3644557,-6.8676665],[112.3644621,-6.8676705],[112.3644704,-6.867674],[112.3644801,-6.8676769],[112.3644907,-6.8676793],[112.3645016,-6.8676811],[112.3645124,-6.8676824],[112.3645227,-6.8676837],[112.3645317,-6.8676854],[112.3645393,-6.867688],[112.3645454,-6.8676917],[112.3645501,-6.8676965],[112.3645539,-6.8677018],[112.3645577,-6.8677072],[112.3645626,-6.8677124],[112.3645694,-6.8677172],[112.3645784,-6.8677218],[112.364589,-6.8677263],[112.3646008,-6.8677306],[112.3646128,-6.8677347],[112.3646237,-6.8677388],[112.3646332,-6.8677432],[112.3646411,-6.8677486],[112.3646478,-6.8677551],[112.3646525,-6.8677616],[112.3646554,-6.8677676],[112.364657,-6.8677731],[112.3646582,-6.8677788],[112.3646605,-6.8677856],[112.3646669,-6.8677945],[112.3646803,-6.8678059],[112.3647035,-6.8678196],[112.3647342,-6.8678344],[112.3647695,-6.8678492],[112.3648064,-6.8678639],[112.364843,-6.8678783],[112.3648782,-6.8678928],[112.3649125,-6.8679074],[112.3649466,-6.867922],[112.3649821,-6.8679369],[112.365018,-6.8679519],[112.3650529,-6.8679665],[112.3650849,-6.8679781],[112.3651132,-6.8679841],[112.3651384,-6.8679832],[112.3651602,-6.8679756],[112.3651802,-6.8679614],[112.365199,-6.8679414],[112.3652182,-6.8679174],[112.3652347,-6.8678948],[112.3652482,-6.8678755],[112.3652585,-6.8678597],[112.3652674,-6.8678452],[112.3652758,-6.8678312],[112.365284,-6.8678179],[112.3652924,-6.8678054],[112.3653007,-6.8677936],[112.3653096,-6.8677812],[112.3653196,-6.8677664],[112.3653323,-6.8677468],[112.3653469,-6.8677234],[112.3653624,-6.8676984],[112.3653752,-6.8676782],[112.3653856,-6.8676628],[112.3653943,-6.8676504],[112.3654057,-6.8676341],[112.3654205,-6.8676122],[112.3654393,-6.8675841],[112.3654577,-6.8675561],[112.3654772,-6.8675272],[112.3654975,-6.8674981],[112.3655197,-6.8674673],[112.3655397,-6.8674403],[112.3655575,-6.8674166],[112.365573,-6.8673956],[112.3655874,-6.8673751],[112.3656004,-6.8673556],[112.3656122,-6.8673367],[112.3656234,-6.8673184],[112.3656348,-6.8673],[112.3656469,-6.8672809],[112.3656604,-6.8672596],[112.3656751,-6.8672362],[112.3656905,-6.8672115],[112.3657043,-6.8671894],[112.3657164,-6.8671711],[112.3657262,-6.8671569],[112.3657351,-6.8671448],[112.3657431,-6.8671337],[112.3657509,-6.8671226],[112.3657589,-6.8671108],[112.3657676,-6.8670974],[112.3657778,-6.8670809],[112.3657894,-6.8670619],[112.365802,-6.8670412],[112.3658136,-6.8670226],[112.3658237,-6.8670062],[112.3658325,-6.8669919],[112.3658408,-6.8669781],[112.3658488,-6.8669652],[112.3658565,-6.8669531],[112.365864,-6.8669417],[112.3658713,-6.8669312],[112.3658779,-6.8669217],[112.365884,-6.8669138],[112.36589,-6.8669083],[112.3658965,-6.8669059],[112.365904,-6.8669071],[112.3659125,-6.8669117],[112.3659223,-6.866919],[112.3659329,-6.8669279],[112.3659451,-6.8669381],[112.3659588,-6.8669489],[112.3659745,-6.8669605],[112.3659912,-6.8669719],[112.3660092,-6.8669836],[112.3660283,-6.8669957],[112.366049,-6.8670092],[112.3660721,-6.8670245],[112.3660974,-6.8670415],[112.3661232,-6.8670586],[112.3661468,-6.8670738],[112.3661682,-6.8670873],[112.3661894,-6.8671006],[112.3662125,-6.8671153],[112.3662368,-6.8671312],[112.3662599,-6.867147],[112.3662796,-6.8671609],[112.3662969,-6.8671733],[112.3663141,-6.8671855],[112.3663333,-6.8671987],[112.3663543,-6.8672127],[112.3663749,-6.8672264],[112.366394,-6.867239],[112.3664116,-6.8672508],[112.3664295,-6.8672626],[112.3664489,-6.8672751],[112.3664697,-6.8672884],[112.3664918,-6.8673025],[112.3665125,-6.8673164],[112.3665315,-6.8673297],[112.366548,-6.8673416],[112.3665633,-6.867352],[112.3665784,-6.8673613],[112.3665938,-6.8673698],[112.3666086,-6.8673776],[112.366622,-6.8673845],[112.3666339,-6.8673904],[112.3666447,-6.8673951],[112.3666547,-6.8673983],[112.3666642,-6.8673995],[112.3666727,-6.8673983],[112.3666806,-6.8673948],[112.3666884,-6.8673888],[112.366696,-6.867381],[112.3667036,-6.8673717],[112.3667109,-6.867362],[112.3667182,-6.8673512],[112.3667257,-6.8673393],[112.3667337,-6.8673262],[112.3667415,-6.8673138],[112.366749,-6.8673023],[112.3667565,-6.8672913],[112.3667649,-6.8672794],[112.3667748,-6.8672657],[112.366786,-6.8672506],[112.3667976,-6.8672349],[112.3668074,-6.867221],[112.3668156,-6.8672088],[112.3668227,-6.8671971],[112.3668301,-6.8671844],[112.366838,-6.8671703],[112.3668464,-6.8671557],[112.3668546,-6.8671413],[112.366863,-6.8671275],[112.3668715,-6.8671141],[112.3668803,-6.8671007],[112.3668893,-6.8670872],[112.3668989,-6.8670728],[112.3669093,-6.8670571],[112.3669207,-6.8670403],[112.3669329,-6.8670229],[112.3669459,-6.8670054],[112.3669588,-6.8669884],[112.3669713,-6.8669722],[112.3669825,-6.8669573],[112.3669927,-6.8669427],[112.3670022,-6.8669272],[112.3670118,-6.8669103],[112.3670217,-6.8668929],[112.3670323,-6.8668756],[112.3670432,-6.8668593],[112.3670546,-6.8668428],[112.3670657,-6.8668265],[112.3670761,-6.8668108],[112.3670862,-6.8667961],[112.3670965,-6.8667826],[112.3671079,-6.8667691],[112.3671199,-6.8667552],[112.367132,-6.8667409],[112.367143,-6.8667269],[112.3671526,-6.8667136],[112.3671609,-6.8667004],[112.3671685,-6.8666866],[112.3671762,-6.8666718],[112.3671844,-6.8666555],[112.3671931,-6.8666388],[112.3672023,-6.8666224],[112.3672119,-6.8666068],[112.367222,-6.8665917],[112.3672321,-6.8665767],[112.3672418,-6.8665621],[112.3672507,-6.8665481],[112.367259,-6.866535],[112.3672672,-6.8665229],[112.3672752,-6.8665119],[112.3672828,-6.8665013],[112.3672892,-6.8664897],[112.3672934,-6.8664744],[112.3672976,-6.8664521],[112.3673047,-6.8664208],[112.3673243,-6.8663895],[112.3673505,-6.8663396],[112.3673835,-6.8662858],[112.3674175,-6.8662344],[112.3674499,-6.8661889],[112.3674828,-6.8661433],[112.3675091,-6.8661117],[112.3675327,-6.8660849],[112.3675474,-6.866059],[112.3675652,-6.8660406],[112.3675783,-6.8660282],[112.3675882,-6.8660202],[112.3675961,-6.8660157],[112.3676041,-6.8660125],[112.3676128,-6.8660101],[112.3676223,-6.8660082],[112.367632,-6.866007],[112.3676443,-6.8659884],[112.3678196,-6.8657222],[112.3682798,-6.8650233],[112.3685434,-6.8646216],[112.3686034,-6.8646573],[112.3683416,-6.8650589],[112.3681384,-6.8653703],[112.3679222,-6.8657014],[112.3678755,-6.8657729],[112.3677204,-6.8660104],[112.3677049,-6.8660341],[112.3677136,-6.8660411],[112.3677216,-6.8660482],[112.3677284,-6.8660561],[112.3677334,-6.866065],[112.3677364,-6.8660747],[112.3677374,-6.8660851],[112.3677367,-6.8660961],[112.3677345,-6.8661076],[112.367731,-6.8661193],[112.3677265,-6.8661308],[112.3677209,-6.8661423],[112.3677144,-6.8661539],[112.3677071,-6.8661661],[112.367699,-6.8661795],[112.3676895,-6.8661956],[112.3676787,-6.8662146],[112.3676664,-6.8662359],[112.3676542,-6.8662567],[112.3676427,-6.8662755],[112.3676323,-6.8662917],[112.367623,-6.8663057],[112.3676141,-6.8663192],[112.3676049,-6.8663328],[112.3675949,-6.8663476],[112.3675851,-6.8663613],[112.3675761,-6.8663737],[112.3675685,-6.8663845],[112.3675617,-6.8663953],[112.3675549,-6.8664077],[112.3675469,-6.8664229],[112.3675374,-6.8664404],[112.3675271,-6.8664586],[112.3675167,-6.8664766],[112.3675071,-6.8664935],[112.3674985,-6.8665098],[112.367491,-6.8665246],[112.3674818,-6.8665352],[112.3674766,-6.8665462],[112.3674719,-6.8665558],[112.367467,-6.8665638],[112.3674613,-6.8665709],[112.3674543,-6.8665772],[112.3674463,-6.8665833],[112.3674373,-6.8665904],[112.3674309,-6.8666015],[112.3674213,-6.8666113],[112.3674114,-6.8666221],[112.3674006,-6.8666345],[112.3673897,-6.8666472],[112.3673793,-6.8666598],[112.3673697,-6.8666719],[112.3673602,-6.8666844],[112.36735,-6.8666981],[112.3673396,-6.8667128],[112.3673292,-6.8667279],[112.3673187,-6.8667435],[112.3673076,-6.8667604],[112.3672962,-6.8667785],[112.3672849,-6.8667963],[112.3672745,-6.8668123],[112.3672639,-6.866827],[112.3672526,-6.8668409],[112.3672403,-6.8668554],[112.3672288,-6.8668697],[112.3672187,-6.8668838],[112.36721,-6.866897],[112.3672018,-6.8669097],[112.3671935,-6.8669218],[112.3671848,-6.866934],[112.367176,-6.8669466],[112.3671673,-6.8669599],[112.3671588,-6.8669734],[112.3671503,-6.8669863],[112.3671417,-6.8669985],[112.3671328,-6.8670103],[112.3671236,-6.8670217],[112.3671146,-6.8670332],[112.367106,-6.8670447],[112.3670975,-6.8670572],[112.367089,-6.8670708],[112.3670798,-6.8670858],[112.3670707,-6.8671005],[112.3670614,-6.867115],[112.3670524,-6.8671288],[112.3670432,-6.8671427],[112.3670338,-6.8671574],[112.3670229,-6.867174],[112.3670108,-6.8671923],[112.3669981,-6.8672116],[112.3669869,-6.867229],[112.3669775,-6.8672438],[112.366969,-6.8672576],[112.3669597,-6.8672727],[112.3669485,-6.8672906],[112.3669347,-6.8673125],[112.3669191,-6.8673378],[112.3669025,-6.867365],[112.3668883,-6.8673885],[112.3668766,-6.8674077],[112.3668665,-6.8674238],[112.3668565,-6.8674404],[112.3668455,-6.8674591],[112.3668334,-6.8674799],[112.3668193,-6.8675024],[112.3668027,-6.8675274],[112.3667838,-6.867555],[112.366765,-6.8675837],[112.3667492,-6.8676088],[112.3667363,-6.8676306],[112.3667254,-6.8676497],[112.3667149,-6.8676683],[112.3667044,-6.8676861],[112.3666939,-6.8677031],[112.3666834,-6.8677195],[112.366673,-6.8677357],[112.3666625,-6.8677531],[112.3666521,-6.8677716],[112.366642,-6.8677907],[112.366633,-6.8678079],[112.366625,-6.8678229],[112.3666175,-6.8678359],[112.3666094,-6.867849],[112.3665997,-6.8678636],[112.3665884,-6.86788],[112.3665763,-6.8678973],[112.3665651,-6.8679134],[112.3665551,-6.8679279],[112.3665456,-6.8679411],[112.3665357,-6.8679541],[112.3665249,-6.8679677],[112.3665139,-6.8679817],[112.366503,-6.8679963],[112.3664926,-6.8680108],[112.3664829,-6.868025],[112.3664732,-6.8680388],[112.3664634,-6.8680523],[112.3664531,-6.8680656],[112.3664425,-6.8680789],[112.3664318,-6.8680925],[112.3664209,-6.8681075],[112.3664099,-6.8681239],[112.3663989,-6.8681419],[112.366389,-6.8681589],[112.3663797,-6.8681752],[112.3663704,-6.8681911],[112.3663607,-6.8682068],[112.3663507,-6.8682224],[112.3663409,-6.8682381],[112.3663311,-6.8682551],[112.3663215,-6.8682736],[112.3663122,-6.8682929],[112.3663043,-6.8683105],[112.3662979,-6.8683261],[112.366293,-6.8683398],[112.366289,-6.868353],[112.3662861,-6.868365],[112.3662845,-6.8683762],[112.3662849,-6.8683866],[112.3662877,-6.8683972],[112.3662932,-6.868408],[112.3663006,-6.8684184],[112.3663092,-6.868428],[112.3663181,-6.8684365],[112.3663274,-6.8684441],[112.3663373,-6.8684513],[112.3663493,-6.8684592],[112.3663634,-6.8684682],[112.3663798,-6.8684789],[112.3663966,-6.8684901],[112.366413,-6.868501],[112.3664279,-6.8685104],[112.3664396,-6.8685172],[112.3664491,-6.8685221],[112.3664567,-6.8685256],[112.3664643,-6.8685291],[112.3664728,-6.8685329],[112.3664829,-6.8685375],[112.3664942,-6.8685427],[112.3665063,-6.868548],[112.3665187,-6.8685534],[112.3665306,-6.8685581],[112.3665417,-6.8685621],[112.3665515,-6.8685645],[112.3665605,-6.8685652],[112.366569,-6.8685637],[112.3665772,-6.8685603],[112.366585,-6.8685549],[112.3665922,-6.8685474],[112.3665988,-6.8685382],[112.3666041,-6.8685287],[112.3666077,-6.86852],[112.3666105,-6.8685125],[112.3666136,-6.8685058],[112.3666178,-6.8684992],[112.3666233,-6.868492],[112.3666294,-6.8684841],[112.3666356,-6.868476],[112.3666414,-6.8684682],[112.3666469,-6.8684613],[112.3666523,-6.8684554],[112.3666582,-6.8684503],[112.3666644,-6.8684461],[112.3666711,-6.8684429],[112.3666786,-6.8684408],[112.3666873,-6.8684397],[112.3666972,-6.8684395],[112.3667085,-6.8684405],[112.3667201,-6.8684423],[112.3667321,-6.868444],[112.3667432,-6.8684437],[112.3667539,-6.868441],[112.3667638,-6.8684361],[112.3667731,-6.8684301],[112.366782,-6.8684237],[112.3667913,-6.8684167],[112.3668012,-6.8684096],[112.3668115,-6.8684022],[112.3668202,-6.8683952],[112.366827,-6.8683881],[112.3668316,-6.8683804],[112.3668349,-6.8683718],[112.3668379,-6.8683626],[112.3668421,-6.8683528],[112.366848,-6.8683426],[112.3668554,-6.8683322],[112.3668633,-6.8683225],[112.3668711,-6.8683143],[112.3668789,-6.8683077],[112.3668877,-6.868302],[112.3668973,-6.8682974],[112.3669079,-6.8682936],[112.3669189,-6.868291],[112.3669301,-6.8682894],[112.3669416,-6.8682887],[112.3669543,-6.8682885],[112.3669694,-6.8682874],[112.3669871,-6.8682808],[112.3670082,-6.8682687],[112.3670329,-6.8682415],[112.3670561,-6.8681973],[112.3670784,-6.8681413],[112.3671005,-6.868089],[112.3671221,-6.8680372],[112.3671438,-6.8679856],[112.3671661,-6.8679342],[112.3671894,-6.8678826],[112.3672131,-6.8678241],[112.3672431,-6.8677676],[112.3672773,-6.8677067],[112.3673146,-6.8676432],[112.3673537,-6.8675776],[112.3673963,-6.8675071],[112.3674443,-6.8674287],[112.3674959,-6.8673453],[112.3675473,-6.8672629],[112.3675954,-6.8671859],[112.3676398,-6.8671142],[112.3676812,-6.8670464],[112.3677197,-6.8669826],[112.3677542,-6.8669248],[112.3677839,-6.8668755],[112.3678069,-6.8668375],[112.3678237,-6.8668102],[112.3678369,-6.8667874],[112.3678457,-6.8667748],[112.3678542,-6.8667663],[112.3678644,-6.8667613],[112.3678782,-6.8667594],[112.3678935,-6.8667649],[112.3679129,-6.8667682],[112.3679319,-6.8667723],[112.3679492,-6.8667766],[112.3679634,-6.8667803],[112.3679754,-6.8667835],[112.3679859,-6.8667863],[112.3679957,-6.8667889],[112.3680055,-6.8667914],[112.3680155,-6.8667939],[112.368026,-6.8667967],[112.3680372,-6.8667996],[112.3680492,-6.8668028],[112.368062,-6.8668063],[112.3680759,-6.8668103],[112.3680923,-6.8668151],[112.3681119,-6.8668208],[112.3681356,-6.8668277],[112.3681606,-6.866835],[112.3681863,-6.8668425],[112.368211,-6.8668496],[112.3682341,-6.8668561],[112.3682548,-6.8668618],[112.3682739,-6.866867],[112.3682919,-6.8668718],[112.3683098,-6.8668764],[112.368327,-6.8668809],[112.3683437,-6.8668853],[112.3683602,-6.8668898],[112.3683772,-6.8668945],[112.3683951,-6.8668994],[112.368414,-6.8669046],[112.3684337,-6.8669098],[112.3684535,-6.8669149],[112.3684722,-6.8669197],[112.3684898,-6.8669244],[112.3685058,-6.8669292],[112.368521,-6.8669339],[112.3685348,-6.8669385],[112.3685466,-6.8669425],[112.3685569,-6.8669461],[112.3685667,-6.8669499],[112.3685767,-6.8669545],[112.368586,-6.8669605],[112.3685934,-6.8669677],[112.3685981,-6.8669762],[112.3686002,-6.8669859],[112.3686,-6.8669982],[112.3685973,-6.8670166],[112.368592,-6.8670439],[112.3685845,-6.8670789],[112.3685765,-6.8671139],[112.3685696,-6.8671415],[112.3685647,-6.8671608],[112.3685613,-6.8671753],[112.3685586,-6.8671888],[112.3685561,-6.8672027],[112.3685534,-6.8672167],[112.3685504,-6.8672294],[112.3685477,-6.8672407],[112.3685459,-6.8672506],[112.3685448,-6.8672607],[112.3685439,-6.8672715],[112.3685435,-6.8672831],[112.3685446,-6.8672948],[112.368548,-6.8673061],[112.3685538,-6.8673166],[112.3685615,-6.8673264],[112.3685706,-6.8673359],[112.3685809,-6.8673451],[112.3685923,-6.867354],[112.3686045,-6.8673623],[112.3686177,-6.8673698],[112.3686331,-6.8673768],[112.3686513,-6.8673836],[112.3686713,-6.8673902],[112.3686906,-6.8673965],[112.3687072,-6.8674018],[112.3687208,-6.8674053],[112.3687316,-6.8674065],[112.3687405,-6.8674055],[112.368748,-6.8674023],[112.3687546,-6.867397],[112.3687606,-6.8673893],[112.3687663,-6.8673797],[112.3687717,-6.8673684],[112.3687768,-6.8673561],[112.3687817,-6.8673427],[112.3687863,-6.8673294],[112.3687904,-6.867316],[112.3687938,-6.8673028],[112.368797,-6.8672888],[112.3688007,-6.8672738],[112.3688053,-6.8672576],[112.3688106,-6.8672416],[112.3688158,-6.8672268],[112.3688207,-6.8672139],[112.3688256,-6.8672024],[112.3688307,-6.8671923],[112.3688362,-6.8671833],[112.3688419,-6.8671754],[112.3688476,-6.8671679],[112.3688535,-6.8671601],[112.3688601,-6.8671512],[112.3688674,-6.8671413],[112.3688752,-6.867131],[112.3688836,-6.8671206],[112.3688918,-6.8671104],[112.3688995,-6.8671002],[112.3689065,-6.8670905],[112.3689142,-6.8670808],[112.3689233,-6.8670631],[112.3689285,-6.8670513],[112.3689801,-6.8670658],[112.3690212,-6.867072],[112.3690631,-6.8670843],[112.3690973,-6.8670921],[112.3691428,-6.8671043],[112.3691156,-6.8671554],[112.3690811,-6.8672134],[112.3690515,-6.8672672],[112.369019,-6.8673243],[112.3689846,-6.8673853],[112.3689484,-6.86745],[112.3689104,-6.8675176],[112.3688722,-6.8675842],[112.368836,-6.8676469],[112.3688032,-6.8677037],[112.3687736,-6.8677556],[112.3687429,-6.8678048],[112.368713,-6.8678581],[112.3686811,-6.8679148],[112.368647,-6.8679757],[112.3686128,-6.8680393],[112.3685736,-6.8681056],[112.3685392,-6.8681758],[112.3685281,-6.8682652],[112.3685223,-6.8683526],[112.3685173,-6.8684266],[112.3685208,-6.8684847],[112.3685309,-6.8685262],[112.368556,-6.8685571],[112.3686014,-6.8685838],[112.3686645,-6.86861],[112.368738,-6.8686367],[112.3688135,-6.8686644],[112.368884,-6.8686935],[112.3689685,-6.8687209],[112.3690356,-6.8687506],[112.3690223,-6.8688106],[112.3690123,-6.8688628],[112.3689932,-6.8689541],[112.3689795,-6.8690302],[112.3689637,-6.8691111],[112.3689469,-6.8691967],[112.3689296,-6.8692851],[112.3689121,-6.8693743],[112.3688942,-6.8694581],[112.3688781,-6.8695384],[112.3688433,-6.8696959],[112.3687882,-6.8696722],[112.3687267,-6.8696463],[112.3686526,-6.8696152],[112.3685882,-6.869588],[112.3685486,-6.8695966],[112.3685183,-6.869629],[112.3685016,-6.8696698],[112.3685014,-6.8696949],[112.3685146,-6.8697272],[112.3685516,-6.8697755],[112.3685978,-6.8698306],[112.3686367,-6.8698806],[112.3686729,-6.869927],[112.3687076,-6.8699717],[112.3687417,-6.8700155],[112.3687742,-6.8700574],[112.3688021,-6.8700962],[112.3688281,-6.8701306],[112.3688537,-6.8701641],[112.3688115,-6.8702033],[112.3687752,-6.8702333],[112.3687378,-6.8702701],[112.3687274,-6.8703134],[112.3687173,-6.87035],[112.3687133,-6.8703712],[112.368715,-6.8703847],[112.368719,-6.8703936],[112.3687236,-6.8704005],[112.3687282,-6.8704067],[112.3687327,-6.8704128],[112.3687376,-6.8704192],[112.3687432,-6.8704263],[112.3687504,-6.8704352],[112.3687598,-6.8704465],[112.3687718,-6.8704604],[112.3687845,-6.8704744],[112.3687966,-6.8704873],[112.3688061,-6.8704976],[112.3688135,-6.8705059],[112.3688195,-6.870513],[112.3688253,-6.87052],[112.3688313,-6.8705274],[112.3688376,-6.8705353],[112.3688443,-6.8705436],[112.368851,-6.8705514],[112.3688575,-6.8705587],[112.3688638,-6.8705653],[112.3688699,-6.8705717],[112.3688761,-6.8705782],[112.3688825,-6.8705852],[112.3688894,-6.8705925],[112.3688966,-6.8706002],[112.3689039,-6.8706078],[112.368911,-6.8706153],[112.3689179,-6.8706227],[112.3689255,-6.8706306],[112.3689343,-6.8706397],[112.3689446,-6.87065],[112.3689551,-6.8706607],[112.3689649,-6.8706707],[112.3689736,-6.8706797],[112.3689813,-6.8706878],[112.3689887,-6.8706956],[112.3689958,-6.8707031],[112.369003,-6.8707108],[112.3690102,-6.8707184],[112.3690175,-6.8707258],[112.3690245,-6.8707329],[112.3690311,-6.8707399],[112.3690371,-6.8707471],[112.3690426,-6.8707545],[112.3690477,-6.8707618],[112.3690526,-6.8707685],[112.3690575,-6.8707746],[112.3690627,-6.8707804],[112.3690681,-6.8707865],[112.3690736,-6.8707931],[112.3690793,-6.8708002],[112.3690853,-6.8708079],[112.3690918,-6.8708162],[112.3690987,-6.870825],[112.3691059,-6.8708339],[112.3691133,-6.8708431],[112.3691208,-6.8708526],[112.3691286,-6.8708627],[112.3691369,-6.8708732],[112.3691461,-6.8708841],[112.3691554,-6.8708946],[112.3691645,-6.8709045],[112.3691734,-6.8709137],[112.3691825,-6.8709229],[112.3691922,-6.8709327],[112.3692026,-6.8709433],[112.369214,-6.8709555],[112.3692261,-6.8709688],[112.3692386,-6.8709828],[112.3692498,-6.8709956],[112.3692593,-6.8710066],[112.3692674,-6.8710159],[112.369275,-6.8710243],[112.3692827,-6.8710321],[112.369291,-6.8710398],[112.3692997,-6.8710474],[112.3693087,-6.8710553],[112.3693179,-6.8710637],[112.3693275,-6.8710726],[112.3693372,-6.8710817],[112.3693477,-6.87109],[112.3693597,-6.8710958],[112.3693868,-6.8711043],[112.3694035,-6.8710921],[112.3694301,-6.8710682],[112.369466,-6.8710367],[112.3694908,-6.8710103],[112.3695219,-6.8709805],[112.3695749,-6.8710266],[112.3696206,-6.8710648],[112.3696713,-6.8711072],[112.3697234,-6.8711522],[112.3697729,-6.8711951],[112.3698165,-6.8712343],[112.3698722,-6.8712798],[112.3699255,-6.8713237],[112.369894,-6.8713688],[112.369867,-6.8714048],[112.3698244,-6.8714645],[112.3698338,-6.871491],[112.3698492,-6.8715287],[112.3698897,-6.8715609],[112.3699274,-6.8715936],[112.3699645,-6.8716223],[112.3699976,-6.8716441],[112.3700288,-6.8716685],[112.3700473,-6.8716782],[112.3700584,-6.8716663],[112.370078,-6.8716389],[112.3701042,-6.8715959],[112.3701343,-6.8715493],[112.3701594,-6.8715125],[112.3701768,-6.8715299],[112.370202,-6.8715538],[112.3702366,-6.8715795],[112.3702531,-6.8715908],[112.3702698,-6.8716052],[112.3702787,-6.871616],[112.3703181,-6.8716471],[112.3703486,-6.8716654],[112.3703853,-6.8716907],[112.3703553,-6.8717329],[112.370334,-6.8717635],[112.3703288,-6.8717829],[112.3703301,-6.8717953],[112.3703362,-6.8718035],[112.3703444,-6.8718101],[112.3703523,-6.8718157],[112.3703589,-6.8718206],[112.370364,-6.8718251],[112.3703687,-6.8718307],[112.3703739,-6.8718384],[112.3703796,-6.8718485],[112.3703856,-6.8718595],[112.3703917,-6.87187],[112.3703976,-6.8718795],[112.3704035,-6.8718888],[112.3704099,-6.8718989],[112.3704173,-6.8719103],[112.370425,-6.8719212],[112.3704332,-6.8719296],[112.3704415,-6.8719336],[112.3704511,-6.8719317],[112.3704629,-6.8719228],[112.3704778,-6.8719064],[112.3704953,-6.8718858],[112.3705086,-6.8718581],[112.3705311,-6.8718242],[112.3705708,-6.8718549],[112.370599,-6.8718794],[112.370632,-6.8719016],[112.3706658,-6.8719263],[112.3706974,-6.871952],[112.3707307,-6.8719728],[112.3707514,-6.8719925],[112.3707214,-6.8720449],[112.3707721,-6.8720767],[112.3708125,-6.8721027],[112.370846,-6.8721303],[112.370877,-6.8721553],[112.3709081,-6.8721801],[112.3709401,-6.8722062],[112.370973,-6.8722335],[112.3710026,-6.8722615],[112.3710298,-6.8722851],[112.371052,-6.8723055],[112.3710172,-6.8723577],[112.3709965,-6.8723969],[112.3709731,-6.8724346],[112.3709539,-6.8724648],[112.3709428,-6.8724844],[112.3709397,-6.8724954],[112.3709416,-6.8725016],[112.3709451,-6.8725064],[112.3709479,-6.8725111],[112.370949,-6.8725166],[112.3709483,-6.8725231],[112.3709458,-6.8725301],[112.3709418,-6.8725372],[112.3709369,-6.8725438],[112.3709316,-6.8725499],[112.3709267,-6.8725552],[112.3709223,-6.8725604],[112.3709189,-6.872566],[112.370917,-6.8725732],[112.3709191,-6.872583],[112.3709274,-6.8725959],[112.3709433,-6.8726115],[112.3709643,-6.8726281],[112.3709881,-6.8726445],[112.3710136,-6.8726608],[112.3710405,-6.8726777],[112.371069,-6.8726958],[112.3710987,-6.8727152],[112.3711295,-6.8727357],[112.3711594,-6.8727561],[112.3711882,-6.8727731],[112.3712104,-6.8727897],[112.3712371,-6.8728116],[112.3712176,-6.8728407],[112.3712087,-6.8728367],[112.3711904,-6.8728652],[112.371174,-6.8728865],[112.371156,-6.8729114],[112.3711383,-6.8729364],[112.3711202,-6.8729576],[112.3711132,-6.8729727],[112.3711179,-6.8729816],[112.3711225,-6.8729844],[112.3711282,-6.8729849],[112.3711328,-6.8729851],[112.3711364,-6.872986],[112.3711395,-6.8729881],[112.3711424,-6.8729914],[112.3711451,-6.8729958],[112.3711472,-6.8730009],[112.3711486,-6.8730064],[112.3711495,-6.8730121],[112.3711505,-6.8730181],[112.3711522,-6.8730246],[112.371155,-6.8730316],[112.371159,-6.8730391],[112.3711641,-6.8730469],[112.37117,-6.8730547],[112.3711819,-6.8730606],[112.3711871,-6.8730661],[112.3711904,-6.8730709],[112.3711911,-6.8730757],[112.3711891,-6.8730811],[112.3711851,-6.8730873],[112.3711744,-6.8730947],[112.37117,-6.8731013],[112.3711669,-6.8731074],[112.371166,-6.8731128],[112.3711674,-6.8731176],[112.3711711,-6.8731222],[112.3711756,-6.8731264],[112.3711804,-6.87313],[112.3711846,-6.8731325],[112.3711882,-6.8731339],[112.3711915,-6.873134],[112.3711949,-6.873133],[112.3711989,-6.8731308],[112.3712035,-6.8731279],[112.3712085,-6.8731245],[112.3712135,-6.8731207],[112.3712187,-6.8731163],[112.3712241,-6.8731116],[112.3712372,-6.873093],[112.3712471,-6.8730993],[112.3712499,-6.873104],[112.3712409,-6.8731197],[112.3712338,-6.8731307],[112.37123,-6.8731393],[112.3712263,-6.8731465],[112.3712225,-6.8731535],[112.3712183,-6.8731611],[112.3712136,-6.8731696],[112.3712094,-6.8731778],[112.3712058,-6.8731857],[112.3712028,-6.8731931],[112.3711997,-6.8732004],[112.3711961,-6.8732076],[112.371192,-6.8732147],[112.3711875,-6.8732217],[112.3711826,-6.8732289],[112.3711776,-6.8732365],[112.371172,-6.8732453],[112.3711661,-6.8732553],[112.3711599,-6.8732662],[112.3711537,-6.8732766],[112.3711475,-6.873286],[112.3711416,-6.8732944],[112.371136,-6.8733019],[112.3711308,-6.8733088],[112.3711265,-6.8733147],[112.3711231,-6.8733199],[112.3711208,-6.8733243],[112.3711193,-6.8733283],[112.3711183,-6.8733326],[112.3711175,-6.8733378],[112.3711165,-6.873344],[112.3711148,-6.8733509],[112.3711123,-6.8733582],[112.3711088,-6.8733658],[112.3711044,-6.8733737],[112.3710995,-6.8733813],[112.3710942,-6.8733878],[112.3710886,-6.8733931],[112.371083,-6.8733974],[112.3710782,-6.8734019],[112.3710754,-6.8734068],[112.371075,-6.8734125],[112.3710764,-6.8734185],[112.3710779,-6.873425],[112.3710783,-6.8734315],[112.3710771,-6.8734381],[112.3710745,-6.8734443],[112.371071,-6.8734498],[112.3710668,-6.8734543],[112.3710622,-6.8734585],[112.371058,-6.8734629],[112.3710562,-6.8734685],[112.3710579,-6.8734751],[112.3710626,-6.8734823],[112.3710685,-6.873489],[112.371074,-6.8734945],[112.3710787,-6.8734981],[112.371083,-6.8734992],[112.3710876,-6.8734978],[112.3710925,-6.873494],[112.3710972,-6.8734881],[112.3711006,-6.8734809],[112.371103,-6.8734731],[112.3711049,-6.8734655],[112.3711081,-6.8734585],[112.3711134,-6.8734518],[112.3711207,-6.8734454],[112.3711291,-6.8734389],[112.3711379,-6.8734315],[112.3711482,-6.8734204],[112.3711612,-6.8734031],[112.3711781,-6.8733781],[112.3711968,-6.8733493],[112.3712156,-6.8733191],[112.3712321,-6.873291],[112.3712451,-6.8732662],[112.3712531,-6.8732464],[112.3712765,-6.8732039],[112.371296,-6.8731641],[112.3713038,-6.8731515],[112.3713175,-6.8731501],[112.3713335,-6.8731547],[112.3713481,-6.8731647],[112.3713679,-6.8731767],[112.3713779,-6.8731834],[112.3713615,-6.8732082],[112.3713573,-6.8732173],[112.3713529,-6.873225],[112.3713485,-6.8732325],[112.371344,-6.8732403],[112.3713395,-6.8732489],[112.3713359,-6.8732583],[112.3713351,-6.8732684],[112.3713383,-6.8732793],[112.3713449,-6.8732913],[112.3713701,-6.8733024],[112.3713567,-6.8733313],[112.3713614,-6.873343],[112.3713709,-6.873353],[112.3713825,-6.873362],[112.3713922,-6.8733703],[112.3713974,-6.8733782],[112.371398,-6.8733862],[112.3713962,-6.8733949],[112.371395,-6.8734042],[112.3713969,-6.8734143],[112.3714041,-6.873424],[112.3714154,-6.873433],[112.3714292,-6.8734404],[112.3714424,-6.873445],[112.3714536,-6.873446],[112.3714617,-6.8734434],[112.3714667,-6.8734389],[112.3714695,-6.8734334],[112.3714717,-6.8734276],[112.3714744,-6.8734216],[112.3714783,-6.8734156],[112.3714836,-6.8734101],[112.3714903,-6.8734055],[112.3714986,-6.8734024],[112.3715084,-6.8734011],[112.3715193,-6.8734016],[112.3715301,-6.873404],[112.3715399,-6.8734078],[112.3715486,-6.8734129],[112.371557,-6.8734193],[112.3715656,-6.8734268],[112.3715741,-6.8734354],[112.371582,-6.873445],[112.3715891,-6.8734566],[112.3715959,-6.8734696],[112.3716032,-6.8734825],[112.3716118,-6.873489],[112.3716245,-6.8734931],[112.3716348,-6.8734746],[112.3716434,-6.8734546],[112.3716626,-6.8734634],[112.3716805,-6.8734727],[112.3716965,-6.8734796],[112.3717112,-6.8734868],[112.3717268,-6.8734948],[112.3717338,-6.8735026],[112.3717358,-6.8735116],[112.3717346,-6.8735212],[112.3717241,-6.8735388],[112.371794,-6.8735725],[112.3718088,-6.8735462],[112.3718207,-6.8735144],[112.3718332,-6.8734926],[112.3718429,-6.8734599],[112.3718507,-6.8734588],[112.3718681,-6.8734629],[112.3718866,-6.8734684],[112.3719092,-6.8734795],[112.3719051,-6.8734983],[112.3719126,-6.8735098],[112.3719188,-6.8735206],[112.3719233,-6.8735301],[112.3719254,-6.8735393],[112.3719255,-6.8735488],[112.3719244,-6.8735586],[112.3719226,-6.8735682],[112.3719206,-6.8735769],[112.3719182,-6.8735848],[112.3719161,-6.8735919],[112.3719144,-6.8735984],[112.3719138,-6.8736042],[112.3719147,-6.8736096],[112.3719174,-6.8736144],[112.371922,-6.8736184],[112.3719277,-6.8736211],[112.371934,-6.8736228],[112.3719402,-6.8736235],[112.3719462,-6.8736235],[112.3719515,-6.8736225],[112.371956,-6.8736201],[112.3719598,-6.8736163],[112.3719633,-6.8736109],[112.371967,-6.8736041],[112.371971,-6.8735965],[112.3719752,-6.8735885],[112.371979,-6.8735808],[112.3719821,-6.8735737],[112.3719843,-6.8735674],[112.3719854,-6.873562],[112.371985,-6.8735572],[112.371983,-6.8735527],[112.3719797,-6.8735482],[112.3719758,-6.8735432],[112.3719717,-6.8735374],[112.3719679,-6.8735308],[112.3719648,-6.8735239],[112.3719627,-6.8735174],[112.3719619,-6.8735118],[112.3719623,-6.8735066],[112.371964,-6.8735016],[112.3719666,-6.8734963],[112.3719698,-6.873491],[112.3719729,-6.8734864],[112.3719757,-6.8734825],[112.3719784,-6.8734792],[112.3719815,-6.8734761],[112.3719853,-6.8734733],[112.3719898,-6.8734712],[112.3719946,-6.8734703],[112.3719997,-6.8734709],[112.3720045,-6.8734724],[112.372009,-6.8734736],[112.3720133,-6.873473],[112.3720177,-6.8734701],[112.3720204,-6.8734602],[112.3720285,-6.8734577],[112.3720401,-6.8734586],[112.3720587,-6.8734693],[112.3720782,-6.8734773],[112.3721034,-6.8734893],[112.3721313,-6.873499],[112.3721624,-6.8735132],[112.3722042,-6.8735295],[112.3721842,-6.8735784],[112.3721681,-6.8736142],[112.372159,-6.8736393],[112.3721502,-6.8736613],[112.3721428,-6.8736796],[112.3721372,-6.8736943],[112.3721338,-6.8737061],[112.372133,-6.8737158],[112.372136,-6.8737237],[112.3721433,-6.8737297],[112.3721542,-6.8737332],[112.3721672,-6.8737317],[112.3721806,-6.8737232],[112.3721935,-6.8737064],[112.3722054,-6.873684],[112.3722162,-6.8736589],[112.372226,-6.8736333],[112.3722352,-6.8736089],[112.372244,-6.8735882],[112.3722499,-6.8735659],[112.3722617,-6.8735587],[112.3722772,-6.8735587],[112.372299,-6.8735713],[112.3723181,-6.8735786],[112.3723362,-6.8735863],[112.3723532,-6.8735941],[112.3723683,-6.873601],[112.3723821,-6.8736076],[112.3723938,-6.8736129],[112.3724044,-6.8736175],[112.372414,-6.8736216],[112.3724235,-6.8736258],[112.3724324,-6.8736301],[112.3724408,-6.8736347],[112.3724484,-6.8736394],[112.372455,-6.8736444],[112.3724604,-6.8736496],[112.3724641,-6.873655],[112.3724661,-6.8736613],[112.3724663,-6.8736686],[112.3724653,-6.8736768],[112.3724636,-6.8736857],[112.3724627,-6.8736944],[112.3724637,-6.8737029],[112.3724689,-6.8737114],[112.3724803,-6.8737208],[112.372498,-6.8737312],[112.3725174,-6.873743],[112.3725348,-6.873748],[112.3725522,-6.873755],[112.3725403,-6.873784],[112.3725391,-6.8737954],[112.3725394,-6.8738032],[112.3725426,-6.8738078],[112.3725485,-6.8738107],[112.372556,-6.8738135],[112.3725644,-6.8738171],[112.3725734,-6.8738215],[112.3725827,-6.8738264],[112.3725919,-6.8738314],[112.372601,-6.8738361],[112.3726095,-6.8738403],[112.3726168,-6.8738438],[112.3726231,-6.8738469],[112.3726284,-6.8738495],[112.3726332,-6.8738521],[112.3726383,-6.8738548],[112.3726443,-6.8738583],[112.3726515,-6.8738625],[112.3726594,-6.873867],[112.3726674,-6.8738715],[112.3726751,-6.8738758],[112.3726825,-6.8738802],[112.3726897,-6.8738846],[112.3726969,-6.8738891],[112.3727042,-6.8738935],[112.3727119,-6.8738978],[112.3727202,-6.8739019],[112.372729,-6.873906],[112.372738,-6.8739102],[112.3727469,-6.8739148],[112.3727557,-6.8739197],[112.3727639,-6.8739246],[112.3727715,-6.8739292],[112.3727786,-6.8739332],[112.3727853,-6.8739366],[112.3727918,-6.8739399],[112.3727985,-6.8739431],[112.372806,-6.8739464],[112.3728146,-6.8739493],[112.3728242,-6.8739512],[112.3728337,-6.873952],[112.3728421,-6.8739519],[112.3728494,-6.873951],[112.372856,-6.8739496],[112.3728619,-6.8739478],[112.3728671,-6.8739456],[112.3728715,-6.8739429],[112.3728753,-6.8739394],[112.3728795,-6.8739338],[112.3728851,-6.8739242],[112.3728928,-6.8739093],[112.3729023,-6.8738888],[112.3729129,-6.8738652],[112.3729238,-6.8738406],[112.3729345,-6.8738166],[112.3729452,-6.873793],[112.3729561,-6.8737689],[112.3729676,-6.8737435],[112.3729802,-6.8737182],[112.3730059,-6.8736531],[112.3730465,-6.8736703],[112.3730853,-6.8736881],[112.373069,-6.8737188],[112.3731087,-6.8737353],[112.3731414,-6.8737487],[112.3731769,-6.873767],[112.3732145,-6.8737856],[112.3732518,-6.8738038],[112.3732861,-6.8738223],[112.3733191,-6.8738344],[112.3733697,-6.8738586],[112.3733508,-6.8738913],[112.3733178,-6.873949],[112.3732949,-6.8739981],[112.3732688,-6.8740498],[112.3732419,-6.8741024],[112.3732161,-6.8741535],[112.3731928,-6.8742001],[112.3731738,-6.8742395],[112.3731598,-6.8742699],[112.373151,-6.8742914],[112.3731469,-6.8743055],[112.3731472,-6.874314],[112.3731516,-6.8743188],[112.3731589,-6.8743217],[112.3731683,-6.8743248],[112.3731787,-6.874329],[112.3731895,-6.8743348],[112.3731992,-6.8743415],[112.3732077,-6.8743486],[112.3732151,-6.8743559],[112.3732224,-6.8743634],[112.3732299,-6.8743711],[112.3732376,-6.8743784],[112.3732457,-6.8743853],[112.3732547,-6.874392],[112.373265,-6.8743984],[112.3732767,-6.8744048],[112.3732899,-6.8744112],[112.3733049,-6.874418],[112.3733211,-6.8744249],[112.3733377,-6.8744311],[112.3733536,-6.8744361],[112.373369,-6.8744397],[112.373384,-6.8744426],[112.3734,-6.8744451],[112.3734178,-6.874448],[112.3734377,-6.8744511],[112.3734592,-6.8744541],[112.3734799,-6.8744563],[112.3734999,-6.874458],[112.3735185,-6.8744594],[112.3735357,-6.8744609],[112.3735513,-6.8744624],[112.3735659,-6.8744638],[112.3735807,-6.874465],[112.3735964,-6.8744661],[112.3736132,-6.8744671],[112.3736304,-6.8744682],[112.3736477,-6.8744692],[112.373665,-6.8744702],[112.3736826,-6.874471],[112.3737005,-6.8744716],[112.3737195,-6.8744721],[112.3737384,-6.8744724],[112.3737567,-6.8744727],[112.3737718,-6.874473],[112.3737847,-6.8744734],[112.3737965,-6.8744739],[112.3738091,-6.8744742],[112.3738225,-6.8744741],[112.3738373,-6.8744733],[112.3738539,-6.874472],[112.373873,-6.8744702],[112.3738939,-6.8744684],[112.3739144,-6.8744662],[112.3739322,-6.8744626],[112.3739456,-6.8744543],[112.3739551,-6.8744368],[112.3739616,-6.8744066],[112.3739668,-6.8743644],[112.3739712,-6.8743144],[112.3739749,-6.8742609],[112.3739782,-6.8742071],[112.3739813,-6.8741531],[112.3739848,-6.8740979],[112.3739889,-6.87404],[112.3739935,-6.8739806],[112.3739985,-6.8739207],[112.3740041,-6.8738622],[112.3740101,-6.8738064],[112.374016,-6.8737544],[112.3740208,-6.8737069],[112.3740248,-6.8736657],[112.3740298,-6.8736294],[112.3740255,-6.8735948],[112.3740529,-6.8735989],[112.374081,-6.8736055],[112.3741106,-6.8736106],[112.3741427,-6.8736176],[112.3741758,-6.8736256],[112.3742078,-6.8736337],[112.3742389,-6.8736417],[112.3742691,-6.8736493],[112.3742998,-6.8736567],[112.374331,-6.8736641],[112.374363,-6.8736718],[112.3743946,-6.8736794],[112.3744256,-6.8736869],[112.3744551,-6.8736936],[112.3744825,-6.8736995],[112.374506,-6.8737052],[112.3745248,-6.8737116],[112.3745515,-6.8737163],[112.3745525,-6.8737322],[112.3745525,-6.8737517],[112.3745499,-6.8737742],[112.3745487,-6.8737986],[112.3745472,-6.8738267],[112.3745469,-6.8738596],[112.3745511,-6.8738905],[112.3745639,-6.8739155],[112.3745882,-6.8739292],[112.374623,-6.8739345],[112.374664,-6.8739345],[112.3747081,-6.8739331],[112.3747519,-6.8739316],[112.374794,-6.8739301],[112.3748326,-6.8739288],[112.3748691,-6.8739274],[112.3749038,-6.8739261],[112.3749368,-6.8739247],[112.3749667,-6.8739231],[112.3749921,-6.873921],[112.3750139,-6.8739177],[112.375034,-6.8739122],[112.3750532,-6.8739103],[112.3750858,-6.8739092],[112.3750858,-6.8738546],[112.3751265,-6.8738554],[112.3751269,-6.8738058],[112.3751465,-6.8738073],[112.3751554,-6.873798],[112.3751611,-6.8737925],[112.3751646,-6.8737877],[112.3751675,-6.8737829],[112.3751708,-6.8737773],[112.375175,-6.8737711],[112.3751802,-6.8737644],[112.375186,-6.8737577],[112.3751921,-6.8737516],[112.3751981,-6.8737462],[112.375204,-6.8737412],[112.3752101,-6.873736],[112.3752165,-6.8737306],[112.3752232,-6.8737253],[112.3752297,-6.8737207],[112.3752361,-6.873717],[112.3752423,-6.8737143],[112.3752483,-6.8737126],[112.3752548,-6.8737116],[112.3752623,-6.8737112],[112.3752705,-6.8737108],[112.3752787,-6.87371],[112.3752864,-6.8737084],[112.3752938,-6.8737052],[112.3753014,-6.8737005],[112.3753095,-6.8736942],[112.3753171,-6.8736873],[112.3753246,-6.8736799],[112.3753323,-6.8736721],[112.3753409,-6.8736639],[112.3753503,-6.8736557],[112.3753609,-6.8736474],[112.375372,-6.873639],[112.3753833,-6.8736306],[112.3753941,-6.8736226],[112.3754039,-6.8736154],[112.3754128,-6.8736087],[112.3754223,-6.8736008],[112.3754342,-6.8735882],[112.3754501,-6.873568],[112.3754698,-6.8735388],[112.3754914,-6.8735044],[112.3755135,-6.8734674],[112.3755349,-6.8734315],[112.3755561,-6.8733962],[112.3755772,-6.8733614],[112.3755989,-6.8733258],[112.375621,-6.8732899],[112.3756436,-6.8732533],[112.3756671,-6.8732163],[112.3756922,-6.8731772],[112.3757191,-6.8731353],[112.3757475,-6.8730909],[112.3757753,-6.8730467],[112.3758005,-6.8730061],[112.3758217,-6.8729729],[112.3758409,-6.8729467],[112.3758615,-6.8729254],[112.3758877,-6.8729045],[112.3759204,-6.8728816],[112.3759577,-6.8728563],[112.3759964,-6.8728309],[112.3760338,-6.8728075],[112.3760685,-6.8727873],[112.3761003,-6.8727699],[112.37613,-6.8727542],[112.3761576,-6.8727396],[112.3761855,-6.8727255],[112.3762161,-6.8727109],[112.3762497,-6.872696],[112.3762845,-6.8726804],[112.3763197,-6.8726637],[112.3763547,-6.8726457],[112.3763909,-6.8726263],[112.376427,-6.8726064],[112.3764609,-6.8725867],[112.3764903,-6.872567],[112.3765166,-6.8725469],[112.3765419,-6.8725269],[112.376568,-6.872507],[112.3765957,-6.872487],[112.3766231,-6.8724678],[112.3766489,-6.8724504],[112.3766721,-6.8724351],[112.376693,-6.8724212],[112.3767129,-6.8724063],[112.376733,-6.8723893],[112.3767564,-6.8723681],[112.3767832,-6.8723441],[112.3768135,-6.8723179],[112.3768417,-6.8722937],[112.3768668,-6.8722719],[112.376888,-6.8722525],[112.3769079,-6.8722336],[112.3769277,-6.8722142],[112.3769498,-6.8721927],[112.3769736,-6.8721699],[112.3769981,-6.8721466],[112.3770195,-6.872126],[112.3770372,-6.8721078],[112.3770514,-6.8720917],[112.377064,-6.8720753],[112.3770764,-6.8720575],[112.3770892,-6.872038],[112.377102,-6.8720177],[112.3771143,-6.871998],[112.3771258,-6.8719796],[112.3771367,-6.8719626],[112.3771421,-6.8719544],[112.3772239,-6.8718583],[112.3772392,-6.871846],[112.3772591,-6.8718517],[112.3772744,-6.8718698],[112.3772715,-6.8719031],[112.3772487,-6.871944],[112.3771192,-6.8721324],[112.3771031,-6.8721477],[112.3770031,-6.8722324],[112.3769165,-6.8723142],[112.376729,-6.8724772],[112.3767164,-6.8724861],[112.3767037,-6.8724948],[112.3766894,-6.8725041],[112.3766737,-6.872514],[112.3766565,-6.8725247],[112.3766406,-6.8725348],[112.376626,-6.8725443],[112.3766127,-6.8725532],[112.3765991,-6.8725622],[112.376585,-6.8725715],[112.37657,-6.8725814],[112.3765546,-6.8725921],[112.3765386,-6.8726038],[112.3765222,-6.8726164],[112.3765045,-6.8726301],[112.3764852,-6.8726445],[112.3764636,-6.8726596],[112.3764409,-6.8726746],[112.3764187,-6.8726887],[112.3763996,-6.8727011],[112.3763822,-6.8727125],[112.3763649,-6.872724],[112.3763464,-6.8727368],[112.3763269,-6.8727506],[112.376308,-6.872764],[112.3762904,-6.8727761],[112.3762753,-6.8727855],[112.3762619,-6.872792],[112.3762493,-6.872796],[112.3762356,-6.8727985],[112.3762203,-6.8728008],[112.376203,-6.8728038],[112.3761852,-6.872808],[112.3761676,-6.872813],[112.3761509,-6.8728188],[112.3761356,-6.8728245],[112.3761216,-6.8728301],[112.3761085,-6.8728358],[112.3760961,-6.8728418],[112.376084,-6.8728482],[112.3760717,-6.8728551],[112.3760586,-6.8728625],[112.3760449,-6.8728701],[112.3760314,-6.8728778],[112.3760186,-6.8728854],[112.3760066,-6.8728932],[112.3759955,-6.8729007],[112.3759848,-6.8729082],[112.3759738,-6.8729159],[112.375962,-6.8729242],[112.3759496,-6.8729329],[112.3759374,-6.8729415],[112.3759261,-6.8729498],[112.3759165,-6.8729577],[112.3759081,-6.8729659],[112.3759008,-6.8729753],[112.3758935,-6.8729868],[112.3758859,-6.8730001],[112.3758782,-6.873014],[112.3758707,-6.8730274],[112.375863,-6.8730402],[112.3758547,-6.8730526],[112.3758466,-6.8730638],[112.3758393,-6.8730731],[112.3758334,-6.8730805],[112.3758284,-6.8730869],[112.3758239,-6.8730931],[112.3758196,-6.8730998],[112.3758157,-6.8731072],[112.375812,-6.8731152],[112.3758085,-6.8731239],[112.3758048,-6.8731331],[112.3758007,-6.8731426],[112.3757962,-6.8731518],[112.3757914,-6.8731608],[112.3757859,-6.8731699],[112.3757796,-6.8731794],[112.3757724,-6.8731891],[112.3757644,-6.8731991],[112.3757564,-6.8732093],[112.3757485,-6.8732196],[112.3757417,-6.8732293],[112.3757358,-6.8732386],[112.3757306,-6.8732478],[112.3757256,-6.8732577],[112.3757203,-6.8732686],[112.3757141,-6.8732803],[112.375707,-6.8732919],[112.375699,-6.8733037],[112.3756906,-6.8733159],[112.3756825,-6.8733287],[112.3756752,-6.8733415],[112.3756685,-6.8733539],[112.3756619,-6.8733656],[112.3756553,-6.8733767],[112.3756482,-6.8733877],[112.3756407,-6.8733991],[112.3756325,-6.8734111],[112.3756238,-6.8734231],[112.375615,-6.8734351],[112.3756067,-6.8734467],[112.3755992,-6.8734579],[112.375593,-6.8734678],[112.3755875,-6.8734767],[112.3755817,-6.8734855],[112.3755747,-6.8734959],[112.3755654,-6.8735095],[112.3755543,-6.8735259],[112.3755423,-6.873544],[112.375532,-6.8735597],[112.3755237,-6.8735725],[112.3755168,-6.8735825],[112.3755106,-6.8735911],[112.3755049,-6.8735993],[112.3755006,-6.8736072],[112.3754988,-6.8736147],[112.375501,-6.8736217],[112.3755074,-6.8736282],[112.3755169,-6.8736343],[112.375528,-6.8736405],[112.3755415,-6.8736482],[112.3755583,-6.8736579],[112.3755783,-6.873669],[112.3755973,-6.8736788],[112.3756131,-6.8736863],[112.375625,-6.8736916],[112.3756353,-6.8736962],[112.375646,-6.8737014],[112.3756585,-6.8737078],[112.3756718,-6.873715],[112.3756847,-6.8737218],[112.3756964,-6.8737276],[112.3757069,-6.8737324],[112.3757166,-6.8737369],[112.375726,-6.8737418],[112.3757356,-6.8737465],[112.3757462,-6.8737502],[112.3757601,-6.8737556],[112.3757702,-6.873761],[112.3757877,-6.8737356],[112.3757947,-6.8737196],[112.3758039,-6.8737047],[112.3758118,-6.8736908],[112.3758193,-6.8736776],[112.375827,-6.8736645],[112.3758349,-6.8736512],[112.3758431,-6.8736375],[112.3758512,-6.8736241],[112.3758592,-6.8736115],[112.3758699,-6.8735927],[112.3758798,-6.8735848],[112.3758926,-6.8735819],[112.3759119,-6.8735896],[112.3759314,-6.8736025],[112.3759613,-6.8736168],[112.3759977,-6.873635],[112.376039,-6.8736556],[112.3760834,-6.8736775],[112.3761291,-6.8736995],[112.3761741,-6.8737216],[112.3762154,-6.8737434],[112.3762543,-6.8737589],[112.3762949,-6.8737798],[112.3762926,-6.8738197],[112.3762821,-6.8738722],[112.3762778,-6.8739341],[112.3762713,-6.8740069],[112.3762638,-6.8740869],[112.3762564,-6.874164],[112.3762491,-6.874239],[112.3762417,-6.8743111],[112.3762342,-6.8743836],[112.3762269,-6.8744558],[112.3762201,-6.8745247],[112.3762145,-6.8745864],[112.3762104,-6.8746359],[112.3762086,-6.8746738],[112.3762102,-6.8747009],[112.3762183,-6.8747209],[112.3762363,-6.8747361],[112.3762693,-6.8747473],[112.3763153,-6.8747536],[112.3763688,-6.8747543],[112.3763919,-6.8747519],[112.3764151,-6.8747495],[112.3764504,-6.8747417],[112.3765494,-6.8747238],[112.3766315,-6.8746988],[112.3766884,-6.8746067],[112.3767493,-6.8745077],[112.376855,-6.8743297],[112.3769511,-6.8741518],[112.3770101,-6.8740318],[112.3770786,-6.8738976],[112.3770977,-6.8738757],[112.3771224,-6.8738453],[112.3771624,-6.8738177],[112.3771795,-6.8737996],[112.3771928,-6.8737758],[112.377209,-6.8737511],[112.3772404,-6.8737301],[112.3772794,-6.8737177],[112.3773061,-6.8737215],[112.3773223,-6.8737568],[112.3773327,-6.8738005],[112.3773432,-6.8739446],[112.3773499,-6.8739856],[112.3773546,-6.8740037],[112.377367,-6.8740151],[112.3774278,-6.874043],[112.3774595,-6.8740579],[112.377497,-6.8740728],[112.3775405,-6.8740897],[112.3775894,-6.874109],[112.3776423,-6.8741311],[112.3776938,-6.8741493],[112.3777391,-6.8741717],[112.3777784,-6.8741936],[112.3778158,-6.8742165],[112.3778511,-6.8742452],[112.3778881,-6.8742709],[112.3779245,-6.8742964],[112.3779611,-6.8743215],[112.3779992,-6.8743468],[112.3780397,-6.8743733],[112.3780835,-6.8744016],[112.37813,-6.8744305],[112.3781758,-6.8744646],[112.3782265,-6.8744923],[112.3782787,-6.8745199],[112.3783322,-6.8745467],[112.3783881,-6.8745739],[112.3784468,-6.8746018],[112.3785109,-6.8746312],[112.3785783,-6.874661],[112.3786486,-6.8746906],[112.3787231,-6.8747139],[112.3787943,-6.8747418],[112.3788643,-6.8747687],[112.378932,-6.8747944],[112.3789946,-6.8748182],[112.3790521,-6.8748401],[112.3791075,-6.8748615],[112.3791659,-6.8748839],[112.3792313,-6.8749083],[112.3793027,-6.874935],[112.3793761,-6.8749581],[112.3794343,-6.8749801],[112.379477,-6.8749951],[112.3795106,-6.8750075],[112.3794847,-6.8750758],[112.3795637,-6.8751089],[112.379577,-6.8750785],[112.379595,-6.8750487],[112.3796019,-6.8750406],[112.3796068,-6.8750353],[112.3796106,-6.8750327],[112.379614,-6.8750324],[112.3796167,-6.8750344],[112.3796186,-6.8750384],[112.3796202,-6.8750442],[112.3796238,-6.875051],[112.3796337,-6.8750589],[112.3796535,-6.8750681],[112.3796841,-6.8750793],[112.3797203,-6.8750917],[112.3797565,-6.8751038],[112.3797891,-6.8751144],[112.3798182,-6.8751238],[112.3798456,-6.8751328],[112.3798726,-6.8751422],[112.3799,-6.8751521],[112.3799283,-6.8751628],[112.379958,-6.8751743],[112.3799905,-6.8751868],[112.3800248,-6.8751997],[112.380061,-6.8752129],[112.3800971,-6.8752258],[112.3801323,-6.8752385],[112.3801631,-6.8752495],[112.3801897,-6.8752584],[112.3802128,-6.8752652],[112.3802348,-6.8752709],[112.380258,-6.8752772],[112.3802851,-6.8752856],[112.3803166,-6.8752964],[112.3803518,-6.8753086],[112.3803868,-6.8753208],[112.3804199,-6.8753322],[112.3804496,-6.8753424],[112.380478,-6.8753522],[112.3805058,-6.8753616],[112.380534,-6.8753702],[112.3805589,-6.875376],[112.3805786,-6.8753782],[112.3805927,-6.8753759],[112.3806035,-6.8753698],[112.3806124,-6.875361],[112.3806207,-6.8753506],[112.380629,-6.8753399],[112.3806384,-6.8753286],[112.3806492,-6.875317],[112.3806608,-6.8753049],[112.3806709,-6.8752939],[112.3806797,-6.8752833],[112.3806876,-6.8752725],[112.380696,-6.8752605],[112.3807052,-6.8752479],[112.380715,-6.8752355],[112.3807255,-6.8752237],[112.3807374,-6.8752118],[112.3807512,-6.8751989],[112.3807664,-6.8751847],[112.3807824,-6.8751693],[112.3807982,-6.8751533],[112.380814,-6.8751363],[112.3808303,-6.8751182],[112.3808476,-6.8750991],[112.380865,-6.8750804],[112.3808816,-6.8750626],[112.3808972,-6.8750455],[112.380912,-6.8750283],[112.3809265,-6.8750108],[112.380941,-6.8749936],[112.3809556,-6.8749775],[112.3809707,-6.8749622],[112.3809865,-6.8749466],[112.3810026,-6.87493],[112.3810178,-6.8749134],[112.3810313,-6.8748979],[112.381043,-6.8748843],[112.3810554,-6.8748705],[112.381071,-6.8748539],[112.3810956,-6.874828],[112.3811282,-6.8747936],[112.3811665,-6.8747528],[112.3811969,-6.8747206],[112.3812186,-6.8746982],[112.3812317,-6.874685],[112.3812424,-6.8746745],[112.3812526,-6.874664],[112.3812635,-6.8746525],[112.3812746,-6.8746405],[112.3812857,-6.8746282],[112.381297,-6.8746154],[112.3813091,-6.8746017],[112.3813218,-6.8745874],[112.3813353,-6.8745724],[112.3813495,-6.8745569],[112.3813646,-6.8745406],[112.3813813,-6.874523],[112.3813992,-6.8745043],[112.3814171,-6.8744853],[112.3814326,-6.8744688],[112.3814454,-6.8744545],[112.3814566,-6.8744417],[112.3814677,-6.8744286],[112.3814794,-6.8744153],[112.3814915,-6.8744019],[112.3815034,-6.8743889],[112.3815153,-6.8743761],[112.3815276,-6.874363],[112.3815408,-6.8743488],[112.3815542,-6.8743341],[112.3815671,-6.8743198],[112.3815791,-6.8743064],[112.3815908,-6.8742938],[112.3816028,-6.8742813],[112.3816151,-6.8742686],[112.3816277,-6.8742553],[112.3816409,-6.8742412],[112.3816556,-6.8742247],[112.3816726,-6.8742057],[112.3816918,-6.8741844],[112.3817109,-6.8741633],[112.3817276,-6.8741455],[112.3817412,-6.874131],[112.3817529,-6.8741188],[112.3817645,-6.8741069],[112.381777,-6.874094],[112.3817906,-6.87408],[112.3818052,-6.874065],[112.3818206,-6.874049],[112.3818362,-6.8740323],[112.3818518,-6.8740148],[112.3818665,-6.8739976],[112.38188,-6.8739818],[112.3818912,-6.8739686],[112.3819009,-6.8739575],[112.3819093,-6.8739474],[112.3819174,-6.8739373],[112.381926,-6.8739267],[112.3819364,-6.8739152],[112.3819498,-6.8739015],[112.3819659,-6.873886],[112.3819828,-6.8738696],[112.381998,-6.8738543],[112.3820111,-6.87384],[112.3820228,-6.8738269],[112.3820346,-6.8738139],[112.3820469,-6.8738011],[112.3820595,-6.8737886],[112.3820718,-6.8737766],[112.3820838,-6.8737652],[112.3820958,-6.873754],[112.3821082,-6.8737428],[112.3821202,-6.8737318],[112.3821317,-6.8737211],[112.3821427,-6.8737108],[112.3821541,-6.8737004],[112.3821673,-6.8736893],[112.3821823,-6.8736778],[112.382199,-6.8736659],[112.3822141,-6.8736551],[112.3822276,-6.8736455],[112.3822394,-6.873637],[112.3822515,-6.8736287],[112.3822641,-6.8736203],[112.3822784,-6.8736111],[112.3822944,-6.8736008],[112.3823119,-6.8735897],[112.3823297,-6.8735786],[112.3823454,-6.8735688],[112.3823596,-6.87356],[112.3823737,-6.8735516],[112.3823896,-6.8735427],[112.3824074,-6.8735329],[112.3824263,-6.8735226],[112.3824448,-6.8735124],[112.382462,-6.8735026],[112.3824776,-6.8734938],[112.3824911,-6.8734857],[112.382503,-6.8734785],[112.3825134,-6.8734724],[112.3825241,-6.8734673],[112.3825356,-6.8734633],[112.3825492,-6.8734603],[112.3825644,-6.8734586],[112.3825817,-6.8734579],[112.3826008,-6.8734581],[112.3826214,-6.8734588],[112.3826425,-6.8734597],[112.382663,-6.873461],[112.3826828,-6.8734631],[112.382702,-6.8734659],[112.382721,-6.8734687],[112.3827395,-6.8734703],[112.3827596,-6.8734707],[112.3827812,-6.8734703],[112.3828052,-6.8734698],[112.3828276,-6.8734701],[112.3828485,-6.8734715],[112.3828669,-6.873474],[112.3828837,-6.8734772],[112.3828983,-6.8734806],[112.3829112,-6.8734842],[112.3829226,-6.8734883],[112.3829322,-6.8734934],[112.3829399,-6.8734996],[112.3829458,-6.8735066],[112.3829502,-6.873514],[112.3829535,-6.8735219],[112.3829556,-6.8735306],[112.3829565,-6.8735406],[112.3829565,-6.8735516],[112.3829553,-6.8735625],[112.3829519,-6.8735716],[112.3829454,-6.8735776],[112.3829349,-6.8735803],[112.382921,-6.8735805],[112.3829056,-6.8735797],[112.3828898,-6.8735787],[112.3828746,-6.8735782],[112.3828595,-6.8735779],[112.382845,-6.8735779],[112.3828318,-6.8735778],[112.3828206,-6.8735777],[112.382811,-6.8735775],[112.3828013,-6.8735771],[112.3827903,-6.8735766],[112.3827771,-6.8735761],[112.3827625,-6.8735754],[112.3827465,-6.8735744],[112.3827299,-6.8735729],[112.3827121,-6.8735706],[112.3826932,-6.8735677],[112.3826736,-6.8735645],[112.382655,-6.8735613],[112.3826381,-6.8735583],[112.3826236,-6.873556],[112.3826107,-6.8735542],[112.3825982,-6.8735533],[112.3825842,-6.8735542],[112.3825674,-6.8735578],[112.3825479,-6.8735647],[112.3825268,-6.8735741],[112.3825068,-6.8735842],[112.3824883,-6.8735942],[112.3824713,-6.8736039],[112.3824552,-6.8736135],[112.3824391,-6.8736232],[112.3824229,-6.8736333],[112.3824065,-6.8736437],[112.3823908,-6.8736541],[112.3823756,-6.8736645],[112.3823598,-6.8736754],[112.3823426,-6.8736869],[112.382324,-6.8736992],[112.3823057,-6.8737116],[112.3822887,-6.8737238],[112.3822727,-6.8737356],[112.3822562,-6.8737477],[112.3822397,-6.8737595],[112.3822247,-6.8737708],[112.3822119,-6.8737818],[112.382201,-6.8737932],[112.3821908,-6.8738057],[112.3821806,-6.8738188],[112.3821699,-6.8738319],[112.3821589,-6.8738444],[112.3821473,-6.8738565],[112.3821348,-6.8738693],[112.3821214,-6.8738834],[112.3821071,-6.8738989],[112.3820926,-6.8739146],[112.3820781,-6.8739298],[112.3820638,-6.8739441],[112.3820497,-6.8739578],[112.3820368,-6.8739707],[112.3820257,-6.8739822],[112.3820162,-6.8739925],[112.3820078,-6.8740019],[112.382,-6.8740106],[112.381993,-6.8740186],[112.3819861,-6.8740261],[112.3819789,-6.8740338],[112.3819704,-6.8740426],[112.3819606,-6.8740528],[112.3819497,-6.8740645],[112.3819382,-6.8740772],[112.3819263,-6.8740904],[112.381915,-6.8741028],[112.381904,-6.8741146],[112.3818932,-6.8741258],[112.3818813,-6.874138],[112.3818677,-6.8741519],[112.3818525,-6.8741673],[112.3818371,-6.8741831],[112.3818229,-6.8741979],[112.3818093,-6.8742122],[112.3817951,-6.8742277],[112.3817783,-6.874246],[112.3817591,-6.8742667],[112.3817389,-6.8742881],[112.3817197,-6.8743077],[112.3817023,-6.8743249],[112.3816868,-6.8743401],[112.3816734,-6.8743537],[112.3816615,-6.8743665],[112.3816493,-6.8743802],[112.3816356,-6.8743954],[112.3816202,-6.8744126],[112.3816054,-6.8744294],[112.3815915,-6.8744457],[112.3815784,-6.8744613],[112.3815649,-6.8744772],[112.3815502,-6.8744941],[112.381534,-6.8745123],[112.3815155,-6.8745326],[112.3814956,-6.8745543],[112.3814748,-6.8745764],[112.3814563,-6.874596],[112.3814407,-6.8746127],[112.3814275,-6.8746277],[112.3814144,-6.8746429],[112.3813997,-6.87466],[112.3813823,-6.8746794],[112.3813627,-6.8747007],[112.3813432,-6.8747215],[112.3813255,-6.8747405],[112.3813084,-6.8747597],[112.381291,-6.8747798],[112.3812721,-6.8748017],[112.3812549,-6.8748208],[112.3812396,-6.8748372],[112.3812264,-6.8748507],[112.3812144,-6.874863],[112.3812031,-6.8748748],[112.3811922,-6.8748864],[112.3811811,-6.8748982],[112.3811694,-6.8749103],[112.3811565,-6.8749238],[112.3811409,-6.8749398],[112.3811197,-6.8749622],[112.3810926,-6.874991],[112.3810608,-6.875025],[112.3810325,-6.8750546],[112.381009,-6.8750782],[112.3809901,-6.8750962],[112.3809718,-6.875113],[112.3809516,-6.8751323],[112.3809294,-6.8751546],[112.3809062,-6.8751789],[112.3808869,-6.8751993],[112.3808715,-6.8752155],[112.3808597,-6.8752279],[112.380849,-6.8752396],[112.3808388,-6.8752517],[112.3808291,-6.8752641],[112.3808192,-6.8752829],[112.3808141,-6.8752937],[112.3808107,-6.8753042],[112.3808091,-6.8753137],[112.3808099,-6.875322],[112.3808148,-6.875329],[112.3808242,-6.8753355],[112.3808329,-6.8753416],[112.3808477,-6.875347],[112.3808627,-6.8753515],[112.3808773,-6.8753551],[112.3808922,-6.8753583],[112.3809076,-6.8753614],[112.3809231,-6.8753648],[112.3809395,-6.8753691],[112.3809583,-6.8753747],[112.380981,-6.875382],[112.3810086,-6.8753912],[112.3810565,-6.8754085],[112.3810646,-6.8753874],[112.3811057,-6.8754015],[112.3810995,-6.8754203],[112.3811679,-6.8754389],[112.3812039,-6.8754476],[112.381229,-6.875458],[112.3812466,-6.8754622],[112.3812597,-6.8754657],[112.3812715,-6.8754693],[112.3812837,-6.8754735],[112.3812972,-6.8754782],[112.3813124,-6.8754835],[112.38133,-6.8754895],[112.3813492,-6.8754957],[112.3813705,-6.875502],[112.3813927,-6.8755078],[112.3814144,-6.875513],[112.3814342,-6.8755175],[112.3814513,-6.8755217],[112.3814659,-6.8755253],[112.3814789,-6.8755284],[112.3814911,-6.8755311],[112.3815029,-6.8755342],[112.3815136,-6.8755385],[112.3815213,-6.8755443],[112.3815251,-6.8755516],[112.3815251,-6.87556],[112.3815227,-6.8755688],[112.3815195,-6.8755775],[112.3815159,-6.8755858],[112.3815122,-6.8755936],[112.3815084,-6.8756013],[112.3815057,-6.8756087],[112.3815041,-6.875616],[112.3815043,-6.8756235],[112.3815068,-6.8756314],[112.3815129,-6.8756395],[112.3815229,-6.8756472],[112.3815365,-6.8756542],[112.381552,-6.8756602],[112.3815681,-6.8756656],[112.3815834,-6.8756703],[112.3815978,-6.8756746],[112.3816116,-6.8756785],[112.3816279,-6.875683],[112.3816474,-6.8756882],[112.3816703,-6.875694],[112.3816909,-6.8756988],[112.3817083,-6.8757027],[112.3817221,-6.8757058],[112.3817351,-6.8757088],[112.3817481,-6.8757116],[112.3817615,-6.8757139],[112.3817752,-6.8757158],[112.3817895,-6.8757176],[112.3818047,-6.8757194],[112.3818207,-6.8757212],[112.3818373,-6.8757229],[112.381854,-6.8757296],[112.3818704,-6.8757311],[112.3818865,-6.8757325],[112.3819017,-6.8757341],[112.3819156,-6.8757357],[112.3819279,-6.8757373],[112.3819391,-6.8757389],[112.3819499,-6.8757405],[112.3819601,-6.8757424],[112.3819702,-6.8757443],[112.3819809,-6.8757462],[112.381996,-6.8757485],[112.3820175,-6.8757516],[112.3820462,-6.8757554],[112.3820771,-6.8757594],[112.3821079,-6.8757629],[112.3821376,-6.875766],[112.3821674,-6.8757688],[112.3821959,-6.8757714],[112.3822212,-6.8757734],[112.3822409,-6.8757742],[112.3822547,-6.8757729],[112.3822642,-6.8757693],[112.3822721,-6.8757586],[112.3822761,-6.8757486],[112.3822874,-6.8757438],[112.3823022,-6.8757417],[112.3823236,-6.8757457],[112.3823404,-6.875747],[112.3823556,-6.8757483],[112.3823689,-6.8757492],[112.3823805,-6.8757497],[112.3823912,-6.8757498],[112.3824016,-6.8757498],[112.3824116,-6.8757497],[112.3824213,-6.8757494],[112.3824307,-6.8757488],[112.3824404,-6.875748],[112.3824509,-6.8757471],[112.3824621,-6.875746],[112.3824739,-6.8757446],[112.3824863,-6.8757427],[112.3824998,-6.8757402],[112.3825151,-6.8757371],[112.3825324,-6.875734],[112.3825513,-6.8757314],[112.3825708,-6.8757296],[112.3825906,-6.8757284],[112.3826116,-6.8757272],[112.3826344,-6.8757256],[112.3826602,-6.8757234],[112.3826877,-6.8757206],[112.3827158,-6.8757173],[112.3827436,-6.8757136],[112.382772,-6.8757091],[112.3828045,-6.8757033],[112.3828406,-6.8756961],[112.3828799,-6.8756878],[112.3829141,-6.8756805],[112.3829423,-6.8756747],[112.3829649,-6.8756704],[112.3829855,-6.8756667],[112.3830052,-6.8756635],[112.3830232,-6.8756612],[112.383038,-6.8756606],[112.3830497,-6.8756618],[112.3830589,-6.8756643],[112.3830674,-6.8756671],[112.3830766,-6.8756695],[112.3830874,-6.8756715],[112.3830997,-6.8756736],[112.3831131,-6.8756766],[112.3831272,-6.8756806],[112.3831417,-6.8756857],[112.3831567,-6.8756909],[112.3831735,-6.875696],[112.3831943,-6.8757005],[112.3832212,-6.8757047],[112.3832548,-6.8757094],[112.3832952,-6.8757149],[112.383341,-6.8757212],[112.3833889,-6.8757278],[112.383435,-6.8757344],[112.383475,-6.8757406],[112.3835078,-6.8757461],[112.3835377,-6.8757504],[112.3835703,-6.8757532],[112.383609,-6.8757542],[112.3836517,-6.8757535],[112.3836952,-6.8757518],[112.3837356,-6.8757497],[112.3837733,-6.8757477],[112.3838115,-6.8757462],[112.383855,-6.8757454],[112.3839048,-6.8757456],[112.3839591,-6.8757471],[112.3840165,-6.8757498],[112.3840742,-6.8757536],[112.384129,-6.8757571],[112.3841785,-6.8757593],[112.3842223,-6.8757593],[112.3842624,-6.8757575],[112.3842974,-6.8757549],[112.3843283,-6.8757526],[112.3843545,-6.8757515],[112.3843777,-6.8757517],[112.3843985,-6.875753],[112.3844178,-6.8757543],[112.384435,-6.8757545],[112.3844493,-6.875751],[112.3844592,-6.8757429],[112.3844646,-6.8757299],[112.3844667,-6.8757163],[112.3844674,-6.8757024],[112.3844678,-6.8756883],[112.3844686,-6.8756706],[112.3844698,-6.8756494],[112.3844713,-6.8756258],[112.3844728,-6.875605],[112.3844739,-6.8755873],[112.3844746,-6.8755718],[112.384475,-6.8755561],[112.3844751,-6.8755383],[112.3844748,-6.8755178],[112.3844741,-6.8754952],[112.3844728,-6.8754722],[112.3844716,-6.8754513],[112.3844707,-6.8754327],[112.38447,-6.8754164],[112.3844697,-6.8754014],[112.3844701,-6.8753885],[112.3844723,-6.8753774],[112.3844771,-6.8753696],[112.3844854,-6.8753647],[112.3844965,-6.8753622],[112.3845104,-6.8753609],[112.3845263,-6.87536],[112.3845433,-6.8753592],[112.384561,-6.8753584],[112.3845791,-6.8753575],[112.3845988,-6.8753566],[112.3846205,-6.8753555],[112.3846443,-6.8753543],[112.3846689,-6.8753531],[112.3846923,-6.8753523],[112.3847136,-6.8753522],[112.3847322,-6.8753528],[112.3847486,-6.8753538],[112.3847634,-6.8753547],[112.3847783,-6.8753552],[112.3847941,-6.8753551],[112.3848114,-6.8753546],[112.3848293,-6.8753539],[112.384848,-6.8753532],[112.3848676,-6.8753527],[112.3848872,-6.8753523],[112.3849054,-6.8753519],[112.3849197,-6.875351],[112.3849313,-6.8753498],[112.384943,-6.875348],[112.384958,-6.8753463],[112.3849776,-6.8753447],[112.385001,-6.8753434],[112.3850284,-6.8753423],[112.3850587,-6.8753421],[112.385091,-6.8753435],[112.3851224,-6.8753393],[112.3851525,-6.8753414],[112.3851873,-6.8753408],[112.3852246,-6.8753382],[112.3852686,-6.8753419],[112.3853121,-6.8753394],[112.385352,-6.8753365],[112.3853823,-6.8753323],[112.3854013,-6.8753266],[112.3854118,-6.8753197],[112.3854178,-6.8753121],[112.3854224,-6.8753034],[112.3854269,-6.8752931],[112.3854317,-6.8752813],[112.3854362,-6.8752689],[112.3854403,-6.8752561],[112.385444,-6.8752428],[112.3854479,-6.875228],[112.3854521,-6.875212],[112.3854563,-6.8751959],[112.3854603,-6.8751818],[112.3854636,-6.8751702],[112.3854665,-6.8751599],[112.3854694,-6.8751492],[112.3854728,-6.8751367],[112.3854769,-6.8751207],[112.3854823,-6.8751002],[112.385489,-6.8750761],[112.385496,-6.8750524],[112.3855021,-6.875033],[112.3855069,-6.8750189],[112.3855107,-6.8750079],[112.3855142,-6.8749977],[112.3855178,-6.8749865],[112.3855216,-6.8749742],[112.3855257,-6.8749605],[112.3855298,-6.874946],[112.385534,-6.8749316],[112.3855384,-6.8749182],[112.3855429,-6.8749055],[112.3855481,-6.874892],[112.3855539,-6.8748771],[112.38556,-6.8748608],[112.3855655,-6.8748456],[112.3855701,-6.8748323],[112.3855739,-6.8748212],[112.3855779,-6.874811],[112.3855821,-6.8748006],[112.3855868,-6.8747893],[112.3855916,-6.8747769],[112.3855965,-6.874764],[112.3856015,-6.874751],[112.3856069,-6.8747378],[112.3856129,-6.8747241],[112.3856196,-6.8747096],[112.3856265,-6.8746944],[112.3856336,-6.8746787],[112.3856405,-6.8746626],[112.3856476,-6.874646],[112.3856556,-6.8746274],[112.3856656,-6.8746051],[112.3856777,-6.8745788],[112.3856896,-6.8745528],[112.3856995,-6.8745309],[112.3857074,-6.8745135],[112.3857142,-6.8744981],[112.3857221,-6.8744802],[112.3857312,-6.8744592],[112.3857414,-6.8744357],[112.3857508,-6.8744146],[112.3857594,-6.8743959],[112.3857674,-6.8743787],[112.3857757,-6.8743605],[112.3857843,-6.8743412],[112.385793,-6.8743217],[112.3858012,-6.8743035],[112.3858094,-6.8742859],[112.385818,-6.8742685],[112.3858271,-6.8742504],[112.3858353,-6.8742337],[112.3858426,-6.8742178],[112.385849,-6.8742026],[112.3858554,-6.8741872],[112.3858618,-6.8741719],[112.3858682,-6.874157],[112.3858746,-6.8741421],[112.385881,-6.8741263],[112.385889,-6.8741086],[112.3858999,-6.8740892],[112.385925,-6.8740314],[112.3859424,-6.8740415],[112.3859566,-6.874047],[112.3859722,-6.8740564],[112.3859575,-6.874089],[112.3859453,-6.874121],[112.3859389,-6.8741367],[112.3859323,-6.8741519],[112.3859265,-6.8741656],[112.3859208,-6.8741789],[112.3859149,-6.874192],[112.3859084,-6.8742066],[112.3859011,-6.8742223],[112.3858931,-6.8742394],[112.3858848,-6.8742572],[112.3858775,-6.8742731],[112.3858712,-6.8742871],[112.3858657,-6.8742997],[112.3858602,-6.8743123],[112.385855,-6.8743234],[112.3858503,-6.8743331],[112.3858462,-6.8743415],[112.3858426,-6.8743493],[112.385839,-6.8743571],[112.3858352,-6.8743652],[112.3858312,-6.8743735],[112.3858272,-6.8743819],[112.3858232,-6.8743906],[112.3858186,-6.8744008],[112.3858131,-6.8744127],[112.3858065,-6.8744264],[112.3858003,-6.8744391],[112.3857949,-6.8744507],[112.3857903,-6.8744612],[112.3857861,-6.8744719],[112.385782,-6.8744825],[112.3857779,-6.8744927],[112.3857741,-6.8745024],[112.3857705,-6.8745119],[112.3857668,-6.8745216],[112.3857625,-6.8745317],[112.3857571,-6.8745425],[112.385751,-6.8745538],[112.3857447,-6.8745645],[112.3857387,-6.8745748],[112.3857328,-6.8745854],[112.3857268,-6.8745974],[112.3857206,-6.8746105],[112.3857144,-6.8746238],[112.3857089,-6.8746352],[112.3857039,-6.8746449],[112.3856994,-6.8746532],[112.3856951,-6.8746613],[112.3856913,-6.8746694],[112.3856878,-6.8746781],[112.3856842,-6.874688],[112.3856799,-6.8747],[112.385675,-6.8747136],[112.3856696,-6.8747277],[112.3856647,-6.8747403],[112.3856601,-6.8747517],[112.3856553,-6.8747632],[112.3856498,-6.8747759],[112.3856436,-6.8747896],[112.3856373,-6.8748025],[112.3856313,-6.8748142],[112.385626,-6.8748248],[112.385621,-6.8748358],[112.3856161,-6.8748475],[112.3856109,-6.8748608],[112.3856062,-6.8748738],[112.385602,-6.8748863],[112.3855987,-6.8748972],[112.3855958,-6.8749075],[112.3855926,-6.8749177],[112.3855884,-6.8749299],[112.3855834,-6.874944],[112.3855778,-6.8749599],[112.3855728,-6.8749745],[112.3855688,-6.8749875],[112.3855655,-6.8749998],[112.3855623,-6.875013],[112.3855585,-6.8750277],[112.3855546,-6.8750421],[112.3855507,-6.8750556],[112.3855471,-6.8750676],[112.3855436,-6.8750789],[112.3855402,-6.8750899],[112.3855367,-6.8751011],[112.3855328,-6.875113],[112.3855285,-6.8751257],[112.3855237,-6.8751383],[112.385519,-6.8751504],[112.3855147,-6.8751616],[112.3855111,-6.8751722],[112.3855081,-6.8751828],[112.3855056,-6.8751934],[112.385503,-6.8752044],[112.3855003,-6.875216],[112.385497,-6.8752281],[112.3854933,-6.8752406],[112.385489,-6.8752554],[112.3854842,-6.8752736],[112.3854794,-6.875296],[112.3854755,-6.8753204],[112.3854731,-6.8753479],[112.3854729,-6.8753805],[112.3854768,-6.8754206],[112.3854892,-6.8754642],[112.385515,-6.8755049],[112.3855567,-6.875536],[112.3856083,-6.8755577],[112.385662,-6.8755727],[112.3857119,-6.8755848],[112.385759,-6.8755964],[112.3858031,-6.8756075],[112.3858447,-6.875618],[112.385882,-6.875627],[112.3859154,-6.8756349],[112.3859441,-6.8756407],[112.385981,-6.8756491],[112.385983,-6.8756387],[112.3860286,-6.8756509],[112.3860289,-6.8756635],[112.3860949,-6.8756775],[112.3861456,-6.8756913],[112.3861998,-6.875705],[112.3862487,-6.8757171],[112.3862899,-6.8757265],[112.3863225,-6.8757325],[112.3863507,-6.8757399],[112.3863798,-6.8757432],[112.3863829,-6.8757243],[112.38639,-6.8757012],[112.3863976,-6.8756794],[112.3864037,-6.8756552],[112.3864089,-6.8756306],[112.3864131,-6.8756113],[112.3864165,-6.8755979],[112.3864192,-6.8755898],[112.3864212,-6.8755835],[112.3864226,-6.8755759],[112.3864237,-6.8755643],[112.3864245,-6.8755459],[112.3864248,-6.8755215],[112.3864247,-6.8754932],[112.3864242,-6.8754682],[112.3864232,-6.8754482],[112.3864214,-6.8754327],[112.3864187,-6.8754187],[112.3864152,-6.8754049],[112.3864109,-6.875391],[112.386406,-6.8753778],[112.3864005,-6.8753657],[112.3863943,-6.8753547],[112.3863868,-6.875345],[112.3863777,-6.8753361],[112.3863665,-6.8753278],[112.3863532,-6.8753197],[112.386338,-6.8753115],[112.3863211,-6.8753035],[112.3863028,-6.8752957],[112.3862837,-6.8752883],[112.3862645,-6.8752811],[112.3862466,-6.8752739],[112.3862309,-6.8752668],[112.3862178,-6.8752599],[112.3862065,-6.8752534],[112.3861954,-6.8752474],[112.3861835,-6.8752418],[112.386171,-6.8752363],[112.3861581,-6.8752309],[112.3861446,-6.8752258],[112.3861299,-6.8752211],[112.3861141,-6.8752163],[112.3860978,-6.8752113],[112.3860823,-6.8752061],[112.3860683,-6.8752008],[112.3860558,-6.8751953],[112.3860423,-6.8751888],[112.3860254,-6.8751802],[112.3860049,-6.8751694],[112.3859847,-6.8751568],[112.3859648,-6.8751482],[112.3859578,-6.8751353],[112.3859623,-6.8751187],[112.3859658,-6.8751069],[112.3859713,-6.875095],[112.3859786,-6.8750826],[112.3859876,-6.8750695],[112.3859982,-6.8750562],[112.38601,-6.875044],[112.3860229,-6.8750338],[112.3860363,-6.8750269],[112.3860501,-6.8750231],[112.3860643,-6.8750223],[112.3860794,-6.8750235],[112.386095,-6.8750253],[112.3861101,-6.8750251],[112.3861225,-6.8750208],[112.3861316,-6.8750117],[112.3861382,-6.8749998],[112.386144,-6.8749859],[112.38615,-6.8749707],[112.3861566,-6.8749543],[112.3861636,-6.874936],[112.386171,-6.8749151],[112.3861783,-6.8748915],[112.3861839,-6.8748674],[112.3861864,-6.8748454],[112.386184,-6.8748269],[112.386176,-6.8748115],[112.3861632,-6.8747976],[112.3861489,-6.8747842],[112.3861374,-6.8747701],[112.3861317,-6.8747558],[112.386132,-6.8747401],[112.3861365,-6.8747238],[112.3861436,-6.8747058],[112.3861514,-6.8746873],[112.3861592,-6.8746689],[112.3861669,-6.874651],[112.3861745,-6.8746336],[112.3861831,-6.8746151],[112.3861925,-6.8745951],[112.3862028,-6.8745737],[112.386212,-6.8745536],[112.3862199,-6.8745354],[112.3862266,-6.8745194],[112.3862327,-6.8745044],[112.3862385,-6.87449],[112.3862443,-6.8744757],[112.3862503,-6.8744612],[112.3862566,-6.8744459],[112.3862632,-6.87443],[112.3862699,-6.8744138],[112.3862764,-6.8743977],[112.3862833,-6.8743811],[112.3862909,-6.874363],[112.3862992,-6.8743427],[112.3863081,-6.8743202],[112.386317,-6.8742967],[112.3863252,-6.8742731],[112.3863317,-6.8742518],[112.3863367,-6.8742332],[112.3863402,-6.8742171],[112.3863425,-6.8742028],[112.3863436,-6.8741904],[112.3863435,-6.87418],[112.3863423,-6.8741715],[112.3863403,-6.8741643],[112.386337,-6.8741578],[112.3863326,-6.8741509],[112.3863275,-6.8741428],[112.3863234,-6.8741333],[112.3863219,-6.8741236],[112.3863238,-6.8741159],[112.3863286,-6.874112],[112.3863356,-6.8741128],[112.3863439,-6.8741175],[112.3863532,-6.874125],[112.3863636,-6.8741338],[112.3863752,-6.8741426],[112.3863877,-6.8741499],[112.3864011,-6.8741556],[112.3864151,-6.8741599],[112.3864298,-6.8741634],[112.3864451,-6.8741665],[112.3864611,-6.8741696],[112.3864781,-6.8741727],[112.3864966,-6.8741756],[112.3865167,-6.874178],[112.3865382,-6.8741803],[112.38656,-6.8741824],[112.3865815,-6.8741847],[112.3866031,-6.8741868],[112.3866255,-6.8741886],[112.3866493,-6.8741902],[112.3866738,-6.8741919],[112.3866989,-6.8741937],[112.3867226,-6.8741954],[112.3867438,-6.8741975],[112.3867607,-6.8742017],[112.386783,-6.8742041],[112.3867781,-6.8742362],[112.3867794,-6.8742753],[112.3867783,-6.874326],[112.3867761,-6.874384],[112.386774,-6.8744435],[112.3867717,-6.8745019],[112.3867692,-6.8745571],[112.3867667,-6.874609],[112.3871939,-6.8745756],[112.387201,-6.8745245],[112.387208,-6.8744791],[112.3872149,-6.8744395],[112.3872215,-6.8744045],[112.387228,-6.8743712],[112.3872341,-6.8743379],[112.3872407,-6.8743016],[112.3872482,-6.8742606],[112.3872568,-6.874213],[112.3872658,-6.8741597],[112.3872742,-6.8741022],[112.3872818,-6.8740451],[112.387287,-6.8739979],[112.3872915,-6.8739557],[112.3872954,-6.8738985],[112.3873742,-6.8739135],[112.3874464,-6.8739257],[112.3875036,-6.8739402],[112.3874936,-6.8739624],[112.3874664,-6.8740551],[112.3874393,-6.8741322],[112.3874185,-6.8742008],[112.3873989,-6.8742615],[112.3873819,-6.8743136],[112.3873684,-6.8743588],[112.3873594,-6.874397],[112.3873493,-6.8744558],[112.3873408,-6.8745229],[112.387332,-6.8745993],[112.3873234,-6.8746751],[112.3873156,-6.8747414],[112.3873077,-6.874799],[112.3872988,-6.8748541],[112.3872879,-6.8749135],[112.3872757,-6.8749776],[112.387263,-6.875042],[112.3872514,-6.8751025],[112.3872407,-6.8751603],[112.3872345,-6.875214],[112.3872115,-6.8753197],[112.3872682,-6.8753204],[112.3872571,-6.8754668],[112.3874418,-6.8754791],[112.387461,-6.875325],[112.3875683,-6.8753267],[112.3876383,-6.8753258],[112.3876308,-6.8753902],[112.387621,-6.8754608],[112.387616,-6.8755343],[112.3876083,-6.875617],[112.3876009,-6.8757045],[112.3875916,-6.8757869],[112.387618,-6.875873],[112.3876667,-6.8759399],[112.3877476,-6.8759876],[112.3878374,-6.8760184],[112.3879089,-6.8760295],[112.3879763,-6.8760427],[112.387974,-6.8760819],[112.3880514,-6.8760875],[112.3880577,-6.8760682],[112.3881329,-6.8760666],[112.3881358,-6.8760503],[112.3882128,-6.8760582],[112.3882186,-6.8760448],[112.3882635,-6.8760449],[112.3883024,-6.8760475],[112.3883083,-6.8760182],[112.3883342,-6.8760241],[112.3883503,-6.8760278],[112.3883673,-6.8760324],[112.3883852,-6.8760369],[112.3884035,-6.8760407],[112.3884215,-6.8760438],[112.3884396,-6.8760459],[112.3884599,-6.8760468],[112.388484,-6.8760468],[112.3885121,-6.8760455],[112.3885399,-6.8760406],[112.3885629,-6.8760277],[112.388578,-6.8760033],[112.3885872,-6.8759668],[112.3885932,-6.8759221],[112.3885985,-6.8758727],[112.3886036,-6.8758207],[112.3886084,-6.8757677],[112.3886132,-6.8757125],[112.3886186,-6.875653],[112.3886247,-6.8755859],[112.3886314,-6.8755115],[112.3886383,-6.8754334],[112.3886451,-6.875356],[112.3886503,-6.8752812],[112.388658,-6.8751794],[112.3886683,-6.8750846],[112.3886088,-6.8750553],[112.38854,-6.8750188],[112.3884551,-6.8749871],[112.3883603,-6.8749404],[112.3882555,-6.8748849],[112.3881727,-6.8748501],[112.3881235,-6.874831],[112.3881552,-6.8747552],[112.3882476,-6.8747918],[112.388333,-6.8748375],[112.388419,-6.8748731],[112.3885021,-6.87491],[112.3885758,-6.8749443],[112.3886414,-6.8749773],[112.3887037,-6.8750029],[112.3887583,-6.8750288],[112.3887549,-6.8750843],[112.3887485,-6.8751469],[112.3887447,-6.875211],[112.3887383,-6.8752827],[112.3887308,-6.8753604],[112.3887225,-6.8754458],[112.3887138,-6.875537],[112.3887066,-6.8756334],[112.388695,-6.8757192],[112.388688,-6.8757949],[112.3887024,-6.8758315],[112.3887259,-6.875863],[112.3887479,-6.8758744],[112.3887665,-6.8758772],[112.3888115,-6.8758792],[112.3888374,-6.8758869],[112.3888577,-6.8758844],[112.3888823,-6.8758878],[112.3888833,-6.8758735],[112.3888881,-6.8758644],[112.3888898,-6.8758543],[112.3888906,-6.8758451],[112.3888917,-6.8758374],[112.3888944,-6.8758315],[112.3888996,-6.8758278],[112.3889074,-6.8758259],[112.3889166,-6.8758252],[112.3889259,-6.8758249],[112.3889352,-6.8758244],[112.3889449,-6.8758234],[112.3889554,-6.8758221],[112.3889661,-6.8758211],[112.3889762,-6.875821],[112.3889854,-6.8758219],[112.3889942,-6.8758233],[112.389003,-6.8758243],[112.3890117,-6.8758243],[112.3890208,-6.875823],[112.3890308,-6.8758205],[112.389042,-6.8758172],[112.3890538,-6.8758135],[112.3890658,-6.8758098],[112.3890772,-6.8758063],[112.389088,-6.8758029],[112.3890973,-6.8757996],[112.3891055,-6.8757958],[112.3891139,-6.8757908],[112.3891261,-6.8757847],[112.3891289,-6.8757676],[112.3891737,-6.8757738],[112.3892102,-6.8757706],[112.3892514,-6.8757681],[112.3892933,-6.8757659],[112.3893329,-6.8757648],[112.38936,-6.8757666],[112.3893865,-6.8757606],[112.3894132,-6.8757606],[112.3894232,-6.8758089],[112.3894501,-6.8758051],[112.3894826,-6.8758063],[112.3895219,-6.8758039],[112.3895615,-6.8758003],[112.3895953,-6.875797],[112.3896213,-6.8757951],[112.3896399,-6.8757945],[112.3896533,-6.8757953],[112.3896643,-6.8757966],[112.3896748,-6.8757976],[112.3896865,-6.8757964],[112.3896994,-6.8757933],[112.3897136,-6.8757886],[112.3897288,-6.8757835],[112.3897452,-6.8757783],[112.3897624,-6.8757734],[112.3897797,-6.8757687],[112.3897965,-6.8757641],[112.3898124,-6.8757595],[112.3898272,-6.875755],[112.3898414,-6.8757505],[112.3898551,-6.8757461],[112.3898688,-6.875742],[112.3898825,-6.8757378],[112.3898969,-6.8757335],[112.3899119,-6.8757289],[112.3899274,-6.8757242],[112.3899425,-6.8757196],[112.3899582,-6.8757151],[112.3899744,-6.8757105],[112.3899915,-6.8757057],[112.3900077,-6.8757012],[112.3900231,-6.8756975],[112.3900383,-6.8756948],[112.3900551,-6.875693],[112.390074,-6.8756914],[112.3900945,-6.8756896],[112.3901153,-6.8756874],[112.3901351,-6.8756851],[112.3901539,-6.8756828],[112.3901725,-6.8756808],[112.3901921,-6.8756792],[112.3902128,-6.8756783],[112.3902339,-6.8756778],[112.3902542,-6.875677],[112.3902747,-6.875675],[112.3902991,-6.8756704],[112.3903309,-6.8756625],[112.3903721,-6.8756505],[112.3904186,-6.875635],[112.39047,-6.8756164],[112.3905242,-6.8755959],[112.390579,-6.8755748],[112.3906318,-6.8755547],[112.3906821,-6.8755359],[112.3907308,-6.8755188],[112.3907792,-6.8755034],[112.3908291,-6.8754892],[112.3908779,-6.8754763],[112.3909232,-6.8754648],[112.3909656,-6.8754545],[112.3910097,-6.8754452],[112.3910561,-6.8754387],[112.3911042,-6.8754299],[112.3911497,-6.875416],[112.391167,-6.8754863],[112.3911914,-6.8755208],[112.3912137,-6.87555],[112.3912357,-6.8755681],[112.3912548,-6.8755767],[112.3912712,-6.8755799],[112.3912877,-6.8755803],[112.3913075,-6.8755786],[112.3913319,-6.8755744],[112.3913573,-6.8755683],[112.3913814,-6.8755612],[112.3914032,-6.8755542],[112.3914239,-6.8755477],[112.3914454,-6.8755418],[112.3914682,-6.8755368],[112.3914922,-6.8755328],[112.3915166,-6.8755297],[112.3915408,-6.8755273],[112.3915655,-6.8755251],[112.3915917,-6.8755224],[112.3916196,-6.8755188],[112.391648,-6.875514],[112.391675,-6.875508],[112.3917,-6.8755013],[112.3917238,-6.875494],[112.3917472,-6.8754863],[112.3917704,-6.8754784],[112.3917925,-6.8754702],[112.3918132,-6.8754612],[112.3918322,-6.8754511],[112.39185,-6.8754396],[112.3918668,-6.875427],[112.3918826,-6.8754138],[112.3918973,-6.8754002],[112.3919107,-6.8753862],[112.3919233,-6.875371],[112.3919347,-6.8753543],[112.3919458,-6.8753355],[112.3919582,-6.8753145],[112.3919723,-6.8752921],[112.3919879,-6.8752696],[112.3920027,-6.8752489],[112.3920161,-6.8752297],[112.392028,-6.8752117],[112.3920388,-6.8751944],[112.3920487,-6.8751788],[112.3920574,-6.8751654],[112.392065,-6.8751547],[112.3920726,-6.8751454],[112.3920813,-6.8751366],[112.3920927,-6.8751269],[112.3921063,-6.8751175],[112.3921225,-6.875108],[112.3921409,-6.8750986],[112.3921605,-6.8750887],[112.3921802,-6.8750786],[112.3921985,-6.8750688],[112.392215,-6.8750587],[112.3922283,-6.8750477],[112.3922368,-6.8750338],[112.3922397,-6.8750161],[112.3922375,-6.8749943],[112.3922327,-6.8749724],[112.3922324,-6.87494],[112.3922168,-6.8749437],[112.3922168,-6.8748963],[112.392215,-6.8748523],[112.392215,-6.874798],[112.3922159,-6.8747373],[112.3922171,-6.8746763],[112.3922186,-6.8746217],[112.3922206,-6.87458],[112.3922235,-6.874554],[112.3922276,-6.8745403],[112.3922333,-6.8745342],[112.3922418,-6.8745312],[112.3922534,-6.8745295],[112.3922684,-6.8745283],[112.3922856,-6.8745276],[112.3923036,-6.8745271],[112.3923215,-6.8745267],[112.3923389,-6.8745262],[112.3923555,-6.8745258],[112.3923708,-6.8745254],[112.3923859,-6.874525],[112.3924043,-6.8745246],[112.3924306,-6.8745236],[112.3924665,-6.874522],[112.3925099,-6.8745197],[112.3925552,-6.8745172],[112.3926042,-6.8745147],[112.3926562,-6.8745119],[112.3927137,-6.874509],[112.3927706,-6.8745054],[112.3928246,-6.8745035],[112.3928806,-6.8744997],[112.3929278,-6.8744946],[112.3929344,-6.8744427],[112.392966,-6.8744427],[112.3930169,-6.8744465],[112.393075,-6.8744469],[112.3931546,-6.8744462],[112.393157,-6.8744353],[112.3932082,-6.8744366],[112.3932448,-6.8744355],[112.3932835,-6.874435],[112.393322,-6.8744344],[112.3933554,-6.8744344],[112.3933797,-6.8744374],[112.3934017,-6.8744359],[112.3933985,-6.8744652],[112.3933981,-6.8744897],[112.3933954,-6.8745152],[112.3933926,-6.8745357],[112.3933906,-6.8745506],[112.3933894,-6.8745619],[112.3933884,-6.8745725],[112.3933872,-6.8745833],[112.3933856,-6.8745945],[112.3933838,-6.8746058],[112.3933825,-6.8746168],[112.3933823,-6.8746271],[112.3933846,-6.8746359],[112.3933906,-6.8746425],[112.3934013,-6.8746468],[112.3934158,-6.8746493],[112.3934328,-6.8746509],[112.3934505,-6.8746523],[112.3934689,-6.8746542],[112.3934873,-6.8746566],[112.3935062,-6.8746599],[112.3935257,-6.8746641],[112.3935463,-6.8746695],[112.3935692,-6.8746756],[112.3935954,-6.8746818],[112.3936244,-6.8746877],[112.3936547,-6.874693],[112.3936831,-6.8746979],[112.3937092,-6.8747027],[112.3937331,-6.8747076],[112.3937544,-6.8747119],[112.3937745,-6.8747158],[112.393795,-6.8747192],[112.3938161,-6.8747223],[112.3938371,-6.8747254],[112.3938573,-6.8747279],[112.3938768,-6.8747297],[112.3938966,-6.8747307],[112.3939169,-6.8747312],[112.3939377,-6.8747317],[112.3939583,-6.8747325],[112.3939782,-6.8747337],[112.3939973,-6.8747352],[112.3940151,-6.8747372],[112.394032,-6.8747392],[112.394048,-6.874741],[112.3940634,-6.8747423],[112.3940778,-6.8747431],[112.3940908,-6.8747436],[112.3941023,-6.874744],[112.3941126,-6.8747439],[112.3941231,-6.8747426],[112.394134,-6.8747397],[112.3941458,-6.8747356],[112.3941582,-6.8747316],[112.3941716,-6.8747281],[112.3941854,-6.874725],[112.3941992,-6.8747216],[112.3942119,-6.8747177],[112.3942233,-6.8747132],[112.3942332,-6.8747082],[112.3942418,-6.874703],[112.3942495,-6.8746976],[112.3942573,-6.8746908],[112.394266,-6.8746791],[112.3942761,-6.8746595],[112.394287,-6.8746327],[112.3942919,-6.8746078],[112.3942974,-6.874578],[112.3943104,-6.8745674],[112.3943362,-6.874571],[112.3943484,-6.8745707],[112.3943606,-6.8745708],[112.3943735,-6.8745708],[112.3943871,-6.8745704],[112.3944012,-6.8745701],[112.3944154,-6.8745701],[112.3944297,-6.8745707],[112.3944441,-6.8745718],[112.394459,-6.8745734],[112.394475,-6.8745751],[112.3944923,-6.8745768],[112.3945108,-6.874578],[112.3945292,-6.8745788],[112.3945472,-6.8745792],[112.394565,-6.8745796],[112.3945835,-6.8745802],[112.3946036,-6.8745811],[112.394626,-6.8745824],[112.3946502,-6.8745838],[112.3946746,-6.8745852],[112.3946976,-6.8745861],[112.3947192,-6.8745864],[112.39474,-6.8745863],[112.3947605,-6.8745858],[112.3947811,-6.8745857],[112.3948018,-6.874586],[112.3948223,-6.8745869],[112.3948418,-6.8745878],[112.3948595,-6.8745885],[112.3948753,-6.874589],[112.3948898,-6.8745893],[112.3949024,-6.8745894],[112.3949132,-6.8745888],[112.3949225,-6.8745865],[112.3949347,-6.8745678],[112.3949398,-6.874544],[112.3949576,-6.8745429],[112.394979,-6.8745429],[112.3949996,-6.8745434],[112.3950118,-6.8745391],[112.3950193,-6.8745351],[112.3950259,-6.8745307],[112.3950334,-6.874526],[112.3950424,-6.8745214],[112.3950526,-6.8745176],[112.3950632,-6.874515],[112.3950743,-6.8745136],[112.3950865,-6.8745135],[112.3951015,-6.8745154],[112.3951215,-6.8745201],[112.3951384,-6.8745269],[112.3951708,-6.8745247],[112.3951986,-6.8745286],[112.3952039,-6.8745721],[112.3952128,-6.8745784],[112.3952205,-6.8745789],[112.3952278,-6.8745771],[112.3952359,-6.8745752],[112.3952452,-6.8745743],[112.3952558,-6.8745742],[112.395268,-6.8745747],[112.3952826,-6.8745758],[112.395301,-6.8745773],[112.3953228,-6.8745788],[112.3953458,-6.8745803],[112.3953641,-6.8745816],[112.3953772,-6.8745831],[112.3953864,-6.8745846],[112.3953953,-6.8745859],[112.3954059,-6.8745868],[112.395419,-6.8745874],[112.3954345,-6.874588],[112.3954514,-6.8745887],[112.3954691,-6.8745897],[112.3954873,-6.8745908],[112.3955063,-6.8745917],[112.3955264,-6.8745923],[112.3955478,-6.8745922],[112.3955698,-6.8745916],[112.3955919,-6.8745905],[112.395616,-6.8745829],[112.3956373,-6.8745886],[112.3956578,-6.8745885],[112.3956785,-6.8745889],[112.3956975,-6.8745897],[112.3957153,-6.8745908],[112.3957332,-6.8745919],[112.3957524,-6.8745931],[112.3957738,-6.8745943],[112.395797,-6.8745952],[112.3958215,-6.8745958],[112.3958461,-6.8745963],[112.3958701,-6.8745966],[112.3958924,-6.8745967],[112.3959134,-6.8745965],[112.3959333,-6.8745959],[112.3959531,-6.8745952],[112.3959728,-6.8745945],[112.395992,-6.8745935],[112.3960096,-6.8745919],[112.3960236,-6.8745892],[112.3960337,-6.8745855],[112.3960402,-6.8745811],[112.3960439,-6.8745764],[112.3960462,-6.8745717],[112.3960483,-6.8745674],[112.3960514,-6.8745636],[112.396056,-6.8745604],[112.3960622,-6.8745582],[112.3960693,-6.8745575],[112.3960767,-6.8745586],[112.3960837,-6.8745614],[112.3960904,-6.8745657],[112.3960969,-6.8745708],[112.3961039,-6.8745758],[112.3961118,-6.8745794],[112.3961212,-6.8745808],[112.3961317,-6.8745799],[112.3961434,-6.8745776],[112.3961555,-6.874575],[112.3961679,-6.8745729],[112.3961797,-6.8745716],[112.3961903,-6.8745714],[112.3961996,-6.8745721],[112.3962079,-6.8745731],[112.3962163,-6.8745738],[112.3962257,-6.8745735],[112.3962362,-6.8745717],[112.3962469,-6.8745685],[112.3962567,-6.8745638],[112.3962649,-6.8745581],[112.3962722,-6.8745517],[112.3962796,-6.8745459],[112.396288,-6.8745417],[112.3962978,-6.8745405],[112.3963084,-6.8745433],[112.3963195,-6.874551],[112.3963337,-6.8745616],[112.396351,-6.8745719],[112.396371,-6.8745769],[112.3963859,-6.8745765],[112.396395,-6.8745723],[112.3963987,-6.874567],[112.396401,-6.8745623],[112.3964032,-6.8745592],[112.3964055,-6.8745586],[112.3964087,-6.87456],[112.396415,-6.8745622],[112.3964284,-6.8745632],[112.3964513,-6.874562],[112.3964831,-6.8745584],[112.3965194,-6.8745529],[112.3965576,-6.8745462],[112.3965942,-6.8745397],[112.3966283,-6.8745353],[112.3966578,-6.874529],[112.3966867,-6.8745246],[112.3966885,-6.8745712],[112.3967366,-6.8745642],[112.396737,-6.8745373],[112.3967355,-6.8745164],[112.3967755,-6.8745113],[112.3968153,-6.8745048],[112.3968692,-6.8744918],[112.3968718,-6.8744648],[112.3968862,-6.8744622],[112.3969271,-6.8744625],[112.3969621,-6.8744542],[112.3969958,-6.8744483],[112.3970233,-6.8744433],[112.3970435,-6.8744384],[112.3970569,-6.8744332],[112.397066,-6.8744282],[112.3970733,-6.8744236],[112.3970815,-6.8744195],[112.397093,-6.8744153],[112.3971075,-6.8744109],[112.3971235,-6.8744054],[112.3971461,-6.8743982],[112.3971457,-6.8743852],[112.3971692,-6.8743855],[112.3971862,-6.8743802],[112.3972043,-6.8743761],[112.3972228,-6.8743727],[112.3972401,-6.87437],[112.3972549,-6.8743687],[112.3972684,-6.8743683],[112.3972825,-6.8743683],[112.3973002,-6.8743669],[112.3973206,-6.8743644],[112.397342,-6.874361],[112.3973622,-6.8743575],[112.3973804,-6.8743541],[112.3973971,-6.8743507],[112.3974126,-6.8743472],[112.3974275,-6.8743436],[112.3974416,-6.87434],[112.3974555,-6.8743366],[112.3974684,-6.8743336],[112.3974798,-6.874331],[112.3974891,-6.8743288],[112.3974964,-6.8743263],[112.397502,-6.8743229],[112.3975064,-6.8743176],[112.3975098,-6.8743102],[112.397512,-6.8743011],[112.3975131,-6.8742914],[112.3975132,-6.8742819],[112.3975129,-6.8742732],[112.3975125,-6.8742653],[112.3975123,-6.8742576],[112.3975121,-6.8742498],[112.3975123,-6.8742416],[112.3975134,-6.8742328],[112.3975172,-6.8742238],[112.3975249,-6.8742154],[112.3975379,-6.8742091],[112.3975534,-6.8742048],[112.3975702,-6.8742024],[112.3975855,-6.8742012],[112.3975998,-6.8742007],[112.3976133,-6.8742006],[112.3976268,-6.8742005],[112.3976402,-6.8742003],[112.3976526,-6.8741996],[112.3976645,-6.8741986],[112.3976762,-6.8741973],[112.3976886,-6.8741959],[112.3977018,-6.8741944],[112.3977159,-6.874193],[112.3977301,-6.8741915],[112.3977438,-6.8741901],[112.3977567,-6.8741888],[112.3977693,-6.8741875],[112.3977825,-6.8741861],[112.3977967,-6.8741846],[112.3978119,-6.874183],[112.3978272,-6.8741812],[112.3978423,-6.8741794],[112.3978565,-6.8741778],[112.3978692,-6.8741765],[112.3978805,-6.8741752],[112.3978912,-6.874174],[112.3979021,-6.8741727],[112.3979137,-6.8741712],[112.397926,-6.8741696],[112.3979386,-6.8741678],[112.3979517,-6.8741658],[112.397965,-6.8741635],[112.3979781,-6.8741614],[112.397991,-6.8741597],[112.398004,-6.8741591],[112.398017,-6.8741605],[112.3980287,-6.8741651],[112.3980367,-6.8741735],[112.3980408,-6.8741853],[112.3980419,-6.8741994],[112.3980418,-6.8742144],[112.3980419,-6.8742292],[112.3980431,-6.874243],[112.3980462,-6.8742558],[112.3980513,-6.8742675],[112.398058,-6.8742782],[112.3980663,-6.8742876],[112.398077,-6.874295],[112.3980928,-6.8742998],[112.3981143,-6.8743012],[112.398141,-6.8742993],[112.3981677,-6.8742943],[112.3981919,-6.8742874],[112.3982127,-6.8742803],[112.3982308,-6.8742754],[112.3982466,-6.8742738],[112.3982597,-6.8742758],[112.3982709,-6.8742803],[112.3982818,-6.8742857],[112.398294,-6.8742907],[112.3983079,-6.8742943],[112.3983217,-6.874296],[112.3983341,-6.8742953],[112.3983443,-6.8742918],[112.3983521,-6.874285],[112.3983577,-6.8742751],[112.3983611,-6.8742623],[112.3983627,-6.8742489],[112.3983634,-6.874236],[112.398364,-6.8742245],[112.398365,-6.8742146],[112.3983669,-6.8742063],[112.3983703,-6.8741993],[112.3983765,-6.8741935],[112.3983867,-6.8741886],[112.3984009,-6.8741845],[112.3984174,-6.874181],[112.3984339,-6.8741781],[112.3984506,-6.8741756],[112.398469,-6.874173],[112.3984894,-6.87417],[112.3985114,-6.8741664],[112.3985327,-6.8741628],[112.3985525,-6.8741595],[112.3985706,-6.8741569],[112.3985877,-6.8741546],[112.3986038,-6.8741523],[112.3986182,-6.8741491],[112.3986298,-6.8741434],[112.398638,-6.8741336],[112.3986428,-6.8741178],[112.3986439,-6.8740966],[112.3986413,-6.8740734],[112.3986332,-6.874054],[112.3986191,-6.8740428],[112.3985973,-6.8740405],[112.3985694,-6.8740448],[112.3985365,-6.8740525],[112.3985017,-6.8740615],[112.3984684,-6.8740703],[112.398437,-6.8740786],[112.398407,-6.8740866],[112.3983772,-6.874095],[112.3983478,-6.8741039],[112.3983193,-6.8741132],[112.3982915,-6.8741221],[112.3982638,-6.8741294],[112.3982351,-6.8741337],[112.3982058,-6.874134],[112.3981763,-6.8741288],[112.3981494,-6.8741158],[112.398129,-6.8740901],[112.3981175,-6.87405],[112.3981142,-6.8739977],[112.3981158,-6.8739436],[112.3981183,-6.8738914],[112.3981198,-6.8738418],[112.3981197,-6.8737924],[112.3981191,-6.8737513],[112.398118,-6.8737185],[112.3981164,-6.8736934],[112.3981139,-6.8736711],[112.3981111,-6.8736502],[112.3981086,-6.87363],[112.3981069,-6.8736101],[112.3981055,-6.8735897],[112.3981037,-6.8735689],[112.3981007,-6.8735464],[112.3980964,-6.8735223],[112.3980908,-6.8734955],[112.3980849,-6.8734668],[112.3980794,-6.8734368],[112.3980753,-6.8734065],[112.3980723,-6.8733765],[112.3980698,-6.8733463],[112.3980662,-6.8733142],[112.3980612,-6.8732783],[112.3980543,-6.8732349],[112.3980465,-6.8731867],[112.3980383,-6.8731355],[112.3980318,-6.8730924],[112.3980273,-6.873056],[112.3980245,-6.8730262],[112.3980225,-6.8729985],[112.3980209,-6.8729744],[112.3980193,-6.8729534],[112.3980171,-6.8729355],[112.3980141,-6.8729189],[112.3980101,-6.8729022],[112.3980057,-6.8728848],[112.3980009,-6.8728658],[112.3979962,-6.8728444],[112.3979916,-6.8728193],[112.397987,-6.8727895],[112.3979821,-6.8727561],[112.3979762,-6.8727203],[112.3979683,-6.8726832],[112.397958,-6.8726442],[112.3979458,-6.8726027],[112.3979334,-6.8725597],[112.3979225,-6.8725159],[112.3979133,-6.8724703],[112.3979053,-6.8724234],[112.3978977,-6.8723763],[112.3978916,-6.8723376],[112.397887,-6.8723071],[112.3978834,-6.8722826],[112.3978801,-6.8722579],[112.3978769,-6.8722286],[112.397874,-6.8721947],[112.3978713,-6.8721582],[112.3978693,-6.8721248],[112.3978676,-6.8720943],[112.3978657,-6.8720633],[112.3978632,-6.8720289],[112.3978602,-6.8719899],[112.3978576,-6.871952],[112.3978556,-6.871916],[112.3978537,-6.8718812],[112.3978506,-6.8718423],[112.3978452,-6.8717941],[112.3978377,-6.8717382],[112.3978288,-6.8716798],[112.3978204,-6.8716306],[112.3978132,-6.871591],[112.3978071,-6.8715576],[112.3978015,-6.871524],[112.3977964,-6.8714891],[112.3977921,-6.8714546],[112.3977889,-6.8714214],[112.3977862,-6.8713892],[112.3977828,-6.8713533],[112.3977781,-6.8713129],[112.397772,-6.8712657],[112.3977663,-6.8712192],[112.3977617,-6.8711745],[112.3977587,-6.8711325],[112.3977565,-6.8710902],[112.3977542,-6.8710447],[112.3977512,-6.8709971],[112.3977477,-6.8709497],[112.3977447,-6.8709087],[112.3977427,-6.8708725],[112.3977415,-6.870839],[112.3977407,-6.8708042],[112.3977401,-6.8707679],[112.3977403,-6.8707301],[112.3977415,-6.8706925],[112.3977447,-6.870655],[112.3977497,-6.8706195],[112.3977563,-6.8705864],[112.3977629,-6.8705581],[112.3977688,-6.8705348],[112.3977738,-6.870517],[112.3977791,-6.8705029],[112.3977867,-6.8704914],[112.3977981,-6.8704818],[112.3978127,-6.8704754],[112.3978277,-6.870474],[112.3978387,-6.8704789],[112.3978437,-6.8704908],[112.397843,-6.8705092],[112.3978392,-6.870534],[112.3978352,-6.8705655],[112.3978326,-6.8706021],[112.3978311,-6.870642],[112.3978292,-6.8706791],[112.3978267,-6.8707123],[112.3978248,-6.8707408],[112.3978248,-6.8707669],[112.3978268,-6.870793],[112.3978301,-6.8708213],[112.3978335,-6.8708544],[112.3978371,-6.8708936],[112.3978412,-6.8709405],[112.3978456,-6.8709904],[112.3978498,-6.8710385],[112.3978531,-6.8710782],[112.3978553,-6.8711108],[112.3978572,-6.8711398],[112.3978595,-6.8711691],[112.3978627,-6.8712008],[112.3978666,-6.8712341],[112.3978702,-6.8712679],[112.3978729,-6.8713004],[112.3978752,-6.8713318],[112.397878,-6.8713623],[112.3978822,-6.8713911],[112.3978874,-6.871417],[112.3978926,-6.8714395],[112.397897,-6.8714592],[112.3978998,-6.8714774],[112.3979012,-6.8714949],[112.3979019,-6.8715125],[112.3979025,-6.8715305],[112.3979036,-6.8715499],[112.3979052,-6.8715711],[112.3979068,-6.8715946],[112.3979082,-6.8716203],[112.3979094,-6.8716478],[112.3979102,-6.8716769],[112.3979112,-6.8717071],[112.3979124,-6.8717386],[112.3979139,-6.8717695],[112.3979158,-6.8717993],[112.3979182,-6.8718279],[112.3979223,-6.8718591],[112.3979279,-6.8718948],[112.3979345,-6.8719362],[112.39794,-6.8719774],[112.3979453,-6.8720209],[112.3979506,-6.8720652],[112.3979568,-6.8721111],[112.3979617,-6.872149],[112.3979653,-6.8721785],[112.3979677,-6.8721999],[112.3979704,-6.8722184],[112.3979737,-6.8722359],[112.3979778,-6.8722542],[112.3979823,-6.8722738],[112.3979871,-6.8722957],[112.397992,-6.8723201],[112.3979969,-6.8723469],[112.3980017,-6.8723754],[112.3980069,-6.8724046],[112.3980131,-6.8724339],[112.3980209,-6.8724629],[112.3980293,-6.872493],[112.3980377,-6.8725238],[112.3980453,-6.8725551],[112.3980516,-6.8725844],[112.3980573,-6.8726129],[112.398063,-6.8726425],[112.3980701,-6.8726778],[112.3980785,-6.8727193],[112.3980875,-6.8727656],[112.3980952,-6.8728078],[112.3981017,-6.8728455],[112.3981076,-6.8728793],[112.398114,-6.8729131],[112.3981219,-6.8729465],[112.3981308,-6.8729784],[112.39814,-6.8730077],[112.3981478,-6.8730345],[112.3981537,-6.8730606],[112.3981583,-6.8730887],[112.3981633,-6.8731211],[112.3981689,-6.8731572],[112.3981753,-6.8731931],[112.3981811,-6.8732245],[112.3981862,-6.8732513],[112.3981905,-6.8732744],[112.3981945,-6.8732968],[112.3981981,-6.8733192],[112.3982013,-6.873342],[112.3982039,-6.8733644],[112.3982059,-6.873387],[112.3982078,-6.8734122],[112.3982098,-6.8734405],[112.3982123,-6.8734713],[112.3982151,-6.8734991],[112.3982179,-6.8735233],[112.3982201,-6.8735445],[112.3982213,-6.8735656],[112.3982217,-6.873588],[112.3982216,-6.8736115],[112.3982215,-6.8736353],[112.3982217,-6.8736584],[112.3982226,-6.8736804],[112.3982242,-6.8737022],[112.398227,-6.8737242],[112.3982307,-6.8737464],[112.3982345,-6.8737675],[112.3982376,-6.8737878],[112.3982388,-6.8738082],[112.3982376,-6.8738304],[112.3982339,-6.873855],[112.3982284,-6.873881],[112.3982228,-6.8739057],[112.3982173,-6.8739288],[112.3982124,-6.8739506],[112.3982079,-6.8739714],[112.3982043,-6.8739904],[112.3982028,-6.8740071],[112.3982054,-6.8740207],[112.3982133,-6.8740314],[112.3982266,-6.8740384],[112.3982448,-6.8740415],[112.3982666,-6.8740406],[112.398291,-6.874037],[112.3983177,-6.8740319],[112.3983475,-6.874026],[112.3983815,-6.874019],[112.3984185,-6.874011],[112.3984578,-6.8740024],[112.3984968,-6.8739941],[112.3985372,-6.8739861],[112.3985777,-6.8739783],[112.398619,-6.8739701],[112.3986598,-6.8739609],[112.3986987,-6.8739513],[112.3987362,-6.8739418],[112.3987742,-6.8739333],[112.3988144,-6.8739255],[112.3988567,-6.8739183],[112.3988976,-6.8739114],[112.3989358,-6.873905],[112.398969,-6.873894],[112.3990023,-6.8738884],[112.3990348,-6.8738829],[112.3990669,-6.8738769],[112.3990979,-6.8738706],[112.3991271,-6.8738648],[112.3991638,-6.8738565],[112.399187,-6.8738557],[112.3992079,-6.8738602],[112.3992272,-6.8738713],[112.3992445,-6.8738898],[112.399256,-6.8739089],[112.3992605,-6.8739474],[112.3992699,-6.8739692],[112.3992799,-6.8739862],[112.3992928,-6.8739985],[112.3993109,-6.8740072],[112.3993347,-6.8740126],[112.3993623,-6.8740139],[112.3993891,-6.8740105],[112.3994109,-6.8740031],[112.3994261,-6.8739928],[112.3994353,-6.8739804],[112.3994399,-6.8739664],[112.3994417,-6.8739511],[112.3994422,-6.8739353],[112.3994421,-6.8739196],[112.3994416,-6.873904],[112.3994413,-6.873889],[112.399442,-6.8738754],[112.3994451,-6.8738644],[112.3994523,-6.8738561],[112.399465,-6.87385],[112.3994829,-6.8738448],[112.3995054,-6.8738391],[112.399529,-6.8738317],[112.3995531,-6.8738222],[112.3995773,-6.873811],[112.3996023,-6.873799],[112.3996301,-6.8737859],[112.3996602,-6.873772],[112.3996911,-6.8737575],[112.3997184,-6.8737443],[112.3997418,-6.8737334],[112.399761,-6.873726],[112.3997773,-6.8737229],[112.3997891,-6.8737251],[112.3997965,-6.8737328],[112.3999547,-6.8737406],[112.3999949,-6.8737373],[112.4000371,-6.8737119],[112.4000521,-6.8736702],[112.4000359,-6.8735987],[112.4000364,-6.8735459],[112.4000366,-6.873509],[112.4000401,-6.8734886],[112.4000469,-6.873478],[112.4000574,-6.8734715],[112.4000707,-6.8734668],[112.4000868,-6.8734628],[112.4001041,-6.8734592],[112.4001219,-6.8734553],[112.4001394,-6.8734508],[112.4001561,-6.8734456],[112.4001719,-6.8734395],[112.4001869,-6.873432],[112.4002009,-6.8734228],[112.4002119,-6.8734124],[112.4002189,-6.8734017],[112.4002221,-6.8733914],[112.4002234,-6.8733817],[112.4002244,-6.8733725],[112.4002262,-6.8733637],[112.4002295,-6.8733558],[112.400235,-6.8733486],[112.4002442,-6.8733411],[112.4002588,-6.8733323],[112.4002788,-6.873322],[112.4003031,-6.8733113],[112.4003284,-6.8733011],[112.4003537,-6.8732917],[112.4003767,-6.8732831],[112.4003992,-6.8732746],[112.400421,-6.8732661],[112.4004435,-6.8732575],[112.4004644,-6.8732496],[112.4004845,-6.8732421],[112.4005034,-6.8732349],[112.4005222,-6.8732276],[112.4005407,-6.8732201],[112.4005593,-6.8732122],[112.4005786,-6.8732037],[112.4005988,-6.8731946],[112.4006203,-6.873185],[112.4006433,-6.8731749],[112.4006685,-6.8731642],[112.400698,-6.8731521],[112.4007311,-6.8731386],[112.4007664,-6.8731238],[112.4007971,-6.87311],[112.4008239,-6.8730973],[112.4008489,-6.8730852],[112.4008747,-6.8730734],[112.4009003,-6.8730618],[112.4009224,-6.8730517],[112.4009416,-6.8730416],[112.4009579,-6.8730327],[112.4009667,-6.8730151],[112.4009817,-6.8729976],[112.4010051,-6.8729651],[112.4010459,-6.8729543],[112.4010684,-6.8729193],[112.4010892,-6.8728976],[112.4011129,-6.8728954],[112.4011139,-6.8728689],[112.4011137,-6.8728449],[112.4011113,-6.8728295],[112.4011075,-6.872815],[112.4011015,-6.8728019],[112.401093,-6.8727882],[112.4010815,-6.872771],[112.4010663,-6.8727467],[112.4010482,-6.872715],[112.4010291,-6.872677],[112.4010128,-6.8726363],[112.4009999,-6.8725941],[112.4009904,-6.8725516],[112.4009843,-6.8725139],[112.4009814,-6.8724813],[112.400982,-6.8724523],[112.4009851,-6.8724214],[112.4009893,-6.8723874],[112.400993,-6.87235],[112.4009952,-6.8723155],[112.4009963,-6.8722841],[112.4009972,-6.8722559],[112.4009991,-6.8722282],[112.4010024,-6.8721997],[112.4010069,-6.8721698],[112.4010118,-6.8721383],[112.4010166,-6.8721059],[112.4010211,-6.8720725],[112.4010251,-6.8720376],[112.401028,-6.872003],[112.4010303,-6.8719715],[112.4010325,-6.8719441],[112.4010356,-6.87192],[112.4010396,-6.8718975],[112.4010439,-6.8718758],[112.4010476,-6.8718544],[112.4010505,-6.8718327],[112.4010525,-6.8718103],[112.4010544,-6.8717863],[112.4010567,-6.8717616],[112.4010603,-6.8717369],[112.4010656,-6.871714],[112.4010728,-6.871693],[112.4010818,-6.8716742],[112.4010923,-6.8716574],[112.4011035,-6.8716424],[112.4011151,-6.8716291],[112.4011272,-6.8716173],[112.4011409,-6.8716068],[112.4011576,-6.8715971],[112.4011778,-6.8715876],[112.4012009,-6.8715782],[112.4012253,-6.8715697],[112.4012503,-6.8715625],[112.4012749,-6.8715563],[112.4012973,-6.8715497],[112.4013147,-6.8715409],[112.4013255,-6.8715281],[112.4013301,-6.8715113],[112.4013301,-6.8714909],[112.401327,-6.871469],[112.401322,-6.8714464],[112.4013164,-6.871422],[112.4013114,-6.8713946],[112.4013078,-6.8713626],[112.4013063,-6.8713283],[112.4013071,-6.8712947],[112.4013101,-6.8712634],[112.4013141,-6.8712336],[112.401318,-6.8712034],[112.4013215,-6.8711717],[112.401325,-6.8711399],[112.4013288,-6.8711095],[112.4013328,-6.871081],[112.4013364,-6.8710539],[112.4013385,-6.8710272],[112.4013394,-6.8710009],[112.40134,-6.8709758],[112.4013424,-6.8709526],[112.4013484,-6.8709325],[112.4013589,-6.8709153],[112.4013741,-6.8709012],[112.4013936,-6.8708899],[112.4014164,-6.8708823],[112.4014417,-6.8708779],[112.4014688,-6.870876],[112.4014975,-6.8708753],[112.4015299,-6.8708745],[112.4015677,-6.8708726],[112.4016098,-6.8708685],[112.4016509,-6.8708628],[112.4016866,-6.8708568],[112.4017174,-6.8708519],[112.4017472,-6.8708489],[112.401779,-6.8708472],[112.4018116,-6.8708451],[112.4018394,-6.8708409],[112.40186,-6.8708328],[112.4018757,-6.8708198],[112.4018909,-6.8708031],[112.4019087,-6.8707852],[112.4019294,-6.8707706],[112.4019533,-6.8707624],[112.4019803,-6.8707615],[112.4020087,-6.8707673],[112.4020344,-6.8707782],[112.4020552,-6.8707935],[112.4020705,-6.8708125],[112.4020817,-6.8708337],[112.4020909,-6.8708548],[112.4021,-6.870872],[112.4021104,-6.8708822],[112.4021204,-6.8708831],[112.4021288,-6.8708749],[112.4021358,-6.8708599],[112.4021439,-6.8708405],[112.4021553,-6.8708197],[112.4021705,-6.8708008],[112.4021875,-6.8707872],[112.4022041,-6.8707808],[112.4022188,-6.870782],[112.4022315,-6.8707912],[112.4022427,-6.8708069],[112.4022529,-6.8708262],[112.4022623,-6.870843],[112.4022721,-6.8708556],[112.4022837,-6.8708638],[112.4022997,-6.8708692],[112.402322,-6.8708722],[112.4023509,-6.8708723],[112.402385,-6.8708687],[112.4024209,-6.8708622],[112.4024573,-6.8708544],[112.4024925,-6.8708476],[112.4025239,-6.870843],[112.4025527,-6.8708406],[112.40258,-6.8708394],[112.4026072,-6.8708385],[112.4026333,-6.870837],[112.4026593,-6.870835],[112.4026873,-6.8708321],[112.4027184,-6.8708288],[112.4027505,-6.870825],[112.4027807,-6.8708209],[112.4028078,-6.8708165],[112.4028322,-6.8708118],[112.4028547,-6.8708069],[112.4028767,-6.8708021],[112.4028983,-6.8707972],[112.4029208,-6.8707925],[112.4029436,-6.8707877],[112.4029662,-6.8707833],[112.4029885,-6.8707792],[112.4030097,-6.8707755],[112.4030305,-6.8707714],[112.4030498,-6.8707668],[112.4030692,-6.8707613],[112.4030892,-6.8707546],[112.4031112,-6.8707467],[112.403135,-6.8707378],[112.4031589,-6.870729],[112.4031819,-6.8707209],[112.4032041,-6.8707136],[112.4032252,-6.8707069],[112.4032458,-6.8707007],[112.4032662,-6.8706948],[112.4032872,-6.8706894],[112.4033102,-6.8706844],[112.4033359,-6.8706807],[112.403363,-6.8706787],[112.4033899,-6.8706796],[112.4034136,-6.8706838],[112.4034359,-6.8706921],[112.4034574,-6.8707029],[112.4034797,-6.8707146],[112.4035017,-6.8707237],[112.4035238,-6.8707295],[112.4035459,-6.8707314],[112.4035671,-6.8707298],[112.4035861,-6.8707245],[112.4036027,-6.870716],[112.4036178,-6.8707053],[112.4036325,-6.8706927],[112.4036478,-6.8706775],[112.4036652,-6.8706582],[112.4036842,-6.8706354],[112.4037043,-6.8706107],[112.4037238,-6.8705866],[112.4037428,-6.8705636],[112.4037616,-6.8705406],[112.4037806,-6.8705168],[112.4037993,-6.8704925],[112.4038173,-6.8704685],[112.4038342,-6.8704466],[112.4038506,-6.8704267],[112.4038667,-6.8704082],[112.4038849,-6.8703884],[112.4039059,-6.8703659],[112.4039303,-6.8703398],[112.4039557,-6.8703117],[112.4039787,-6.8702849],[112.4039988,-6.8702606],[112.4040167,-6.8702393],[112.4040345,-6.8702192],[112.4040529,-6.870199],[112.4040724,-6.8701773],[112.4040922,-6.8701543],[112.4041122,-6.8701302],[112.404133,-6.870104],[112.4041553,-6.870075],[112.4041794,-6.8700428],[112.4042053,-6.8700087],[112.4042325,-6.8699747],[112.4042605,-6.8699415],[112.4042881,-6.8699087],[112.4043131,-6.8698762],[112.404335,-6.8698425],[112.4043524,-6.8698087],[112.4043665,-6.8697743],[112.4043783,-6.8697411],[112.4043904,-6.8697077],[112.404406,-6.8696719],[112.4044258,-6.8696342],[112.4044485,-6.8695976],[112.4044693,-6.8695684],[112.4044865,-6.8695464],[112.4045001,-6.8695292],[112.4045118,-6.8695125],[112.4045227,-6.8694951],[112.4045331,-6.8694778],[112.4045429,-6.8694623],[112.404553,-6.8694483],[112.4045641,-6.8694348],[112.4045763,-6.8694206],[112.4045894,-6.8694047],[112.4046033,-6.8693866],[112.4046174,-6.8693669],[112.4046306,-6.8693465],[112.4046422,-6.8693259],[112.4046517,-6.8693057],[112.4046597,-6.8692848],[112.4046666,-6.8692634],[112.4046728,-6.8692414],[112.4046782,-6.8692196],[112.4046834,-6.8691982],[112.4046888,-6.869177],[112.4046946,-6.8691558],[112.4047005,-6.8691346],[112.4047067,-6.8691132],[112.404713,-6.869091],[112.4047187,-6.8690663],[112.4047223,-6.8690375],[112.4047226,-6.8690052],[112.4047185,-6.8689737],[112.4047112,-6.8689472],[112.4047013,-6.8689265],[112.4046899,-6.8689098],[112.4046783,-6.8688949],[112.4046688,-6.8688804],[112.4046643,-6.8688653],[112.4046666,-6.8688493],[112.4046765,-6.868833],[112.4046918,-6.8688179],[112.4047101,-6.8688042],[112.4047278,-6.8687907],[112.4047435,-6.8687744],[112.4047573,-6.868753],[112.4047702,-6.8687262],[112.4047814,-6.8686973],[112.4047902,-6.8686693],[112.4047968,-6.8686428],[112.404802,-6.8686171],[112.4048061,-6.8685913],[112.4048091,-6.8685648],[112.4048108,-6.868537],[112.4048118,-6.8685056],[112.4048126,-6.8684717],[112.4048136,-6.8684356],[112.4048148,-6.8684028],[112.4048164,-6.868373],[112.4048189,-6.8683478],[112.4048233,-6.8683246],[112.4048304,-6.8683017],[112.4048398,-6.8682772],[112.4048497,-6.8682502],[112.4048582,-6.868222],[112.4048648,-6.8681931],[112.4048701,-6.8681638],[112.4048749,-6.8681328],[112.4048805,-6.8680993],[112.4048877,-6.868064],[112.4048965,-6.8680311],[112.4049066,-6.8680027],[112.4049179,-6.867978],[112.40493,-6.8679548],[112.4049431,-6.8679315],[112.4049566,-6.8679095],[112.4049702,-6.8678888],[112.4049836,-6.8678698],[112.4049979,-6.8678509],[112.4050144,-6.8678306],[112.4050333,-6.8678087],[112.4050541,-6.8677865],[112.4050743,-6.8677674],[112.4050932,-6.8677526],[112.4051107,-6.8677427],[112.4051279,-6.8677371],[112.4051452,-6.8677364],[112.4051614,-6.8677415],[112.4051746,-6.8677538],[112.4051823,-6.8677718],[112.4051834,-6.8677934],[112.4051783,-6.8678141],[112.4051686,-6.8678332],[112.4051556,-6.8678515],[112.4051396,-6.8678722],[112.4051198,-6.8678983],[112.4050969,-6.86793],[112.4050728,-6.8679653],[112.405051,-6.8679979],[112.4050327,-6.8680261],[112.4050182,-6.8680506],[112.4050071,-6.8680742],[112.4049985,-6.8680987],[112.404991,-6.8681245],[112.4049835,-6.8681517],[112.4049762,-6.8681797],[112.4049698,-6.8682083],[112.4049651,-6.8682373],[112.4049616,-6.8682689],[112.4049585,-6.868304],[112.4049546,-6.868344],[112.4049499,-6.8683845],[112.4049447,-6.868425],[112.4049396,-6.868464],[112.4049336,-6.8685074],[112.4049263,-6.8685551],[112.4049186,-6.8686054],[112.4049117,-6.8686486],[112.4049056,-6.8686837],[112.4048996,-6.8687123],[112.404893,-6.8687392],[112.4048857,-6.8687663],[112.4048783,-6.8687929],[112.4048717,-6.8688181],[112.4048656,-6.8688421],[112.4048594,-6.8688664],[112.4048529,-6.8688927],[112.4048468,-6.8689205],[112.4048416,-6.8689493],[112.4048377,-6.8689782],[112.4048342,-6.8690083],[112.4048302,-6.8690397],[112.4048251,-6.8690723],[112.4048193,-6.8691048],[112.404814,-6.869136],[112.4048096,-6.8691659],[112.4048066,-6.8691945],[112.4048039,-6.8692226],[112.4048005,-6.8692522],[112.4047956,-6.8692846],[112.4047891,-6.8693201],[112.4047816,-6.869354],[112.4047729,-6.8693859],[112.4047629,-6.8694148],[112.4047528,-6.8694415],[112.4047431,-6.8694662],[112.4047342,-6.8694898],[112.404725,-6.8695142],[112.4047154,-6.8695408],[112.4047051,-6.8695718],[112.404695,-6.8696053],[112.4046851,-6.8696396],[112.4046751,-6.8696704],[112.4046642,-6.8696976],[112.4046516,-6.8697222],[112.4046372,-6.8697461],[112.4046207,-6.8697707],[112.4046017,-6.8697962],[112.4045798,-6.8698223],[112.4045537,-6.869849],[112.4045249,-6.8698752],[112.404495,-6.8699009],[112.4044695,-6.8699239],[112.4044465,-6.8699469],[112.4044225,-6.8699729],[112.4043938,-6.8700031],[112.4043603,-6.8700368],[112.4043254,-6.8700703],[112.4042906,-6.8701029],[112.4042577,-6.8701344],[112.4042281,-6.870165],[112.404202,-6.8701953],[112.4041784,-6.8702265],[112.4041538,-6.8702608],[112.4041274,-6.8702981],[112.4040994,-6.8703359],[112.4040746,-6.8703689],[112.404054,-6.8703956],[112.4040368,-6.8704173],[112.404021,-6.8704362],[112.4040057,-6.8704538],[112.4039905,-6.8704712],[112.4039756,-6.8704887],[112.4039599,-6.8705074],[112.4039428,-6.8705279],[112.4039235,-6.8705507],[112.4039014,-6.8705764],[112.4038774,-6.8706043],[112.403852,-6.8706339],[112.4038287,-6.8706615],[112.403807,-6.8706876],[112.4037876,-6.8707125],[112.4037683,-6.8707388],[112.4037492,-6.8707675],[112.4037307,-6.8707982],[112.4037149,-6.8708289],[112.4037026,-6.8708588],[112.4036931,-6.8708883],[112.4036855,-6.8709173],[112.4036793,-6.870945],[112.4036747,-6.870968],[112.4036713,-6.8709866],[112.4036686,-6.8710024],[112.4036657,-6.8710183],[112.4036623,-6.8710356],[112.4036583,-6.8710548],[112.403654,-6.8710756],[112.4036502,-6.8710999],[112.4036469,-6.8711278],[112.4036441,-6.8711586],[112.4036413,-6.8711872],[112.4036383,-6.871212],[112.4036349,-6.8712336],[112.403631,-6.8712552],[112.4036267,-6.8712783],[112.403622,-6.8713026],[112.4036169,-6.871327],[112.4036112,-6.8713509],[112.4036045,-6.871376],[112.4035974,-6.8714033],[112.40359,-6.8714329],[112.4035837,-6.8714619],[112.4035784,-6.87149],[112.4035737,-6.871518],[112.4035689,-6.8715481],[112.4035634,-6.8715807],[112.4035578,-6.8716136],[112.4035526,-6.8716448],[112.4035488,-6.8716712],[112.4035466,-6.8716929],[112.4035458,-6.8717101],[112.4035463,-6.8717246],[112.4035479,-6.8717383],[112.4035503,-6.8717524],[112.4035526,-6.8717674],[112.4035526,-6.8717819],[112.4035493,-6.8717948],[112.4035425,-6.8718052],[112.4035339,-6.8718145],[112.4035252,-6.8718256],[112.4035166,-6.8718431],[112.4035081,-6.8718683],[112.4034991,-6.8719009],[112.4034902,-6.8719349],[112.4034824,-6.8719673],[112.4034767,-6.8719943],[112.4034735,-6.8720169],[112.4034725,-6.872036],[112.4034731,-6.8720533],[112.403475,-6.8720694],[112.4034784,-6.8720846],[112.4034838,-6.8720994],[112.403492,-6.8721133],[112.403505,-6.8721257],[112.4035239,-6.8721359],[112.4035505,-6.8721443],[112.4035829,-6.8721513],[112.4036197,-6.8721572],[112.4036582,-6.8721621],[112.4036962,-6.8721661],[112.4037356,-6.8721694],[112.4037765,-6.8721715],[112.4038176,-6.8721723],[112.4038565,-6.8721717],[112.4038937,-6.8721705],[112.40393,-6.8721695],[112.4039648,-6.8721689],[112.4039958,-6.8721684],[112.4040214,-6.8721674],[112.4040412,-6.8721652],[112.404056,-6.8721611],[112.4040667,-6.8721539],[112.404074,-6.8721429],[112.4040789,-6.8721293],[112.4040827,-6.8721153],[112.4040883,-6.8721035],[112.4040991,-6.8720942],[112.404119,-6.8720868],[112.4041477,-6.8720812],[112.4041829,-6.8720777],[112.404216,-6.8720774],[112.4042435,-6.872081],[112.4042638,-6.8720886],[112.4042782,-6.8721006],[112.4042878,-6.8721164],[112.4042942,-6.8721365],[112.4042983,-6.8721602],[112.4043006,-6.8721867],[112.4043007,-6.8722129],[112.4042991,-6.8722365],[112.4042968,-6.8722571],[112.4042947,-6.8722766],[112.404293,-6.8722963],[112.4042916,-6.8723166],[112.4042915,-6.8723354],[112.404296,-6.8723502],[112.4043077,-6.8723593],[112.4043281,-6.8723631],[112.4043536,-6.8723639],[112.4043814,-6.8723637],[112.4044082,-6.872364],[112.4044331,-6.8723649],[112.4044549,-6.8723653],[112.4044728,-6.8723636],[112.4044878,-6.8723592],[112.404502,-6.8723524],[112.4045174,-6.8723446],[112.4045364,-6.8723368],[112.4045596,-6.8723294],[112.404587,-6.8723224],[112.4046166,-6.872316],[112.4046449,-6.8723105],[112.4046702,-6.8723059],[112.404692,-6.8723017],[112.4047117,-6.8722975],[112.4047303,-6.8722921],[112.4047483,-6.8722843],[112.4047667,-6.8722728],[112.4047872,-6.8722578],[112.4048122,-6.8722401],[112.4048408,-6.8722222],[112.4048735,-6.8722043],[112.4049099,-6.8721865],[112.4049489,-6.8721689],[112.4049881,-6.8721519],[112.4050234,-6.8721369],[112.4050554,-6.8721235],[112.4050835,-6.8721125],[112.4051091,-6.8721038],[112.4051305,-6.8720982],[112.4051482,-6.872095],[112.405163,-6.8720935],[112.4051772,-6.8720922],[112.4051928,-6.8720905],[112.4052107,-6.8720874],[112.4052321,-6.8720825],[112.4052564,-6.8720761],[112.4052825,-6.8720692],[112.4053088,-6.8720629],[112.4053351,-6.8720577],[112.4053615,-6.8720539],[112.4053885,-6.8720506],[112.4054165,-6.8720469],[112.4054458,-6.8720415],[112.4054757,-6.8720344],[112.4055067,-6.8720255],[112.4055373,-6.8720158],[112.405568,-6.8720057],[112.4055974,-6.8719961],[112.4056272,-6.8719866],[112.4056572,-6.8719763],[112.4056868,-6.8719645],[112.4057153,-6.8719514],[112.4057429,-6.8719383],[112.4057699,-6.8719263],[112.4057967,-6.8719153],[112.4058218,-6.8719051],[112.4058448,-6.8718943],[112.405864,-6.8718822],[112.405881,-6.8718674],[112.4058961,-6.8718505],[112.4059093,-6.8718312],[112.4059195,-6.8718092],[112.4059262,-6.8717829],[112.4059293,-6.8717521],[112.405928,-6.871719],[112.405923,-6.8716853],[112.4059165,-6.8716529],[112.405912,-6.8716227],[112.4059113,-6.8715965],[112.4059133,-6.8715728],[112.4059156,-6.8715504],[112.4059167,-6.871528],[112.405917,-6.8715069],[112.4059181,-6.8714879],[112.4059226,-6.8714735],[112.4059318,-6.8714648],[112.4059462,-6.8714638],[112.4059657,-6.8714696],[112.4059901,-6.8714807],[112.406018,-6.8714937],[112.4060498,-6.8715057],[112.4060868,-6.8715141],[112.4061317,-6.8715179],[112.4061837,-6.8715163],[112.4062397,-6.8715105],[112.4062967,-6.8715016],[112.4063517,-6.8714907],[112.4064032,-6.8714777],[112.4064497,-6.8714632],[112.4064906,-6.8714476],[112.4065258,-6.8714325],[112.4065561,-6.8714184],[112.4065855,-6.8714045],[112.4066182,-6.8713892],[112.4066559,-6.8713717],[112.4066975,-6.8713526],[112.4067408,-6.8713326],[112.4067839,-6.8713119],[112.4068259,-6.8712897],[112.4068663,-6.871265],[112.4069041,-6.8712383],[112.4069389,-6.8712115],[112.4069706,-6.8711865],[112.4070005,-6.8711635],[112.4070292,-6.8711416],[112.4070572,-6.8711193],[112.4070844,-6.8710959],[112.4071101,-6.8710719],[112.407134,-6.8710483],[112.4071564,-6.8710263],[112.4071772,-6.8710076],[112.407196,-6.8709934],[112.4072131,-6.8709839],[112.4072309,-6.8709775],[112.4072506,-6.8709728],[112.4072738,-6.8709683],[112.4073007,-6.8709631],[112.4073317,-6.870956],[112.4073646,-6.8709466],[112.407394,-6.8709358],[112.4074177,-6.8709237],[112.4074374,-6.8709093],[112.4074566,-6.8708919],[112.407477,-6.8708712],[112.4074985,-6.8708488],[112.4075206,-6.8708258],[112.4075432,-6.8708021],[112.4075663,-6.8707774],[112.4075902,-6.8707514],[112.4076144,-6.8707251],[112.4076381,-6.8706993],[112.4076598,-6.8706754],[112.4076783,-6.8706531],[112.4076931,-6.8706319],[112.4077031,-6.870611],[112.4077069,-6.8705909],[112.4077024,-6.8705722],[112.4076875,-6.8705548],[112.4076615,-6.8705369],[112.4076214,-6.8705125],[112.4075711,-6.8704797],[112.4075122,-6.8704384],[112.4074583,-6.8703999],[112.4074104,-6.8703669],[112.4073705,-6.8703416],[112.4073356,-6.8703212],[112.4073065,-6.8703057],[112.4072835,-6.8702949],[112.4072657,-6.8702892],[112.4072508,-6.8702887],[112.4072361,-6.8702915],[112.4072208,-6.870294],[112.4072047,-6.8702922],[112.4071881,-6.8702854],[112.4071708,-6.8702747],[112.4071531,-6.8702627],[112.4071357,-6.8702504],[112.4071188,-6.8702381],[112.4071021,-6.870225],[112.4070844,-6.8702108],[112.407065,-6.8701952],[112.4070448,-6.8701787],[112.4070256,-6.8701621],[112.407009,-6.8701464],[112.4069952,-6.870132],[112.4069843,-6.870119],[112.4069763,-6.8701069],[112.4069712,-6.8700947],[112.4069691,-6.870082],[112.4069687,-6.8700688],[112.4069674,-6.8700551],[112.406962,-6.8700404],[112.40695,-6.8700239],[112.4069314,-6.8700056],[112.4069087,-6.8699859],[112.4068854,-6.8699658],[112.4068656,-6.8699471],[112.4068504,-6.8699298],[112.4068401,-6.8699131],[112.4068342,-6.8698963],[112.4068316,-6.8698791],[112.4068302,-6.8698618],[112.406827,-6.869844],[112.4068205,-6.8698257],[112.4068098,-6.8698061],[112.4067962,-6.8697862],[112.406781,-6.869765],[112.4067673,-6.8697447],[112.4067576,-6.8697247],[112.4067527,-6.8697036],[112.4067516,-6.869679],[112.406753,-6.8696495],[112.4067563,-6.869618],[112.406762,-6.8695876],[112.4067701,-6.8695635],[112.4067806,-6.8695462],[112.4067925,-6.869535],[112.406806,-6.8695261],[112.4068211,-6.8695155],[112.4068374,-6.8694992],[112.4068536,-6.8694757],[112.4068688,-6.8694469],[112.4068833,-6.8694166],[112.406898,-6.8693889],[112.406914,-6.8693659],[112.4069331,-6.869346],[112.4069559,-6.8693262],[112.4069837,-6.8693021],[112.4070141,-6.8692719],[112.4070456,-6.8692365],[112.4070749,-6.8691998],[112.4070996,-6.8691685],[112.4071204,-6.8691432],[112.4071389,-6.8691224],[112.4071561,-6.8691033],[112.4071722,-6.869084],[112.4071871,-6.8690638],[112.4072014,-6.8690418],[112.4072157,-6.8690177],[112.4072303,-6.8689913],[112.407245,-6.8689637],[112.4072597,-6.8689365],[112.4072748,-6.8689108],[112.4072903,-6.8688863],[112.4073055,-6.8688635],[112.4073192,-6.8688439],[112.4073311,-6.8688277],[112.4073418,-6.8688144],[112.4073518,-6.8688032],[112.4073615,-6.8687941],[112.4073715,-6.8687882],[112.4073827,-6.8687872],[112.4073969,-6.8687922],[112.4074149,-6.8688025],[112.4074373,-6.8688143],[112.407462,-6.8688224],[112.4074861,-6.8688234],[112.4075052,-6.8688177],[112.4075656,-6.8687964],[112.4075893,-6.8687774],[112.4076191,-6.868759],[112.4076467,-6.8687332],[112.4076624,-6.8687148],[112.4076778,-6.8686823],[112.4076953,-6.8686481],[112.4077148,-6.8686134],[112.4077357,-6.8685804],[112.4077572,-6.8685508],[112.4077794,-6.8685237],[112.4078029,-6.8684964],[112.4078276,-6.8684668],[112.407852,-6.8684349],[112.4078747,-6.8684026],[112.4078968,-6.8683696],[112.407921,-6.8683351],[112.4079477,-6.8682867],[112.4079358,-6.8682354],[112.4079558,-6.8682143],[112.4079703,-6.8681601],[112.4079988,-6.8681263],[112.4080261,-6.8680901],[112.4080521,-6.8680525],[112.4080774,-6.8680139],[112.408102,-6.8679747],[112.4081261,-6.8679348],[112.4081498,-6.8678956],[112.4081737,-6.8678584],[112.4081982,-6.8678237],[112.4082238,-6.8677909],[112.40825,-6.8677599],[112.4082773,-6.8677291],[112.408306,-6.867698],[112.4083391,-6.8676636],[112.4083764,-6.8676258],[112.408418,-6.8675839],[112.4084572,-6.8675424],[112.4084915,-6.867503],[112.4085194,-6.867467],[112.4085435,-6.867434],[112.4085654,-6.8674037],[112.4085865,-6.8673759],[112.4086067,-6.8673498],[112.4086247,-6.8673245],[112.4086386,-6.8673009],[112.4086478,-6.8672788],[112.408653,-6.8672586],[112.408657,-6.8672391],[112.4086632,-6.8672187],[112.4086741,-6.8671958],[112.4086922,-6.8671669],[112.4087155,-6.8671336],[112.4087416,-6.8670969],[112.4087643,-6.8670653],[112.4087833,-6.8670378],[112.4087996,-6.8670138],[112.408816,-6.8669901],[112.4088337,-6.8669664],[112.4088536,-6.8669424],[112.4088761,-6.8669182],[112.4089005,-6.8668936],[112.4089254,-6.8668685],[112.40895,-6.8668428],[112.4089736,-6.8668163],[112.4089989,-6.866787],[112.4090255,-6.8667565],[112.4090537,-6.8667254],[112.4090783,-6.8666994],[112.4091,-6.8666773],[112.409119,-6.8666583],[112.4091381,-6.8666394],[112.4091567,-6.8666208],[112.4091745,-6.8666025],[112.4091919,-6.8665841],[112.4092098,-6.8665647],[112.4092278,-6.8665447],[112.4092448,-6.866525],[112.4092604,-6.8665065],[112.4092742,-6.8664892],[112.409287,-6.8664715],[112.4092987,-6.8664519],[112.4093103,-6.8664281],[112.4093221,-6.8663995],[112.4093343,-6.8663673],[112.4093464,-6.8663342],[112.409358,-6.8663033],[112.4093686,-6.8662762],[112.409378,-6.8662522],[112.4093864,-6.8662299],[112.4093947,-6.8662083],[112.4094043,-6.8661886],[112.4094166,-6.8661718],[112.409433,-6.8661577],[112.4094544,-6.8661443],[112.4094797,-6.8661302],[112.4095065,-6.8661151],[112.4095307,-6.8661007],[112.4095495,-6.8660883],[112.4095634,-6.8660781],[112.4095752,-6.8660691],[112.409589,-6.8660591],[112.4096073,-6.8660471],[112.4096292,-6.8660326],[112.4096504,-6.8660166],[112.4096656,-6.8660002],[112.4096731,-6.8659835],[112.409676,-6.8659661],[112.4096806,-6.8659478],[112.4096974,-6.8659276],[112.4097289,-6.8659055],[112.4097741,-6.8658814],[112.4098166,-6.8658609],[112.4098541,-6.8658443],[112.4098853,-6.8658318],[112.409916,-6.8658206],[112.4099463,-6.8658102],[112.4099775,-6.8657997],[112.4100099,-6.8657887],[112.4100444,-6.8657761],[112.4100804,-6.8657619],[112.4101168,-6.8657466],[112.4101536,-6.8657312],[112.4101897,-6.8657162],[112.4102258,-6.8657014],[112.4102599,-6.8656875],[112.4102928,-6.8656739],[112.4103222,-6.8656614],[112.4103504,-6.8656489],[112.4103786,-6.8656358],[112.4104095,-6.8656211],[112.4104439,-6.8656047],[112.4104804,-6.8655883],[112.4105179,-6.865572],[112.4105561,-6.8655558],[112.4105951,-6.8655392],[112.4106353,-6.865522],[112.4106774,-6.8655039],[112.4107223,-6.8654852],[112.4107693,-6.8654663],[112.4108179,-6.8654472],[112.4108637,-6.8654288],[112.4109065,-6.8654109],[112.4109463,-6.8653934],[112.4109861,-6.8653762],[112.4110262,-6.8653597],[112.4110688,-6.8653434],[112.411115,-6.8653266],[112.4111637,-6.8653091],[112.4112116,-6.8652918],[112.4112525,-6.8652762],[112.4112853,-6.8652624],[112.4113096,-6.8652499],[112.4113283,-6.8652371],[112.4113434,-6.8652226],[112.4113566,-6.8652055],[112.4113683,-6.8651865],[112.4113791,-6.8651683],[112.4113897,-6.8651538],[112.4113999,-6.8651457],[112.4114104,-6.8651433],[112.4114228,-6.8651437],[112.4114411,-6.8651434],[112.4114677,-6.8651398],[112.4115029,-6.8651316],[112.4115413,-6.8651207],[112.4115812,-6.8651085],[112.4116196,-6.8650972],[112.4116583,-6.8650865],[112.4116963,-6.865076],[112.4117344,-6.8650651],[112.4117725,-6.8650533],[112.4118089,-6.8650411],[112.4118441,-6.865028],[112.4118766,-6.8650146],[112.4119065,-6.8650013],[112.4119321,-6.864989],[112.4119538,-6.8649778],[112.4119718,-6.8649677],[112.4119866,-6.8649579],[112.4119983,-6.8649475],[112.4120065,-6.8649346],[112.4120103,-6.8649173],[112.4120085,-6.8648934],[112.4120015,-6.8648643],[112.411991,-6.8648329],[112.4119808,-6.8648057],[112.4119713,-6.8647822],[112.4119622,-6.8647608],[112.4119521,-6.8647382],[112.411941,-6.8647146],[112.4119299,-6.8646916],[112.41192,-6.8646699],[112.4119119,-6.8646499],[112.4119054,-6.8646306],[112.4118995,-6.8646119],[112.4118926,-6.8645916],[112.4118838,-6.8645682],[112.4118724,-6.86454],[112.4118593,-6.8645081],[112.4118457,-6.8644745],[112.4118324,-6.8644414],[112.4118191,-6.8644118],[112.4118043,-6.8643866],[112.4117872,-6.8643676],[112.4117661,-6.8643549],[112.4117408,-6.8643505],[112.4117095,-6.8643546],[112.411673,-6.8643663],[112.4116333,-6.8643823],[112.4115954,-6.8643993],[112.4115606,-6.864415],[112.4115272,-6.8644298],[112.4114911,-6.8644453],[112.4114494,-6.864463],[112.4114018,-6.8644832],[112.4113512,-6.8645047],[112.4113035,-6.8645248],[112.4112613,-6.8645425],[112.4112242,-6.8645581],[112.4111887,-6.8645737],[112.411153,-6.86459],[112.4111143,-6.8646085],[112.411072,-6.8646285],[112.4110257,-6.8646496],[112.4109778,-6.8646705],[112.4109275,-6.8646915],[112.4108759,-6.8647121],[112.4108231,-6.8647327],[112.4107713,-6.8647525],[112.4107215,-6.8647715],[112.4106748,-6.8647902],[112.4106356,-6.8648073],[112.4106027,-6.8648224],[112.4105746,-6.8648355],[112.4105493,-6.8648473],[112.410526,-6.864858],[112.4105027,-6.8648686],[112.4104775,-6.8648797],[112.410449,-6.8648916],[112.4104184,-6.864904],[112.4103867,-6.8649169],[112.4103554,-6.86493],[112.4103231,-6.864944],[112.4102892,-6.8649587],[112.4102529,-6.8649741],[112.4102122,-6.8649912],[112.4101672,-6.8650098],[112.4101182,-6.8650299],[112.4100691,-6.8650492],[112.41002,-6.8650673],[112.4099725,-6.8650844],[112.4099269,-6.8651013],[112.4098853,-6.8651181],[112.4098465,-6.865135],[112.4098088,-6.8651521],[112.4097688,-6.86517],[112.4097248,-6.8651895],[112.4096767,-6.8652106],[112.4096252,-6.865233],[112.4095728,-6.8652558],[112.4095183,-6.8652792],[112.4094628,-6.8653026],[112.4094047,-6.8653264],[112.4093457,-6.8653504],[112.4092844,-6.8653752],[112.4092213,-6.8654005],[112.4091594,-6.8654249],[112.4091017,-6.8654479],[112.4090488,-6.8654699],[112.4090001,-6.8654907],[112.4089529,-6.8655106],[112.4089067,-6.8655293],[112.4088607,-6.8655474],[112.4088148,-6.8655656],[112.4087655,-6.8655852],[112.4087098,-6.865607],[112.4086466,-6.8656306],[112.4085788,-6.8656553],[112.4085074,-6.8656805],[112.4084361,-6.8657045],[112.4083706,-6.8657241],[112.4083148,-6.865736],[112.4082662,-6.8657412],[112.4082211,-6.8657418],[112.4081821,-6.8657415],[112.4081473,-6.8657414],[112.4081149,-6.8657417],[112.408079,-6.8657419],[112.4080399,-6.8657415],[112.4079985,-6.8657404],[112.4079619,-6.8657393],[112.4079299,-6.8657389],[112.4079023,-6.8657394],[112.4078765,-6.8657406],[112.4078531,-6.8657422],[112.4078283,-6.8657379],[112.4078069,-6.8657396],[112.4077853,-6.8657412],[112.4077629,-6.8657424],[112.4077379,-6.8657433],[112.4077096,-6.8657441],[112.4076778,-6.8657449],[112.4076439,-6.8657453],[112.4076091,-6.8657451],[112.4075735,-6.8657441],[112.4075368,-6.8657429],[112.4074987,-6.8657423],[112.4074586,-6.8657428],[112.4074179,-6.8657441],[112.4073783,-6.8657456],[112.4073443,-6.8657441],[112.4073082,-6.8657441],[112.4072719,-6.8657432],[112.4072336,-6.8657417],[112.4071927,-6.8657404],[112.4071496,-6.8657397],[112.4071059,-6.8657395],[112.4070598,-6.8657398],[112.4070112,-6.8657402],[112.40696,-6.8657404],[112.4069125,-6.8657401],[112.4068694,-6.8657395],[112.4068285,-6.8657386],[112.4067876,-6.8657374],[112.4067462,-6.8657356],[112.406708,-6.8657316],[112.4066741,-6.8657319],[112.4066351,-6.8657258],[112.4066173,-6.8656986],[112.4066201,-6.8656517],[112.406615,-6.8656174],[112.4066139,-6.8655876],[112.4066148,-6.8655628],[112.4066164,-6.8655389],[112.4066183,-6.8655141],[112.4066207,-6.8654882],[112.406624,-6.8654629],[112.4066294,-6.8654406],[112.4066383,-6.8654232],[112.406652,-6.8654114],[112.4066697,-6.8654053],[112.4066903,-6.8654031],[112.4067128,-6.8654036],[112.4067378,-6.8654054],[112.4067675,-6.8654077],[112.4068026,-6.8654097],[112.4068426,-6.8654111],[112.4068839,-6.8654111],[112.4069245,-6.8654099],[112.4069631,-6.8654079],[112.4070005,-6.8654062],[112.4070385,-6.865405],[112.4070801,-6.8654045],[112.4071267,-6.8654039],[112.4071781,-6.8654029],[112.4072316,-6.8654012],[112.4072841,-6.8653993],[112.4073349,-6.8653973],[112.407386,-6.8653958],[112.407441,-6.8653953],[112.4075017,-6.8653957],[112.4075671,-6.8653966],[112.4076324,-6.8653974],[112.4076938,-6.8653977],[112.4077517,-6.8653972],[112.4078102,-6.8653959],[112.4078725,-6.8653939],[112.4079388,-6.8653923],[112.4080065,-6.8653913],[112.4080726,-6.865391],[112.408133,-6.8653908],[112.4081882,-6.8653901],[112.4082398,-6.8653874],[112.4082931,-6.8653798],[112.4083505,-6.8653654],[112.4084123,-6.8653435],[112.4084718,-6.8653185],[112.4085258,-6.8652935],[112.4085745,-6.8652705],[112.4086205,-6.8652493],[112.4086678,-6.8652284],[112.4087187,-6.8652061],[112.4087764,-6.8651809],[112.4088385,-6.8651536],[112.4089025,-6.8651258],[112.4089595,-6.865101],[112.4090091,-6.8650803],[112.4090524,-6.8650627],[112.4090949,-6.865046],[112.4091398,-6.8650286],[112.4091868,-6.8650102],[112.4092358,-6.8649907],[112.4092845,-6.8649711],[112.4093346,-6.8649512],[112.4093854,-6.8649311],[112.4094381,-6.8649096],[112.4094928,-6.8648864],[112.4095498,-6.8648617],[112.4096106,-6.8648364],[112.4096739,-6.8648115],[112.4097384,-6.8647876],[112.4097975,-6.864765],[112.4098501,-6.8647439],[112.409897,-6.8647242],[112.4099417,-6.8647059],[112.4099856,-6.8646884],[112.4100303,-6.8646712],[112.4100755,-6.8646534],[112.4101208,-6.8646351],[112.4101663,-6.8646157],[112.4102115,-6.8645956],[112.4102585,-6.8645749],[112.4103079,-6.8645541],[112.4103598,-6.8645336],[112.4104122,-6.8645137],[112.410463,-6.8644943],[112.4105105,-6.8644754],[112.4105554,-6.8644566],[112.4105993,-6.8644377],[112.4106429,-6.864419],[112.4106887,-6.8643995],[112.4107404,-6.864377],[112.4108104,-6.8643463],[112.4109026,-6.8643061],[112.4110147,-6.8642585],[112.411121,-6.8642144],[112.4112108,-6.8641786],[112.4112844,-6.8641499],[112.4113503,-6.8641241],[112.4114129,-6.8640985],[112.4114677,-6.8640748],[112.4115153,-6.8640537],[112.4115574,-6.864035],[112.4115992,-6.864017],[112.4116422,-6.8639991],[112.4116871,-6.8639808],[112.4117325,-6.8639628],[112.4117764,-6.8639453],[112.4118184,-6.8639278],[112.4118576,-6.86391],[112.4118983,-6.8638906],[112.4119488,-6.8638664],[112.4120202,-6.8638341],[112.4121129,-6.8637941],[112.4122163,-6.8637526],[112.4123105,-6.863716],[112.4123943,-6.8636844],[112.4124667,-6.8636558],[112.4125328,-6.8636289],[112.4125914,-6.8636038],[112.4126456,-6.8635802],[112.4126989,-6.8635576],[112.4127549,-6.8635351],[112.4128132,-6.8635128],[112.4128715,-6.863491],[112.4129302,-6.8634689],[112.4129922,-6.8634449],[112.4130655,-6.8634157],[112.4131496,-6.863382],[112.4132432,-6.8633448],[112.4133302,-6.8633115],[112.4134083,-6.8632826],[112.4134739,-6.8632589],[112.4135313,-6.8632379],[112.4135826,-6.8632183],[112.4136312,-6.8631986],[112.4136809,-6.8631771],[112.4137348,-6.863153],[112.4137952,-6.8631258],[112.4138597,-6.8630971],[112.4139246,-6.863069],[112.4139835,-6.8630443],[112.414036,-6.8630248],[112.4140825,-6.8630156],[112.4141214,-6.8630199],[112.4141513,-6.8630386],[112.4141696,-6.8630626],[112.4141775,-6.8630867],[112.4141766,-6.8631078],[112.4141692,-6.8631279],[112.4141568,-6.8631478],[112.4141403,-6.8631682],[112.4141198,-6.8631894],[112.4140957,-6.8632125],[112.4140684,-6.8632385],[112.414038,-6.8632693],[112.4140062,-6.8633035],[112.4139744,-6.8633394],[112.4139465,-6.8633709],[112.4139218,-6.8633968],[112.4138982,-6.8634167],[112.4138719,-6.8634334],[112.4138403,-6.863449],[112.4138015,-6.8634656],[112.4137552,-6.8634842],[112.4137037,-6.8635045],[112.4136502,-6.8635253],[112.4135982,-6.8635454],[112.4135485,-6.8635648],[112.4135023,-6.8635835],[112.4134605,-6.8636016],[112.4134273,-6.8636185],[112.4134039,-6.8636353],[112.4133904,-6.8636533],[112.413385,-6.8636731],[112.4133854,-6.8636921],[112.4133898,-6.8637103],[112.4133961,-6.8637278],[112.4134026,-6.8637452],[112.4134083,-6.863762],[112.4134136,-6.863778],[112.4134195,-6.8637943],[112.413427,-6.8638119],[112.4134362,-6.8638312],[112.4134469,-6.8638522],[112.4134578,-6.863874],[112.4134686,-6.8638966],[112.4134783,-6.8639187],[112.4134869,-6.8639415],[112.4134936,-6.8639643],[112.4134991,-6.8639875],[112.4135041,-6.8640102],[112.4135098,-6.8640322],[112.4135174,-6.864052],[112.4135282,-6.8640691],[112.4135422,-6.864083],[112.4135593,-6.8640926],[112.4135798,-6.8640974],[112.4136044,-6.8640967],[112.4136329,-6.864091],[112.4136625,-6.8640812],[112.413692,-6.864069],[112.4137237,-6.8640552],[112.4137612,-6.8640399],[112.4138029,-6.8640237],[112.4138459,-6.8640075],[112.4138878,-6.8639916],[112.4139286,-6.8639759],[112.4139686,-6.8639603],[112.4140078,-6.8639458],[112.4140435,-6.8639347],[112.4140758,-6.8639279],[112.414106,-6.8639252],[112.4141387,-6.8639247],[112.414176,-6.8639245],[112.4142219,-6.863923],[112.4142742,-6.8639201],[112.4143316,-6.8639158],[112.4143833,-6.8639119],[112.4144297,-6.863909],[112.4144711,-6.8639081],[112.4145156,-6.8639089],[112.4145683,-6.8639112],[112.4146308,-6.8639138],[112.4146988,-6.8639151],[112.4147633,-6.8639137],[112.4148221,-6.8639109],[112.4148754,-6.8639081],[112.4149248,-6.8639068],[112.4149712,-6.8639067],[112.4150154,-6.8639073],[112.4150597,-6.8639084],[112.4151049,-6.8639099],[112.4151593,-6.8639125],[112.4152235,-6.863916],[112.4152984,-6.8639197],[112.4153682,-6.8639219],[112.4154308,-6.8639224],[112.4154859,-6.8639214],[112.4155386,-6.8639202],[112.4155898,-6.8639193],[112.41564,-6.8639191],[112.4156903,-6.86392],[112.4157428,-6.8639221],[112.4157979,-6.8639252],[112.4158538,-6.8639284],[112.41591,-6.8639309],[112.4159691,-6.8639323],[112.4160378,-6.8639324],[112.4161144,-6.8639313],[112.4161949,-6.8639288],[112.416264,-6.8639259],[112.4163223,-6.8639232],[112.4163713,-6.8639217],[112.416418,-6.8639214],[112.4164653,-6.8639219],[112.4165149,-6.8639226],[112.4165672,-6.8639225],[112.4166205,-6.8639219],[112.4166723,-6.8639212],[112.4167197,-6.8639212],[112.416763,-6.8639223],[112.4167999,-6.8638921],[112.4168399,-6.8638712],[112.416894,-6.8638846],[112.416904,-6.8639279],[112.416968,-6.8639362],[112.4170179,-6.8639283],[112.4170636,-6.8639267],[112.4170985,-6.86394],[112.4171238,-6.8639682],[112.4171489,-6.8640039],[112.4171764,-6.8640263],[112.4172,-6.8640468],[112.4172214,-6.8640659],[112.417242,-6.8640853],[112.4172619,-6.8641061],[112.4172791,-6.8641282],[112.4172927,-6.8641514],[112.4173022,-6.8641755],[112.4173086,-6.8642011],[112.4173129,-6.8642291],[112.4173162,-6.8642595],[112.4173189,-6.8642915],[112.4173199,-6.8643238],[112.4173196,-6.8643551],[112.4173189,-6.8643852],[112.4173198,-6.864412],[112.4173241,-6.8644351],[112.4173334,-6.8644528],[112.4173486,-6.864466],[112.417371,-6.864475],[112.4174009,-6.8644809],[112.4174392,-6.8644844],[112.4174858,-6.8644858],[112.4175376,-6.864486],[112.4175932,-6.8644854],[112.4176471,-6.8644852],[112.4176993,-6.8644849],[112.4177482,-6.8644842],[112.4177972,-6.8644826],[112.4178443,-6.8644806],[112.4178898,-6.8644786],[112.4179333,-6.864477],[112.4179746,-6.8644759],[112.4180155,-6.8644746],[112.4180534,-6.8644725],[112.4180553,-6.8644261],[112.4180805,-6.8638294],[112.4177712,-6.8638223],[112.4177763,-6.863663],[112.4178401,-6.8616666],[112.4178402,-6.8616627],[112.418298,-6.8616766],[112.418278,-6.8623704],[112.418263,-6.8628143],[112.4182343,-6.8636667],[112.4182295,-6.8638076],[112.4182095,-6.8644245],[112.4182081,-6.8644681],[112.4182263,-6.8644751],[112.4182431,-6.8644847],[112.4182597,-6.8644953],[112.4182791,-6.8645058],[112.4183034,-6.8645129],[112.4183351,-6.8645143],[112.4183715,-6.8645093],[112.4184078,-6.8644994],[112.4184351,-6.8644874],[112.4184527,-6.8644744],[112.4184619,-6.8644606],[112.4184666,-6.8644462],[112.4184688,-6.864431],[112.4184702,-6.864415],[112.4184717,-6.8643978],[112.4184735,-6.8643799],[112.4184756,-6.8643607],[112.4184776,-6.8643388],[112.418479,-6.8643131],[112.4184793,-6.8642836],[112.4184786,-6.8642523],[112.4184772,-6.864222],[112.4184756,-6.8641933],[112.418474,-6.8641659],[112.4184724,-6.8641385],[112.4184708,-6.8641109],[112.4184695,-6.8640844],[112.418469,-6.8640598],[112.4184699,-6.8640372],[112.4184725,-6.8640158],[112.4184767,-6.863996],[112.418483,-6.8639782],[112.4184922,-6.8639632],[112.4185064,-6.8639508],[112.4185272,-6.8639409],[112.4185541,-6.8639335],[112.4185834,-6.8639297],[112.4186114,-6.8639293],[112.4186377,-6.8639316],[112.4186639,-6.8639353],[112.4186907,-6.8639386],[112.4187182,-6.8639406],[112.4187464,-6.8639403],[112.4187783,-6.8639374],[112.4188148,-6.8639323],[112.4188543,-6.8639261],[112.4188908,-6.8639209],[112.4189681,-6.8639187],[112.4189673,-6.8638579],[112.4190098,-6.8638562],[112.4190128,-6.8639207],[112.4190685,-6.8639274],[112.4191102,-6.8639328],[112.4191573,-6.8639371],[112.4192126,-6.8639398],[112.4192741,-6.863941],[112.4193389,-6.8639413],[112.4194042,-6.8639416],[112.4194709,-6.8639426],[112.4195351,-6.863945],[112.419592,-6.8639474],[112.4196405,-6.8639487],[112.4196824,-6.8639477],[112.4197177,-6.8639449],[112.4197478,-6.8639412],[112.4197748,-6.8639379],[112.4198006,-6.8639356],[112.4198261,-6.8639337],[112.4198518,-6.8639317],[112.4198784,-6.8639293],[112.4199452,-6.8639229],[112.4199494,-6.8638554],[112.4199919,-6.8638529],[112.4199919,-6.8639245],[112.4200721,-6.8639277],[112.4201174,-6.8639292],[112.4201643,-6.8639311],[112.4202105,-6.8639332],[112.4202549,-6.8639356],[112.4202962,-6.8639384],[112.420336,-6.8639413],[112.4203776,-6.8639437],[112.4204221,-6.8639447],[112.4204683,-6.8639442],[112.4205117,-6.863943],[112.420552,-6.8639422],[112.4205925,-6.863942],[112.4206366,-6.8639423],[112.4206861,-6.8639424],[112.4207403,-6.8639421],[112.4207997,-6.8639417],[112.4208616,-6.8639419],[112.4209199,-6.8639426],[112.4209721,-6.8639437],[112.4210174,-6.863945],[112.4210586,-6.8639468],[112.4210974,-6.8639492],[112.4211362,-6.8639518],[112.4211776,-6.8639539],[112.4212261,-6.8639555],[112.421282,-6.8639566],[112.4213429,-6.8639576],[112.4214016,-6.8639585],[112.4214568,-6.8639591],[112.4215105,-6.8639589],[112.4215645,-6.8639581],[112.4216188,-6.8639566],[112.42167,-6.8639552],[112.421719,-6.8639539],[112.4217679,-6.8639528],[112.4218198,-6.8639518],[112.4218755,-6.8639509],[112.4219355,-6.8639504],[112.4219995,-6.8639501],[112.4220702,-6.8639496],[112.4221501,-6.8639485],[112.4222377,-6.8639469],[112.4223251,-6.8639453],[112.4223962,-6.8639443],[112.4224519,-6.863944],[112.4224975,-6.8639442],[112.4225418,-6.8639449],[112.4225865,-6.863946],[112.4226321,-6.8639476],[112.4226787,-6.8639496],[112.4227273,-6.8639514],[112.422778,-6.8639524],[112.42283,-6.8639528],[112.4228815,-6.8639531],[112.4229287,-6.8639548],[112.4229759,-6.8639509],[112.4229998,-6.8639608],[112.4230118,-6.8639775],[112.423016,-6.8640024],[112.4230075,-6.8640466],[112.4230086,-6.8640927],[112.4230101,-6.8641472],[112.4230112,-6.8642009],[112.4230118,-6.864251],[112.4230121,-6.8642972],[112.4230131,-6.8643426],[112.4230154,-6.8643894],[112.4230187,-6.8644365],[112.4230219,-6.864481],[112.4230242,-6.8645212],[112.4230259,-6.8645608],[112.4230278,-6.864601],[112.4230303,-6.8646418],[112.4230319,-6.8646767],[112.4230318,-6.8647059],[112.4230298,-6.8647301],[112.4230273,-6.8647533],[112.4230256,-6.8647784],[112.4230267,-6.8648093],[112.4230313,-6.8648457],[112.4230391,-6.8648861],[112.423046,-6.8649236],[112.4230492,-6.8649585],[112.4230477,-6.8649912],[112.4230435,-6.8650239],[112.4230394,-6.8650551],[112.423037,-6.8650842],[112.4230364,-6.8651118],[112.4230363,-6.8651396],[112.4230353,-6.8651687],[112.4230323,-6.8651987],[112.4230284,-6.8652283],[112.4230252,-6.8652577],[112.423024,-6.8652884],[112.4230253,-6.8653221],[112.4230289,-6.8653568],[112.4230351,-6.8653871],[112.4230442,-6.8654058],[112.4230575,-6.8654107],[112.4230723,-6.865404],[112.4230864,-6.8653899],[112.4230951,-6.8653713],[112.4230988,-6.8653503],[112.4230997,-6.8653276],[112.4231013,-6.8653055],[112.4231066,-6.8652852],[112.4231174,-6.8652683],[112.4231361,-6.8652545],[112.423163,-6.8652452],[112.4231969,-6.8652429],[112.4232333,-6.8652497],[112.4232672,-6.8652678],[112.423293,-6.8652939],[112.4233093,-6.8653263],[112.4233149,-6.8653585],[112.4233125,-6.8653912],[112.4233046,-6.8654246],[112.4232937,-6.8654609],[112.4232817,-6.8654981],[112.4232691,-6.8655334],[112.4232569,-6.8655644],[112.4232445,-6.8655928],[112.423232,-6.8656209],[112.4232194,-6.865651],[112.4232076,-6.8656828],[112.423198,-6.865714],[112.4231919,-6.8657427],[112.4231896,-6.8657677],[112.4231912,-6.8657898],[112.4231968,-6.8658083],[112.4232087,-6.8658243],[112.4232292,-6.8658388],[112.4232588,-6.8658534],[112.4232956,-6.8658687],[112.4233347,-6.8658848],[112.4233732,-6.8659008],[112.4234094,-6.8659164],[112.4234451,-6.8659312],[112.4234815,-6.8659451],[112.42352,-6.8659583],[112.4235601,-6.8659708],[112.4236004,-6.865981],[112.4236396,-6.8659858],[112.4236723,-6.8659819],[112.4236982,-6.8659683],[112.4237175,-6.8659489],[112.4237338,-6.8659264],[112.4237491,-6.8659022],[112.4237643,-6.8658762],[112.4237791,-6.8658491],[112.4237928,-6.8658231],[112.4238058,-6.8657984],[112.4238192,-6.8657744],[112.4238345,-6.8657485],[112.4238513,-6.8657205],[112.4238695,-6.8656894],[112.4238885,-6.8656559],[112.4239087,-6.8656196],[112.4239292,-6.8655821],[112.4239474,-6.8655492],[112.4239628,-6.8655218],[112.423976,-6.8654991],[112.4239889,-6.865478],[112.4240023,-6.8654578],[112.4240167,-6.8654389],[112.424032,-6.8654216],[112.4240478,-6.8654062],[112.4240637,-6.865392],[112.4240798,-6.865378],[112.4240956,-6.8653634],[112.4241108,-6.8653476],[112.4241252,-6.8653304],[112.4241393,-6.8653121],[112.4241531,-6.865294],[112.4241681,-6.8652759],[112.4241849,-6.8652574],[112.4242042,-6.865237],[112.4242238,-6.8652155],[112.424243,-6.8651931],[112.4242634,-6.8651682],[112.4242865,-6.8651403],[112.4243131,-6.8651089],[112.4243379,-6.8650798],[112.42436,-6.8650538],[112.4243787,-6.8650306],[112.4243961,-6.8650075],[112.4244127,-6.864984],[112.4244293,-6.8649603],[112.4244461,-6.8649375],[112.4244635,-6.8649149],[112.4244821,-6.8648913],[112.4245016,-6.8648663],[112.4245218,-6.8648403],[112.4245418,-6.8648149],[112.4245612,-6.8647907],[112.4245802,-6.8647676],[112.4245993,-6.8647448],[112.4246194,-6.8647215],[112.4246418,-6.8646963],[112.4246666,-6.8646687],[112.4246929,-6.8646385],[112.4247173,-6.8646092],[112.4247386,-6.8645827],[112.4247572,-6.8645592],[112.4247754,-6.864537],[112.4247958,-6.8645129],[112.4248207,-6.8644846],[112.424851,-6.8644506],[112.4248839,-6.8644137],[112.4249157,-6.8643777],[112.4249437,-6.8643452],[112.4249683,-6.8643163],[112.4249912,-6.8642899],[112.4250132,-6.864265],[112.4250344,-6.864241],[112.4250548,-6.8642179],[112.4250764,-6.8641932],[112.4251014,-6.8641645],[112.4251301,-6.8641312],[112.4251598,-6.8640963],[112.4251865,-6.8640649],[112.4252098,-6.8640379],[112.4252311,-6.864014],[112.4252523,-6.8639913],[112.4252739,-6.8639692],[112.4252953,-6.8639485],[112.4253162,-6.8639292],[112.4253372,-6.8639106],[112.4253584,-6.8638926],[112.4253799,-6.8638754],[112.4254007,-6.8638597],[112.4254199,-6.8638457],[112.4254376,-6.8638333],[112.4254541,-6.8638226],[112.4254705,-6.8638142],[112.4254865,-6.8638095],[112.4255035,-6.8638092],[112.425522,-6.8638136],[112.4255426,-6.8638222],[112.4255647,-6.8638341],[112.4255865,-6.8638487],[112.4256066,-6.863865],[112.4256242,-6.8638829],[112.4256391,-6.8639017],[112.4256511,-6.8639207],[112.4256604,-6.8639393],[112.4256668,-6.8639573],[112.4256702,-6.863975],[112.4256701,-6.8639924],[112.4256657,-6.8640081],[112.4256569,-6.8640202],[112.4256442,-6.8640267],[112.4256289,-6.8640273],[112.425612,-6.8640229],[112.4255949,-6.8640157],[112.4255771,-6.8640069],[112.425559,-6.863998],[112.4255408,-6.8639901],[112.4255231,-6.8639846],[112.4255063,-6.863982],[112.4254901,-6.863983],[112.4254737,-6.8639877],[112.4254564,-6.8639968],[112.4254368,-6.864011],[112.425414,-6.864031],[112.4253875,-6.8640558],[112.4253573,-6.8640841],[112.4253253,-6.8641131],[112.4252922,-6.8641429],[112.4252594,-6.8641746],[112.4252282,-6.8642083],[112.4252,-6.8642423],[112.4251774,-6.8642719],[112.4251599,-6.8642966],[112.4251456,-6.8643181],[112.4251313,-6.8643395],[112.425115,-6.8643619],[112.4250967,-6.8643858],[112.4250778,-6.8644101],[112.4250594,-6.8644351],[112.4250426,-6.8644596],[112.4250277,-6.8644836],[112.4250149,-6.8645059],[112.4250027,-6.8645268],[112.4249895,-6.8645467],[112.4249741,-6.8645668],[112.424957,-6.8645866],[112.4249388,-6.8646065],[112.4249215,-6.8646254],[112.4249044,-6.8646445],[112.4248877,-6.8646645],[112.4248705,-6.8646862],[112.4248528,-6.8647094],[112.4248344,-6.8647344],[112.4248156,-6.8647604],[112.4247963,-6.8647873],[112.4247771,-6.8648136],[112.4247585,-6.8648392],[112.4247413,-6.8648635],[112.4247255,-6.8648868],[112.42471,-6.8649093],[112.4246928,-6.8649322],[112.4246727,-6.8649559],[112.4246497,-6.8649805],[112.4246264,-6.8650043],[112.4246033,-6.8650266],[112.424581,-6.8650472],[112.4245588,-6.8650673],[112.4245375,-6.8650878],[112.4245173,-6.8651099],[112.4244983,-6.8651338],[112.424479,-6.8651609],[112.4244595,-6.8651891],[112.4244391,-6.8652187],[112.424418,-6.865248],[112.424396,-6.8652764],[112.4243738,-6.8653026],[112.4243511,-6.8653276],[112.4243273,-6.8653526],[112.4243011,-6.8653801],[112.4242733,-6.8654099],[112.4242447,-6.8654417],[112.4242189,-6.8654711],[112.4241959,-6.8654986],[112.4241764,-6.8655226],[112.4241583,-6.8655453],[112.4241409,-6.8655672],[112.4241231,-6.8655896],[112.424105,-6.8656128],[112.424087,-6.8656372],[112.4240687,-6.8656635],[112.4240497,-6.8656921],[112.4240285,-6.8657252],[112.4240052,-6.8657624],[112.4239812,-6.8658018],[112.4239592,-6.8658388],[112.4239389,-6.8658723],[112.4239197,-6.865904],[112.4239014,-6.8659345],[112.4238835,-6.8659657],[112.4238659,-6.8659979],[112.4238461,-6.8660349],[112.4238245,-6.8660757],[112.4238007,-6.8661205],[112.4237787,-6.8661633],[112.4237582,-6.8662043],[112.4237392,-6.8662435],[112.4237213,-6.8662788],[112.4237047,-6.8663098],[112.423691,-6.8663361],[112.4236809,-6.8663594],[112.4236759,-6.866381],[112.4236766,-6.8664024],[112.423683,-6.8664239],[112.4236942,-6.8664455],[112.4237097,-6.8664678],[112.4237295,-6.8664909],[112.4237567,-6.8665158],[112.4237903,-6.866541],[112.4238298,-6.8665665],[112.4238675,-6.8665887],[112.4239022,-6.8666077],[112.4239334,-6.8666232],[112.4239628,-6.8666359],[112.4239914,-6.8666459],[112.4240203,-6.8666529],[112.4240484,-6.8666554],[112.4240774,-6.8666522],[112.4241072,-6.8666431],[112.4241373,-6.8666286],[112.4241648,-6.8666104],[112.4241893,-6.8665896],[112.424211,-6.8665672],[112.4242323,-6.8665427],[112.4242543,-6.8665159],[112.4242785,-6.8664864],[112.4243046,-6.8664541],[112.4243324,-6.8664196],[112.4243602,-6.8663848],[112.4243877,-6.8663503],[112.4244158,-6.8663153],[112.4244429,-6.866282],[112.424469,-6.8662493],[112.4244943,-6.8662166],[112.4245197,-6.8661825],[112.4245455,-6.8661483],[112.4245707,-6.8661164],[112.4245937,-6.8660883],[112.4246143,-6.8660637],[112.4246364,-6.8660367],[112.4246624,-6.8660045],[112.4246955,-6.8659628],[112.4247297,-6.8659191],[112.4247631,-6.8658754],[112.4247911,-6.8658377],[112.4248146,-6.8658054],[112.4248343,-6.8657774],[112.4248529,-6.86575],[112.4248733,-6.8657184],[112.4248965,-6.8656824],[112.4249229,-6.8656423],[112.4249493,-6.8656056],[112.4249756,-6.865573],[112.4250004,-6.8655452],[112.4250222,-6.8655208],[112.4250402,-6.8654984],[112.4250539,-6.8654771],[112.4250646,-6.8654553],[112.4250733,-6.865432],[112.4250816,-6.8654072],[112.4250903,-6.8653818],[112.4251007,-6.8653566],[112.425113,-6.8653329],[112.4251272,-6.8653122],[112.4251434,-6.8652956],[112.425163,-6.8652813],[112.4251882,-6.8652657],[112.425219,-6.8652457],[112.4252537,-6.8652205],[112.4252886,-6.8651928],[112.4253205,-6.8651664],[112.4253488,-6.8651433],[112.4253749,-6.8651226],[112.4254005,-6.8651028],[112.4254267,-6.8650826],[112.4254531,-6.8650627],[112.4254809,-6.8650433],[112.425513,-6.8650235],[112.4255525,-6.8650013],[112.4255998,-6.8649763],[112.4256523,-6.8649494],[112.4257035,-6.8649235],[112.4257511,-6.8648983],[112.4257934,-6.8648735],[112.4258325,-6.8648477],[112.4258677,-6.8648212],[112.4259001,-6.8647934],[112.4259295,-6.864764],[112.4259571,-6.8647322],[112.4259824,-6.8646995],[112.4260059,-6.8646692],[112.4260281,-6.8646426],[112.4260492,-6.8646196],[112.4260687,-6.864597],[112.4260861,-6.8645726],[112.4261016,-6.8645443],[112.4261142,-6.8645149],[112.4261233,-6.8644863],[112.4261277,-6.8644627],[112.4261272,-6.8644432],[112.4261219,-6.8644271],[112.4261129,-6.8644117],[112.4261007,-6.8643956],[112.4260861,-6.8643784],[112.4260699,-6.8643608],[112.4260543,-6.8643429],[112.4260423,-6.864324],[112.4260373,-6.8643023],[112.4260409,-6.8642767],[112.4260524,-6.8642491],[112.426069,-6.8642235],[112.4260889,-6.8642052],[112.4261109,-6.8641964],[112.4261347,-6.8641972],[112.4261574,-6.8642035],[112.4261787,-6.8642134],[112.4261988,-6.8642249],[112.4262193,-6.8642376],[112.4262408,-6.8642506],[112.4262636,-6.8642638],[112.4262872,-6.8642774],[112.4263117,-6.8642922],[112.4263357,-6.8643084],[112.4263569,-6.8643254],[112.4263718,-6.8643424],[112.4263778,-6.8643597],[112.4263754,-6.8643781],[112.426366,-6.8643989],[112.4263519,-6.8644226],[112.4263346,-6.8644496],[112.4263156,-6.8644792],[112.4262962,-6.8645107],[112.4262776,-6.8645428],[112.4262603,-6.8645744],[112.4262442,-6.864604],[112.4262281,-6.8646314],[112.4262108,-6.8646571],[112.4261921,-6.8646818],[112.4261716,-6.8647071],[112.4261492,-6.864734],[112.4261231,-6.8647653],[112.4260932,-6.8648005],[112.42606,-6.8648387],[112.4260291,-6.8648721],[112.4260025,-6.8648998],[112.4259803,-6.8649224],[112.4259598,-6.8649431],[112.4259387,-6.8649628],[112.4259152,-6.8649815],[112.4258869,-6.8649989],[112.4258535,-6.8650151],[112.4258145,-6.8650314],[112.4257746,-6.8650484],[112.4257355,-6.865067],[112.4257019,-6.8650861],[112.4256737,-6.8651058],[112.4256481,-6.8651273],[112.4256218,-6.8651507],[112.4255921,-6.865176],[112.4255622,-6.8651994],[112.4255322,-6.8652212],[112.4255031,-6.8652416],[112.4254733,-6.8652635],[112.4254419,-6.8652892],[112.4254078,-6.8653203],[112.4253701,-6.8653586],[112.4253303,-6.8654017],[112.4252899,-6.865446],[112.4252552,-6.8654835],[112.4252261,-6.8655145],[112.4252018,-6.8655397],[112.4251793,-6.8655629],[112.4251567,-6.8655858],[112.4251327,-6.86561],[112.4251072,-6.8656364],[112.425081,-6.8656657],[112.4250549,-6.8656982],[112.4250284,-6.8657345],[112.425002,-6.8657726],[112.4249733,-6.8658142],[112.4249432,-6.8658569],[112.4249124,-6.8658994],[112.4248854,-6.8659353],[112.424862,-6.8659653],[112.4248407,-6.8659913],[112.4248182,-6.8660181],[112.4247911,-6.8660501],[112.4247588,-6.8660885],[112.424723,-6.8661306],[112.424688,-6.8661696],[112.4246559,-6.8662033],[112.4246263,-6.8662323],[112.4246,-6.8662579],[112.4245767,-6.8662813],[112.4245562,-6.8663026],[112.424537,-6.8663232],[112.4245186,-6.8663443],[112.4245007,-6.8663673],[112.4244844,-6.8663914],[112.4244706,-6.8664158],[112.4244614,-6.8664371],[112.4244574,-6.8664549],[112.4244592,-6.8664685],[112.4244654,-6.8664788],[112.4244754,-6.8664863],[112.4244883,-6.866491],[112.4245043,-6.8664933],[112.4245231,-6.8664942],[112.4245439,-6.8664962],[112.4245654,-6.8665012],[112.4245866,-6.8665109],[112.4246076,-6.8665246],[112.42463,-6.8665417],[112.4246536,-6.8665596],[112.4246777,-6.8665763],[112.4247001,-6.8665886],[112.424721,-6.866598],[112.4247412,-6.866606],[112.4247626,-6.8666157],[112.4247843,-6.8666274],[112.4248063,-6.8666417],[112.4248283,-6.8666582],[112.4248515,-6.8666765],[112.4248763,-6.8666951],[112.4249026,-6.8667128],[112.4249297,-6.8667273],[112.4249568,-6.8667371],[112.4249832,-6.8667399],[112.4250085,-6.8667344],[112.4250321,-6.8667205],[112.4250531,-6.8667005],[112.4250716,-6.8666776],[112.4250885,-6.866654],[112.4251056,-6.86663],[112.4251244,-6.8666047],[112.4251453,-6.8665773],[112.4251684,-6.8665477],[112.4251925,-6.8665165],[112.4252184,-6.8664818],[112.425247,-6.8664414],[112.4252785,-6.8663957],[112.4253118,-6.8663472],[112.4253429,-6.8663047],[112.4253724,-6.8662676],[112.4253992,-6.8662363],[112.4254232,-6.866208],[112.4254435,-6.8661821],[112.4254603,-6.8661569],[112.4254745,-6.8661308],[112.4254869,-6.8661029],[112.4254985,-6.8660744],[112.4255109,-6.8660466],[112.4255253,-6.8660203],[112.4255421,-6.865996],[112.4255616,-6.8659724],[112.4255826,-6.8659483],[112.4256029,-6.8659229],[112.4256197,-6.8658967],[112.4256307,-6.8658696],[112.4256354,-6.8658425],[112.4256342,-6.8658179],[112.4256316,-6.8657975],[112.4256304,-6.8657807],[112.4256328,-6.8657656],[112.4256387,-6.8657504],[112.4256474,-6.8657341],[112.4256587,-6.8657153],[112.4256716,-6.8656947],[112.4256853,-6.8656734],[112.4256984,-6.8656529],[112.4257102,-6.8656324],[112.4257199,-6.8656117],[112.4257269,-6.8655908],[112.4257317,-6.8655714],[112.4257358,-6.8655547],[112.425741,-6.86554],[112.425748,-6.8655267],[112.4257571,-6.8655124],[112.4257673,-6.8654952],[112.4257778,-6.8654735],[112.4257878,-6.8654487],[112.4257973,-6.865422],[112.4258066,-6.8653955],[112.4258161,-6.86537],[112.4258256,-6.8653456],[112.425834,-6.8653228],[112.425841,-6.8653014],[112.4258465,-6.8652811],[112.4258506,-6.8652618],[112.4258532,-6.8652437],[112.4258547,-6.8652267],[112.4258566,-6.8652107],[112.4258622,-6.8651954],[112.4258743,-6.8651816],[112.4258929,-6.8651708],[112.4259136,-6.8651659],[112.425929,-6.8651689],[112.4259352,-6.8651799],[112.4259323,-6.8651977],[112.4259235,-6.8652204],[112.425913,-6.865247],[112.4259042,-6.8652757],[112.4258994,-6.8653048],[112.425899,-6.865331],[112.4259026,-6.8653542],[112.4259086,-6.8653746],[112.4259161,-6.8653947],[112.4259245,-6.8654152],[112.4259347,-6.8654365],[112.4259489,-6.865456],[112.425971,-6.8654737],[112.4260034,-6.8654894],[112.4260449,-6.8655043],[112.4260902,-6.8655187],[112.4261342,-6.8655324],[112.4261757,-6.8655455],[112.4262163,-6.8655578],[112.4262602,-6.8655705],[112.4263078,-6.8655837],[112.4263578,-6.8655969],[112.4264057,-6.8656087],[112.4264525,-6.8656194],[112.4264969,-6.8656287],[112.426541,-6.8656376],[112.426584,-6.8656465],[112.4266266,-6.8656559],[112.4266687,-6.8656654],[112.426712,-6.865675],[112.4267581,-6.8656843],[112.4268095,-6.8656931],[112.4268656,-6.8657007],[112.4269253,-6.8657073],[112.4269863,-6.8657126],[112.4270456,-6.8657163],[112.4271004,-6.8657175],[112.4271486,-6.8657151],[112.4271886,-6.8657091],[112.4272207,-6.8656992],[112.4272432,-6.8656866],[112.4272587,-6.8656707],[112.4272688,-6.8656523],[112.427276,-6.8656316],[112.4272811,-6.8656103],[112.4272852,-6.8655897],[112.4272886,-6.8655707],[112.4272913,-6.865553],[112.4272936,-6.8655362],[112.4272964,-6.8655196],[112.4273006,-6.8655024],[112.4273063,-6.8654844],[112.4273134,-6.8654665],[112.427321,-6.8654505],[112.42733,-6.8654371],[112.4273416,-6.8654273],[112.4273582,-6.8654221],[112.4273789,-6.8654227],[112.4274003,-6.8654295],[112.4274166,-6.8654403],[112.4274267,-6.8654526],[112.4274327,-6.8654634],[112.4274383,-6.8654705],[112.4274456,-6.8654727],[112.427455,-6.8654687],[112.4274641,-6.8654552],[112.4274718,-6.8654313],[112.4274748,-6.8653979],[112.4274754,-6.8653626],[112.4274748,-6.8653256],[112.4274749,-6.8652858],[112.4274756,-6.8652416],[112.4274762,-6.865197],[112.4274766,-6.8651594],[112.4274767,-6.8651287],[112.4274767,-6.8651026],[112.4274763,-6.8650757],[112.4274753,-6.8650455],[112.4274738,-6.8650081],[112.4274721,-6.8649645],[112.4274709,-6.8649166],[112.4274708,-6.8648732],[112.4274718,-6.8648352],[112.4274738,-6.8648019],[112.4274763,-6.8647674],[112.4274794,-6.8647309],[112.4274827,-6.8646929],[112.4274854,-6.8646588],[112.4274874,-6.8646262],[112.4274886,-6.8645926],[112.4274891,-6.8645556],[112.4274888,-6.8645194],[112.4274868,-6.8644889],[112.4274835,-6.864465],[112.4274799,-6.864445],[112.4274776,-6.8644247],[112.4274778,-6.8643998],[112.4274808,-6.8643698],[112.4274862,-6.8643363],[112.4274938,-6.8643068],[112.4275049,-6.8642835],[112.4275212,-6.8642674],[112.427542,-6.864257],[112.4275651,-6.8642519],[112.4275866,-6.8642521],[112.4276035,-6.8642588],[112.4276155,-6.8642738],[112.4276234,-6.8642992],[112.4276286,-6.8643338],[112.4276325,-6.8643757],[112.4276352,-6.8644184],[112.4276372,-6.8644619],[112.4276383,-6.8645037],[112.4276387,-6.864545],[112.4276389,-6.8645835],[112.4276394,-6.8646207],[112.4276409,-6.8646587],[112.4276432,-6.8646989],[112.4276458,-6.8647407],[112.4276481,-6.8647826],[112.4276496,-6.8648276],[112.4276503,-6.8648756],[112.4276504,-6.8649272],[112.4276497,-6.8649726],[112.4276479,-6.8650141],[112.427645,-6.8650519],[112.4276414,-6.8650912],[112.4276388,-6.8651261],[112.4276378,-6.8651565],[112.4276383,-6.8651827],[112.4276392,-6.8652077],[112.4276405,-6.8652329],[112.4276427,-6.8652596],[112.4276462,-6.8652896],[112.4276508,-6.8653242],[112.4276554,-6.865362],[112.4276598,-6.8654003],[112.4276641,-6.8654373],[112.4276688,-6.865471],[112.4276744,-6.8655029],[112.4276815,-6.8655334],[112.427691,-6.8655663],[112.4277027,-6.8656009],[112.4277155,-6.8656363],[112.4277271,-6.8656644],[112.4277368,-6.8656839],[112.4277454,-6.8656958],[112.4277542,-6.8657038],[112.4277649,-6.86571],[112.427779,-6.8657143],[112.4277978,-6.8657161],[112.4278221,-6.8657147],[112.4278505,-6.865711],[112.4278814,-6.8657062],[112.4279122,-6.8657015],[112.427943,-6.8656968],[112.4279742,-6.8656916],[112.4280061,-6.8656854],[112.4280372,-6.8656778],[112.4280661,-6.8656691],[112.4280924,-6.8656597],[112.4281167,-6.8656505],[112.4281415,-6.8656424],[112.4281674,-6.8656352],[112.4281949,-6.8656284],[112.428223,-6.8656212],[112.4282505,-6.865614],[112.4282771,-6.8656078],[112.4283023,-6.8656041],[112.4283257,-6.865603],[112.4283478,-6.8656035],[112.4283705,-6.8656041],[112.4283953,-6.8656033],[112.4284231,-6.8656004],[112.4284537,-6.8655948],[112.4284876,-6.865586],[112.4285262,-6.8655735],[112.4285681,-6.8655587],[112.4286107,-6.8655434],[112.42865,-6.86553],[112.4286877,-6.8655191],[112.428726,-6.8655116],[112.4287646,-6.8655081],[112.4288013,-6.865509],[112.4288314,-6.865514],[112.4288555,-6.8655226],[112.4288751,-6.8655343],[112.4288939,-6.8655494],[112.4289138,-6.8655681],[112.4289348,-6.8655884],[112.4289555,-6.8656085],[112.4289723,-6.8656249],[112.4289854,-6.8656392],[112.4289963,-6.865653],[112.4290071,-6.8656692],[112.4290182,-6.8656882],[112.4290291,-6.8657096],[112.4290394,-6.8657314],[112.4290497,-6.8657521],[112.4290604,-6.8657708],[112.4290724,-6.8657879],[112.4290861,-6.8658033],[112.429103,-6.8658175],[112.4291245,-6.8658304],[112.4291516,-6.8658423],[112.4291827,-6.8658538],[112.4292153,-6.8658644],[112.429246,-6.8658743],[112.4292732,-6.8658829],[112.4292987,-6.8658903],[112.4293242,-6.8658958],[112.4293509,-6.8658996],[112.4293771,-6.8659011],[112.4294006,-6.8659],[112.4294226,-6.8658958],[112.4294453,-6.8658881],[112.4294712,-6.8658775],[112.4295011,-6.865865],[112.4295323,-6.8658528],[112.4295625,-6.8658422],[112.4295892,-6.8658346],[112.4296139,-6.8658297],[112.4296395,-6.8658276],[112.4296671,-6.8658279],[112.4296971,-6.8658302],[112.4297243,-6.8658341],[112.4297493,-6.8658392],[112.4297716,-6.8658444],[112.4297934,-6.8658483],[112.4298159,-6.8658495],[112.4298419,-6.865847],[112.4298735,-6.8658414],[112.4299122,-6.865834],[112.4299559,-6.8658262],[112.4300007,-6.8658198],[112.4300428,-6.8658156],[112.4300797,-6.8658143],[112.4301119,-6.8658155],[112.4301425,-6.8658183],[112.4301756,-6.8658207],[112.4302131,-6.8658208],[112.4302526,-6.8658178],[112.43029,-6.8658117],[112.4303218,-6.8658033],[112.4303471,-6.8657928],[112.4303665,-6.8657794],[112.4303818,-6.8657622],[112.4303948,-6.8657406],[112.4304066,-6.8657148],[112.4304171,-6.8656848],[112.4304259,-6.8656517],[112.4304326,-6.865616],[112.4304376,-6.8655798],[112.4304415,-6.8655444],[112.4304449,-6.8655107],[112.4304479,-6.8654783],[112.4304507,-6.8654461],[112.4304536,-6.8654138],[112.4304572,-6.8653823],[112.4304623,-6.8653526],[112.4304693,-6.8653267],[112.4304796,-6.8653048],[112.4304936,-6.8652872],[112.4305119,-6.8652733],[112.4305333,-6.8652632],[112.4305562,-6.8652574],[112.4305768,-6.8652564],[112.4305947,-6.86526],[112.4306092,-6.8652674],[112.4306207,-6.8652775],[112.4306291,-6.8652894],[112.4306347,-6.8653029],[112.4306379,-6.8653181],[112.4306397,-6.8653356],[112.4306402,-6.8653551],[112.4306395,-6.8653759],[112.4306379,-6.8653969],[112.4306356,-6.8654176],[112.4306337,-6.8654381],[112.430633,-6.8654587],[112.4306335,-6.8654789],[112.4306344,-6.8654981],[112.4306344,-6.865516],[112.430633,-6.8655333],[112.4306308,-6.8655498],[112.4306291,-6.8655661],[112.4306285,-6.8655825],[112.4306289,-6.8656011],[112.4306292,-6.8656225],[112.4306293,-6.8656461],[112.4306292,-6.8656715],[112.4306295,-6.8656976],[112.4306297,-6.8657242],[112.4306291,-6.8657496],[112.4306269,-6.8657741],[112.4306231,-6.8657971],[112.4306191,-6.8658196],[112.4306172,-6.86584],[112.4306182,-6.8658585],[112.4306216,-6.8658749],[112.4306256,-6.8658918],[112.4306289,-6.8659105],[112.4306306,-6.8659334],[112.4306299,-6.8659602],[112.4306263,-6.8659894],[112.4306205,-6.8660177],[112.4306142,-6.8660429],[112.4306094,-6.8660642],[112.4306069,-6.8660831],[112.4306066,-6.8661021],[112.4306075,-6.8661243],[112.430608,-6.8661543],[112.4306079,-6.8661934],[112.4306074,-6.8662393],[112.430608,-6.8662826],[112.4306097,-6.8663182],[112.4306126,-6.8663478],[112.4306154,-6.8663786],[112.4306172,-6.8664175],[112.4306178,-6.8664654],[112.4306175,-6.8665171],[112.4306167,-6.866563],[112.4306149,-6.8666014],[112.4306124,-6.866635],[112.4306093,-6.8666689],[112.4306062,-6.8667047],[112.4306032,-6.8667412],[112.430601,-6.8667769],[112.4306,-6.866813],[112.4306005,-6.8668577],[112.430602,-6.8669119],[112.4306042,-6.8669728],[112.4306058,-6.8670229],[112.4306068,-6.8670607],[112.4306071,-6.8670883],[112.430607,-6.8671142],[112.4306066,-6.867141],[112.4306062,-6.8671702],[112.430606,-6.8672017],[112.4306069,-6.8672363],[112.4306095,-6.8672723],[112.4306148,-6.8673071],[112.4306226,-6.8673391],[112.430633,-6.8673694],[112.4306454,-6.867399],[112.43066,-6.8674288],[112.4306757,-6.8674546],[112.4306922,-6.8674762],[112.4307093,-6.8674934],[112.4307277,-6.8675084],[112.4307482,-6.8675227],[112.4307718,-6.8675373],[112.4307992,-6.8675527],[112.4308313,-6.8675685],[112.4308682,-6.8675842],[112.4309079,-6.8675985],[112.4309477,-6.8676107],[112.4309848,-6.8676209],[112.4310186,-6.8676298],[112.4310491,-6.8676378],[112.4310766,-6.8676447],[112.4311008,-6.8676495],[112.4311219,-6.8676515],[112.4311402,-6.8676504],[112.4311562,-6.867646],[112.4311701,-6.8676378],[112.4311822,-6.8676258],[112.4311926,-6.8676097],[112.4312016,-6.8675904],[112.4312096,-6.8675692],[112.4312177,-6.8675473],[112.4312259,-6.867526],[112.4312344,-6.8675054],[112.4312429,-6.8674847],[112.4312515,-6.8674625],[112.4312602,-6.8674389],[112.4312689,-6.8674155],[112.4312772,-6.8673941],[112.4312854,-6.8673752],[112.4312937,-6.8673591],[112.4313019,-6.8673454],[112.4313098,-6.8673346],[112.4313176,-6.8673264],[112.4313261,-6.8673212],[112.4313369,-6.8673185],[112.4313511,-6.8673188],[112.4313684,-6.8673227],[112.4313871,-6.8673303],[112.4314049,-6.8673401],[112.4314206,-6.8673502],[112.431434,-6.8673587],[112.4314464,-6.8673651],[112.4314584,-6.8673694],[112.4314698,-6.8673712],[112.4314807,-6.8673692],[112.4314922,-6.8673616],[112.431505,-6.8673488],[112.4315192,-6.8673317],[112.4315332,-6.8673132],[112.4315468,-6.8672937],[112.4315604,-6.8672722],[112.4315727,-6.8672507],[112.4315833,-6.8672289],[112.4315916,-6.8672085],[112.4315987,-6.8671894],[112.4316058,-6.8671727],[112.4316145,-6.8671584],[112.4316256,-6.8671474],[112.431641,-6.8671388],[112.4316608,-6.8671326],[112.4316838,-6.867129],[112.4317067,-6.867129],[112.4317279,-6.8671331],[112.431748,-6.8671409],[112.431797,-6.8671504],[112.4318284,-6.8671613],[112.4318614,-6.8671726],[112.4318938,-6.8671857],[112.4319244,-6.8672008],[112.4319548,-6.867217],[112.4319878,-6.8672328],[112.4320251,-6.8672462],[112.432077,-6.8672556],[112.4321163,-6.8672632],[112.4321527,-6.8672702],[112.4321861,-6.8672779],[112.4322181,-6.8672863],[112.4322477,-6.8672948],[112.4322747,-6.8673034],[112.4322998,-6.8673126],[112.4323249,-6.8673231],[112.4323517,-6.8673351],[112.4323826,-6.8673385],[112.4324109,-6.8673536],[112.4324473,-6.8673651],[112.4324861,-6.8673748],[112.4325258,-6.8673823],[112.4325645,-6.8673878],[112.4326007,-6.8673928],[112.4326334,-6.8673988],[112.4326625,-6.8674073],[112.4326873,-6.8674185],[112.4327203,-6.8674207],[112.4327385,-6.8674397],[112.4327548,-6.8674636],[112.4327691,-6.8674909],[112.4327812,-6.8675189],[112.432791,-6.867546],[112.4327991,-6.8675715],[112.4328064,-6.867597],[112.4328129,-6.8676239],[112.4328131,-6.8676618],[112.4328193,-6.8676903],[112.4328276,-6.867716],[112.4328387,-6.8677382],[112.4328511,-6.8677577],[112.4328641,-6.8677759],[112.4328764,-6.8677928],[112.4328893,-6.8678076],[112.4329035,-6.8678202],[112.4329199,-6.8678309],[112.4329381,-6.8678399],[112.4329811,-6.8678522],[112.4329996,-6.8678579],[112.4330171,-6.8678625],[112.433034,-6.8678669],[112.4330501,-6.8678726],[112.4330654,-6.8678808],[112.4330799,-6.8678925],[112.4330899,-6.8679204],[112.4331015,-6.8679369],[112.4331111,-6.8679547],[112.4331186,-6.8679738],[112.4331252,-6.8679953],[112.4331314,-6.8680183],[112.4331376,-6.8680412],[112.4331507,-6.868077],[112.4331741,-6.8680878],[112.4331989,-6.8680973],[112.4332216,-6.8681064],[112.4332413,-6.8681154],[112.4332594,-6.8681249],[112.4332787,-6.8681357],[112.433302,-6.8681491],[112.4333294,-6.8681646],[112.4333617,-6.8681811],[112.4333964,-6.8681966],[112.4334313,-6.8682102],[112.4334609,-6.8682216],[112.4334854,-6.8682317],[112.4335064,-6.8682418],[112.4335329,-6.8682654],[112.433557,-6.8682785],[112.433584,-6.8682927],[112.4336121,-6.868308],[112.4336388,-6.8683233],[112.433666,-6.8683396],[112.4336943,-6.8683567],[112.433727,-6.8683755],[112.4337618,-6.8683875],[112.4337961,-6.8684026],[112.4338296,-6.8684158],[112.4338644,-6.8684295],[112.4339012,-6.8684449],[112.433941,-6.8684624],[112.4339838,-6.8684818],[112.4340291,-6.8685027],[112.4340795,-6.8685261],[112.4341383,-6.8685573],[112.4342008,-6.868584],[112.4342624,-6.8686088],[112.4343231,-6.8686314],[112.4343836,-6.8686516],[112.4344446,-6.8686698],[112.4344947,-6.8686884],[112.4345482,-6.8687001],[112.4345975,-6.8687084],[112.4346444,-6.8687179],[112.4346909,-6.8687213],[112.4347366,-6.8687234],[112.4347806,-6.8687249],[112.4348231,-6.8687261],[112.4348657,-6.8687342],[112.4349086,-6.868749],[112.4349528,-6.8687554],[112.4349976,-6.8687628],[112.4350416,-6.868769],[112.4350798,-6.8687742],[112.4351073,-6.8687367],[112.4351627,-6.8687635],[112.4352037,-6.86879],[112.4352431,-6.8688019],[112.4352832,-6.8688163],[112.4353224,-6.8688309],[112.4353604,-6.8688442],[112.4353954,-6.8688547],[112.4354271,-6.8688629],[112.4354558,-6.8688688],[112.4354825,-6.8688731],[112.4355085,-6.8688768],[112.4355343,-6.8688815],[112.4355603,-6.8688883],[112.4355873,-6.8688963],[112.4356164,-6.8689031],[112.4356478,-6.8689055],[112.4356787,-6.8689027],[112.4357072,-6.8688977],[112.435733,-6.8688945],[112.435757,-6.8688954],[112.4357787,-6.8689013],[112.4357949,-6.8689115],[112.435803,-6.8689256],[112.4358035,-6.8689425],[112.4358003,-6.8689608],[112.435799,-6.8689794],[112.4358027,-6.8689965],[112.4358115,-6.8690117],[112.4358222,-6.8690254],[112.4358317,-6.8690391],[112.4358367,-6.8690539],[112.4358362,-6.8690691],[112.4358312,-6.8690849],[112.4358266,-6.8690999],[112.4358269,-6.869114],[112.4358356,-6.8691266],[112.4358511,-6.8691376],[112.4358708,-6.8691466],[112.4358922,-6.8691531],[112.4359135,-6.869157],[112.4359352,-6.8691595],[112.4359558,-6.869162],[112.4359757,-6.869166],[112.4359924,-6.8691721],[112.4360059,-6.8691811],[112.4360155,-6.8691932],[112.436022,-6.8692068],[112.4360267,-6.8692213],[112.4360321,-6.8692341],[112.4360407,-6.8692462],[112.4360533,-6.8692578],[112.4360695,-6.8692696],[112.436088,-6.8692807],[112.436108,-6.8692902],[112.4361291,-6.869297],[112.4361527,-6.869301],[112.4361789,-6.8693011],[112.4362073,-6.869297],[112.4362347,-6.8692891],[112.4362579,-6.8692794],[112.4362753,-6.8692704],[112.4362885,-6.869264],[112.4363001,-6.8692617],[112.4363112,-6.8692645],[112.4363219,-6.8692734],[112.4363311,-6.8692875],[112.43634,-6.8693061],[112.436351,-6.8693276],[112.4363659,-6.8693507],[112.4363853,-6.8693743],[112.4364053,-6.8693965],[112.4364245,-6.8694176],[112.4364396,-6.8694364],[112.4364525,-6.8694539],[112.4364647,-6.8694689],[112.4364795,-6.8694803],[112.4364974,-6.8694861],[112.4365181,-6.8694865],[112.4365403,-6.8694844],[112.4365643,-6.8694836],[112.4365893,-6.8694865],[112.436614,-6.8694939],[112.4366373,-6.8695045],[112.4366578,-6.8695183],[112.4366742,-6.8695345],[112.4366867,-6.8695535],[112.4366971,-6.8695727],[112.4367085,-6.8695894],[112.4367224,-6.8695995],[112.4367394,-6.8696034],[112.4367574,-6.8696038],[112.4367749,-6.8696046],[112.4367895,-6.8696085],[112.436802,-6.8696158],[112.4368133,-6.8696255],[112.4368251,-6.8696348],[112.4368385,-6.8696414],[112.4368552,-6.869643],[112.4368763,-6.8696392],[112.4369022,-6.8696309],[112.4369301,-6.8696214],[112.4369588,-6.8696133],[112.4369863,-6.8696098],[112.4370127,-6.869612],[112.4370364,-6.8696203],[112.4370558,-6.8696333],[112.4370706,-6.8696501],[112.437082,-6.8696705],[112.4370911,-6.8696937],[112.4370986,-6.8697187],[112.4371039,-6.8697427],[112.4371068,-6.8697649],[112.437108,-6.8697841],[112.4371095,-6.8698014],[112.4371137,-6.8698147],[112.4371221,-6.8698238],[112.4371343,-6.869828],[112.4371484,-6.8698282],[112.4371626,-6.8698263],[112.4371767,-6.8698244],[112.4371922,-6.8698246],[112.4372111,-6.8698275],[112.4372333,-6.8698325],[112.437258,-6.8698363],[112.4372853,-6.8698363],[112.4373161,-6.8698318],[112.4373486,-6.8698263],[112.4373783,-6.8698243],[112.4373999,-6.8698297],[112.4374107,-6.8698422],[112.4374121,-6.8698592],[112.4374075,-6.8698781],[112.4374018,-6.8698968],[112.4374,-6.8699145],[112.4374063,-6.8699303],[112.4374218,-6.8699445],[112.4374458,-6.869956],[112.4374758,-6.8699626],[112.4375094,-6.869964],[112.4375424,-6.869964],[112.4375707,-6.8699696],[112.437593,-6.8699848],[112.4376093,-6.8700083],[112.4376211,-6.8700351],[112.4376312,-6.870061],[112.4376415,-6.870086],[112.4376532,-6.8701107],[112.4376655,-6.8701333],[112.4376783,-6.8701502],[112.4376924,-6.8701604],[112.4377086,-6.8701669],[112.437726,-6.8701742],[112.4377433,-6.8701866],[112.437759,-6.8702064],[112.4377728,-6.8702321],[112.437786,-6.8702602],[112.4377988,-6.8702824],[112.4378132,-6.8702972],[112.4378291,-6.870305],[112.4378469,-6.8703107],[112.4378653,-6.8703174],[112.4378834,-6.8703265],[112.4379003,-6.8703374],[112.4379163,-6.8703498],[112.4379306,-6.8703632],[112.4379426,-6.870378],[112.4379511,-6.8703948],[112.4379553,-6.8704131],[112.4379572,-6.8704324],[112.4379607,-6.8704517],[112.4379707,-6.8704709],[112.4379899,-6.8704907],[112.4380155,-6.8705121],[112.4380434,-6.8705368],[112.4380665,-6.8705635],[112.438083,-6.8705911],[112.4380905,-6.8706148],[112.4380915,-6.8706343],[112.4380873,-6.8706497],[112.4380796,-6.8706621],[112.4380688,-6.8706714],[112.4380548,-6.8706779],[112.4380382,-6.8706829],[112.4380201,-6.8706879],[112.4379829,-6.8707137],[112.4379664,-6.870724],[112.4379538,-6.870738],[112.4379486,-6.870754],[112.437952,-6.8707703],[112.4379643,-6.8707834],[112.4379827,-6.8707901],[112.4380246,-6.8707729],[112.4380501,-6.8707709],[112.4380769,-6.8707692],[112.4381045,-6.8707679],[112.4381321,-6.8707656],[112.43816,-6.8707594],[112.438187,-6.8707499],[112.4382141,-6.8707388],[112.4382415,-6.87073],[112.4382699,-6.8707258],[112.4382983,-6.8707278],[112.438325,-6.8707351],[112.4383495,-6.8707463],[112.4383718,-6.8707596],[112.4383918,-6.8707743],[112.4384077,-6.8707899],[112.4384174,-6.8708066],[112.4384193,-6.8708247],[112.4384143,-6.8708436],[112.4384051,-6.8708627],[112.4383954,-6.8708828],[112.4383866,-6.8709041],[112.4383771,-6.870927],[112.4383641,-6.8709488],[112.4383469,-6.8709668],[112.4383268,-6.8709796],[112.4382991,-6.8709978],[112.4382855,-6.871006],[112.4382801,-6.8710164],[112.4382848,-6.8710294],[112.4382981,-6.8710431],[112.4383176,-6.8710538],[112.4383398,-6.8710564],[112.4383606,-6.8710481],[112.4383779,-6.8710289],[112.4383917,-6.8710028],[112.4384132,-6.8709661],[112.4384289,-6.8709402],[112.4384485,-6.8709177],[112.4384727,-6.8708978],[112.4384986,-6.8708824],[112.4385258,-6.8708721],[112.4385522,-6.8708695],[112.4385774,-6.8708743],[112.4386006,-6.8708846],[112.4386215,-6.8708973],[112.4386404,-6.870911],[112.4386559,-6.8709247],[112.4386686,-6.8709383],[112.4386806,-6.8709517],[112.4386953,-6.8709647],[112.4387148,-6.8709778],[112.4387379,-6.870992],[112.4387618,-6.8710082],[112.43878,-6.8710261],[112.4387898,-6.8710451],[112.4387895,-6.8710644],[112.4387818,-6.871083],[112.4387697,-6.8711007],[112.4387589,-6.8711174],[112.4387537,-6.8711337],[112.438757,-6.8711483],[112.4387688,-6.8711584],[112.4387857,-6.8711607],[112.4388038,-6.8711528],[112.4388196,-6.8711351],[112.4388324,-6.8711111],[112.4388441,-6.8710886],[112.4388584,-6.8710748],[112.4388771,-6.8710734],[112.4388989,-6.8710825],[112.4389198,-6.871098],[112.4389367,-6.8711146],[112.4389504,-6.8711322],[112.4389612,-6.8711515],[112.4389695,-6.871175],[112.4389737,-6.8712023],[112.4389732,-6.8712314],[112.4389693,-6.8712607],[112.4389666,-6.8712886],[112.4389706,-6.8713149],[112.4389734,-6.8713348],[112.4390245,-6.8713416],[112.439042,-6.8713726],[112.4390298,-6.8714337],[112.4390324,-6.8714736],[112.4390305,-6.8715129],[112.4390281,-6.8715491],[112.4390262,-6.8715812],[112.4390233,-6.8716083],[112.4390189,-6.8716315],[112.4390155,-6.8716514],[112.4390178,-6.8716691],[112.4390302,-6.8716838],[112.4390514,-6.8716945],[112.439077,-6.8717013],[112.439099,-6.871706],[112.4391148,-6.8717109],[112.439125,-6.8717171],[112.4391317,-6.871725],[112.4391355,-6.8717349],[112.4391362,-6.8717469],[112.4391336,-6.8717612],[112.4391285,-6.8717774],[112.4391216,-6.8717945],[112.4391133,-6.8718119],[112.4391042,-6.8718289],[112.4390953,-6.8718454],[112.4390884,-6.8718624],[112.4390849,-6.8718807],[112.4390855,-6.8718997],[112.4390906,-6.8719183],[112.4391001,-6.8719353],[112.4391136,-6.8719511],[112.4391294,-6.8719656],[112.4391467,-6.8719793],[112.4391586,-6.8719948],[112.4391799,-6.8720101],[112.4392042,-6.8720297],[112.4392113,-6.8720354],[112.4393155,-6.8718772],[112.4394695,-6.8716342],[112.4395472,-6.8715117],[112.4397851,-6.8711596],[112.4398922,-6.8709901],[112.4398975,-6.870993],[112.4399493,-6.8710211],[112.4399247,-6.871059],[112.4397446,-6.8713375],[112.4396546,-6.8714686],[112.4395305,-6.8716492],[112.4394923,-6.8717106],[112.4394044,-6.8718515],[112.4392601,-6.8720793],[112.4392645,-6.8720842],[112.4392797,-6.8720966],[112.4393014,-6.8721248],[112.4392984,-6.8721486],[112.439293,-6.872174],[112.4392695,-6.8722107],[112.4392638,-6.8722352],[112.4392676,-6.8722632],[112.439262,-6.8722841],[112.4392525,-6.8723045],[112.4392362,-6.8723235],[112.4392128,-6.8723414],[112.439184,-6.8723579],[112.4391454,-6.8723682],[112.4391182,-6.8723817],[112.4390949,-6.8723953],[112.439074,-6.8724108],[112.4390538,-6.8724293],[112.4390351,-6.8724497],[112.4390192,-6.8724709],[112.4390065,-6.872493],[112.4389965,-6.8725161],[112.4389903,-6.8725389],[112.438978,-6.8725701],[112.4389622,-6.8725998],[112.4389847,-6.8726191],[112.4389135,-6.8727408],[112.4388513,-6.872704],[112.4388363,-6.8727232],[112.4387822,-6.8726866],[112.4387914,-6.8726708],[112.4387472,-6.8726476],[112.4387115,-6.8726438],[112.4386939,-6.8726437],[112.4386803,-6.872649],[112.438671,-6.8726586],[112.4386684,-6.8726712],[112.4386738,-6.8726847],[112.4386864,-6.8726979],[112.4387013,-6.8727109],[112.4387135,-6.8727252],[112.4386939,-6.8727681],[112.4386823,-6.8727987],[112.4386954,-6.8728056],[112.438683,-6.8728401],[112.4386741,-6.8728532],[112.4386541,-6.8728493],[112.4386433,-6.872869],[112.4386379,-6.8728942],[112.4386255,-6.8729175],[112.4386143,-6.8729405],[112.4386045,-6.8729607],[112.4385957,-6.8729774],[112.4385883,-6.8729908],[112.4385826,-6.8730025],[112.4385793,-6.8730146],[112.438579,-6.8730289],[112.438583,-6.8730452],[112.4385918,-6.8730618],[112.4386061,-6.8730773],[112.4386237,-6.8730896],[112.4386439,-6.8730985],[112.4386636,-6.8731031],[112.4386831,-6.873105],[112.4387022,-6.8731054],[112.4387232,-6.8731056],[112.4387474,-6.8731064],[112.438775,-6.8731093],[112.4388043,-6.8731163],[112.4388317,-6.8731284],[112.4388559,-6.8731444],[112.4388767,-6.8731616],[112.4388982,-6.8731784],[112.4389225,-6.8731947],[112.4389494,-6.8732115],[112.4389738,-6.8732294],[112.4389916,-6.8732494],[112.439001,-6.8732716],[112.4390021,-6.8732951],[112.4389959,-6.8733188],[112.438985,-6.8733407],[112.4389728,-6.8733602],[112.4389626,-6.8733775],[112.4389563,-6.8733935],[112.4389539,-6.8734105],[112.438955,-6.8734302],[112.4389593,-6.873453],[112.4389671,-6.873478],[112.4389781,-6.873503],[112.4389915,-6.873526],[112.4390065,-6.8735462],[112.4390229,-6.8735646],[112.4390398,-6.8735824],[112.4390553,-6.8736005],[112.4390664,-6.87362],[112.4390708,-6.873643],[112.4390684,-6.8736721],[112.4390621,-6.8737055],[112.4390564,-6.8737399],[112.4390548,-6.8737682],[112.4390576,-6.8737919],[112.4390627,-6.8738136],[112.4390673,-6.8738372],[112.439071,-6.8738621],[112.4390747,-6.873886],[112.4390793,-6.8739077],[112.4390842,-6.873928],[112.4390877,-6.8739481],[112.4390879,-6.873969],[112.4390822,-6.8739903],[112.4390687,-6.8740101],[112.4390486,-6.8740275],[112.4390263,-6.8740424],[112.4390096,-6.8740573],[112.4390024,-6.8740746],[112.4390078,-6.8740946],[112.4390252,-6.8741149],[112.4390524,-6.8741339],[112.4390844,-6.8741507],[112.439118,-6.8741653],[112.4391519,-6.8741769],[112.4391877,-6.8741838],[112.4392246,-6.874187],[112.4392613,-6.8741891],[112.4392938,-6.8741935],[112.4393214,-6.8742014],[112.4393443,-6.8742123],[112.4393655,-6.8742252],[112.4393882,-6.8742393],[112.4394139,-6.8742534],[112.4394444,-6.8742658],[112.4394802,-6.8742731],[112.4395272,-6.8742723],[112.4395829,-6.8742623],[112.4396421,-6.8742434],[112.4396884,-6.8742221],[112.4397219,-6.8742034],[112.439748,-6.874192],[112.4397771,-6.8741899],[112.4398134,-6.8741968],[112.439855,-6.8742099],[112.4398991,-6.8742261],[112.439942,-6.8742433],[112.4399819,-6.8742616],[112.4400176,-6.874282],[112.4400279,-6.8742895],[112.4400332,-6.874433],[112.4400566,-6.8746196],[112.4400987,-6.8747719],[112.4401262,-6.8748374],[112.4401553,-6.8749093],[112.440173,-6.8749477],[112.4402053,-6.8750372],[112.4402489,-6.8751363],[112.4402522,-6.8751683],[112.4402497,-6.8752381],[112.4402413,-6.8752851],[112.4402173,-6.8753478],[112.4400894,-6.8755004],[112.4400141,-6.8755932],[112.4399356,-6.8757112],[112.4398891,-6.8758633],[112.4398251,-6.8760774],[112.4396843,-6.8765732],[112.4395938,-6.8768217],[112.4396435,-6.8768263],[112.4397477,-6.8768504],[112.4398042,-6.8768791],[112.4399997,-6.877101],[112.4402724,-6.8774043],[112.4406,-6.8776884],[112.4407686,-6.877825],[112.440925,-6.8780365],[112.4409612,-6.8780956],[112.4411855,-6.8786446],[112.4412928,-6.8787326],[112.441871,-6.8791335],[112.4420083,-6.8791997],[112.4422191,-6.8793319],[112.44224,-6.8793527],[112.4422256,-6.879907],[112.4419763,-6.8807218],[112.4418027,-6.8810348],[112.4412965,-6.8816919],[112.4412031,-6.8817857],[112.4409615,-6.8821155],[112.4406272,-6.8826011],[112.4406864,-6.8826919],[112.4409519,-6.8829349],[112.4414937,-6.8835943],[112.4415329,-6.8835826],[112.441803,-6.8832056],[112.4417769,-6.8830845],[112.4419613,-6.8828336],[112.4423268,-6.882181],[112.4427469,-6.8814313],[112.4428435,-6.8812623],[112.4429744,-6.8808841],[112.4431575,-6.88036],[112.4432859,-6.879954],[112.4437396,-6.8802081],[112.4440488,-6.8803876],[112.4444778,-6.8806443],[112.44525,-6.881206],[112.4458576,-6.8816888],[112.4458802,-6.8817144],[112.4458435,-6.881935],[112.4458866,-6.8820105],[112.4457085,-6.8827541],[112.4458621,-6.8827843],[112.4463458,-6.8829148],[112.4463929,-6.8829117],[112.4465339,-6.8827653],[112.446994,-6.8823092],[112.4470584,-6.882332],[112.447387,-6.8825134],[112.4471231,-6.8830433],[112.4470471,-6.8834164],[112.4470502,-6.8834335],[112.4479512,-6.8837931],[112.4481547,-6.8838822],[112.4482113,-6.8839091],[112.4482487,-6.8839361],[112.4483076,-6.8839912],[112.4483888,-6.8840932],[112.4484363,-6.8841916],[112.4484011,-6.8845981],[112.4484249,-6.8847262],[112.4484487,-6.8848073],[112.4470523,-6.8872803],[112.4459832,-6.8891685],[112.4458504,-6.8893604],[112.4457864,-6.8894423],[112.4457613,-6.8894604],[112.4457292,-6.8894776],[112.445695,-6.8894918],[112.4456589,-6.889514],[112.4456278,-6.8895321],[112.4455927,-6.8895563],[112.4455636,-6.8895925],[112.4455496,-6.8896247],[112.4454836,-6.8897493],[112.4454658,-6.8897779],[112.4454559,-6.8897878],[112.4450204,-6.8897641],[112.4449953,-6.8897704],[112.4449659,-6.8898018],[112.4445025,-6.8902841],[112.444077,-6.8907455],[112.4438442,-6.8911076],[112.4436682,-6.89139],[112.4436302,-6.8915852],[112.4434637,-6.891822],[112.4433627,-6.8920085],[112.4430305,-6.8926606],[112.4429914,-6.8928214],[112.4429453,-6.892943],[112.4428687,-6.8930718],[112.4426548,-6.8934482],[112.4424235,-6.8936731],[112.4420828,-6.8940781],[112.4419579,-6.894206],[112.4417506,-6.8943607],[112.4413523,-6.8946811],[112.4411451,-6.8948142],[112.4408573,-6.8949375],[112.440702,-6.8950082],[112.4404848,-6.8951804],[112.4402361,-6.895382],[112.4403814,-6.8955101],[112.4396202,-6.8964446],[112.4392746,-6.8967907],[112.438573,-6.8977747],[112.4379799,-6.8974168],[112.4376535,-6.8980322],[112.4376354,-6.8981259],[112.4376451,-6.8982859],[112.4376621,-6.8985511],[112.4376446,-6.8988012],[112.4376205,-6.8989334],[112.4375699,-6.899023],[112.4374357,-6.8992899],[112.4374694,-6.8993669],[112.4374926,-6.9002799],[112.4374922,-6.9003153],[112.4374573,-6.9005617],[112.4374459,-6.900812],[112.4374378,-6.9008404],[112.4374268,-6.9008749],[112.4374137,-6.9009114],[112.4373864,-6.9009429],[112.4373408,-6.9009805],[112.4373023,-6.9009948],[112.4372667,-6.900998],[112.4372027,-6.900985],[112.4370195,-6.9009408],[112.4369797,-6.9009396],[112.4369271,-6.9009436],[112.4368732,-6.9009489],[112.4368449,-6.9009567],[112.436827,-6.9009683],[112.4368129,-6.9009876],[112.4367824,-6.9010684],[112.4367642,-6.9011978],[112.4367643,-6.9012162],[112.4367684,-6.9012426],[112.4367725,-6.9012683],[112.436779,-6.9012899],[112.4368007,-6.9013187],[112.4368249,-6.9013354],[112.4368659,-6.901353],[112.4369109,-6.9013656],[112.4369334,-6.9013752],[112.436985,-6.901396],[112.4370179,-6.9014279],[112.4370258,-6.9014514],[112.4370345,-6.9014799],[112.4370398,-6.9015675],[112.4370399,-6.9016009],[112.437031,-6.9016451],[112.4370212,-6.9016956],[112.4369942,-6.901752],[112.4369646,-6.9017726],[112.4369201,-6.9018013],[112.4368676,-6.9018219],[112.4367992,-6.9018392],[112.4367341,-6.9018543],[112.4366405,-6.9018716],[112.4365344,-6.9018868],[112.4364876,-6.9019063],[112.4364089,-6.9019464],[112.4363156,-6.9020321],[112.4362709,-6.9020712],[112.4362248,-6.9021073],[112.4361743,-6.9021277],[112.4361411,-6.9021307],[112.4361252,-6.9021134],[112.4361208,-6.9020961],[112.4361105,-6.9020442],[112.4361103,-6.9019606],[112.4361288,-6.901874],[112.436136,-6.9018559],[112.4361503,-6.9018279],[112.4362185,-6.9016825],[112.4362869,-6.9015417],[112.4362977,-6.9015088],[112.4363195,-6.9014485],[112.4363321,-6.9014084],[112.436343,-6.9013628],[112.4363538,-6.901319],[112.436361,-6.9012752],[112.4363519,-6.9012291],[112.4363345,-6.9011896],[112.4363173,-6.9011737],[112.436291,-6.9011544],[112.4362315,-6.9011352],[112.4361937,-6.901117],[112.436132,-6.901099],[112.4361022,-6.9010888],[112.4360176,-6.9010708],[112.4359559,-6.9010641],[112.4359102,-6.9010654],[112.4358645,-6.9010735],[112.4358166,-6.9010874],[112.4357835,-6.901108],[112.4357002,-6.9011539],[112.4356843,-6.9011676],[112.4356512,-6.9011916],[112.4356284,-6.9012031],[112.4355965,-6.9012181],[112.4355702,-6.9012238],[112.4355439,-6.9012228],[112.4354982,-6.9012115],[112.4353025,-6.9011402],[112.435179,-6.9010801],[112.4351331,-6.9010346],[112.4351198,-6.9010102],[112.4350986,-6.9008526],[112.4350944,-6.9007282],[112.4351025,-6.9007029],[112.4351159,-6.9006641],[112.4351555,-6.9006026],[112.4351987,-6.9005267],[112.4352323,-6.9004509],[112.4352379,-6.9004292],[112.4352367,-6.9003984],[112.4352321,-6.9003813],[112.4352229,-6.9003665],[112.4351873,-6.9003335],[112.4350912,-6.9002927],[112.4348454,-6.9002384],[112.4347022,-6.9001841],[112.434624,-6.9001598],[112.4345821,-6.9001498],[112.4345329,-6.9001499],[112.4344332,-6.9001546],[112.4342903,-6.9001742],[112.4341406,-6.9001998],[112.4340526,-6.900224],[112.4339306,-6.9003122],[112.4338531,-6.9003821],[112.4337653,-6.9004657],[112.4337071,-6.9005012],[112.4336215,-6.90051],[112.4335868,-6.9005159],[112.4335363,-6.9005536],[112.4335031,-6.9005739],[112.4334771,-6.9005739],[112.4334394,-6.9005582],[112.4334076,-6.9005597],[112.4333933,-6.9005814],[112.4333,-6.9008749],[112.433249,-6.9009408],[112.4331451,-6.9010214],[112.4330227,-6.9010619],[112.4328499,-6.9011087],[112.4327756,-6.9011227],[112.4327117,-6.9011411],[112.4326466,-6.9011664],[112.4325975,-6.9011985],[112.4325337,-6.9012706],[112.4324788,-6.9013414],[112.4324515,-6.9014209],[112.4324145,-6.9016159],[112.4320153,-6.9015738],[112.4318639,-6.9015669],[112.4316814,-6.9015982],[112.4314796,-6.9016527],[112.4314398,-6.9016477],[112.4311653,-6.9014817],[112.4310457,-6.9014142],[112.4309546,-6.9015469],[112.4307733,-6.9018337],[112.4301404,-6.9016696],[112.4299881,-6.9017786],[112.429794,-6.9019086],[112.4293981,-6.9026915],[112.4293361,-6.9028245],[112.4293286,-6.9029364],[112.4293159,-6.9030274],[112.4292951,-6.9030691],[112.4292406,-6.9031134],[112.429186,-6.9031526],[112.429077,-6.9032777],[112.4284765,-6.9041963],[112.428449,-6.9042496],[112.4284524,-6.9042903],[112.4284754,-6.9043569],[112.4284724,-6.904422],[112.4284562,-6.904474],[112.4282957,-6.9047331],[112.4281056,-6.9050579],[112.4279828,-6.9051827],[112.4278483,-6.9052597],[112.4277292,-6.9052775],[112.4276596,-6.9052777],[112.4275965,-6.9052676],[112.4275436,-6.9052639],[112.4274612,-6.9052745],[112.4271504,-6.9058874],[112.4269544,-6.9062108],[112.4264186,-6.907368],[112.4262156,-6.907855],[112.4260782,-6.9080921],[112.4257378,-6.9084418],[112.4247619,-6.9093054],[112.4247594,-6.9093449],[112.4244739,-6.9099281],[112.4240683,-6.9108697],[112.4240739,-6.9109998],[112.4241072,-6.9111294],[112.4240913,-6.9112475],[112.4240087,-6.9115416],[112.4239058,-6.911869],[112.4239919,-6.9119839],[112.424025,-6.9120398],[112.4240317,-6.9120858],[112.4240156,-6.9122011],[112.4238213,-6.9129863],[112.4238421,-6.91304],[112.4238605,-6.9130686],[112.4238618,-6.9131155],[112.4238494,-6.9131968],[112.4236038,-6.9138287],[112.4233901,-6.9144074],[112.4233902,-6.9144647],[112.4234217,-6.9145219],[112.4237718,-6.9147395],[112.4243081,-6.9151203],[112.4243202,-6.9151934],[112.4245236,-6.9152945],[112.4244302,-6.9155627],[112.4242881,-6.9158942],[112.4242791,-6.9159436],[112.4244116,-6.9160879],[112.4247971,-6.9165039],[112.424888,-6.9166565],[112.4244534,-6.9173864],[112.4242896,-6.9176062],[112.4236917,-6.9174569],[112.4235206,-6.9181645],[112.4235226,-6.9182956],[112.4235598,-6.9184622],[112.4235736,-6.9187106],[112.4235301,-6.9189169],[112.4233831,-6.9194962],[112.4233224,-6.9199319],[112.4233126,-6.9201007],[112.4233013,-6.9202077],[112.4232822,-6.9202722],[112.4231115,-6.9206843],[112.4229583,-6.9214198],[112.422851,-6.921874],[112.4228258,-6.9220225],[112.422758,-6.9227048],[112.422763,-6.9227406],[112.4224776,-6.9232509],[112.4221583,-6.9234847],[112.4219949,-6.923632],[112.4217681,-6.9239039],[112.4215908,-6.9241848],[112.421381,-6.9245023],[112.4219793,-6.9248329],[112.4224273,-6.9250809],[112.4228306,-6.9254665],[112.4228439,-6.925524],[112.4228467,-6.9255947],[112.4236817,-6.9260684],[112.4247465,-6.926715],[112.4247367,-6.9267647],[112.4252614,-6.9270708],[112.4252319,-6.9271867],[112.4260514,-6.9278421],[112.426918,-6.9283911],[112.4269113,-6.9284819],[112.4271846,-6.9286672],[112.4281806,-6.9293225],[112.4289217,-6.929647],[112.4300627,-6.9300696],[112.4299454,-6.9302925],[112.4295105,-6.931097],[112.4291585,-6.931794],[112.4289077,-6.9321649],[112.428801,-6.9323584],[112.4287872,-6.9324167],[112.4288061,-6.9324841],[112.4288181,-6.9325309],[112.4284608,-6.9331932],[112.4283728,-6.9334132],[112.4282643,-6.9337248],[112.4281554,-6.9338907],[112.4279669,-6.9340866],[112.4278808,-6.9341498],[112.4277625,-6.9342429],[112.4276624,-6.9343364],[112.4276346,-6.934397],[112.4275882,-6.934488],[112.4275512,-6.9345906],[112.4275281,-6.9346582],[112.427283,-6.9346077],[112.4271967,-6.9346056],[112.4270964,-6.9346106],[112.4270451,-6.9346177],[112.4269589,-6.9346599],[112.4268334,-6.9348419],[112.4267844,-6.9349222],[112.426661,-6.9351052],[112.4265879,-6.9352968],[112.4265413,-6.9355002],[112.426453,-6.9357156],[112.4265422,-6.9357684],[112.4264359,-6.9360764],[112.4263041,-6.9363815],[112.4261954,-6.9366468],[112.4260963,-6.936816],[112.4258713,-6.9370785],[112.4258482,-6.9371028],[112.425853,-6.9371419],[112.4258543,-6.9371868],[112.4258278,-6.9372272],[112.4257999,-6.9372581],[112.425749,-6.937414],[112.4257229,-6.9374832],[112.4257075,-6.9375415],[112.4256662,-6.9376142],[112.425626,-6.9376454],[112.4255742,-6.9376637],[112.4255171,-6.9376652],[112.4254678,-6.9376679],[112.4254328,-6.9376991],[112.4252095,-6.9381093],[112.4249628,-6.9384638],[112.4248317,-6.9385793],[112.4247373,-6.9387692],[112.4247042,-6.9388024],[112.4246692,-6.9388309],[112.4246694,-6.9389241],[112.4246583,-6.9390826],[112.4246351,-6.9391572],[112.4245933,-6.939211],[112.4245071,-6.9392718],[112.4244419,-6.9393233],[112.4243766,-6.9393561],[112.4243533,-6.9393841],[112.4243395,-6.9394354],[112.4243334,-6.9394861],[112.4243564,-6.9395275],[112.4243794,-6.939573],[112.4243858,-6.9396351],[112.4243715,-6.9396953],[112.4242989,-6.9397432],[112.4242244,-6.9398118],[112.4241835,-6.939871],[112.4241731,-6.9399051],[112.4241654,-6.939968],[112.4241393,-6.9400153],[112.424121,-6.9400704],[112.4241212,-6.9401411],[112.4241714,-6.9402144],[112.424203,-6.9402641],[112.4241742,-6.9402851],[112.4241322,-6.9402905],[112.4240902,-6.9403011],[112.4240667,-6.9403274],[112.4240589,-6.9403615],[112.4240934,-6.9404872],[112.4241305,-6.9406182],[112.4241586,-6.9406772],[112.42419,-6.9407557],[112.4242246,-6.9407983],[112.4242789,-6.9408374],[112.4243349,-6.9408701],[112.4243826,-6.9408961],[112.424404,-6.9409387],[112.4244157,-6.9409829],[112.424429,-6.9410353],[112.42445,-6.9410805],[112.4244875,-6.9411177],[112.4245271,-6.9411466],[112.4245687,-6.9411859],[112.4245856,-6.9412667],[112.4245775,-6.9413331],[112.4245838,-6.9413766],[112.4246172,-6.9414034],[112.4246754,-6.941426],[112.4247253,-6.9414466],[112.4247482,-6.9414735],[112.4247421,-6.9415295],[112.4247199,-6.9415474],[112.4246738,-6.9415678],[112.4246018,-6.9415865],[112.4245575,-6.9416013],[112.4245096,-6.941642],[112.4244583,-6.941762],[112.4243657,-6.9419338],[112.4242056,-6.942277],[112.4240728,-6.9423939],[112.4240152,-6.9424317],[112.4239857,-6.9424554],[112.4239681,-6.9425026],[112.4239742,-6.9425527],[112.4240275,-6.9426027],[112.424069,-6.9426409],[112.4240898,-6.9426851],[112.4240635,-6.9427913],[112.424025,-6.9429135],[112.4240242,-6.9429363],[112.4240316,-6.9429782],[112.4240454,-6.9430192],[112.4240528,-6.9430575],[112.4240339,-6.9431259],[112.4239827,-6.9432431],[112.4239763,-6.9432652],[112.423983,-6.9433339],[112.4239962,-6.9434052],[112.4240355,-6.9435088],[112.424041,-6.943574],[112.4240477,-6.9436052],[112.424061,-6.9436609],[112.4240776,-6.9437067],[112.4241072,-6.9437263],[112.4241319,-6.9437394],[112.4241566,-6.9437573],[112.4241698,-6.943777],[112.4241551,-6.9438148],[112.4240993,-6.9438346],[112.4240435,-6.9438544],[112.4239336,-6.9439089],[112.4239057,-6.9439287],[112.4238648,-6.9439599],[112.423802,-6.9440255],[112.4237855,-6.9440587],[112.4237732,-6.9441127],[112.4237608,-6.9441584],[112.4237486,-6.9442289],[112.4237467,-6.9442891],[112.423768,-6.9444726],[112.4238074,-6.9446791],[112.4238174,-6.9448955],[112.4238407,-6.9449954],[112.4238313,-6.9451447],[112.4237938,-6.9452482],[112.4237284,-6.945412],[112.4236913,-6.9455076],[112.4236666,-6.9456093],[112.4236606,-6.945684],[112.4236507,-6.9458396],[112.423648,-6.945985],[112.4235509,-6.9462676],[112.4234553,-6.9464513],[112.4234066,-6.9466303],[112.4233627,-6.9468125],[112.4233597,-6.9468978],[112.4234212,-6.9469734],[112.4236295,-6.9470931],[112.4238731,-6.9472376],[112.4240234,-6.9473306],[112.4240656,-6.9473777],[112.424121,-6.94743],[112.4241342,-6.9474615],[112.4241212,-6.9475166],[112.4240819,-6.9475456],[112.4240583,-6.9475798],[112.4240505,-6.9476165],[112.4240454,-6.9476664],[112.4240377,-6.947732],[112.4240221,-6.9477819],[112.4239854,-6.947824],[112.4239513,-6.9478372],[112.4239277,-6.9478557],[112.4239111,-6.9479305],[112.4239135,-6.9479748],[112.4239348,-6.9480611],[112.4239494,-6.9482244],[112.4239542,-6.9482827],[112.4239241,-6.9483901],[112.423908,-6.9484555],[112.4238988,-6.9485116],[112.4243631,-6.9486853],[112.4244163,-6.9486615],[112.4244516,-6.9486201],[112.4244929,-6.9485757],[112.4245223,-6.9485343],[112.4245695,-6.948484],[112.4246078,-6.9484396],[112.424649,-6.9483923],[112.4247021,-6.9483538],[112.42477,-6.9483152],[112.4248526,-6.9482707],[112.4249087,-6.9482262],[112.4250853,-6.9479808],[112.4253167,-6.9480986],[112.4259393,-6.9483855],[112.4261543,-6.948528],[112.4262005,-6.9485673],[112.4262418,-6.9486131],[112.4262534,-6.9486508],[112.4260239,-6.949377],[112.4259283,-6.949423],[112.4258723,-6.949473],[112.4258268,-6.9495333],[112.4257751,-6.9496414],[112.4256699,-6.9498992],[112.4255397,-6.950133],[112.4253491,-6.9505421],[112.4253249,-6.9506232],[112.4253163,-6.9507118],[112.425287,-6.9508211],[112.4252609,-6.9509747],[112.42527,-6.9510514],[112.4253323,-6.9511221],[112.4253886,-6.9511544],[112.4254567,-6.9511748],[112.4254686,-6.9511984],[112.4253804,-6.9514467],[112.4253386,-6.9515256],[112.4252676,-6.9515521],[112.4251861,-6.9515471],[112.4250254,-6.9514767],[112.4243086,-6.9510272],[112.4239919,-6.9508169],[112.4238864,-6.9507402],[112.4238207,-6.950696],[112.4237529,-6.9506822],[112.4236804,-6.9506964],[112.4236056,-6.9507107],[112.423526,-6.9507062],[112.4234581,-6.9506878],[112.4233856,-6.9506763],[112.423299,-6.9506719],[112.4232476,-6.9506931],[112.4231871,-6.9507796],[112.4229325,-6.9511585],[112.4228557,-6.9512149],[112.4227641,-6.9512535],[112.4226516,-6.9512243],[112.4220386,-6.9510047],[112.4216133,-6.9508636],[112.4215106,-6.9508324],[112.4213948,-6.950817],[112.4213133,-6.9508277],[112.4212212,-6.9508359],[112.4211159,-6.9508231],[112.42105,-6.9507865],[112.4209421,-6.9507501],[112.4203948,-6.9520899],[112.420313,-6.9521298],[112.4201795,-6.9520882],[112.4199766,-6.952036],[112.4196144,-6.9527197],[112.4195303,-6.9527488],[112.4191961,-6.9527393],[112.4189381,-6.9526954],[112.4186684,-6.9530783],[112.4183754,-6.9530194],[112.418027,-6.9529929],[112.4179299,-6.9529867],[112.4178574,-6.9529852],[112.4178097,-6.9529903],[112.4177555,-6.9530085],[112.4177407,-6.9530382],[112.4175298,-6.9535932],[112.4167485,-6.9533276],[112.4160184,-6.9530575],[112.4155969,-6.9529589],[112.4152983,-6.9527914],[112.4150484,-6.9527091],[112.4149617,-6.9526628],[112.4146884,-6.9525241],[112.4145351,-6.9524747],[112.4144051,-6.9524186],[112.414035,-6.9522236],[112.4138682,-6.9520879],[112.4137247,-6.951982],[112.4135413,-6.9518895],[112.4133292,-6.9517947],[112.413257,-6.9517765],[112.4131643,-6.9517527],[112.413055,-6.9517216],[112.4129679,-6.9517126],[112.412892,-6.9517073],[112.4128421,-6.9517204],[112.4126024,-6.9520464],[112.4125393,-6.9520022],[112.4124632,-6.9519378],[112.4124372,-6.9519101],[112.4124019,-6.9518917],[112.412365,-6.9519233],[112.4122549,-6.9521202],[112.4122316,-6.9521529],[112.4121779,-6.9522069],[112.4121429,-6.9522233],[112.4120773,-6.9522329],[112.4120071,-6.9522401],[112.4119604,-6.9522706],[112.4118857,-6.9523666],[112.4118461,-6.9524275],[112.4118371,-6.9525491],[112.4118162,-6.9526052],[112.4117313,-6.9527703],[112.411693,-6.9528207],[112.4116814,-6.9529064],[112.4116401,-6.9529509],[112.4115572,-6.9529629],[112.4114862,-6.9529897],[112.4114332,-6.9530756],[112.4113889,-6.9531171],[112.4112917,-6.953191],[112.4111446,-6.9533457],[112.411051,-6.9534639],[112.4109919,-6.9535113],[112.4109268,-6.9535175],[112.4108438,-6.9535059],[112.4107994,-6.9535119],[112.4107552,-6.9535653],[112.4107139,-6.9536275],[112.4107199,-6.9536629],[112.4107437,-6.9536924],[112.4107616,-6.9537396],[112.4107381,-6.9537988],[112.4106938,-6.9538285],[112.4106553,-6.9538286],[112.4106137,-6.9538081],[112.4105663,-6.9537905],[112.4105219,-6.9537995],[112.4105073,-6.9538498],[112.4104999,-6.9538919],[112.4100698,-6.9544716],[112.4100699,-6.9545136],[112.4101148,-6.9545555],[112.4101281,-6.9546054],[112.4100967,-6.9546791],[112.4100309,-6.9546925],[112.4099309,-6.9547007],[112.4098544,-6.9546588],[112.4097859,-6.9546748],[112.4097518,-6.954717],[112.4097124,-6.9547355],[112.4096966,-6.9547329],[112.4096228,-6.9547147],[112.4095807,-6.9547254],[112.4095334,-6.9547649],[112.4094809,-6.9548334],[112.4094521,-6.9548861],[112.409441,-6.9549031],[112.4094468,-6.9549193],[112.4094631,-6.9549562],[112.4094679,-6.9549967],[112.4094575,-6.9550245],[112.4094287,-6.9550523],[112.4093719,-6.9550652],[112.4093303,-6.9550803],[112.4093107,-6.9551024],[112.4092992,-6.9551255],[112.4092958,-6.9551625],[112.4092982,-6.9552018],[112.4092879,-6.95524],[112.4092731,-6.9552501],[112.4092484,-6.9552553],[112.4092145,-6.9552749],[112.409194,-6.9552966],[112.4091632,-6.9553584],[112.4091541,-6.9554119],[112.4091394,-6.9554675],[112.409134,-6.9554977],[112.4091002,-6.9555243],[112.409048,-6.9555263],[112.4089976,-6.9555301],[112.4089555,-6.9555503],[112.4088336,-6.9556442],[112.408786,-6.9556953],[112.4087532,-6.9557431],[112.4087566,-6.9558039],[112.408788,-6.9558417],[112.4088458,-6.9558678],[112.4088969,-6.9559022],[112.4089018,-6.955922],[112.4088843,-6.9559733],[112.4087719,-6.9560862],[112.4086056,-6.9563067],[112.4085632,-6.9563383],[112.4085147,-6.9563574],[112.4084784,-6.956387],[112.4084646,-6.9564078],[112.4084543,-6.956439],[112.4084423,-6.9564926],[112.4084304,-6.9565498],[112.4084097,-6.9566104],[112.4083786,-6.9566417],[112.4083285,-6.9566885],[112.408268,-6.9567372],[112.4082179,-6.956784],[112.4081989,-6.9568014],[112.4081782,-6.9568395],[112.4081008,-6.9570578],[112.4080767,-6.9571046],[112.4080629,-6.957122],[112.4080542,-6.9571289],[112.4080421,-6.957129],[112.4079831,-6.9570945],[112.4078285,-6.9569963],[112.4077712,-6.956974],[112.40761,-6.9569624],[112.407501,-6.9569409],[112.4074039,-6.9569118],[112.4073274,-6.9568532],[112.4072649,-6.9568153],[112.4072285,-6.956786],[112.4072076,-6.9567704],[112.4071954,-6.9567618],[112.4071903,-6.9567636],[112.4071643,-6.9567827],[112.4071142,-6.9568399],[112.4070608,-6.9569318],[112.4070401,-6.9569682],[112.4070316,-6.9570254],[112.4070097,-6.9572331],[112.4069807,-6.9573976],[112.4069188,-6.9575587],[112.4068532,-6.9576697],[112.4068151,-6.9577525],[112.4068082,-6.9577872],[112.406817,-6.9578096],[112.4068309,-6.9578286],[112.4068639,-6.9578458],[112.4068985,-6.9578475],[112.4069124,-6.9578422],[112.4069331,-6.9578197],[112.406959,-6.9577867],[112.4069711,-6.9577746],[112.4069919,-6.9577745],[112.4070458,-6.9578193],[112.4070684,-6.95784],[112.40711,-6.9578486],[112.4071464,-6.9578502],[112.4071568,-6.9578553],[112.4071638,-6.9578622],[112.407176,-6.9578795],[112.4071777,-6.9578985],[112.4071796,-6.9579505],[112.4071711,-6.9579834],[112.4071763,-6.9580093],[112.4071921,-6.9580491],[112.4072078,-6.9580975],[112.4072253,-6.9581424],[112.4072358,-6.9581891],[112.4072533,-6.9582566],[112.4072326,-6.9582808],[112.4071444,-6.9583434],[112.4071254,-6.9583729],[112.4071238,-6.9584161],[112.4071447,-6.9584524],[112.4071674,-6.9584974],[112.4071782,-6.9585572],[112.4071661,-6.9586063],[112.4071294,-6.9586652],[112.4071074,-6.9586849],[112.4070657,-6.9587022],[112.4069896,-6.9587098],[112.4069285,-6.9588105],[112.4068992,-6.9588719],[112.4068797,-6.9589111],[112.4068797,-6.9589234],[112.4068921,-6.9589675],[112.4069316,-6.9590213],[112.4069833,-6.9590702],[112.4070276,-6.9591068],[112.4070572,-6.9591337],[112.4071088,-6.9591703],[112.4071408,-6.9591874],[112.4071654,-6.9591996],[112.4071728,-6.9592143],[112.4071704,-6.9592339],[112.4071607,-6.9592634],[112.4071093,-6.9593224],[112.4070578,-6.9593617],[112.406972,-6.959411],[112.4069254,-6.9594087],[112.4067999,-6.9593331],[112.4066942,-6.9592991],[112.4066771,-6.9593138],[112.4066503,-6.9593973],[112.4066358,-6.9595029],[112.4066064,-6.9595275],[112.4065745,-6.9595325],[112.4065205,-6.9595302],[112.4065009,-6.9595278],[112.4064813,-6.9595475],[112.4064814,-6.9595695],[112.4065085,-6.9596185],[112.4065135,-6.9596454],[112.4065185,-6.9596699],[112.4065063,-6.9597018],[112.4064745,-6.9597313],[112.4063961,-6.9597879],[112.4063055,-6.9598396],[112.4062002,-6.9599036],[112.4061708,-6.9599429],[112.4061293,-6.9599994],[112.4059323,-6.960111],[112.4057832,-6.9599844],[112.405593,-6.9599681],[112.4055393,-6.959982],[112.4054521,-6.9600573],[112.4053558,-6.9601648],[112.4052383,-6.9603321],[112.4051566,-6.9604632],[112.404487,-6.9601559],[112.4040406,-6.9599911],[112.4039731,-6.9599699],[112.4039531,-6.9599485],[112.4038174,-6.9597299],[112.4037557,-6.9595877],[112.403751,-6.9595479],[112.4037462,-6.9595081],[112.4037871,-6.9592787],[112.4038384,-6.9589845],[112.403479,-6.9588125],[112.4030171,-6.9585952],[112.4027208,-6.9584843],[112.4024997,-6.9584207],[112.4023248,-6.9583798],[112.402268,-6.958357],[112.4021387,-6.9582211],[112.4020711,-6.9581647],[112.4017705,-6.9580329],[112.4015754,-6.9579263],[112.4013558,-6.9578091],[112.4012022,-6.9577222],[112.4010455,-6.9576523],[112.4009595,-6.957625],[112.4009104,-6.9576159],[112.4004713,-6.957526],[112.4000908,-6.9573841],[112.3997626,-6.9572751],[112.3994787,-6.9572209],[112.399159,-6.9571668],[112.3989192,-6.9571125],[112.3987236,-6.9570966],[112.3985886,-6.9570942],[112.3984425,-6.9570727],[112.3982963,-6.9570126],[112.3981977,-6.9569584],[112.3981037,-6.9568624],[112.3980262,-6.9567361],[112.3979598,-6.9566125],[112.3979043,-6.9565027],[112.3978353,-6.9564314],[112.3977083,-6.956363],[112.3975897,-6.9563083],[112.3974656,-6.9562647],[112.3974022,-6.9562511],[112.3973471,-6.956243],[112.3972616,-6.9562103],[112.3971126,-6.9561282],[112.3970271,-6.9560789],[112.396994,-6.9560598],[112.3969857,-6.9560598],[112.3969665,-6.9560709],[112.3969308,-6.956104],[112.3968787,-6.9561949],[112.3968431,-6.9562665],[112.3968294,-6.9562831],[112.396722,-6.9562971],[112.3966364,-6.9562561],[112.3965369,-6.9561381],[112.396512,-6.9560805],[112.3964787,-6.9559953],[112.3964399,-6.9559239],[112.3962963,-6.9558143],[112.3960866,-6.9556884],[112.3958388,-6.9555201],[112.395687,-6.9554298],[112.3956484,-6.9554134],[112.3956154,-6.955419],[112.3955496,-6.9555127],[112.395492,-6.9556037],[112.39547,-6.9556367],[112.3954453,-6.9556561],[112.3954259,-6.9556286],[112.3954119,-6.9555324],[112.3954227,-6.9554773],[112.3953923,-6.9554362],[112.3953095,-6.9553814],[112.3952129,-6.9553074],[112.3950645,-6.9554261],[112.3950066,-6.9554098],[112.3949321,-6.9553908],[112.3948715,-6.9553744],[112.3948025,-6.9553389],[112.3947418,-6.9552896],[112.3946293,-6.9552087],[112.3944805,-6.9551661],[112.3943356,-6.9551119],[112.3942848,-6.955112],[112.3942144,-6.9551357],[112.394152,-6.9551749],[112.3940313,-6.9553549],[112.3939496,-6.9555231],[112.3938446,-6.9557382],[112.3937706,-6.9558439],[112.3937199,-6.9558909],[112.3935988,-6.9559342],[112.393497,-6.955915],[112.3932934,-6.9558297],[112.3931525,-6.9557871],[112.3931173,-6.9557765],[112.3927792,-6.9556468],[112.3926951,-6.9556086],[112.3926006,-6.9556089],[112.3925552,-6.95563],[112.3925098,-6.955686],[112.3924426,-6.9558673],[112.3923599,-6.9560362],[112.3923077,-6.9561747],[112.3922583,-6.956327],[112.3921414,-6.9565726],[112.3920139,-6.9567412],[112.3919517,-6.9567819],[112.3918675,-6.9568164],[112.3918053,-6.956857],[112.3917584,-6.9569598],[112.3917989,-6.9578758],[112.3914444,-6.9581508],[112.3912488,-6.9583038],[112.391082,-6.958435],[112.3910211,-6.9585547],[112.390841,-6.9588598],[112.3905881,-6.9592086],[112.390065,-6.9589877],[112.3898561,-6.9589111],[112.3897316,-6.9588728],[112.3896641,-6.9588512],[112.3896039,-6.9588481],[112.3895185,-6.9588396],[112.3894288,-6.9588192],[112.3893215,-6.9587922],[112.3892465,-6.95878],[112.3891578,-6.9587679],[112.3890715,-6.9587461],[112.3889654,-6.9587021],[112.3889235,-6.9586715],[112.3888901,-6.9586384],[112.3887961,-6.9585355],[112.3884806,-6.9587579],[112.3883159,-6.9586266],[112.3880255,-6.9584214],[112.3878898,-6.9585774],[112.3877546,-6.9587195],[112.387408,-6.9589635],[112.3873128,-6.9589539],[112.3871318,-6.9589413],[112.3866872,-6.9588149],[112.3862915,-6.9586932],[112.3856971,-6.9584702],[112.3851246,-6.9582544],[112.3847991,-6.9581397],[112.384585,-6.9580492],[112.3844423,-6.9580207],[112.3842261,-6.9579613],[112.3837041,-6.9578447],[112.3831321,-6.9577563],[112.382308,-6.9575655],[112.3818191,-6.9574183],[112.3819623,-6.9569434],[112.3821816,-6.9562638],[112.3818462,-6.9561272],[112.3817735,-6.9561062],[112.3817398,-6.9561063],[112.3817009,-6.9561205],[112.3816619,-6.9561295],[112.3816265,-6.9561314],[112.3815927,-6.9561102],[112.3814932,-6.9560115],[112.3814505,-6.955962],[112.381438,-6.9559338],[112.3814326,-6.9558807],[112.3814343,-6.9558559],[112.3814528,-6.9557989],[112.3814696,-6.9557778],[112.3814892,-6.9557483],[112.3815157,-6.955709],[112.381576,-6.9556864],[112.3816349,-6.9556779],[112.3816629,-6.9556442],[112.3816799,-6.9555965],[112.3817065,-6.9555049],[112.3817064,-6.9554655],[112.3817062,-6.9554166],[112.3816998,-6.9553835],[112.3816776,-6.9553395],[112.3816395,-6.9552938],[112.3816103,-6.9552534],[112.3815317,-6.9551956],[112.3814709,-6.9551705],[112.3814228,-6.9551555],[112.3813672,-6.9551456],[112.3813065,-6.9551432],[112.3812534,-6.9551408],[112.3812002,-6.9551233],[112.3811723,-6.9550881],[112.3811621,-6.9550502],[112.3811594,-6.9550174],[112.3811441,-6.9549746],[112.3810985,-6.9549368],[112.381058,-6.9549067],[112.3810073,-6.9548816],[112.3809719,-6.9548615],[112.3809516,-6.9548413],[112.3809593,-6.954789],[112.3809829,-6.9547239],[112.3810228,-6.9546763],[112.3810391,-6.9546575],[112.3810793,-6.9546317],[112.3811046,-6.9546259],[112.3811371,-6.954623],[112.3811892,-6.9546229],[112.3812414,-6.9546213],[112.3812724,-6.954617],[112.3813147,-6.9545986],[112.3813414,-6.9545802],[112.381371,-6.954552],[112.3813934,-6.9545223],[112.3814117,-6.9544913],[112.3814116,-6.954466],[112.3814049,-6.9544337],[112.3813778,-6.9544005],[112.3813603,-6.9543911],[112.381327,-6.9543848],[112.381292,-6.9543849],[112.381246,-6.9543867],[112.3812111,-6.9543915],[112.3811698,-6.9543964],[112.3810984,-6.9544029],[112.381046,-6.9543936],[112.3809538,-6.9543468],[112.3809272,-6.9543187],[112.3809113,-6.954294],[112.3809037,-6.9542371],[112.3809036,-6.9542168],[112.3809083,-6.9541985],[112.3809168,-6.9541843],[112.3809281,-6.9541744],[112.3809733,-6.954163],[112.3810129,-6.9541558],[112.3810412,-6.9541543],[112.3811006,-6.9541569],[112.3811317,-6.9541441],[112.3811585,-6.9541186],[112.3811669,-6.9540748],[112.3811696,-6.9540409],[112.3811671,-6.9539852],[112.3811556,-6.9539445],[112.381117,-6.9538949],[112.3810761,-6.9538656],[112.3810239,-6.9538341],[112.3809876,-6.9538048],[112.3809558,-6.9537664],[112.380933,-6.9537281],[112.3809151,-6.9536783],[112.3806227,-6.9535597],[112.3805706,-6.9535545],[112.3805492,-6.9535742],[112.3805278,-6.9536155],[112.3805063,-6.9536514],[112.380449,-6.9536533],[112.3801133,-6.953563],[112.3798046,-6.9534708],[112.3793285,-6.9533455],[112.3787748,-6.953192],[112.3783853,-6.9530416],[112.377894,-6.9528548],[112.3774813,-6.9527395],[112.3771963,-6.9526974],[112.3769584,-6.9526816],[112.3767776,-6.9527415],[112.3766372,-6.9528088],[112.3765649,-6.9529256],[112.3764842,-6.9531065],[112.3764599,-6.9531997],[112.3761472,-6.9540791],[112.3758744,-6.9544718],[112.3756796,-6.954747],[112.3753995,-6.9553303],[112.3752858,-6.9557896],[112.3752364,-6.9559124],[112.3750092,-6.9565892],[112.3747797,-6.9573703],[112.3746248,-6.9578883],[112.3745516,-6.9580751],[112.37451,-6.9582461],[112.3744802,-6.9586314],[112.3744691,-6.9589126],[112.3744705,-6.9590995],[112.3744474,-6.9592355],[112.3744031,-6.959327],[112.3743729,-6.9594114],[112.3743496,-6.9594888],[112.374261,-6.9597912],[112.3742427,-6.9598636],[112.3742338,-6.959999],[112.3742377,-6.9600639],[112.3742435,-6.9601325],[112.3742418,-6.9602123],[112.374242,-6.9602642],[112.3741315,-6.9607218],[112.3739158,-6.9615635],[112.3738369,-6.9619845],[112.3738629,-6.9620174],[112.3738984,-6.9620596],[112.3738974,-6.962138],[112.3737897,-6.9624063],[112.3737099,-6.9626308],[112.3736699,-6.9627347],[112.3736333,-6.9628186],[112.3735568,-6.9630599],[112.3734471,-6.9633716],[112.3733937,-6.9634923],[112.373201,-6.9638533],[112.3729303,-6.9643505],[112.3726865,-6.9648476],[112.3725146,-6.965467],[112.3724646,-6.9656351],[112.3724211,-6.9657058],[112.372354,-6.9658],[112.3722973,-6.9659874],[112.372284,-6.9660581],[112.3722606,-6.966149],[112.3722205,-6.9662535],[112.3721736,-6.9663579],[112.3721599,-6.9664408],[112.3721682,-6.9665393],[112.3721496,-6.9665687],[112.3721149,-6.9665768],[112.3720696,-6.9665796],[112.3720029,-6.9665904],[112.3719682,-6.9666145],[112.3719497,-6.9666545],[112.3719338,-6.9667132],[112.3719367,-6.9667718],[112.3719262,-6.9668331],[112.3719022,-6.9668545],[112.3717858,-6.9668377],[112.3717197,-6.9668258],[112.3716145,-6.9668142],[112.3715063,-6.9668145],[112.3714191,-6.9668057],[112.3713469,-6.9667849],[112.3712807,-6.9667491],[112.3711905,-6.9667194],[112.3710913,-6.9667017],[112.3710614,-6.9667408],[112.3710136,-6.9668369],[112.3709482,-6.9671096],[112.3708863,-6.9673684],[112.3708678,-6.967446],[112.3708384,-6.9674487],[112.37075,-6.9674463],[112.3706567,-6.9676204],[112.3705851,-6.9678451],[112.3704965,-6.968035],[112.3703816,-6.9681912],[112.3703514,-6.968337],[112.370304,-6.968354],[112.3702056,-6.9683916],[112.3701617,-6.9684459],[112.3701789,-6.9685475],[112.370152,-6.9686391],[112.3700678,-6.9688596],[112.3700545,-6.9689308],[112.3700681,-6.9689714],[112.370082,-6.9690594],[112.3700823,-6.9691611],[112.3700655,-6.9692255],[112.3699754,-6.9695654],[112.3698849,-6.9699831],[112.3698276,-6.9701632],[112.3697974,-6.970299],[112.3697842,-6.97044],[112.3697541,-6.9706542],[112.3697406,-6.9706679],[112.3697065,-6.970668],[112.3693827,-6.9705975],[112.369284,-6.9705876],[112.3692499,-6.9705945],[112.3692341,-6.9706552],[112.369194,-6.9707629],[112.3691725,-6.9707953],[112.3691402,-6.9708196],[112.3690998,-6.9708305],[112.3690189,-6.9708253],[112.3689191,-6.9708122],[112.3688382,-6.9708016],[112.3687303,-6.9707966],[112.3686576,-6.9708291],[112.3686253,-6.9708615],[112.3685532,-6.9710931],[112.3685482,-6.9712223],[112.3685483,-6.9712493],[112.3685387,-6.9712956],[112.3685146,-6.9713472],[112.3685025,-6.9713897],[112.3685128,-6.9714537],[112.3685202,-6.9715281],[112.3685035,-6.9715689],[112.3684772,-6.9716026],[112.3684629,-6.9716554],[112.3684294,-6.9717131],[112.3683901,-6.9717779],[112.3684054,-6.9718311],[112.3684188,-6.97185],[112.3684095,-6.9719146],[112.3684039,-6.9719488],[112.3683908,-6.9720153],[112.3683776,-6.9720723],[112.3683554,-6.972147],[112.3683359,-6.9721997],[112.368309,-6.9722479],[112.3682865,-6.9722916],[112.368261,-6.9723413],[112.3682416,-6.9723804],[112.368214,-6.9724761],[112.3682109,-6.972581],[112.3682229,-6.9726149],[112.3682484,-6.9726469],[112.3683157,-6.9726917],[112.3683022,-6.9727196],[112.368292,-6.9727813],[112.3682683,-6.9728808],[112.3682273,-6.9729701],[112.3682173,-6.973049],[112.3682142,-6.9731895],[112.3681832,-6.9732569],[112.3681563,-6.9733574],[112.3681781,-6.9733899],[112.3682326,-6.9734115],[112.3683196,-6.9734248],[112.3683686,-6.9734463],[112.3683633,-6.9734898],[112.3683526,-6.973555],[112.3683311,-6.9736446],[112.3683204,-6.9737016],[112.3682885,-6.9738753],[112.3682124,-6.9739978],[112.3682065,-6.9740864],[112.3682158,-6.9741444],[112.3682344,-6.9742116],[112.3682346,-6.9742697],[112.3681377,-6.9745659],[112.3680866,-6.9747484],[112.3680731,-6.9748688],[112.3680389,-6.9749481],[112.3679807,-6.9750721],[112.3679672,-6.975165],[112.3679709,-6.9752716],[112.3679402,-6.9753818],[112.3678719,-6.9755712],[112.3678073,-6.9758905],[112.367725,-6.9761044],[112.3675534,-6.9764495],[112.3674987,-6.9766357],[112.3674615,-6.9769046],[112.367431,-6.9770701],[112.3672867,-6.9773522],[112.3670838,-6.9777463],[112.3670635,-6.9779555],[112.367029,-6.9783382],[112.3670039,-6.9788413],[112.3670042,-6.9791179],[112.3669585,-6.979325],[112.3669203,-6.9795017],[112.3669052,-6.9796117],[112.3669264,-6.9796316],[112.3669463,-6.9796483],[112.3670568,-6.979697],[112.367054,-6.9798081],[112.3670176,-6.9800305],[112.3670075,-6.9802684],[112.367089,-6.9805223],[112.3671283,-6.9807192],[112.367156,-6.9809145],[112.367182,-6.9811426],[112.3671824,-6.9812689],[112.3671544,-6.9814236],[112.3671366,-6.9815442],[112.3671593,-6.9816321],[112.3671648,-6.9817493],[112.367123,-6.9820766],[112.3671164,-6.9821312],[112.3670919,-6.9821736],[112.3670347,-6.9822748],[112.3670039,-6.9826713],[112.3670145,-6.9831277],[112.3670279,-6.9832329],[112.3670704,-6.983437],[112.3670811,-6.9836706],[112.367074,-6.9839005],[112.3670055,-6.9838578],[112.3669949,-6.9839751],[112.3669663,-6.9842465],[112.3669605,-6.9843768],[112.3669624,-6.9846075],[112.3669348,-6.9848395],[112.3668848,-6.9851681],[112.3669226,-6.9851915],[112.3670993,-6.9853076],[112.3671038,-6.9853539],[112.3670936,-6.9854793],[112.3670851,-6.9855281],[112.3670607,-6.985563],[112.3670521,-6.9855944],[112.3670505,-6.9856362],[112.367054,-6.9857632],[112.367034,-6.9861648],[112.3669785,-6.9865862],[112.3669122,-6.9868863],[112.3669371,-6.9869321],[112.3670359,-6.9869813],[112.3674058,-6.987159],[112.3673079,-6.9877424],[112.367381,-6.9877533],[112.3675826,-6.9877416],[112.3677133,-6.9877589],[112.3680723,-6.9878659],[112.368557,-6.9880405],[112.3689687,-6.9870074],[112.3693194,-6.9863332],[112.3698492,-6.9857272],[112.3701538,-6.9853637],[112.3706352,-6.9850566],[112.3712464,-6.9847585],[112.3719601,-6.9845989],[112.3722754,-6.9846073],[112.3731201,-6.9848456],[112.3743095,-6.985648],[112.3751176,-6.9861788],[112.3750341,-6.9863785],[112.3755078,-6.9865765],[112.3765662,-6.9871507],[112.3770034,-6.9874223],[112.3771931,-6.9875687],[112.3778793,-6.9878221],[112.3787635,-6.9880265],[112.3788169,-6.9880372],[112.3806823,-6.9884745],[112.3815146,-6.9885829],[112.3822914,-6.988636],[112.3829293,-6.9886342],[112.383789,-6.9886316],[112.3847867,-6.9883794],[112.3857841,-6.9880164],[112.3867533,-6.9875149],[112.3878049,-6.9867085],[112.3885245,-6.9862355],[112.3890508,-6.9860123],[112.389993,-6.9857326],[112.3904645,-6.9857589],[112.3911856,-6.9857567],[112.3916296,-6.9858385],[112.3924345,-6.98603],[112.392879,-6.9863057],[112.3934068,-6.9865812],[112.3937961,-6.9869124],[112.3942133,-6.9873267],[112.3944917,-6.987686],[112.3947149,-6.9881285],[112.3949383,-6.9886265],[112.3950238,-6.9894295],[112.3955542,-6.9905636],[112.3960558,-6.9913655],[112.3964454,-6.9918075],[112.3972516,-6.9924422],[112.398002,-6.992994],[112.3987311,-6.9934196],[112.3991559,-6.9935532],[112.3997156,-6.9936094],[112.4000627,-6.9935505],[112.4005253,-6.9934143],[112.4010649,-6.99322],[112.4016233,-6.9928522],[112.4025275,-6.9920017],[112.4031047,-6.9914798],[112.4036631,-6.9911313],[112.404087,-6.9909566],[112.4048006,-6.9908967],[112.4055532,-6.9909522],[112.4064991,-6.9911421],[112.4085703,-6.9918426],[112.4095942,-6.9922312],[112.4102084,-6.9924166],[112.411165,-6.9926862],[112.4115907,-6.9927274],[112.4126674,-6.9928916],[112.4136008,-6.9930388],[112.4142801,-6.9931352],[112.4145094,-6.9931345],[112.4159297,-6.9934859],[112.4172148,-6.9938164],[112.4175317,-6.9939281],[112.4181216,-6.9941362],[112.4191137,-6.9945496],[112.4201503,-6.9950613],[112.420869,-6.9955156],[112.4221733,-6.9964273],[112.422826,-6.9969456],[112.4236098,-6.9977755],[112.4242895,-6.9986058],[112.4249956,-6.9995661],[112.4257018,-7.0005784],[112.4262253,-7.0014352],[112.426565,-7.0017983],[112.4271651,-7.0021606],[112.4279211,-7.0023924],[112.4285726,-7.0025465],[112.4298489,-7.0025947],[112.4312547,-7.0024083],[112.4322439,-7.0022492],[112.4331921,-7.0021719],[112.4338737,-7.0022217],[112.4341346,-7.0022279],[112.4346807,-7.0022366],[112.4352963,-7.0022278],[112.4358458,-7.0021845],[112.4362908,-7.002138],[112.4369202,-7.0020666],[112.4378211,-7.0020191],[112.4380993,-7.0020182],[112.4387809,-7.0019745],[112.4394765,-7.0019619],[112.4403808,-7.0019418],[112.4407938,-7.0019417],[112.4414235,-7.0019606],[112.4419017,-7.0020027],[112.4425789,-7.0019578],[112.4428761,-7.0019369],[112.4430437,-7.0019349],[112.443304,-7.0019179],[112.4437107,-7.0019004],[112.4440295,-7.0018767],[112.444306,-7.0018368],[112.4446475,-7.0018033],[112.4449174,-7.001744],[112.4453044,-7.0016551],[112.4457533,-7.0015952],[112.4460649,-7.0015278],[112.447785,-7.0012957],[112.4485158,-7.0011697],[112.4492714,-7.0010684],[112.4499526,-7.0009549],[112.450634,-7.0008909],[112.4512805,-7.0009294],[112.4518415,-7.0010327],[112.4521921,-7.0011191],[112.4525848,-7.0013918],[112.4526389,-7.0015248],[112.4526559,-7.0017392],[112.4526013,-7.0019863],[112.4524863,-7.0022863],[112.4523707,-7.0025255],[112.4522158,-7.0029341],[112.4521339,-7.0033126],[112.4520661,-7.0040021],[112.4519554,-7.0047622],[112.4518473,-7.0053225],[112.4517919,-7.0056744],[112.4516839,-7.0062188],[112.4514699,-7.0069621],[112.4513679,-7.0073141],[112.4512427,-7.007643],[112.4509619,-7.008416],[112.4508992,-7.0085588],[112.4504697,-7.009373],[112.4500989,-7.009964],[112.449884,-7.010323],[112.4494348,-7.011197],[112.4491856,-7.0116185],[112.4488484,-7.0121836],[112.448723,-7.0124627],[112.4486671,-7.0126619],[112.4486216,-7.0130038],[112.4486288,-7.0133318],[112.44867,-7.0137398],[112.4487038,-7.0139188],[112.4487908,-7.014111],[112.448921,-7.0143096],[112.4491512,-7.0145909],[112.4493201,-7.0147579],[112.4494233,-7.014824],[112.4497629,-7.015012],[112.4502221,-7.0151931],[112.4509937,-7.015413],[112.4515524,-7.0155307],[112.4521767,-7.0156201],[112.452875,-7.0157507],[112.4532772,-7.0157693],[112.4536494,-7.0157781],[112.4540381,-7.0157504],[112.4546028,-7.015659],[112.4550239,-7.0155469],[112.4554024,-7.0154296],[112.4558805,-7.0152987],[112.4562755,-7.0151449],[112.4566771,-7.0149778],[112.4570132,-7.0148082],[112.4572519,-7.014615],[112.4575501,-7.0143088],[112.4577585,-7.0140129],[112.4579501,-7.013644],[112.458089,-7.0132329],[112.4581084,-7.0130669],[112.4581012,-7.0128845],[112.4580625,-7.0127068],[112.4580145,-7.0124509],[112.4579595,-7.0121276],[112.457952,-7.0119053],[112.4579512,-7.0116425],[112.4579909,-7.0113863],[112.4581377,-7.0108468],[112.4584398,-7.0103135],[112.4588625,-7.0097494],[112.4590186,-7.0095766],[112.4594739,-7.0091405],[112.4596751,-7.0089437],[112.460199,-7.0086462],[112.4607292,-7.0084007],[112.4614903,-7.0080935],[112.4619455,-7.0079237],[112.4630441,-7.0076886],[112.4636145,-7.007565],[112.4643348,-7.0074303],[112.4652662,-7.0069848],[112.465996,-7.0068606],[112.4667544,-7.0066798],[112.4670516,-7.0066126],[112.4687494,-7.0061673],[112.4694868,-7.0059793],[112.4697627,-7.0059202],[112.470662,-7.0056841],[112.4717969,-7.0054254],[112.4726883,-7.0052185],[112.473755,-7.0048855],[112.4752155,-7.0044344],[112.4763587,-7.00407],[112.4782051,-7.0034349],[112.4786877,-7.0032977],[112.4796682,-7.0030836],[112.4804677,-7.0029152],[112.4810714,-7.0028832],[112.4818413,-7.0028958],[112.4822641,-7.0029095],[112.4825511,-7.002984],[112.4827929,-7.0030737],[112.4829768,-7.0032162],[112.4830228,-7.003299],[112.4830854,-7.0034149],[112.4831191,-7.003564],[112.4831197,-7.0037341],[112.4830952,-7.0038627],[112.4830353,-7.0042725],[112.4829451,-7.0046502],[112.4828917,-7.0048328],[112.482834,-7.0049615],[112.4827222,-7.0050862],[112.4824076,-7.0054148],[112.4820225,-7.0057975],[112.4814046,-7.0063999],[112.480945,-7.006845],[112.4806096,-7.0071695],[112.4803777,-7.0073858],[112.4801708,-7.0076187],[112.4800882,-7.0077641],[112.4799595,-7.0080374],[112.4798236,-7.008411],[112.4797661,-7.008602],[112.4797335,-7.0088052],[112.4797216,-7.0089711],[112.4797264,-7.0091743],[112.4797522,-7.0094769],[112.4797902,-7.0096675],[112.4798196,-7.0097587],[112.4799334,-7.0100681],[112.4801462,-7.0103951],[112.4803589,-7.0106598],[112.4805255,-7.0108002],[112.4807128,-7.0109489],[112.4809084,-7.0110727],[112.4811164,-7.0111632],[112.4813618,-7.0112578],[112.4816278,-7.0113316],[112.4818814,-7.0114096],[112.4823136,-7.0114705],[112.4827539,-7.0114774],[112.4829615,-7.011456],[112.4831897,-7.0114013],[112.4835092,-7.0112801],[112.4837487,-7.0111677],[112.484163,-7.0108554],[112.4846144,-7.0104186],[112.4849532,-7.0098702],[112.4851062,-7.0096375],[112.4852634,-7.0094546],[112.4855173,-7.0091787],[112.4859977,-7.0087169],[112.4862005,-7.0085214],[112.4865411,-7.0081986],[112.4866779,-7.0081193],[112.4869973,-7.0079773],[112.4873955,-7.007831],[112.4878145,-7.0076721],[112.4883537,-7.007434],[112.4886648,-7.0073211],[112.4887686,-7.0072959],[112.4890261,-7.0072826],[112.4893376,-7.0072941],[112.4896574,-7.0073013],[112.4901425,-7.0073573],[112.4904915,-7.0073853],[112.490911,-7.0073964],[112.4913431,-7.0074282],[112.4915882,-7.0074606],[112.4920703,-7.0075503],[112.4924901,-7.0076443],[112.4928517,-7.0077385],[112.4933619,-7.0078453],[112.4938815,-7.0079846],[112.4944095,-7.0081488],[112.4949957,-7.0083252],[112.4954988,-7.0084978],[112.4957567,-7.0085965],[112.4963838,-7.0088578],[112.497066,-7.0091832],[112.4977398,-7.0094878],[112.4981391,-7.0096607],[112.4982556,-7.0097226],[112.4983471,-7.009772],[112.4983721,-7.0097927],[112.4983848,-7.0098507],[112.4983234,-7.0101328],[112.4982493,-7.0103528],[112.4982288,-7.0104358],[112.4982332,-7.0105188],[112.4982709,-7.0106181],[112.4983558,-7.0107285],[112.4984724,-7.0108277],[112.4984977,-7.0109271],[112.4985397,-7.011068],[112.4985484,-7.0112172],[112.4985572,-7.0113582],[112.4985371,-7.0115821],[112.4985332,-7.0116568],[112.4984755,-7.0117938],[112.4983478,-7.0121135],[112.4982694,-7.0122672],[112.4978602,-7.013085],[112.4977529,-7.0132844],[112.4976869,-7.0134338],[112.4975675,-7.0137452],[112.49732,-7.0143058],[112.4972211,-7.0145383],[112.4969771,-7.0150309],[112.4968906,-7.0152675],[112.4968743,-7.0153546],[112.4968539,-7.0154832],[112.4968588,-7.0157154],[112.4968639,-7.0160056],[112.4968984,-7.0163068],[112.496953,-7.0165098],[112.4970869,-7.0168038],[112.4971661,-7.0169197],[112.4972371,-7.0170231],[112.4973787,-7.0171471],[112.497462,-7.0172256],[112.4977156,-7.0172994],[112.4980481,-7.0173605],[112.4985378,-7.0172429],[112.4987079,-7.0171884],[112.4989402,-7.017084],[112.4992553,-7.0169213],[112.4995787,-7.0167378],[112.4997612,-7.0166502],[112.499968,-7.0163758],[112.5001499,-7.0161265],[112.5002947,-7.0159187],[112.5004806,-7.0156195],[112.5005919,-7.0153621],[112.500746,-7.0147732],[112.5008478,-7.0141592],[112.5008883,-7.0138191],[112.50092,-7.0133339],[112.5009443,-7.0131555],[112.5009607,-7.0128788],[112.500968,-7.0125636],[112.5009579,-7.0119997],[112.5009489,-7.01178],[112.5009931,-7.0113196],[112.5011174,-7.0111295],[112.5011959,-7.0109716],[112.5013665,-7.0108548],[112.5015021,-7.0108544],[112.5019657,-7.0109207],[112.5025879,-7.0111105],[112.5032778,-7.0112776],[112.5038434,-7.0114451],[112.505829,-7.0118366],[112.5070269,-7.0119949],[112.5079201,-7.0120934],[112.5090978,-7.012272],[112.5101329,-7.0123092],[112.5108029,-7.0123881],[112.5112701,-7.0125285],[112.5117578,-7.0127094],[112.5121647,-7.0130323],[112.5124504,-7.0134976],[112.5125533,-7.0139634],[112.5125138,-7.0142879],[112.5119707,-7.0157895],[112.5115281,-7.0169867],[112.5109192,-7.0182942],[112.5105853,-7.0188059],[112.510028,-7.0193821],[112.5094703,-7.0198626],[112.5071986,-7.0209931],[112.5063375,-7.0212491],[112.5049946,-7.0214559],[112.5031557,-7.0218381],[112.5027838,-7.0219601],[112.502528,-7.022026],[112.5021017,-7.022104],[112.5013295,-7.0222412],[112.5009155,-7.0223215],[112.5004643,-7.0224112],[112.5001295,-7.0225006],[112.4996925,-7.0226414],[112.4993577,-7.0227632],[112.4991532,-7.0228475],[112.4986235,-7.0230864],[112.4981903,-7.023307],[112.4976843,-7.0236165],[112.4974548,-7.023779],[112.4970222,-7.0241666],[112.4966995,-7.0246007],[112.4965017,-7.0248884],[112.49632,-7.0252595],[112.4962059,-7.0255573],[112.4961179,-7.0258237],[112.4960855,-7.0259486],[112.4961026,-7.0263817],[112.4961668,-7.026846],[112.4963519,-7.0275186],[112.4965469,-7.0280137],[112.4967364,-7.0284201],[112.4968626,-7.0286598],[112.4971639,-7.0291804],[112.4974423,-7.0295918],[112.4977258,-7.029977],[112.4980878,-7.0303673],[112.4985126,-7.0308199],[112.4990055,-7.0312776],[112.4996102,-7.0317854],[112.5002652,-7.0322791],[112.5007945,-7.0326792],[112.5015598,-7.0333395],[112.5019579,-7.0336044],[112.5026255,-7.0339509],[112.5032329,-7.0342829],[112.5042122,-7.0348068],[112.5048824,-7.0351543],[112.5056421,-7.0356737],[112.5065304,-7.0362265],[112.5079916,-7.0370672],[112.5085548,-7.0373244],[112.5112154,-7.0390169],[112.5122054,-7.0397117],[112.512769,-7.04015],[112.5137444,-7.0410573],[112.5145825,-7.0417829],[112.5159095,-7.0433416],[112.516505,-7.044235],[112.5179353,-7.0460829],[112.5187643,-7.0467531],[112.5192247,-7.0470574],[112.5198684,-7.0472388],[112.5204501,-7.0472063],[112.5210623,-7.0471126],[112.5219181,-7.0465899],[112.5226196,-7.0457313],[112.5229237,-7.0450575],[112.5230124,-7.0440786],[112.5228551,-7.0428252],[112.5224525,-7.0414503],[112.522418,-7.0402577],[112.5225994,-7.0395231],[112.5230878,-7.0390322],[112.5235775,-7.0389694],[112.5242516,-7.039059],[112.5249266,-7.0394544],[112.5258783,-7.0401852],[112.5266769,-7.0409166],[112.5298847,-7.0438749],[112.5310733,-7.0447114],[112.5330664,-7.0459273],[112.5348688,-7.0472966],[112.5360967,-7.0484386],[112.537516,-7.0496182],[112.5387442,-7.0508748],[112.5399726,-7.0521695],[112.5408551,-7.0529689],[112.5414304,-7.0534254],[112.5421198,-7.0536905],[112.5428852,-7.0537644],[112.5436496,-7.0535708],[112.5441837,-7.0531489],[112.5443732,-7.0526134],[112.5444846,-7.0515816],[112.5443616,-7.049099],[112.5445117,-7.0482199],[112.5448162,-7.0477605],[112.5449815,-7.0476393],[112.5453416,-7.0474929],[112.5457323,-7.047477],[112.5460686,-7.0474855],[112.5464671,-7.0475461],[112.546707,-7.0475824],[112.5469909,-7.0476661],[112.5476628,-7.0478701],[112.547898,-7.0479517],[112.5486691,-7.0482725],[112.5491589,-7.0485055],[112.5496276,-7.0487387],[112.5499097,-7.0488964],[112.5504042,-7.0492064],[112.5505691,-7.0493171],[112.5512721,-7.0497568],[112.5516254,-7.0499738],[112.5517526,-7.0500578],[112.5521387,-7.0502953],[112.5524769,-7.0505307],[112.5523841,-7.0509451],[112.5522971,-7.0512971],[112.5522168,-7.0514812],[112.5521025,-7.0515206],[112.5518629,-7.051597],[112.5516894,-7.0516595],[112.5514836,-7.0517543],[112.5512953,-7.0518516],[112.5512134,-7.0518766],[112.5511638,-7.0518892],[112.5511193,-7.0519339],[112.5510822,-7.0519786],[112.5510625,-7.0520357],[112.5510358,-7.0522216],[112.5510186,-7.0522539],[112.5509771,-7.0523153],[112.5509251,-7.05237],[112.5508854,-7.05238],[112.5508034,-7.0523629],[112.5505822,-7.0522894],[112.5498268,-7.0520615],[112.5497025,-7.0520321],[112.5496603,-7.0520323],[112.5495958,-7.0520424],[112.5495289,-7.0520823],[112.5494522,-7.052137],[112.5493828,-7.0521967],[112.549306,-7.0522391],[112.5492539,-7.0522442],[112.5491744,-7.0522222],[112.549085,-7.0522126],[112.5490279,-7.0522152],[112.5489857,-7.0522327],[112.5489245,-7.05231],[112.5488481,-7.0524688],[112.5487568,-7.0526401],[112.5486826,-7.052732],[112.5486257,-7.0527842],[112.5483607,-7.0529883],[112.5482469,-7.0531076],[112.5481826,-7.0531697],[112.5481654,-7.0532267],[112.5481754,-7.0532664],[112.5482624,-7.0533352],[112.5483421,-7.0534092],[112.548377,-7.0534562],[112.5484144,-7.0535007],[112.5484295,-7.0535551],[112.5484296,-7.0535997],[112.5484174,-7.0536518],[112.5483829,-7.0537213],[112.548294,-7.0538603],[112.5481332,-7.0540491],[112.54805,-7.0541566],[112.5482105,-7.05425],[112.548145,-7.0543787],[112.5480575,-7.0545075],[112.5480075,-7.0545922],[112.5479501,-7.0546585],[112.5478663,-7.0546504],[112.5477489,-7.0546341],[112.5476707,-7.0546287],[112.5476177,-7.0546345],[112.5475927,-7.0546569],[112.5475263,-7.0548466],[112.5475432,-7.0548911],[112.5475685,-7.0549579],[112.5475687,-7.055008],[112.5475605,-7.0550554],[112.5475077,-7.055142],[112.5474373,-7.0552227],[112.5473984,-7.0552897],[112.5473791,-7.0553539],[112.5473711,-7.0554486],[112.5473686,-7.0555601],[112.5473688,-7.0555991],[112.5473382,-7.0556522],[112.5472826,-7.0557081],[112.5472407,-7.0557194],[112.5471652,-7.0556917],[112.5470283,-7.055642],[112.5469584,-7.0556339],[112.5468691,-7.0556314],[112.5468077,-7.0556511],[112.5467634,-7.055746],[112.5467246,-7.0558381],[112.5466775,-7.0559525],[112.5466638,-7.0560417],[112.546656,-7.0562117],[112.546662,-7.056351],[112.5466877,-7.0564142],[112.5467465,-7.0564725],[112.5467997,-7.0565114],[112.5468417,-7.0565447],[112.5468809,-7.056578],[112.5468866,-7.0566225],[112.5468896,-7.0566922],[112.5468814,-7.0567535],[112.5468592,-7.056787],[112.5468229,-7.0567927],[112.5467559,-7.0567818],[112.5466496,-7.0567376],[112.5465491,-7.0567156],[112.5464765,-7.0567159],[112.5463788,-7.0567385],[112.5461891,-7.0567837],[112.5460831,-7.0568035],[112.5460134,-7.0568372],[112.5459605,-7.0568792],[112.545902,-7.056949],[112.5458521,-7.0570551],[112.5458329,-7.0571527],[112.5458415,-7.0572251],[112.5458669,-7.0572947],[112.5459841,-7.0574431],[112.5460283,-7.0574962],[112.5460976,-7.0575649],[112.5461386,-7.0576118],[112.5461702,-7.05769],[112.5462463,-7.0578904],[112.5462621,-7.0579342],[112.5462623,-7.0579781],[112.5462781,-7.0580282],[112.5463065,-7.0580657],[112.5463318,-7.0581063],[112.5463602,-7.0581439],[112.5463666,-7.0581877],[112.5463605,-7.0582347],[112.5463418,-7.0582724],[112.5463325,-7.0583132],[112.5463357,-7.0583383],[112.5463709,-7.0584251],[112.5464371,-7.0585095],[112.5464812,-7.0585501],[112.5465159,-7.0585907],[112.5465411,-7.0586345],[112.5465729,-7.0587253],[112.546592,-7.0588318],[112.5466237,-7.0589037],[112.5466647,-7.05896],[112.5468066,-7.0591257],[112.5468601,-7.0591756],[112.5468948,-7.0592194],[112.5469075,-7.0592538],[112.5469046,-7.0593228],[112.5468923,-7.0594012],[112.5468741,-7.0595136],[112.5468743,-7.0595668],[112.5468776,-7.0596076],[112.5468715,-7.059664],[112.5468466,-7.0597268],[112.5468279,-7.0597801],[112.5468188,-7.0598648],[112.5468098,-7.0599964],[112.5467884,-7.0601689],[112.5467355,-7.0603258],[112.5466825,-7.0604388],[112.5466231,-7.0605204],[112.5465888,-7.0605989],[112.5465353,-7.0607015],[112.5465012,-7.0608301],[112.5464951,-7.0609053],[112.5464922,-7.060968],[112.546505,-7.0610369],[112.5465304,-7.0611246],[112.5465622,-7.0612404],[112.5465751,-7.0613376],[112.5465915,-7.0615412],[112.546598,-7.0616196],[112.546598,-7.061713],[112.546614,-7.0618038],[112.5466364,-7.0619228],[112.5466525,-7.0620387],[112.5466658,-7.0622518],[112.5466506,-7.0624023],[112.5466291,-7.0625434],[112.5465887,-7.0626908],[112.5465701,-7.062763],[112.5465602,-7.0629061],[112.546555,-7.0630344],[112.5465498,-7.0631459],[112.5465558,-7.0632797],[112.5465702,-7.0634134],[112.5465678,-7.0635082],[112.5465264,-7.0637675],[112.5464906,-7.0639377],[112.5464687,-7.0640632],[112.5464578,-7.0641413],[112.5464525,-7.0642193],[112.5464533,-7.0644674],[112.5464623,-7.0646542],[112.5464543,-7.0647713],[112.5464111,-7.0652947],[112.5464061,-7.0654815],[112.5464094,-7.0656488],[112.5464126,-7.0657519],[112.5464129,-7.0658679],[112.5464385,-7.0659961],[112.546464,-7.0660935],[112.5464726,-7.0661688],[112.5464758,-7.0662831],[112.5464707,-7.066428],[112.5464388,-7.0665399],[112.546221,-7.0664807],[112.5460768,-7.0664405],[112.5459763,-7.0664325],[112.545845,-7.0664357],[112.5456942,-7.0664529],[112.5454709,-7.0665206],[112.5453734,-7.0665284],[112.5451483,-7.0665217],[112.5447806,-7.066478],[112.544593,-7.0664711],[112.5442396,-7.0664508],[112.5439842,-7.0664321],[112.5437326,-7.0663976],[112.5433729,-7.0663439],[112.5430647,-7.0663147],[112.5425795,-7.0663084],[112.5423928,-7.0663032],[112.5419564,-7.0662262],[112.541814,-7.0664858],[112.5416053,-7.0669743],[112.5414868,-7.0672706],[112.5410847,-7.0685461],[112.5410561,-7.0687266],[112.5410328,-7.0688937],[112.5409949,-7.0690036],[112.5408332,-7.0692475],[112.5413128,-7.0697231],[112.541332,-7.0697613],[112.5412326,-7.070067],[112.54102,-7.0708027],[112.5409344,-7.071093],[112.5409013,-7.0712029],[112.5408824,-7.0712697],[112.540792,-7.0714037],[112.5406458,-7.0719959],[112.5404894,-7.0723973],[112.5403902,-7.0727413],[112.5403909,-7.0729512],[112.5403775,-7.073179],[112.5403315,-7.0736994],[112.5403129,-7.073876],[112.5403018,-7.0748353],[112.5402866,-7.0749916],[112.5400924,-7.0755363],[112.5400166,-7.0757179],[112.5398279,-7.0764869],[112.5396761,-7.0768215],[112.5394859,-7.0771228],[112.5393704,-7.0773134],[112.5392802,-7.0774951],[112.5391421,-7.0776483],[112.539023,-7.0777823],[112.538909,-7.0780022],[112.5386566,-7.078275],[112.5385756,-7.0783564],[112.5385184,-7.0784044],[112.5383902,-7.0786577],[112.5383239,-7.0788297],[112.5382292,-7.0790878],[112.5381724,-7.079255],[112.5381585,-7.0794173],[112.5380692,-7.0800362],[112.5378636,-7.0800034],[112.5375371,-7.081021],[112.5375234,-7.0810392],[112.5374009,-7.0810247],[112.5371408,-7.0809391],[112.5369225,-7.0808325],[112.5366803,-7.0807409],[112.5365547,-7.0806578],[112.536402,-7.080545],[112.5363331,-7.0804767],[112.536231,-7.0803011],[112.5361558,-7.0801404],[112.5357824,-7.0796889],[112.5354077,-7.0792609],[112.5353444,-7.0790822],[112.5352937,-7.0790823],[112.5351745,-7.0791573],[112.534969,-7.0793339],[112.5348232,-7.0794953],[112.5346864,-7.0796478],[112.5345182,-7.0798142],[112.5343633,-7.0799459],[112.5342053,-7.0800299],[112.5340354,-7.080102],[112.5338207,-7.0801892],[112.5336746,-7.0802493],[112.5334809,-7.0803602],[112.5333856,-7.080441],[112.5331691,-7.0806922],[112.5329222,-7.0809613],[112.5327882,-7.0810691],[112.5326452,-7.0811769],[112.5324607,-7.0813288],[112.532285,-7.0814576],[112.532148,-7.0815683],[112.5319962,-7.0817239],[112.5318356,-7.0819152],[112.5317434,-7.0820258],[112.5316963,-7.0822108],[112.5316641,-7.0824166],[112.5316169,-7.0826016],[112.5315837,-7.0827499],[112.5315697,-7.0830421],[112.5315701,-7.0831554],[112.5315852,-7.083209],[112.531699,-7.0832981],[112.5318127,-7.0833782],[112.5318905,-7.0834376],[112.5319325,-7.0834792],[112.5319732,-7.0836075],[112.532,-7.0837018],[112.5320251,-7.0837613],[112.5320618,-7.0838225],[112.53213,-7.0838967],[112.5321916,-7.0839495],[112.5322431,-7.0839908],[112.5323097,-7.0840501],[112.5323762,-7.0841145],[112.5324112,-7.0841608],[112.5324295,-7.0841938],[112.532438,-7.0842335],[112.5324283,-7.0843114],[112.5324152,-7.0843578],[112.532363,-7.0845119],[112.5323153,-7.0846445],[112.5322891,-7.0847274],[112.5322544,-7.0847805],[112.5321385,-7.0848306],[112.5320375,-7.0848822],[112.531958,-7.0849206],[112.5318968,-7.0849738],[112.5318489,-7.0850302],[112.5318142,-7.085075],[112.5317331,-7.0851084],[112.5315525,-7.0851587],[112.5313974,-7.0852316],[112.53126,-7.0852999],[112.5312086,-7.0853183],[112.5311373,-7.0853086],[112.5310709,-7.0853072],[112.5310395,-7.0853255],[112.5310229,-7.0853437],[112.5310098,-7.0853686],[112.5310017,-7.0854349],[112.5310285,-7.0855077],[112.5310867,-7.085572],[112.5311401,-7.0856629],[112.5311853,-7.0858019],[112.5312188,-7.0859044],[112.5312443,-7.0860166],[112.531263,-7.0861424],[112.531275,-7.08625],[112.5312804,-7.0863857],[112.5312776,-7.0865348],[112.5312715,-7.0867087],[112.5312689,-7.086811],[112.5312874,-7.086907],[112.531316,-7.0870361],[112.5313596,-7.0871635],[112.5313797,-7.087228],[112.5313915,-7.0872826],[112.5313901,-7.0873687],[112.5313656,-7.0874747],[112.531296,-7.0876686],[112.531212,-7.0878493],[112.5310931,-7.0880087],[112.5309876,-7.0881962],[112.5309201,-7.0883404],[112.5308789,-7.0884316],[112.530804,-7.0885808],[112.5307495,-7.0886489],[112.5306785,-7.0887336],[112.5306091,-7.0888266],[112.5305581,-7.0889327],[112.5305221,-7.0890736],[112.5305093,-7.0892226],[112.5305196,-7.0893485],[112.5305771,-7.0895633],[112.5306971,-7.0897583],[112.530847,-7.0899598],[112.5309986,-7.0901415],[112.5311306,-7.0903377],[112.5311839,-7.0904286],[112.5312091,-7.0905096],[112.5312193,-7.0905874],[112.5311936,-7.0908359],[112.531194,-7.0909251],[112.5312108,-7.0909664],[112.5312789,-7.0910175],[112.5313835,-7.091042],[112.5315295,-7.0910564],[112.5315892,-7.0910778],[112.5317439,-7.091213],[112.5319137,-7.0914012],[112.5320185,-7.0915052],[112.5321331,-7.0915933],[112.5322245,-7.091641],[112.5323075,-7.0916639],[112.5325148,-7.0916699],[112.5327469,-7.0916509],[112.5328613,-7.0916472],[112.5329211,-7.0916586],[112.5329842,-7.0916998],[112.533099,-7.0917888],[112.5331822,-7.0918763],[112.5332105,-7.0919193],[112.5333228,-7.0919398],[112.5335271,-7.0919603],[112.5336757,-7.0919651],[112.5337632,-7.0919807],[112.5338881,-7.0920492],[112.5340023,-7.0920885],[112.5341883,-7.0921965],[112.5343609,-7.0922727],[112.5345097,-7.0923596],[112.534669,-7.0924226],[112.5347966,-7.0925069],[112.5348791,-7.0925914],[112.5349165,-7.0926627],[112.5349273,-7.0927263],[112.534938,-7.0927712],[112.5347955,-7.0929835],[112.5347091,-7.0931185],[112.5347098,-7.0933409],[112.5347213,-7.0935977],[112.534709,-7.0938996],[112.5347068,-7.0940373],[112.5347018,-7.0941168],[112.5347855,-7.0942351],[112.5349442,-7.0944442],[112.5350342,-7.0945522],[112.5350721,-7.0946015],[112.5352191,-7.0948411],[112.5353492,-7.0949773],[112.5355156,-7.0951407],[112.5356055,-7.0952228],[112.5356363,-7.0952698],[112.5356529,-7.0953074],[112.5356649,-7.0953568],[112.5356981,-7.0954226],[112.5357407,-7.0954672],[112.5357974,-7.0955023],[112.5358905,-7.0955504],[112.5357907,-7.09576],[112.535617,-7.0961434],[112.5352898,-7.0964113],[112.5343219,-7.0973533],[112.5340514,-7.0974488],[112.5338148,-7.0975239],[112.5335243,-7.0977074],[112.5331561,-7.0979746],[112.5330141,-7.0980224],[112.5327841,-7.098084],[112.5326759,-7.0981316],[112.5325544,-7.0982199],[112.5324127,-7.0983691],[112.5322509,-7.0985791],[112.5322037,-7.0986131],[112.5320277,-7.0986137],[112.5316355,-7.0987569],[112.5311351,-7.098914],[112.5308984,-7.0990094],[112.5307295,-7.0991046],[112.5304962,-7.0992976],[112.5303612,-7.0994197],[112.5301386,-7.099657],[112.5299088,-7.0997794],[112.529706,-7.0998544],[112.5296044,-7.099848],[112.5293199,-7.0997813],[112.529076,-7.0997416],[112.5287984,-7.0997155],[112.5286292,-7.0997295],[112.5284533,-7.0997572],[112.5283281,-7.0997914],[112.5281991,-7.0998206],[112.527933,-7.0998774],[112.5276345,-7.0999203],[112.5273264,-7.0999885],[112.5271022,-7.1000228],[112.5269705,-7.100026],[112.5268554,-7.0999816],[112.5267571,-7.0999232],[112.526656,-7.099862],[112.526541,-7.0998484],[112.526429,-7.0998823],[112.5263256,-7.0999694],[112.5261035,-7.1002463],[112.5260116,-7.1004173],[112.5259,-7.1005687],[112.5256904,-7.1007625],[112.5256375,-7.1008662],[112.5255653,-7.1010874],[112.5255098,-7.1012695],[112.5254233,-7.1013817],[112.5253062,-7.1014803],[112.5252775,-7.101386],[112.5252073,-7.1011375],[112.5251025,-7.1008986],[112.5249789,-7.1007196],[112.5247447,-7.1004811],[112.5245108,-7.1003056],[112.523946,-7.1000295],[112.5234735,-7.0998327],[112.5232405,-7.0997826],[112.5222358,-7.0995659],[112.5219887,-7.1002382],[112.5206101,-7.1021176],[112.5204186,-7.1023783],[112.5200206,-7.103005],[112.5197406,-7.1029035],[112.5192767,-7.1028591],[112.5188952,-7.1030971],[112.5187125,-7.1031763],[112.518539,-7.1031769],[112.5183765,-7.1032905],[112.5182703,-7.1032731],[112.5180262,-7.1033163],[112.5177855,-7.1033277],[112.5175481,-7.1032649],[112.5175056,-7.1032544],[112.5174879,-7.103258],[112.5174358,-7.1035656],[112.5175426,-7.1037561],[112.5175604,-7.1037878],[112.5175432,-7.1039186],[112.5175113,-7.1039152],[112.5172311,-7.1037359],[112.5169927,-7.1033621],[112.5167331,-7.1030273],[112.5166939,-7.1029214],[112.5166579,-7.1027519],[112.5164295,-7.1027619],[112.5163592,-7.1029106],[112.5162863,-7.103356],[112.5162558,-7.1035394],[112.5161998,-7.1037091],[112.5162327,-7.1040482],[112.5162985,-7.1046628],[112.5163917,-7.1050194],[112.5165632,-7.1053675],[112.5168087,-7.1057554],[112.5170365,-7.1061362],[112.517101,-7.106315],[112.517151,-7.1064597],[112.5171732,-7.1067529],[112.5172487,-7.107099],[112.5172499,-7.1074664],[112.5168674,-7.1074005],[112.5165342,-7.1072674],[112.5161659,-7.1072403],[112.5158576,-7.1071388],[112.5158045,-7.1071284],[112.5154448,-7.1071374],[112.5151794,-7.1071736],[112.5149209,-7.1071462],[112.514797,-7.1071572],[112.5146095,-7.1071755],[112.5144997,-7.1071758],[112.5142519,-7.107166],[112.5140997,-7.1071701],[112.5137839,-7.1069556],[112.5135429,-7.106861],[112.5133374,-7.1068157],[112.5131674,-7.106788],[112.5127393,-7.1066867],[112.5125911,-7.1068426],[112.5110749,-7.1064942],[112.5103526,-7.1064754],[112.5102307,-7.10708],[112.5098214,-7.1070849],[112.509696,-7.1077213],[112.5088106,-7.1075864],[112.5085485,-7.1075413],[112.5075747,-7.107442],[112.5064357,-7.1073324],[112.5052247,-7.1072126],[112.502956,-7.1070151],[112.5013275,-7.1068148],[112.5012537,-7.1073344],[112.5012323,-7.1076197],[112.5010991,-7.1078698],[112.501086,-7.1079634],[112.5011048,-7.1082308],[112.5011109,-7.1084499],[112.5010452,-7.108855],[112.5009444,-7.1093237],[112.5009062,-7.1095245],[112.5008362,-7.1098871],[112.5007872,-7.1100246],[112.5007243,-7.1101973],[112.5006863,-7.1104581],[112.5006549,-7.1105603],[112.5005672,-7.1107085],[112.5005078,-7.1108953],[112.500389,-7.1112372],[112.5003506,-7.1113641],[112.5003048,-7.1114478],[112.4999955,-7.111808],[112.4996791,-7.1121612],[112.4995631,-7.1122918],[112.4994754,-7.1124506],[112.4993733,-7.1127665],[112.4992827,-7.1130978],[112.499283,-7.1131929],[112.4993152,-7.1133548],[112.4993262,-7.1134639],[112.499309,-7.1135943],[112.4992218,-7.1139079],[112.4991729,-7.114063],[112.4991697,-7.1141511],[112.4991776,-7.1143053],[112.4991532,-7.1144004],[112.4990972,-7.1145168],[112.4990199,-7.1146227],[112.4989815,-7.1147355],[112.4989608,-7.1148905],[112.4989265,-7.115204],[112.4988952,-7.1153344],[112.4987865,-7.1155496],[112.4987488,-7.1155959],[112.4986754,-7.1155561],[112.4985672,-7.1154886],[112.4985148,-7.1154592],[112.4984712,-7.1154594],[112.4984121,-7.1154926],[112.4983077,-7.1155695],[112.4982539,-7.1156201],[112.4982244,-7.1156689],[112.4982141,-7.1157142],[112.498209,-7.1157577],[112.498169,-7.1157926],[112.4979724,-7.1158854],[112.4978411,-7.1159647],[112.497815,-7.1159804],[112.4977169,-7.1160502],[112.4976529,-7.1162017],[112.4976097,-7.1162853],[112.4975473,-7.1163968],[112.4974883,-7.1164578],[112.4974014,-7.1165398],[112.4973355,-7.11662],[112.4972783,-7.1167019],[112.4971652,-7.1169279],[112.4970666,-7.1171281],[112.4970129,-7.1172257],[112.4969678,-7.1172971],[112.4969314,-7.1173494],[112.4968966,-7.1173582],[112.4967712,-7.1173638],[112.4965169,-7.1173629],[112.4964629,-7.1173822],[112.496416,-7.1174293],[112.4962387,-7.117704],[112.4961104,-7.1178922],[112.4960654,-7.1179845],[112.4960499,-7.1180471],[112.49605,-7.1180837],[112.4960412,-7.1182518],[112.4960141,-7.1183436],[112.4959363,-7.1184728],[112.4958993,-7.1185276],[112.495876,-7.1185921],[112.4958724,-7.1186721],[112.4958786,-7.1187756],[112.4958808,-7.1188674],[112.4958771,-7.1189221],[112.4958733,-7.118969],[112.4957805,-7.1193279],[112.4957108,-7.1195469],[112.4956624,-7.1197247],[112.4956003,-7.1199317],[112.4955812,-7.1200665],[112.4955742,-7.1203301],[112.4955889,-7.1206484],[112.4956089,-7.1207674],[112.4956488,-7.1209598],[112.4957061,-7.1211373],[112.495732,-7.121272],[112.4957402,-7.1213891],[112.4957624,-7.1215721],[112.4957723,-7.1216189],[112.4958311,-7.121646],[112.4960229,-7.1216591],[112.496295,-7.121707],[112.4963989,-7.1217731],[112.4965519,-7.1219073],[112.4966658,-7.1220241],[112.4967816,-7.1221331],[112.4971068,-7.1224693],[112.4974092,-7.1226732],[112.4977017,-7.1228525],[112.4979841,-7.1230046],[112.4981428,-7.1231029],[112.498608,-7.1233674],[112.498784,-7.1234878],[112.498898,-7.1235615],[112.4989677,-7.1236822],[112.4990573,-7.1238548],[112.4991394,-7.1240076],[112.4992474,-7.1242535],[112.4992898,-7.1243546],[112.4993123,-7.1244434],[112.4993425,-7.1245766],[112.4993228,-7.1246087],[112.4991398,-7.1246414],[112.4988976,-7.124699],[112.4987817,-7.1247882],[112.498641,-7.1249047],[112.4984425,-7.1251262],[112.4982158,-7.1253787],[112.4981173,-7.1255272],[112.4980284,-7.1255719],[112.497932,-7.1255945],[112.4976673,-7.125583],[112.4971673,-7.1254537],[112.4967442,-7.1253191],[112.4965438,-7.1253049],[112.4961307,-7.1253013],[112.49596,-7.1252871],[112.4957743,-7.1252309],[112.4955439,-7.1251354],[112.4954695,-7.1250764],[112.4954049,-7.1249877],[112.4953128,-7.1248004],[112.4952626,-7.1245783],[112.4952547,-7.1244204],[112.4952575,-7.124038],[112.4952101,-7.1238901],[112.4951127,-7.1236213],[112.4949834,-7.1234143],[112.4948195,-7.1232075],[112.494568,-7.1230115],[112.4944516,-7.1229576],[112.4943625,-7.122948],[112.4942983,-7.1229655],[112.4940045,-7.1231392],[112.4937602,-7.1233326],[112.4935234,-7.123521],[112.4932536,-7.1237258],[112.4929773,-7.1239415],[112.4928565,-7.1240702],[112.4927606,-7.124236],[112.4926746,-7.1244041],[112.4924713,-7.1248199],[112.4923377,-7.1250292],[112.492123,-7.125298],[112.491927,-7.1255262],[112.4917649,-7.125639],[112.4915186,-7.1257707],[112.491249,-7.125929],[112.4909341,-7.1261327],[112.4907504,-7.1263172],[112.4904766,-7.1266486],[112.4902769,-7.1268973],[112.4899315,-7.1273037],[112.4896826,-7.1275914],[112.4894707,-7.1277697],[112.4891951,-7.1279534],[112.4890454,-7.1280162],[112.4888238,-7.1280855],[112.488621,-7.1281579],[112.48854,-7.1281987],[112.4884154,-7.1283144],[112.4881913,-7.1285677],[112.4880542,-7.1286773],[112.4879326,-7.1287338],[112.4877984,-7.1287747],[112.4876391,-7.1287815],[112.4874173,-7.128776],[112.4872516,-7.1287235],[112.4870926,-7.1286367],[112.4869234,-7.1284907],[112.4868168,-7.1283601],[112.486729,-7.1282481],[112.4866662,-7.1281642],[112.4866035,-7.1280771],[112.4865878,-7.1280491],[112.4865877,-7.1280148],[112.4866125,-7.127971],[112.4866903,-7.1278773],[112.4867745,-7.1278427],[112.48689,-7.1278143],[112.4869524,-7.1277954],[112.4870836,-7.1277949],[112.4871617,-7.1277885],[112.487246,-7.1277664],[112.4873238,-7.1276757],[112.4874509,-7.1273916],[112.4875097,-7.1272106],[112.487553,-7.1269621],[112.4876057,-7.1268279],[112.4876397,-7.1267249],[112.4876393,-7.1266064],[112.4876295,-7.1264662],[112.487601,-7.1263602],[112.4875102,-7.1262764],[112.4873569,-7.1262052],[112.4871381,-7.1261622],[112.4869193,-7.1261161],[112.486816,-7.1260572],[112.4867316,-7.1260388],[112.4866036,-7.1260642],[112.4863039,-7.1261119],[112.4860479,-7.1261532],[112.4858887,-7.1261943],[112.4857015,-7.1262541],[112.4855394,-7.1263544],[112.485334,-7.1265858],[112.4852626,-7.1267263],[112.4851539,-7.1269387],[112.4850051,-7.1272727],[112.484914,-7.1276018],[112.4848055,-7.1278733],[112.4847,-7.1280857],[112.484613,-7.1282231],[112.4845601,-7.1283013],[112.4844978,-7.1283545],[112.4844385,-7.1283796],[112.4843448,-7.128383],[112.4842574,-7.1283771],[112.4841729,-7.1283399],[112.4840946,-7.1282747],[112.48406,-7.1282031],[112.4840191,-7.1281191],[112.4840093,-7.1279726],[112.4840526,-7.1278446],[112.484146,-7.1277383],[112.4842674,-7.1276163],[112.4842798,-7.1275851],[112.4842766,-7.1275664],[112.4842547,-7.1275446],[112.4842203,-7.1275292],[112.4842201,-7.1274668],[112.4842259,-7.1273514],[112.4842288,-7.1272828],[112.4836288,-7.127185],[112.4832378,-7.1270147],[112.4828081,-7.1268141],[112.4825336,-7.1267472],[112.4825728,-7.1266722],[112.4823755,-7.1265357],[112.4821682,-7.1263805],[112.4819927,-7.1262594],[112.4819333,-7.1262284],[112.4818427,-7.126235],[112.4817366,-7.1262665],[112.4815151,-7.1263607],[112.4812531,-7.1264863],[112.4809505,-7.1265839],[112.4807538,-7.1266157],[112.4805194,-7.1265977],[112.4801483,-7.1264386],[112.4800389,-7.1263891],[112.4799763,-7.1263674],[112.4798764,-7.126374],[112.4798109,-7.1263992],[112.4797299,-7.1264898],[112.4796087,-7.1266679],[112.4793802,-7.126519],[112.4794036,-7.1260388],[112.4793971,-7.1259671],[112.4793563,-7.1259018],[112.478674,-7.1254706],[112.478358,-7.1253157],[112.4780745,-7.1251842],[112.4780526,-7.12515],[112.4780488,-7.1249536],[112.4780482,-7.1247634],[112.4780418,-7.1247073],[112.4780199,-7.1246981],[112.4776546,-7.124746],[112.4776328,-7.1247835],[112.4775272,-7.1249646],[112.4774929,-7.1249866],[112.4772774,-7.1249997],[112.4770589,-7.1250565],[112.4769123,-7.1251131],[112.4767907,-7.125179],[112.4767034,-7.1252385],[112.4765851,-7.1253386],[112.4764449,-7.1254669],[112.4763608,-7.1255389],[112.4762797,-7.1255828],[112.4761559,-7.1256213],[112.4760435,-7.1256498],[112.4759998,-7.1256592],[112.4759198,-7.1260274],[112.4758582,-7.1262988],[112.4758877,-7.1264914],[112.4757926,-7.1270373],[112.4756416,-7.127705],[112.4756254,-7.1277299],[112.4755838,-7.1277467],[112.4755646,-7.1278022],[112.4755483,-7.1279297],[112.475554,-7.1279602],[112.4756765,-7.1280595],[112.4754808,-7.1285063],[112.4754068,-7.1286942],[112.4754049,-7.128879],[112.4753904,-7.1289504],[112.4753708,-7.1290121],[112.4752875,-7.1291946],[112.4752728,-7.1292464],[112.4752732,-7.1293572],[112.4752562,-7.1294509],[112.4752314,-7.1295589],[112.4751963,-7.1296751],[112.4751033,-7.129927],[112.4750747,-7.130082],[112.4749663,-7.1306105],[112.4748035,-7.131253],[112.4747009,-7.1315243],[112.4745366,-7.1318462],[112.4744993,-7.1323109],[112.4744462,-7.1328788],[112.4743686,-7.1328726],[112.4742586,-7.1328342],[112.4740354,-7.1327963],[112.4739643,-7.1327933],[112.4739517,-7.1328965],[112.4738878,-7.133129],[112.4739284,-7.1331274],[112.4737731,-7.1335671],[112.4737419,-7.1337971],[112.4737044,-7.1340781],[112.4736243,-7.1340305],[112.4735411,-7.1340371],[112.4734325,-7.1340566],[112.4733892,-7.1351023],[112.4733732,-7.1354157],[112.4733379,-7.1359433],[112.4732191,-7.1359465],[112.4732079,-7.1359945],[112.4731889,-7.1362487],[112.4731919,-7.1363023],[112.4732062,-7.1363305],[112.4732797,-7.1363444],[112.4732273,-7.1367625],[112.4731746,-7.1371746],[112.4730927,-7.1372314],[112.4730759,-7.1372907],[112.4730322,-7.1377737],[112.4729822,-7.1380646],[112.4729432,-7.1382652],[112.4729098,-7.1384399],[112.4729155,-7.1384795],[112.4730233,-7.1385553],[112.4730432,-7.1386005],[112.4729122,-7.1391966],[112.4728232,-7.1396882],[112.4727649,-7.1400437],[112.4727261,-7.1403008],[112.4726991,-7.140682],[112.472677,-7.1408459],[112.4726403,-7.1408855],[112.4725159,-7.1408944],[112.4723829,-7.1408779],[112.4722644,-7.1409855],[112.472205,-7.1409914],[112.4720945,-7.140955],[112.4719983,-7.1409214],[112.4719301,-7.1408398],[112.4718592,-7.1408005],[112.4718338,-7.1408034],[112.4717801,-7.1408318],[112.4717378,-7.1408573],[112.4717293,-7.1408574],[112.4716273,-7.1408097],[112.4716018,-7.1408098],[112.4715284,-7.1408298],[112.471486,-7.1408666],[112.4714327,-7.1410108],[112.4714246,-7.1411237],[112.4714227,-7.1412599],[112.471356,-7.1414778],[112.4713455,-7.1415504],[112.4713483,-7.1415961],[112.4713755,-7.141674],[112.471381,-7.1417197],[112.4713599,-7.1418434],[112.4713602,-7.1419429],[112.4713661,-7.1420907],[112.4713556,-7.1421795],[112.4713693,-7.1422627],[112.4713803,-7.1423192],[112.471359,-7.1423972],[112.4713593,-7.142502],[112.4713733,-7.142693],[112.4713816,-7.1427494],[112.4713925,-7.1427843],[112.471398,-7.1428247],[112.4713981,-7.1428596],[112.4713876,-7.1429295],[112.4713422,-7.1430587],[112.4713369,-7.143091],[112.4713478,-7.1431178],[112.4713559,-7.1431366],[112.4713722,-7.1431661],[112.4713803,-7.1431957],[112.4713831,-7.1432226],[112.4713751,-7.1432548],[112.4713644,-7.1432818],[112.4713242,-7.1433195],[112.4712812,-7.1433519],[112.4712543,-7.1433762],[112.4712356,-7.1434193],[112.4712064,-7.1435538],[112.4711694,-7.1437662],[112.4711565,-7.1439383],[112.4711377,-7.1439707],[112.4711054,-7.1439923],[112.4710327,-7.1439952],[112.4710031,-7.143998],[112.4709817,-7.1440249],[112.470974,-7.1441728],[112.470953,-7.1442878],[112.4709721,-7.144363],[112.4709722,-7.144406],[112.4709617,-7.1444786],[112.4709272,-7.1446534],[112.4708847,-7.1448391],[112.4708423,-7.1450327],[112.4708558,-7.1450542],[112.4709394,-7.1450889],[112.4710095,-7.1451102],[112.4710685,-7.1450186],[112.4711008,-7.1450239],[112.4712087,-7.1450665],[112.4712545,-7.1450744],[112.471311,-7.1450608],[112.4713487,-7.1450634],[112.4713623,-7.1450902],[112.471435,-7.1451007],[112.4715374,-7.1451085],[112.4716506,-7.1451162],[112.4716802,-7.1451295],[112.4717773,-7.1451642],[112.4718878,-7.1451988],[112.4720415,-7.1452413],[112.4720154,-7.1454528],[112.4720052,-7.1455322],[112.4719719,-7.1455908],[112.4718905,-7.1456495],[112.4718634,-7.1456789],[112.4718614,-7.1457164],[112.4718615,-7.1457373],[112.4718511,-7.1457603],[112.4718324,-7.1457813],[112.4718387,-7.1458084],[112.4718534,-7.1458313],[112.4718618,-7.1458417],[112.4718703,-7.1458563],[112.4718661,-7.145871],[112.4718495,-7.1459128],[112.471833,-7.1459776],[112.4718457,-7.1460256],[112.4718564,-7.1460965],[112.4718839,-7.1462113],[112.4719029,-7.1462488],[112.4719072,-7.146276],[112.4718947,-7.1463011],[112.4718572,-7.1463576],[112.4718812,-7.1466078],[112.4718858,-7.1467372],[112.4719006,-7.1467956],[112.4719301,-7.1468561],[112.4719407,-7.146902],[112.4719284,-7.1469835],[112.4719057,-7.147088],[112.4718619,-7.1471382],[112.4718641,-7.1471633],[112.4719082,-7.147207],[112.4719397,-7.1472633],[112.4719797,-7.1473216],[112.4720008,-7.1473759],[112.4720197,-7.1474113],[112.4720347,-7.1474399],[112.4720328,-7.14749],[112.4720267,-7.1475423],[112.4720205,-7.1475694],[112.4720395,-7.1476132],[112.4720648,-7.14768],[112.4720795,-7.1477112],[112.4720943,-7.147755],[112.4721051,-7.1478469],[112.4721223,-7.1480035],[112.4721206,-7.1481288],[112.4721188,-7.1482123],[112.472119,-7.1482687],[112.4720961,-7.1483168],[112.4720835,-7.1483621],[112.4720837,-7.1484373],[112.4721068,-7.1484581],[112.4721613,-7.1484705],[112.4721864,-7.1484871],[112.4722202,-7.1485956],[112.4722372,-7.1486623],[112.4722374,-7.1487375],[112.4722377,-7.1488315],[112.472238,-7.1489004],[112.4722381,-7.1489422],[112.4722319,-7.148961],[112.4721902,-7.1490133],[112.4721234,-7.1490532],[112.472113,-7.1490846],[112.4721195,-7.1491555],[112.4721303,-7.1492678],[112.4721366,-7.1492886],[112.4721681,-7.1493345],[112.4722018,-7.1493803],[112.4722249,-7.149422],[112.4722334,-7.1494596],[112.4722377,-7.1495076],[112.4722253,-7.1495556],[112.4720775,-7.1497796],[112.4720609,-7.149813],[112.4720589,-7.1498464],[112.4720716,-7.1498944],[112.4720716,-7.1499091],[112.4720592,-7.1499404],[112.4720363,-7.1499781],[112.471953,-7.1501162],[112.47177,-7.1504524],[112.4717076,-7.1505675],[112.4716766,-7.1506971],[112.4716768,-7.1507513],[112.4716894,-7.1507889],[112.4717504,-7.1508764],[112.4718071,-7.1509368],[112.4718407,-7.1509722],[112.4718512,-7.1509951],[112.4718639,-7.1510264],[112.4718286,-7.1510969],[112.4718203,-7.1511345],[112.4718288,-7.1511804],[112.4718522,-7.1512847],[112.4718628,-7.1513327],[112.4718713,-7.1513724],[112.4718736,-7.1514225],[112.4718005,-7.1514749],[112.4717566,-7.1515043],[112.4717212,-7.1515566],[112.4717172,-7.1516088],[112.4717299,-7.1516568],[112.4718876,-7.1518819],[112.4720352,-7.1520669],[112.4720814,-7.152119],[112.4720898,-7.1521503],[112.4720816,-7.1521921],[112.4720671,-7.1522485],[112.4719757,-7.1524388],[112.4719466,-7.152512],[112.4719446,-7.1525496],[112.4719531,-7.1525747],[112.4719721,-7.1526164],[112.4719952,-7.1526518],[112.4720141,-7.1526705],[112.4720039,-7.1527666],[112.4720061,-7.1527854],[112.4720145,-7.1527958],[112.472025,-7.1528083],[112.4720355,-7.1528208],[112.4720418,-7.1528396],[112.4720419,-7.152873],[112.4720066,-7.1529462],[112.4718158,-7.1535647],[112.4717105,-7.1540098],[112.4717106,-7.1540825],[112.4717234,-7.1541409],[112.471545,-7.1546302],[112.4715555,-7.154651],[112.4716017,-7.1546884],[112.4716185,-7.1547155],[112.4716228,-7.1547343],[112.471567,-7.1549579],[112.4716112,-7.1550053],[112.4716427,-7.1550407],[112.47167,-7.1550636],[112.4716847,-7.1550865],[112.4716848,-7.1551115],[112.471664,-7.1551575],[112.4716138,-7.1551786],[112.4715532,-7.1551809],[112.4715219,-7.1552019],[112.471499,-7.1552458],[112.4714637,-7.1553232],[112.4713244,-7.1556139],[112.4712516,-7.1557624],[112.4712183,-7.1558126],[112.4710248,-7.1559085],[112.4707929,-7.1560199],[112.4705652,-7.1561272],[112.4705548,-7.1561439],[112.4705696,-7.1562002],[112.4706098,-7.1563254],[112.4706183,-7.156363],[112.4706059,-7.1564194],[112.4705726,-7.1564717],[112.470577,-7.1565385],[112.4705897,-7.1565782],[112.4705669,-7.1566471],[112.4705001,-7.1567079],[112.4704918,-7.1567351],[112.4704921,-7.1568577],[112.4705006,-7.1569015],[112.4705551,-7.1569223],[112.4705949,-7.1569367],[112.4706033,-7.1569472],[112.4706034,-7.1569785],[112.4705749,-7.1572187],[112.4705645,-7.1572501],[112.4705562,-7.1572605],[112.4705102,-7.1572607],[112.4703531,-7.1572132],[112.4702777,-7.1572071],[112.4702129,-7.1572053],[112.4701857,-7.1572095],[112.4701523,-7.1572535],[112.4701232,-7.1573141],[112.4701171,-7.1573643],[112.4701256,-7.1573997],[112.470132,-7.1574248],[112.4704088,-7.1576286],[112.4704487,-7.1576695],[112.4704488,-7.1577092],[112.4704093,-7.1577678],[112.4703676,-7.1578076],[112.4703572,-7.1578411],[112.4703448,-7.1578766],[112.4703386,-7.1579184],[112.470322,-7.157956],[112.4702761,-7.1580105],[112.4702575,-7.1580648],[112.4702306,-7.1581672],[112.4702163,-7.1582738],[112.4701707,-7.1584013],[112.4701333,-7.1584808],[112.4700246,-7.1586395],[112.4699934,-7.1587043],[112.4699852,-7.1587545],[112.4699896,-7.1588192],[112.4700023,-7.1588776],[112.4700234,-7.1589214],[112.4700486,-7.1589506],[112.4701219,-7.1589712],[112.4701993,-7.1589751],[112.4702621,-7.1589833],[112.4703061,-7.1590019],[112.4703584,-7.1590122],[112.4705008,-7.1590222],[112.4706786,-7.159007],[112.4707372,-7.1590089],[112.4707958,-7.1590359],[112.4708524,-7.1590608],[112.470911,-7.1590773],[112.4709906,-7.1591],[112.4710638,-7.1590914],[112.4711015,-7.1590975],[112.4711226,-7.1591351],[112.4711855,-7.1591766],[112.4712567,-7.1591994],[112.4713907,-7.1592365],[112.4714871,-7.1592717],[112.4716062,-7.1593084],[112.4716753,-7.1593186],[112.4717276,-7.1593122],[112.4717803,-7.1594373],[112.4718581,-7.1595519],[112.4719359,-7.1596624],[112.4719548,-7.159702],[112.4719779,-7.1597186],[112.4720177,-7.1597227],[112.4720407,-7.1597226],[112.4720533,-7.1597476],[112.4720828,-7.159806],[112.4720934,-7.1598289],[112.4721164,-7.1598476],[112.4721458,-7.1598622],[112.4721773,-7.1598976],[112.4722025,-7.1599288],[112.4722319,-7.1599726],[112.4722425,-7.1600018],[112.4722593,-7.1600247],[112.4722719,-7.1600518],[112.4722887,-7.1600747],[112.4723076,-7.1600767],[112.4723368,-7.1600411],[112.4723534,-7.1600181],[112.4724057,-7.1600242],[112.4724371,-7.1600011],[112.4724872,-7.1599634],[112.4725101,-7.1599445],[112.472531,-7.1599403],[112.4725499,-7.159959],[112.4725709,-7.1599882],[112.472594,-7.1599902],[112.4726378,-7.1599608],[112.4726545,-7.1599587],[112.4726859,-7.1599628],[112.4728074,-7.1600083],[112.4729143,-7.1600602],[112.4731175,-7.160141],[112.4731762,-7.1601575],[112.4732389,-7.1601552],[112.473306,-7.16018],[112.4735365,-7.1603025],[112.473794,-7.160443],[112.4738046,-7.1604806],[112.4738029,-7.1606038],[112.4738114,-7.1606476],[112.473822,-7.1606706],[112.4740041,-7.1607055],[112.4740313,-7.1606991],[112.4740459,-7.1606803],[112.4740561,-7.1606155],[112.474056,-7.1605717],[112.4740768,-7.1605382],[112.4740956,-7.1605256],[112.4741646,-7.1605254],[112.4742819,-7.1605501],[112.4743112,-7.1605583],[112.4743113,-7.1605813],[112.4742886,-7.16069],[112.4743096,-7.1606961],[112.474341,-7.160696],[112.474364,-7.1607106],[112.4743725,-7.1607419],[112.4743809,-7.160769],[112.4743936,-7.1607919],[112.4747664,-7.1609202],[112.4747977,-7.1608763],[112.4752212,-7.1611359],[112.4752511,-7.1611704],[112.4752359,-7.1612566],[112.4752334,-7.1614136],[112.4752184,-7.1615769],[112.4752618,-7.161626],[112.4753112,-7.1616351],[112.4753792,-7.1616533],[112.4754842,-7.1616745],[112.4756447,-7.1617048],[112.4758485,-7.161738],[112.4758948,-7.1617379],[112.4759627,-7.1617315],[112.476012,-7.1617282],[112.4761466,-7.1617913],[112.4763104,-7.161877],[112.4764371,-7.1619382],[112.4764772,-7.161938],[112.4765543,-7.1619224],[112.4766315,-7.1619098],[112.4767086,-7.1619219],[112.4768075,-7.1619462],[112.4769124,-7.1619613],[112.4770175,-7.1619886],[112.4770915,-7.1619945],[112.4771132,-7.1620099],[112.4771227,-7.1620745],[112.4771597,-7.1620867],[112.4772369,-7.1621049],[112.4773172,-7.162117],[112.4774006,-7.1621352],[112.4774254,-7.1621597],[112.4774348,-7.162212],[112.4774349,-7.162252],[112.4774596,-7.1622643],[112.4774967,-7.1622765],[112.4775276,-7.1622764],[112.47754,-7.162301],[112.477602,-7.16239],[112.4776731,-7.1624329],[112.4777905,-7.1624726],[112.4778987,-7.1625399],[112.4779513,-7.1625829],[112.4780349,-7.1626565],[112.4781832,-7.1627145],[112.478191,-7.1628462],[112.4781428,-7.1632066],[112.478143,-7.1632681],[112.4781894,-7.1632988],[112.4782543,-7.1633355],[112.4783349,-7.1634276],[112.4783721,-7.1635014],[112.4783663,-7.1635999],[112.4782905,-7.1638456],[112.4782324,-7.1639967],[112.4782448,-7.1640182],[112.4783374,-7.1640209],[112.4783898,-7.1640208],[112.4784639,-7.1640113],[112.4785812,-7.1640232],[112.4786029,-7.1640724],[112.4786031,-7.1641402],[112.4785511,-7.1642665],[112.478493,-7.164433],[112.4784716,-7.1645162],[112.4785029,-7.16463],[112.4785864,-7.1646882],[112.4786667,-7.1647157],[112.4787809,-7.1647307],[112.4789229,-7.1647364],[112.4790834,-7.1647359],[112.4791543,-7.1647233],[112.4792035,-7.1646677],[112.4792371,-7.1645414],[112.4793247,-7.1642836],[112.4793707,-7.1641881],[112.479423,-7.1641294],[112.479463,-7.1640954],[112.4794597,-7.1640246],[112.47945,-7.1639107],[112.4794682,-7.1638152],[112.4795296,-7.163695],[112.4796155,-7.1635623],[112.4796433,-7.1635407],[112.4796833,-7.1635313],[112.4797266,-7.1635342],[112.4797636,-7.1635434],[112.4798532,-7.1635677],[112.4798995,-7.1635675],[112.4799149,-7.1635521],[112.4799486,-7.1634966],[112.4799608,-7.1634288],[112.4799574,-7.1633549],[112.4799572,-7.1632934],[112.4799757,-7.1632656],[112.4800065,-7.163247],[112.4800466,-7.1632407],[112.4801391,-7.1632312],[112.4801947,-7.1632341],[112.4802256,-7.163274],[112.4802383,-7.1633571],[112.4802262,-7.1634526],[112.4802141,-7.1635142],[112.4802266,-7.1635542],[112.4802668,-7.163591],[112.4802608,-7.1636495],[112.4802368,-7.1638497],[112.4802522,-7.163865],[112.4803109,-7.163871],[112.4803263,-7.1638617],[112.4803293,-7.163834],[112.4803416,-7.1638186],[112.4803879,-7.1638215],[112.4804712,-7.1638058],[112.4805823,-7.1638116],[112.4806132,-7.1638177],[112.4806751,-7.1638975],[112.480706,-7.1638974],[112.480746,-7.1638788],[112.4807861,-7.1638695],[112.4808355,-7.1638693],[112.4809035,-7.1638876],[112.4810918,-7.1639208],[112.4812276,-7.1639266],[112.4814189,-7.1639259],[112.4815424,-7.1639348],[112.4817681,-7.1640109],[112.4819176,-7.1640632],[112.4819767,-7.164063],[112.4820015,-7.1640629],[112.4820108,-7.1640381],[112.4820106,-7.1639729],[112.4820228,-7.163917],[112.482063,-7.1638393],[112.4821063,-7.1637367],[112.4821185,-7.1636746],[112.4821308,-7.1636249],[112.4821556,-7.1636],[112.4822863,-7.1636306],[112.4823548,-7.163649],[112.4824418,-7.1636146],[112.482504,-7.1635865],[112.4825662,-7.1635925],[112.4825786,-7.1635769],[112.4826033,-7.163521],[112.482622,-7.1635209],[112.482703,-7.1635672],[112.4828961,-7.1636535],[112.4830146,-7.1637369],[112.4830336,-7.1638362],[112.4830493,-7.1638702],[112.4831303,-7.163901],[112.4831988,-7.1639194],[112.4832332,-7.1639752],[112.4833049,-7.1640339],[112.4833984,-7.1640771],[112.483417,-7.164077],[112.4834387,-7.1640552],[112.483476,-7.1640458],[112.4835446,-7.1640704],[112.4835694,-7.1640703],[112.4835818,-7.1640578],[112.483588,-7.1640299],[112.4836034,-7.1639771],[112.4836189,-7.1639739],[112.4836812,-7.1639923],[112.4837123,-7.1639829],[112.4837432,-7.1639456],[112.4837712,-7.1639424],[112.4838211,-7.1639733],[112.4838585,-7.1639825],[112.4838957,-7.1639637],[112.48393,-7.1639729],[112.484064,-7.1640439],[112.4842223,-7.1640847],[112.4844589,-7.1641523],[112.4846425,-7.1641734],[112.4847576,-7.1641761],[112.4848167,-7.1641604],[112.4848757,-7.1641509],[112.4849412,-7.1641848],[112.4850222,-7.1642125],[112.4853551,-7.1642332],[112.4854859,-7.1642762],[112.4855263,-7.164276],[112.4855884,-7.1642417],[112.4856631,-7.1642477],[112.4857751,-7.1642473],[112.4858313,-7.1643061],[112.4858655,-7.164306],[112.4859339,-7.1642965],[112.4860459,-7.164293],[112.4861518,-7.1643237],[112.4861984,-7.1643235],[112.4862419,-7.1643079],[112.4863446,-7.1643013],[112.4863944,-7.1643229],[112.4864009,-7.1644191],[112.4864259,-7.1644407],[112.4865006,-7.1644498],[112.4866026,-7.1644559],[112.4866679,-7.164434],[112.4867456,-7.1644182],[112.4868484,-7.1644489],[112.4869044,-7.1644488],[112.486982,-7.1643958],[112.4870627,-7.1643427],[112.4871466,-7.1643207],[112.4872119,-7.1643267],[112.4872774,-7.1643576],[112.487352,-7.1643542],[112.4876317,-7.1642757],[112.4879116,-7.1642562],[112.4881014,-7.1642556],[112.4885028,-7.1642946],[112.4889159,-7.1642835],[112.4890714,-7.1642706],[112.4891523,-7.1642797],[112.4892737,-7.1643165],[112.4892955,-7.1643009],[112.4892828,-7.1642358],[112.4892576,-7.1641459],[112.489877,-7.1642339],[112.4898673,-7.1641377],[112.489942,-7.1641374],[112.4900696,-7.1641557],[112.4903591,-7.1642044],[112.4908604,-7.1643455],[112.4908975,-7.1642957],[112.4909473,-7.1642925],[112.4910709,-7.1643365],[112.4915379,-7.1644405],[112.4917247,-7.1644865],[112.4919956,-7.1645725],[112.4923909,-7.1646364],[112.4924843,-7.1646516],[112.492497,-7.1647384],[112.4924818,-7.1648471],[112.4924943,-7.1648657],[112.4925099,-7.1648656],[112.4925627,-7.1648562],[112.4926156,-7.1648529],[112.4926654,-7.1648682],[112.4927526,-7.1649021],[112.4928148,-7.1648833],[112.4929049,-7.1648488],[112.4929794,-7.1648114],[112.4930571,-7.1647801],[112.493225,-7.1647485],[112.493411,-7.1647507],[112.4934639,-7.1647505],[112.4936848,-7.1647622],[112.4938528,-7.1647648],[112.4940427,-7.1647921],[112.494164,-7.164801],[112.4942604,-7.1647945],[112.4943381,-7.1647725],[112.4945309,-7.1647533],[112.4946864,-7.164731],[112.4947424,-7.1647308],[112.494783,-7.1647773],[112.494839,-7.1647864],[112.4951551,-7.1647944],[112.4953324,-7.1647845],[112.495376,-7.1648061],[112.4953979,-7.1648432],[112.4954073,-7.1648525],[112.4955348,-7.1648614],[112.4957433,-7.16487],[112.4960047,-7.1648816],[112.4960327,-7.1648815],[112.496095,-7.1649092],[112.4961293,-7.1649402],[112.4962226,-7.1649523],[112.496316,-7.164952],[112.4963625,-7.1649239],[112.4964059,-7.1648524],[112.4964831,-7.1646969],[112.4965789,-7.1645104],[112.4966377,-7.1643923],[112.4966718,-7.164355],[112.4967245,-7.1643175],[112.4968146,-7.1642862],[112.4968457,-7.1642582],[112.4968517,-7.1641992],[112.4968515,-7.1641526],[112.4968794,-7.1641122],[112.4969291,-7.1640934],[112.4969727,-7.1640964],[112.4970289,-7.1641676],[112.4970475,-7.1641427],[112.4970918,-7.1640065],[112.4971226,-7.1638853],[112.4971442,-7.1638325],[112.4972342,-7.163795],[112.4973307,-7.1637947],[112.4974521,-7.163816],[112.4974954,-7.1637352],[112.49752,-7.1636482],[112.4975477,-7.1635798],[112.4976281,-7.1634275],[112.4977149,-7.1633217],[112.4977676,-7.163275],[112.4978359,-7.1632344],[112.497985,-7.1631625],[112.4980221,-7.163091],[112.4980561,-7.1630133],[112.4980933,-7.162976],[112.4981771,-7.1629385],[112.4982579,-7.1628916],[112.4983291,-7.1628045],[112.4983776,-7.1627122],[112.4984304,-7.162681],[112.4984615,-7.1626902],[112.4984833,-7.1627057],[112.4985146,-7.1627552],[112.4985646,-7.162814],[112.4986331,-7.1628355],[112.4987296,-7.1628507],[112.4988571,-7.1628348],[112.4989875,-7.1627785],[112.4991118,-7.1627377],[112.499258,-7.1627186],[112.5000262,-7.1626603],[112.5005157,-7.1626115],[112.5008422,-7.1626333],[112.5009384,-7.1625789],[112.5011192,-7.1626184],[112.501511,-7.1627172],[112.5017059,-7.1627707],[112.5017579,-7.1627044],[112.5022312,-7.1627576],[112.5026309,-7.1628103],[112.5030329,-7.1629472],[112.5033093,-7.1630508],[112.5033353,-7.1630147],[112.503411,-7.1628382],[112.5037786,-7.1629051],[112.5040397,-7.1629463],[112.5042966,-7.1629982],[112.5049094,-7.1631564],[112.5048937,-7.1632546],[112.5055149,-7.1634909],[112.5058978,-7.1636145],[112.5058536,-7.1637573],[112.5057767,-7.1639097],[112.5057526,-7.163987],[112.5057838,-7.1640464],[112.5057928,-7.1640817],[112.5057422,-7.1641657],[112.5056624,-7.1642581],[112.5056162,-7.1643266],[112.5056053,-7.1643796],[112.5056168,-7.1645008],[112.5056506,-7.1647014],[112.5056843,-7.1648557],[112.5056956,-7.1649505],[112.5056984,-7.1650428],[112.5056832,-7.165109],[112.5056415,-7.165204],[112.5056129,-7.165257],[112.5056064,-7.165299],[112.5056044,-7.1653541],[112.5056023,-7.1653938],[112.5055804,-7.1654468],[112.5055541,-7.1655175],[112.5055498,-7.1655506],[112.505572,-7.1655792],[112.5056473,-7.1656385],[112.5057205,-7.1657133],[112.505765,-7.1657815],[112.5057829,-7.1658514],[112.5058031,-7.165944],[112.5058033,-7.1659859],[112.5057946,-7.1660388],[112.5057925,-7.1660631],[112.5054255,-7.1660775],[112.5054012,-7.1660931],[112.5053029,-7.1664551],[112.5052894,-7.1665526],[112.5052662,-7.1666656],[112.505184,-7.1668309],[112.5051304,-7.1669348],[112.50508,-7.166994],[112.5050313,-7.1670767],[112.5050216,-7.1671862],[112.5050285,-7.167235],[112.505049,-7.1673057],[112.50511,-7.1673947],[112.505144,-7.1674569],[112.5051678,-7.1675091],[112.5051748,-7.1675848],[112.5051732,-7.1676354],[112.5051381,-7.1677463],[112.5051281,-7.1678137],[112.5051316,-7.1678423],[112.5051554,-7.1678793],[112.505196,-7.1679162],[112.5052147,-7.1679599],[112.5052065,-7.168029],[112.5051717,-7.1682211],[112.5051685,-7.1682751],[112.5051905,-7.1683053],[112.5052294,-7.1683389],[112.5052481,-7.1683742],[112.5052483,-7.168423],[112.5052298,-7.1684748],[112.5051763,-7.1686131],[112.5052422,-7.1686381],[112.505303,-7.1686649],[112.5053521,-7.1687018],[112.5053457,-7.1688265],[112.5052743,-7.1691619],[112.5052594,-7.1692944],[112.50518,-7.1698017],[112.5051553,-7.1699882],[112.5051054,-7.1702326],[112.5049919,-7.1705951],[112.5049067,-7.1708615],[112.5048538,-7.1709052],[112.5046298,-7.1710272],[112.5043652,-7.1711375],[112.5040786,-7.1712395],[112.5040231,-7.1712885],[112.5039189,-7.1715224],[112.5037867,-7.1718529],[112.5037065,-7.1720907],[112.5037135,-7.1721979],[112.5037441,-7.1722803],[112.5038712,-7.1724281],[112.504257,-7.1728509],[112.5044959,-7.1731361],[112.5047668,-7.1735702],[112.5048341,-7.1735817],[112.504942,-7.1736117],[112.5052314,-7.1737198],[112.5053075,-7.1737458],[112.5053463,-7.1737691],[112.5053823,-7.1737952],[112.5054476,-7.1738723],[112.5055059,-7.1739425],[112.5055682,-7.1739878],[112.5056596,-7.174022],[112.5057606,-7.174052],[112.5058751,-7.1740507],[112.5060315,-7.1740778],[112.5063941,-7.1741925],[112.5064412,-7.1742186],[112.5064773,-7.174253],[112.5065079,-7.1743012],[112.5065343,-7.1743453],[112.506562,-7.17437],[112.5066105,-7.1743837],[112.5067295,-7.1744109],[112.5068499,-7.1744546],[112.506999,-7.1745071],[112.5073049,-7.174611],[112.5073686,-7.1746315],[112.5073853,-7.174666],[112.5073923,-7.1747018],[112.50738,-7.1747391],[112.5073345,-7.1748244],[112.5073112,-7.174888],[112.5073182,-7.1749197],[112.5073419,-7.1749638],[112.5073752,-7.1750009],[112.5073933,-7.1750381],[112.507392,-7.1750699],[112.5073604,-7.175121],[112.5073412,-7.1751749],[112.5073415,-7.1752701],[112.5073265,-7.1753406],[112.5073,-7.1753664],[112.5072212,-7.1753805],[112.5070609,-7.1758323],[112.5070766,-7.1759836],[112.5068619,-7.1762934],[112.5067835,-7.1764248],[112.5066936,-7.1764126],[112.5065715,-7.1765907],[112.5062659,-7.1770209],[112.5061669,-7.1770526],[112.5059435,-7.177083],[112.5058541,-7.1770108],[112.5056946,-7.1770618],[112.5055501,-7.1769689],[112.5054316,-7.1770957],[112.5052541,-7.1770149],[112.50524,-7.1770441],[112.5051845,-7.177219],[112.5049015,-7.1772079],[112.504845,-7.1774421],[112.5046412,-7.1774065],[112.5044054,-7.1773611],[112.5043801,-7.1773634],[112.5043647,-7.17737],[112.5043548,-7.1773844],[112.5043516,-7.1774031],[112.5043561,-7.1774239],[112.5044111,-7.1774838],[112.5045281,-7.1775581],[112.5046451,-7.1776533],[112.5047147,-7.1777344],[112.5047448,-7.1778299],[112.5047693,-7.1779273],[112.504813,-7.1781448],[112.5048092,-7.178347],[112.5041969,-7.1781953],[112.5038851,-7.178115],[112.5038521,-7.1781173],[112.5038352,-7.1783306],[112.5038423,-7.1783894],[112.5040462,-7.1784613],[112.504071,-7.1786403],[112.50408,-7.1786777],[112.5041278,-7.178733],[112.5042295,-7.1788579],[112.5041137,-7.1792746],[112.5040047,-7.1796079],[112.5039791,-7.1797141],[112.5039979,-7.1797591],[112.504289,-7.1798878],[112.5042413,-7.1801965],[112.5042056,-7.1803922],[112.5041948,-7.1804615],[112.5041663,-7.1804869],[112.5041146,-7.1805013],[112.5040861,-7.1805388],[112.5040613,-7.1806638],[112.5040418,-7.1807694],[112.5040085,-7.1809525],[112.5040068,-7.1809823],[112.5040166,-7.1810085],[112.5040816,-7.1810494],[112.504172,-7.1810955],[112.5041792,-7.1813367],[112.504246,-7.1813732],[112.5043354,-7.1813913],[112.5042894,-7.1817833],[112.5042852,-7.1818375],[112.5043002,-7.1818725],[112.504441,-7.1820094],[112.5044674,-7.1820478],[112.5044456,-7.1821334],[112.5043973,-7.1823909],[112.5043868,-7.1824023],[112.5042045,-7.1824046],[112.5041741,-7.1825174],[112.5041649,-7.1826548],[112.5041739,-7.1830134],[112.5041804,-7.1831341],[112.5041632,-7.1832374],[112.5040871,-7.1833042],[112.504051,-7.1833653],[112.5040129,-7.1835089],[112.5037996,-7.1835383],[112.5036062,-7.1835745],[112.5035396,-7.1836457],[112.5034835,-7.1836528],[112.5033443,-7.1836533],[112.5031586,-7.1836336],[112.5029701,-7.1836111],[112.5027352,-7.1836119],[112.502625,-7.1836015],[112.5023982,-7.183583],[112.5023732,-7.1836906],[112.502354,-7.1837797],[112.502286,-7.1839435],[112.5021925,-7.1840807],[112.5021427,-7.1841348],[112.5021237,-7.1842913],[112.5021031,-7.1842997],[112.5016718,-7.184379],[112.5016592,-7.1843938],[112.5016245,-7.1845842],[112.5016238,-7.1846404],[112.5016289,-7.1846538],[112.5016399,-7.1846664],[112.5016659,-7.1846772],[112.501708,-7.1846938],[112.5016912,-7.1847856],[112.501682,-7.1848931],[112.5019426,-7.1849276],[112.5019199,-7.184991],[112.501861,-7.1852342],[112.5018656,-7.1853048],[112.502089,-7.1852732],[112.5021623,-7.185348],[112.5023662,-7.1855705],[112.5027551,-7.1860491],[112.5028808,-7.186312],[112.5028852,-7.1863792],[112.5027915,-7.1864733],[112.5027268,-7.1865622],[112.5027408,-7.1866576],[112.5028073,-7.1868142],[112.5029443,-7.1869069],[112.5030261,-7.1871128],[112.50299,-7.1871781],[112.5026842,-7.1874286],[112.5026122,-7.1874865],[112.5025012,-7.1875474],[112.5024249,-7.1876038],[112.5023515,-7.1876776],[112.5022969,-7.1877656],[112.5021909,-7.1880987],[112.5021347,-7.1882826],[112.5020911,-7.1884387],[112.5020448,-7.1885622],[112.5020404,-7.1885987],[112.5020465,-7.1886251],[112.5020693,-7.188665],[112.5020795,-7.1886883],[112.5021008,-7.1887231],[112.5021185,-7.1887769],[112.5021273,-7.1887987],[112.5021376,-7.1888219],[112.5021479,-7.1888481],[112.5021525,-7.1889128],[112.5021525,-7.1889325],[112.5021504,-7.1889587],[112.5021447,-7.1889871],[112.5021403,-7.188998],[112.50212,-7.1890547],[112.5021098,-7.1890852],[112.5020997,-7.1891115],[112.5020831,-7.1891443],[112.5020333,-7.1892092],[112.5020157,-7.1892399],[112.5019945,-7.1892766],[112.5019662,-7.1893074],[112.5019426,-7.1893382],[112.5018896,-7.1894068],[112.5018826,-7.1894269],[112.5018839,-7.1894553],[112.5018887,-7.1894812],[112.5019101,-7.1895201],[112.5019446,-7.1895696],[112.5019684,-7.1896226],[112.5019981,-7.189665],[112.5020662,-7.1898004],[112.502102,-7.1898901],[112.5021175,-7.1899207],[112.502133,-7.1899549],[112.5021461,-7.1899938],[112.5021486,-7.190041],[112.5021464,-7.1900753],[112.5021417,-7.1900942],[112.5021347,-7.1901143],[112.5021218,-7.1901427],[112.5021159,-7.1901745],[112.5021113,-7.1902041],[112.5021114,-7.1902348],[112.5021276,-7.1903182],[112.5021336,-7.1903595],[112.5021314,-7.1904067],[112.502128,-7.1904445],[112.5020915,-7.190499],[112.5020774,-7.1905143],[112.5020562,-7.1905357],[112.5020148,-7.1905665],[112.5019665,-7.1905985],[112.5019369,-7.1906128],[112.5018129,-7.1906734],[112.5017786,-7.1906806],[112.5017254,-7.1906725],[112.5016993,-7.1906691],[112.5016733,-7.1906585],[112.5016294,-7.1906398],[112.5015951,-7.1906245],[112.5015288,-7.1906035],[112.501498,-7.1905954],[112.5014696,-7.1905907],[112.501453,-7.1905931],[112.5014424,-7.1905967],[112.5014235,-7.1906086],[112.5014105,-7.190624],[112.5013976,-7.1906476],[112.5013882,-7.1906736],[112.5013661,-7.1907823],[112.5013558,-7.1908753],[112.5013503,-7.1910088],[112.5013755,-7.1911161],[112.5014173,-7.1912281],[112.5015161,-7.1913656],[112.5015885,-7.1914574],[112.5016206,-7.1914845],[112.5016372,-7.1915069],[112.5016515,-7.1915411],[112.5016516,-7.1915658],[112.5016411,-7.1916013],[112.5016352,-7.1916214],[112.5016258,-7.191632],[112.5016175,-7.1916415],[112.5015927,-7.1916522],[112.5015584,-7.1916606],[112.5015301,-7.1916725],[112.5015207,-7.1916926],[112.5015196,-7.191715],[112.501522,-7.1917434],[112.5015257,-7.1917681],[112.5015281,-7.1917882],[112.5015223,-7.1918225],[112.501507,-7.1918343],[112.5014857,-7.1918344],[112.5014502,-7.1918345],[112.5013993,-7.1918252],[112.5013342,-7.1918184],[112.5012869,-7.1918173],[112.5012739,-7.1918174],[112.5012136,-7.1917979],[112.5011923,-7.191779],[112.5011555,-7.1917461],[112.5011188,-7.191732],[112.501075,-7.1917251],[112.50103,-7.1917253],[112.5009922,-7.1917336],[112.5009686,-7.1917443],[112.5009473,-7.1917456],[112.5009138,-7.1917314],[112.5008166,-7.1916828],[112.5007025,-7.1916409],[112.5006497,-7.1916345],[112.5006224,-7.1916346],[112.5005744,-7.1916376],[112.5005339,-7.1916518],[112.5005038,-7.1916669],[112.5004879,-7.191682],[112.5004738,-7.1917009],[112.5004663,-7.1917225],[112.5004645,-7.1917432],[112.5004684,-7.1917789],[112.5004768,-7.1918006],[112.5005367,-7.1918721],[112.5006548,-7.1919953],[112.5006288,-7.1920106],[112.5006106,-7.1920321],[112.5006106,-7.1920534],[112.5006214,-7.1920778],[112.5006322,-7.1921037],[112.5006491,-7.1921265],[112.5006676,-7.1921631],[112.5006585,-7.1922089],[112.5006403,-7.1922379],[112.5005717,-7.1923053],[112.5005351,-7.1923298],[112.5004694,-7.1923422],[112.5004114,-7.1923531],[112.5003258,-7.1923656],[112.5002663,-7.19241],[112.5002253,-7.1924712],[112.5001841,-7.1925003],[112.5001322,-7.1925356],[112.4999351,-7.1925652],[112.4997046,-7.192589],[112.4995467,-7.1926208],[112.4994229,-7.1926681],[112.4993207,-7.1927665],[112.4992866,-7.1927751],[112.4991927,-7.1927811],[112.4990944,-7.192763],[112.4990003,-7.1927235],[112.4988648,-7.1926571],[112.4986981,-7.1926293],[112.4985902,-7.1926219],[112.498549,-7.192649],[112.498478,-7.1927118],[112.4983647,-7.1928954],[112.498332,-7.1929325],[112.498315,-7.1929567],[112.4982767,-7.1929739],[112.4982396,-7.1929768],[112.4981898,-7.1929813],[112.4980816,-7.1929617],[112.4979903,-7.1929364],[112.4979348,-7.1929281],[112.4978849,-7.1929169],[112.4978464,-7.1928971],[112.4977765,-7.1928633],[112.4977309,-7.1928464],[112.4976754,-7.1928437],[112.4976512,-7.192858],[112.4976143,-7.1928837],[112.4975647,-7.1929449],[112.4974855,-7.193024],[112.4974146,-7.1931237],[112.4973891,-7.1931594],[112.4973735,-7.1931679],[112.4973436,-7.1931595],[112.497315,-7.193144],[112.4972295,-7.1931045],[112.4971311,-7.1930593],[112.4970299,-7.1930227],[112.4969843,-7.1930214],[112.496916,-7.1930302],[112.4968051,-7.1930618],[112.4967197,-7.1930976],[112.4966047,-7.1931776],[112.4965222,-7.1932233],[112.4964697,-7.1932604],[112.4963933,-7.1932749],[112.4962935,-7.1932439],[112.4962209,-7.1932371],[112.4961782,-7.1932429],[112.4960957,-7.1932744],[112.4960063,-7.1933571],[112.4959779,-7.1933743],[112.4959124,-7.1933958],[112.4958825,-7.1933988],[112.4957686,-7.1933778],[112.4956902,-7.1933752],[112.4956019,-7.1933556],[112.4955079,-7.1933474],[112.4954154,-7.1933534],[112.4952763,-7.1933851],[112.4952051,-7.1933925],[112.4951425,-7.193387],[112.4950983,-7.1933744],[112.4950299,-7.193359],[112.4949514,-7.1933109],[112.4949229,-7.193301],[112.4948944,-7.1932969],[112.4948346,-7.19329],[112.4948033,-7.1932901],[112.494762,-7.1932973],[112.4947094,-7.1933074],[112.4946467,-7.193319],[112.4945785,-7.1933334],[112.4945002,-7.1933507],[112.4944135,-7.193405],[112.4943908,-7.1934193],[112.4943567,-7.1934379],[112.4943239,-7.1934394],[112.4942869,-7.1934324],[112.4942498,-7.1934027],[112.4942241,-7.1933872],[112.4941885,-7.1933759],[112.4941486,-7.1933803],[112.4941017,-7.193416],[112.4939921,-7.1934882],[112.4939296,-7.1935325],[112.4938204,-7.1936494],[112.4937807,-7.1937049],[112.4937425,-7.1937789],[112.4937112,-7.1937904],[112.4936345,-7.1938166],[112.4935321,-7.1938269],[112.4934111,-7.1938628],[112.4932419,-7.1939117],[112.4931409,-7.1939503],[112.4929732,-7.1940404],[112.4928964,-7.1940648],[112.492838,-7.1940735],[112.4928039,-7.1940751],[112.4927027,-7.1940598],[112.4925906,-7.1940303],[112.4924795,-7.1940179],[112.492441,-7.1940109],[112.4923798,-7.1940097],[112.4923158,-7.1940212],[112.4922717,-7.1940384],[112.4922191,-7.1940642],[112.4921949,-7.1940728],[112.4921166,-7.1940801],[112.4920255,-7.1940932],[112.491943,-7.1940963],[112.4919102,-7.194105],[112.4918633,-7.1941122],[112.491822,-7.1941237],[112.4917694,-7.1941296],[112.4917167,-7.1941397],[112.491664,-7.1941399],[112.4915985,-7.1941316],[112.4914821,-7.1940889],[112.4914279,-7.1940692],[112.4913966,-7.1940536],[112.491321,-7.1940354],[112.4912855,-7.1940384],[112.4912456,-7.1940513],[112.4912215,-7.1940698],[112.491203,-7.1940912],[112.4911874,-7.1941083],[112.491169,-7.1941198],[112.4911263,-7.1941256],[112.4910793,-7.1941172],[112.4910578,-7.1941002],[112.4910407,-7.1940775],[112.4910278,-7.194062],[112.4909993,-7.1940493],[112.4909666,-7.1940508],[112.4909452,-7.1940565],[112.4909154,-7.1940723],[112.4908855,-7.1940795],[112.4908713,-7.1940809],[112.4908285,-7.1940711],[112.4907857,-7.1940542],[112.4907373,-7.1940387],[112.4906888,-7.1940176],[112.4905876,-7.1939767],[112.4905519,-7.1939598],[112.4905049,-7.19395],[112.4904664,-7.1939444],[112.490438,-7.1939488],[112.4904124,-7.193956],[112.4903939,-7.1939788],[112.4903727,-7.1940001],[112.4903542,-7.1940229],[112.4902995,-7.1940895],[112.4902781,-7.1940967],[112.4902597,-7.1941024],[112.4902283,-7.1940983],[112.4901913,-7.1940941],[112.4901443,-7.1940829],[112.4901172,-7.1940759],[112.4900688,-7.1940718],[112.4900489,-7.1940775],[112.4900247,-7.1940918],[112.4900062,-7.1941103],[112.4899764,-7.1941403],[112.4899495,-7.1941674],[112.4898474,-7.1942956],[112.4898275,-7.1943198],[112.489802,-7.1943483],[112.4897765,-7.1943768],[112.4897594,-7.1943954],[112.4897424,-7.1944153],[112.4897211,-7.194431],[112.4896984,-7.1944424],[112.4896272,-7.1944654],[112.4895945,-7.1944726],[112.4895063,-7.1944857],[112.4894497,-7.1944962],[112.4894141,-7.1944935],[112.4893429,-7.1944966],[112.4893002,-7.1944995],[112.4892518,-7.1945224],[112.4892206,-7.194541],[112.4891922,-7.194561],[112.489151,-7.194591],[112.4890899,-7.1946267],[112.4890045,-7.1946497],[112.4888593,-7.1946573],[112.4885561,-7.1946853],[112.4884394,-7.1947013],[112.4884081,-7.1947057],[112.4883925,-7.1947114],[112.4883726,-7.1947299],[112.4883612,-7.1947442],[112.4883456,-7.1947613],[112.4883243,-7.1947727],[112.4883115,-7.1947728],[112.4883015,-7.1947728],[112.4882891,-7.1947662],[112.4882535,-7.1947521],[112.4882065,-7.1947523],[112.4881567,-7.1947553],[112.4881211,-7.194771],[112.4880984,-7.1947981],[112.4880814,-7.1948181],[112.4880601,-7.1948352],[112.4880359,-7.1948452],[112.4880032,-7.1948553],[112.4879097,-7.1948362],[112.487838,-7.1948226],[112.4877802,-7.1948135],[112.4877017,-7.1948138],[112.4876324,-7.1948256],[112.4875423,-7.1948443],[112.4874753,-7.1948399],[112.4874544,-7.1948146],[112.4874566,-7.1947892],[112.4874704,-7.1947454],[112.4874703,-7.1947292],[112.4874563,-7.1946947],[112.4874332,-7.1946924],[112.4873916,-7.1946926],[112.4873501,-7.1947042],[112.487297,-7.1947206],[112.4872277,-7.1947162],[112.4871329,-7.1947142],[112.4870335,-7.1947007],[112.4869734,-7.194687],[112.4869017,-7.1946688],[112.4868508,-7.1946574],[112.4867977,-7.1946553],[112.4867376,-7.1946601],[112.4867007,-7.1946648],[112.4866476,-7.1946719],[112.4866176,-7.1946859],[112.4866015,-7.1947067],[112.4865854,-7.1947367],[112.4865832,-7.1947667],[112.4865578,-7.1947852],[112.4865393,-7.1947922],[112.4865209,-7.1947923],[112.486507,-7.1947923],[112.4864816,-7.1948016],[112.4864724,-7.1948132],[112.4864609,-7.1948409],[112.4864472,-7.1948755],[112.4864334,-7.1948986],[112.4863895,-7.1949126],[112.4863711,-7.1949265],[112.4863434,-7.194945],[112.4863365,-7.1949566],[112.4863297,-7.1949751],[112.4863274,-7.1949958],[112.4863298,-7.1950189],[112.4863368,-7.1950465],[112.4863438,-7.195065],[112.4863531,-7.1950834],[112.4863694,-7.1951156],[112.4863741,-7.1951456],[112.4863742,-7.1951732],[112.486372,-7.1951871],[112.4863605,-7.1952102],[112.4863467,-7.1952287],[112.4863236,-7.1952541],[112.486296,-7.1952796],[112.4862637,-7.1952935],[112.4862384,-7.195319],[112.4862246,-7.195349],[112.4862178,-7.1953744],[112.4862156,-7.1954136],[112.4862249,-7.1954389],[112.4862319,-7.1954689],[112.486232,-7.1954966],[112.4862078,-7.1955396],[112.4859733,-7.1959048],[112.4858768,-7.1960596],[112.4858584,-7.1960942],[112.4858469,-7.1961127],[112.4858331,-7.1961404],[112.4858239,-7.1961474],[112.4858147,-7.196152],[112.4858055,-7.1961567],[112.4857916,-7.1961498],[112.4857823,-7.1961383],[112.4857822,-7.1961198],[112.4857822,-7.1960991],[112.4857844,-7.1960783],[112.4857797,-7.1960576],[112.4857728,-7.1960484],[112.485752,-7.1960462],[112.4857381,-7.1960462],[112.4857312,-7.1960462],[112.485715,-7.1960624],[112.4856667,-7.1961156],[112.485623,-7.1961872],[112.4855355,-7.1962567],[112.4854894,-7.196303],[112.4854479,-7.1963239],[112.4853508,-7.1963311],[112.4852124,-7.1963938],[112.4850831,-7.1964242],[112.4849214,-7.196427],[112.4847811,-7.1964211],[112.4846841,-7.1964399],[112.4845774,-7.1965438],[112.4844628,-7.1965912],[112.4843541,-7.1966533],[112.4843012,-7.1966828],[112.4842365,-7.1967124],[112.484163,-7.196745],[112.4840779,-7.1968069],[112.4839631,-7.1968044],[112.483916,-7.1968163],[112.4838781,-7.1969075],[112.4838605,-7.1969457],[112.4838224,-7.1969811],[112.4837459,-7.1970019],[112.4836606,-7.1970139],[112.4835526,-7.1973139],[112.4834115,-7.1973467],[112.4833325,-7.1974909],[112.482985,-7.1974421],[112.4829255,-7.197266],[112.4827637,-7.1972753],[112.482631,-7.1972023],[112.4824659,-7.1971265],[112.4824287,-7.197202],[112.4823322,-7.1973844],[112.482241,-7.1973935],[112.48215,-7.1974731],[112.4818379,-7.1974477],[112.4817613,-7.1974244],[112.481555,-7.1973575],[112.4814196,-7.1973521],[112.4807483,-7.1973043],[112.4806851,-7.1977951],[112.4805687,-7.1982009],[112.4802401,-7.1981441],[112.4799395,-7.1980569],[112.4798422,-7.1979897],[112.479429,-7.1979776],[112.4790185,-7.197876],[112.4789764,-7.1979019],[112.4788876,-7.1979887],[112.4786752,-7.1982865],[112.4784937,-7.1986684],[112.4783644,-7.1985705],[112.4781883,-7.1984799],[112.4781392,-7.1985174],[112.4780716,-7.1986136],[112.4779635,-7.1987956],[112.4779194,-7.1989291],[112.4779057,-7.1990344],[112.4777834,-7.1992001],[112.4776218,-7.1994334],[112.4773805,-7.1992852],[112.4773397,-7.1993375],[112.4772217,-7.1996238],[112.4771376,-7.1998357],[112.4770113,-7.2001172],[112.4768062,-7.2003809],[112.4766951,-7.2005999],[112.4764388,-7.2012055],[112.4763354,-7.2011852],[112.4757494,-7.2009706],[112.475715,-7.2009673],[112.4755687,-7.2015245],[112.4754909,-7.2019336],[112.4754432,-7.202109],[112.4753952,-7.2021497],[112.4752248,-7.2021511],[112.4749926,-7.20216],[112.4748994,-7.2021522],[112.4748235,-7.2025003],[112.4747728,-7.2031072],[112.4747364,-7.2033979],[112.4746968,-7.2036812],[112.4746611,-7.2039119],[112.474621,-7.2040374],[112.4746049,-7.2040739],[112.4742641,-7.2040022],[112.47411,-7.2039541],[112.4740531,-7.20393],[112.4740327,-7.2038694],[112.4740282,-7.2037562],[112.4740273,-7.203469],[112.4739333,-7.2032347],[112.4738678,-7.2030367],[112.4738187,-7.202871],[112.4737961,-7.2027144],[112.4736785,-7.2026986],[112.4735245,-7.202695],[112.473342,-7.2026673],[112.4732081,-7.2026192],[112.4731918,-7.202595],[112.4731874,-7.2024979],[112.4730656,-7.2024133],[112.4729884,-7.2023691],[112.4728951,-7.202333],[112.4727167,-7.2023336],[112.4726356,-7.2023096],[112.472457,-7.2022454],[112.4722827,-7.2022258],[112.472076,-7.2022386],[112.4718571,-7.2022271],[112.4717962,-7.2022031],[112.4716012,-7.2020621],[112.471398,-7.201901],[112.4710813,-7.2017321],[112.4707322,-7.2015997],[112.4704645,-7.201544],[112.4702785,-7.2015357],[112.4698165,-7.2015615],[112.4687546,-7.2016013],[112.4673645,-7.2016502],[112.4672547,-7.2028236],[112.467243,-7.2029571],[112.4670979,-7.2037018],[112.4668302,-7.2036339],[112.4667739,-7.2037919],[112.4665932,-7.2043143],[112.4664653,-7.204881],[112.4663736,-7.2053545],[112.4662974,-7.205767],[112.4662543,-7.2062121],[112.4662111,-7.2066531],[112.4661837,-7.2069404],[112.4661432,-7.2069648],[112.4661069,-7.2070135],[112.4660991,-7.2071025],[112.4661032,-7.2071308],[112.4660871,-7.2071551],[112.4659735,-7.2071433],[112.4658924,-7.2071355],[112.4658641,-7.2071437],[112.4658359,-7.2072004],[112.4657873,-7.2072046],[112.4657508,-7.2072088],[112.4656942,-7.2072494],[112.4656618,-7.2072576],[112.4655685,-7.2072458],[112.4654955,-7.2072217],[112.4654751,-7.2071894],[112.465475,-7.207153],[112.4654547,-7.207149],[112.4653372,-7.2071616],[112.4652115,-7.207162],[112.4651345,-7.2071582],[112.4650089,-7.2071586],[112.4649602,-7.2071466],[112.4648507,-7.2071227],[112.4647857,-7.2070946],[112.4647128,-7.2070988],[112.4646521,-7.2071516],[112.4645387,-7.2071682],[112.4645023,-7.2071885],[112.4645105,-7.2072208],[112.4645352,-7.2073502],[112.4645233,-7.2074311],[112.4644668,-7.2075122],[112.4644073,-7.207605],[112.4643954,-7.2076819],[112.4643956,-7.2077466],[112.4644202,-7.2078275],[112.4644041,-7.2078639],[112.4643474,-7.2078843],[112.464307,-7.2079209],[112.4642586,-7.2079938],[112.4641982,-7.2081154],[112.464154,-7.208253],[112.4641017,-7.2083584],[112.4640898,-7.2084393],[112.4640777,-7.2084798],[112.4640617,-7.2085244],[112.4640335,-7.208577],[112.4639809,-7.2086096],[112.4639039,-7.2086219],[112.4637214,-7.2086063],[112.4634901,-7.208514],[112.4634901,-7.2085181],[112.4634699,-7.2085222],[112.4634295,-7.2085911],[112.4632875,-7.208543],[112.4630642,-7.2084143],[112.463064,-7.2083536],[112.4629583,-7.2082811],[112.4628733,-7.2083016],[112.4627356,-7.2083344],[112.4626303,-7.2083712],[112.4625047,-7.2083837],[112.4623708,-7.2083396],[112.4622488,-7.2082349],[112.4622082,-7.2082148],[112.4621191,-7.2082272],[112.4619571,-7.2082601],[112.461868,-7.2082887],[112.4618395,-7.2082483],[112.4617747,-7.2082687],[112.4616693,-7.2082529],[112.4614987,-7.2081725],[112.461389,-7.2080758],[112.4613238,-7.2079749],[112.4612506,-7.2078821],[112.4612181,-7.2078741],[112.4611208,-7.2078663],[112.4610033,-7.207895],[112.4609491,-7.2079098],[112.4608435,-7.207906],[112.4607419,-7.2078776],[112.4606953,-7.2078805],[112.4606254,-7.2078971],[112.4605419,-7.2079248],[112.460487,-7.2079318],[112.4604486,-7.2079223],[112.4603717,-7.2078829],[112.4602809,-7.2077915],[112.4601695,-7.207681],[112.4600434,-7.2076014],[112.4599376,-7.2075387],[112.4599087,-7.2075074],[112.4598728,-7.2074199],[112.4598603,-7.2073898],[112.4598108,-7.2073489],[112.4597654,-7.2073026],[112.4597461,-7.2072684],[112.4597309,-7.2072274],[112.4597122,-7.2071387],[112.4596461,-7.2070486],[112.4595085,-7.2069136],[112.4593957,-7.2068045],[112.4593476,-7.2067718],[112.4592804,-7.2067556],[112.4592132,-7.2067544],[112.4591404,-7.2067423],[112.4589991,-7.2066963],[112.4588604,-7.2066529],[112.4587945,-7.206634],[112.4587644,-7.2066341],[112.4587342,-7.2066314],[112.4586862,-7.2066425],[112.4586548,-7.2066686],[112.4586426,-7.2067083],[112.4586469,-7.2067699],[112.4586663,-7.206826],[112.4587611,-7.2069064],[112.4588559,-7.2069622],[112.4588656,-7.20698],[112.4588027,-7.2070308],[112.4587151,-7.207079],[112.4586877,-7.2071105],[112.4586591,-7.2071708],[112.458636,-7.2072338],[112.4586073,-7.2072449],[112.4585167,-7.2072274],[112.4584618,-7.2072111],[112.4584576,-7.2073778],[112.4583823,-7.2073931],[112.4581834,-7.2073951],[112.458001,-7.2073861],[112.4578528,-7.207336],[112.4577443,-7.2072857],[112.4576663,-7.207287],[112.457573,-7.2072791],[112.45747,-7.2072397],[112.457411,-7.2072249],[112.4573561,-7.2072155],[112.457315,-7.2072197],[112.4572712,-7.2072362],[112.4571698,-7.207279],[112.4570959,-7.2073066],[112.4570302,-7.2073369],[112.4569726,-7.2073494],[112.4569137,-7.2073551],[112.4568354,-7.2073184],[112.4567667,-7.2072899],[112.4567393,-7.2072913],[112.4567202,-7.2073105],[112.4566751,-7.2073709],[112.4566642,-7.2074051],[112.4566603,-7.207464],[112.4566399,-7.2075174],[112.4565757,-7.2075915],[112.4565197,-7.2076752],[112.4565241,-7.2077532],[112.4565072,-7.2077886],[112.4564607,-7.2078257],[112.45641,-7.2078436],[112.4563634,-7.2078369],[112.4563276,-7.2078111],[112.4563164,-7.2077263],[112.4563061,-7.2076528],[112.4562537,-7.2075667],[112.456248,-7.2075161],[112.4562658,-7.2074914],[112.4563247,-7.2074652],[112.4563506,-7.2074241],[112.4563642,-7.2073803],[112.4563586,-7.2073625],[112.4563422,-7.2073584],[112.4562873,-7.2073641],[112.4562434,-7.2073629],[112.4562036,-7.2073507],[112.4561584,-7.207344],[112.4561282,-7.2073523],[112.4560968,-7.2073921],[112.4560709,-7.2074305],[112.4560558,-7.2074456],[112.4560407,-7.2074429],[112.4559981,-7.2073896],[112.4559568,-7.2073569],[112.4558895,-7.2073147],[112.4557425,-7.207229],[112.4556601,-7.2071978],[112.4555921,-7.207369],[112.455516,-7.207591],[112.4554715,-7.2078347],[112.4554649,-7.207899],[112.4554666,-7.2081096],[112.4554641,-7.2081807],[112.455437,-7.2083026],[112.455425,-7.2084053],[112.4554157,-7.2084956],[112.4553926,-7.2085682],[112.4553749,-7.2086121],[112.4553214,-7.2087107],[112.45529,-7.2087655],[112.4552767,-7.208901],[112.4552632,-7.2089572],[112.4552483,-7.2090161],[112.4552197,-7.2090613],[112.4551786,-7.2090875],[112.4551157,-7.2091547],[112.4550639,-7.2092411],[112.4550572,-7.209274],[112.4550627,-7.2093027],[112.4550807,-7.2093341],[112.4550862,-7.2093642],[112.4550672,-7.209416],[112.4551085,-7.2094529],[112.4550963,-7.2095117],[112.4550747,-7.2095898],[112.4550558,-7.2096939],[112.4549913,-7.2096886],[112.4549612,-7.2096955],[112.4549408,-7.2097517],[112.4549165,-7.2098695],[112.4548795,-7.2098888],[112.4548498,-7.2100161],[112.4548389,-7.2100627],[112.4548279,-7.2101502],[112.4548267,-7.2101912],[112.4548405,-7.2102117],[112.4548638,-7.2102281],[112.4548886,-7.2102526],[112.4549079,-7.2102881],[112.4549107,-7.210321],[112.4548971,-7.2103497],[112.4548671,-7.2103895],[112.4548316,-7.210428],[112.4548234,-7.2104567],[112.4548235,-7.2104841],[112.4548359,-7.2105087],[112.4548689,-7.2105264],[112.4549293,-7.210544],[112.4549979,-7.2105725],[112.4550679,-7.21059],[112.4551037,-7.2106132],[112.4551024,-7.2106419],[112.455108,-7.210683],[112.4551561,-7.210717],[112.4552207,-7.2107538],[112.4552386,-7.2107838],[112.4552392,-7.2108329],[112.4552447,-7.2108534],[112.4552599,-7.2108684],[112.4553052,-7.2108861],[112.455334,-7.2109024],[112.455341,-7.2109257],[112.4553384,-7.2109695],[112.4553168,-7.2110927],[112.4552582,-7.2112119],[112.4552433,-7.2112612],[112.4552421,-7.2113256],[112.4552505,-7.211368],[112.4552492,-7.2113899],[112.4552382,-7.2113981],[112.4551546,-7.2114038],[112.4549325,-7.2114018],[112.4548282,-7.2113967],[112.454805,-7.2114392],[112.4547147,-7.2115051],[112.4545903,-7.211538],[112.4545466,-7.211571],[112.4545137,-7.2115766],[112.4544202,-7.211518],[112.4543763,-7.2115018],[112.4542556,-7.2114994],[112.4541445,-7.2114902],[112.4540252,-7.2114824],[112.4539264,-7.2114786],[112.4538551,-7.2114815],[112.4538072,-7.2115132],[112.4537455,-7.211512],[112.4536605,-7.2115205],[112.4536249,-7.2115315],[112.4535674,-7.2115591],[112.4535277,-7.2115633],[112.4534153,-7.2115609],[112.4533029,-7.2115722],[112.4531179,-7.2116056],[112.4529493,-7.2116226],[112.4527833,-7.2116204],[112.4526242,-7.2116003],[112.4525818,-7.2116183],[112.4525558,-7.2116567],[112.452571,-7.2116826],[112.4526026,-7.2116976],[112.4526232,-7.2117249],[112.4526261,-7.2117618],[112.4526097,-7.211792],[112.4525851,-7.2118126],[112.4525413,-7.2118264],[112.452437,-7.2118185],[112.4522875,-7.2117944],[112.4522422,-7.2117904],[112.4522176,-7.2118096],[112.4521876,-7.2118631],[112.4521333,-7.2118967],[112.4521074,-7.2119323],[112.4520898,-7.2119953],[112.452072,-7.2120187],[112.4520076,-7.2120189],[112.4518745,-7.2120125],[112.4517964,-7.21201],[112.4517731,-7.2120155],[112.4517677,-7.2120552],[112.4517597,-7.2121291],[112.4517462,-7.2121784],[112.4517147,-7.2122004],[112.4516722,-7.2121992],[112.4516228,-7.212198],[112.4515543,-7.2122269],[112.4515133,-7.2122709],[112.4514423,-7.2123573],[112.4513931,-7.2124163],[112.4513624,-7.2124601],[112.4513488,-7.2124765],[112.4513543,-7.2125053],[112.451375,-7.2125421],[112.4513834,-7.2125886],[112.4513671,-7.2126339],[112.4513494,-7.2126681],[112.4513001,-7.2126956],[112.4511767,-7.2127001],[112.451089,-7.2127196],[112.4509958,-7.2127472],[112.450926,-7.212783],[112.4508507,-7.2128312],[112.4507521,-7.2128739],[112.4506535,-7.2129002],[112.4505617,-7.2129293],[112.4505055,-7.21295],[112.4503264,-7.2130074],[112.4502332,-7.2130296],[112.4501263,-7.2130491],[112.4500976,-7.213056],[112.4500922,-7.2130793],[112.4500979,-7.2131477],[112.4501255,-7.2132051],[112.4501407,-7.2132434],[112.4501382,-7.2133145],[112.4501384,-7.2133775],[112.4501329,-7.2133966],[112.4500753,-7.2133736],[112.4500121,-7.2133368],[112.4499777,-7.2133205],[112.4499394,-7.2133398],[112.4499217,-7.213385],[112.4499098,-7.2135301],[112.4498951,-7.2136328],[112.4498746,-7.2137749],[112.4498514,-7.2138051],[112.4497911,-7.2138162],[112.4496129,-7.2138318],[112.4495059,-7.2138377],[112.449377,-7.2138162],[112.4492521,-7.213807],[112.4491561,-7.2137868],[112.4490121,-7.2137722],[112.4487322,-7.2137441],[112.4485717,-7.213735],[112.4483304,-7.2137275],[112.4481549,-7.2137349],[112.4479753,-7.2137547],[112.4477916,-7.2137648],[112.4476696,-7.2137953],[112.4476287,-7.213857],[112.4476041,-7.2138982],[112.4475424,-7.2138997],[112.4472819,-7.2138691],[112.4473062,-7.2137472],[112.447306,-7.213713],[112.447269,-7.213698],[112.4471784,-7.2136805],[112.4469794,-7.2136374],[112.4468408,-7.2136036],[112.4466515,-7.2135618],[112.4465746,-7.2135497],[112.4464924,-7.2135637],[112.4464307,-7.2135775],[112.4462866,-7.2135452],[112.4462729,-7.2135438],[112.4462524,-7.2135617],[112.4462088,-7.2136645],[112.4461843,-7.2137083],[112.4461189,-7.2136987],[112.4460571,-7.2136907],[112.4460366,-7.2137003],[112.4460258,-7.2137428],[112.4460042,-7.2138592],[112.4459949,-7.2139441],[112.4459773,-7.2140408],[112.4459595,-7.2140587],[112.4458882,-7.2140562],[112.445836,-7.2140399],[112.4458114,-7.2140427],[112.4458005,-7.214077],[112.4457925,-7.2141564],[112.4457709,-7.21427],[112.4457655,-7.2142988],[112.4457505,-7.2143057],[112.4456792,-7.2143127],[112.445649,-7.2143156],[112.4456313,-7.2143416],[112.4456274,-7.2143977],[112.4456153,-7.2144717],[112.4456017,-7.214536],[112.4455867,-7.2145539],[112.4455713,-7.2146044],[112.4455716,-7.2146919],[112.4455802,-7.2148178],[112.4455627,-7.2149356],[112.4455031,-7.2151602],[112.4454787,-7.215256],[112.4454297,-7.215419],[112.4454052,-7.2154615],[112.4452959,-7.2155919],[112.4452194,-7.2156934],[112.445158,-7.2157784],[112.4451349,-7.2158688],[112.4451241,-7.2159236],[112.445127,-7.2159728],[112.445134,-7.2160152],[112.4451547,-7.2160521],[112.4451607,-7.2161148],[112.445146,-7.2162298],[112.4451393,-7.2162708],[112.4447771,-7.2162118],[112.4446798,-7.2162009],[112.4446539,-7.2162393],[112.4446089,-7.2163201],[112.4445228,-7.2163984],[112.4443819,-7.216507],[112.4443272,-7.2165523],[112.4442274,-7.2166332],[112.4441959,-7.2166648],[112.4441728,-7.2167319],[112.4441539,-7.2168073],[112.4441116,-7.2168963],[112.4440269,-7.2169856],[112.4439859,-7.217035],[112.4439576,-7.2171938],[112.4439126,-7.2172842],[112.4438957,-7.2172976],[112.443816,-7.2172609],[112.4437983,-7.217276],[112.4437411,-7.2174171],[112.4437071,-7.2175007],[112.4436784,-7.2175309],[112.4435521,-7.2174984],[112.4433874,-7.2174456],[112.4433627,-7.2174429],[112.4433354,-7.2174704],[112.4433002,-7.2176101],[112.4432975,-7.2176361],[112.4432276,-7.2176404],[112.4429971,-7.2176138],[112.4429368,-7.2176153],[112.4429247,-7.217707],[112.4428778,-7.2179584],[112.4428477,-7.2179776],[112.4427723,-7.2179683],[112.4427435,-7.2179834],[112.4427315,-7.2180888],[112.4427294,-7.2182695],[112.4427423,-7.2184238],[112.4427341,-7.218443],[112.4425929,-7.2184585],[112.4424284,-7.2184659],[112.4422953,-7.2184403],[112.4422198,-7.2184118],[112.4421059,-7.2184026],[112.4420593,-7.2183918],[112.4420413,-7.218359],[112.4420492,-7.2182618],[112.4420586,-7.2181879],[112.4420644,-7.2181568],[112.4418944,-7.2181291],[112.4418911,-7.2181261],[112.4418691,-7.2181549],[112.4418475,-7.2183318],[112.4417564,-7.2189267],[112.4416662,-7.2189127],[112.44148,-7.2188624],[112.4413847,-7.2188561],[112.4413693,-7.2188827],[112.4413171,-7.2191812],[112.4412152,-7.2191859],[112.4410513,-7.2191953],[112.4408144,-7.2192292],[112.4407325,-7.2192449],[112.4404627,-7.2193629],[112.4401773,-7.2194721],[112.4400447,-7.2195499],[112.4399956,-7.2196183],[112.439748,-7.2197539],[112.4397326,-7.2197761],[112.4397615,-7.2198202],[112.4397931,-7.220019],[112.439858,-7.2202266],[112.4398116,-7.2202687],[112.4396875,-7.220236],[112.4395236,-7.2202321],[112.4392866,-7.2202284],[112.4392467,-7.2202396],[112.4391781,-7.2202486],[112.4391161,-7.2202599],[112.4390919,-7.2202975],[112.4390795,-7.2205959],[112.4390486,-7.2206248],[112.439,-7.2206669],[112.4389941,-7.2208301],[112.4389768,-7.2209407],[112.4389724,-7.2209717],[112.4389149,-7.2209895],[112.4388973,-7.2210227],[112.438913,-7.2210802],[112.4389263,-7.2211022],[112.4389021,-7.2211332],[112.4388511,-7.2211312],[112.4387935,-7.2211093],[112.4387292,-7.2210962],[112.438634,-7.2211031],[112.4385277,-7.2211145],[112.4384148,-7.2211502],[112.438293,-7.2211418],[112.4376637,-7.2210531],[112.4373269,-7.2210299],[112.4371697,-7.2210348],[112.4370988,-7.2210505],[112.437103,-7.2216627],[112.4368903,-7.2216479],[112.4368527,-7.2216569],[112.4368418,-7.2216851],[112.4368183,-7.2219769],[112.4368101,-7.2221803],[112.436819,-7.2221913],[112.4370826,-7.2222015],[112.4370893,-7.222217],[112.4370911,-7.2228157],[112.4371002,-7.2228731],[112.4370988,-7.2231538],[112.4371477,-7.2232023],[112.4371435,-7.2232708],[112.4371228,-7.2235978],[112.437112,-7.2241241],[112.4371423,-7.2242258],[112.4370982,-7.2242964],[112.4370405,-7.2244347],[112.4370213,-7.2244748],[112.4369259,-7.2245221],[112.4368208,-7.2245653],[112.4367767,-7.2246068],[112.4366911,-7.2247024],[112.4366139,-7.2247828],[112.4365599,-7.2247926],[112.4364963,-7.2248149],[112.4364585,-7.22485],[112.4364361,-7.2248697],[112.4364081,-7.2249091],[112.4364026,-7.2249512],[112.4364028,-7.2250045],[112.4364141,-7.2250494],[112.4364143,-7.2250858],[112.4363947,-7.2251224],[112.436392,-7.2251532],[112.4364208,-7.2253776],[112.4364325,-7.2255206],[112.4364439,-7.2255571],[112.4365002,-7.2255906],[112.4365452,-7.2255988],[112.4365481,-7.2256101],[112.4365341,-7.2256494],[112.4365006,-7.2257056],[112.4364839,-7.2257646],[112.4364784,-7.2258039],[112.4364701,-7.2258572],[112.4364617,-7.2258769],[112.4364084,-7.2258995],[112.4363747,-7.2259276],[112.436352,-7.2259828],[112.4362748,-7.2264741],[112.4362392,-7.2267772],[112.4362339,-7.2268726],[112.4362115,-7.2269119],[112.4361947,-7.2269288],[112.4361245,-7.2269543],[112.4360851,-7.2269544],[112.4360373,-7.2269462],[112.4359613,-7.2269296],[112.4358686,-7.226927],[112.4357561,-7.226933],[112.4356717,-7.2269249],[112.435638,-7.2269278],[112.4356156,-7.2269503],[112.4355904,-7.226984],[112.4355849,-7.2270261],[112.4355852,-7.2271103],[112.4355714,-7.2272085],[112.4355089,-7.2273188],[112.4354108,-7.2275807],[112.4354116,-7.2278331],[112.4353989,-7.2278825],[112.4353824,-7.2278899],[112.4353696,-7.2278899],[112.4353458,-7.2278863],[112.4353164,-7.2278864],[112.4352743,-7.2278957],[112.4352597,-7.2279067],[112.4352397,-7.2279452],[112.4352269,-7.2279562],[112.4351975,-7.2279471],[112.4351883,-7.2279325],[112.4351753,-7.227896],[112.4351587,-7.2278595],[112.4351386,-7.2278559],[112.434981,-7.22786],[112.4348677,-7.2279756],[112.4348263,-7.2280682],[112.4347865,-7.2282476],[112.4347814,-7.2283537],[112.4347836,-7.2284853],[112.4347543,-7.2284818],[112.434681,-7.2284802],[112.4346003,-7.2284676],[112.4344828,-7.2284186],[112.4344534,-7.2283913],[112.4343947,-7.2283841],[112.4343069,-7.2284192],[112.4342099,-7.2284542],[112.4340506,-7.2285187],[112.4339847,-7.22855],[112.4339609,-7.2285592],[112.4339608,-7.2285281],[112.4339259,-7.2284844],[112.4338708,-7.2284608],[112.4338231,-7.2284445],[112.4337388,-7.2284429],[112.4336307,-7.2284451],[112.433572,-7.2284306],[112.4335426,-7.2284142],[112.433541,-7.2283547],[112.4335552,-7.2281901],[112.4335493,-7.2280712],[112.4335345,-7.2280401],[112.4334867,-7.2279964],[112.4333893,-7.227887],[112.4333194,-7.2278305],[112.433029,-7.2275553],[112.433007,-7.2275498],[112.4329722,-7.2275499],[112.432941,-7.22755],[112.4328805,-7.2275594],[112.4328256,-7.2275669],[112.4327706,-7.2275707],[112.4327432,-7.2275927],[112.4327267,-7.2276111],[112.4326957,-7.2276423],[112.4326793,-7.2276661],[112.432661,-7.2276917],[112.4325786,-7.2277048],[112.4325273,-7.2277086],[112.4324613,-7.2277107],[112.4323935,-7.2277072],[112.432322,-7.2277056],[112.432245,-7.2277022],[112.4321955,-7.2276932],[112.4321478,-7.2276769],[112.4321313,-7.2276623],[112.4320982,-7.2276478],[112.432078,-7.2276442],[112.4320487,-7.2276443],[112.4320396,-7.2276443],[112.4320011,-7.2276554],[112.4319792,-7.2276719],[112.4319792,-7.2276829],[112.4319977,-7.2277505],[112.4320421,-7.2278857],[112.4320748,-7.2280075],[112.4321263,-7.2280658],[112.4321813,-7.2280931],[112.4322236,-7.2281369],[112.4322384,-7.2281679],[112.4322591,-7.2283599],[112.4322574,-7.2283983],[112.4322612,-7.2284257],[112.432274,-7.2284385],[112.4322851,-7.2284567],[112.4322888,-7.2284695],[112.4322778,-7.2284805],[112.4322486,-7.2285007],[112.4321992,-7.2285338],[112.4321736,-7.2285522],[112.4321425,-7.2285559],[112.4320911,-7.2285451],[112.4320507,-7.228527],[112.4320268,-7.2285106],[112.4319975,-7.2284905],[112.4319681,-7.2284742],[112.4319479,-7.2284651],[112.4319021,-7.2284652],[112.4318691,-7.2284672],[112.4318398,-7.2284673],[112.4318104,-7.22846],[112.431792,-7.2284436],[112.431781,-7.2284382],[112.431737,-7.2284383],[112.4317059,-7.2284494],[112.4316729,-7.2284532],[112.4316381,-7.2284496],[112.4315941,-7.2284461],[112.4315446,-7.2284554],[112.4315172,-7.2284738],[112.4315027,-7.2285104],[112.4314881,-7.228547],[112.4314753,-7.2285525],[112.4314478,-7.2285526],[112.4314221,-7.2285436],[112.4313818,-7.2285309],[112.4313451,-7.228531],[112.431314,-7.2285421],[112.4312609,-7.2285715],[112.4312152,-7.2285844],[112.4311458,-7.2285922],[112.4310726,-7.2286272],[112.4310214,-7.2286493],[112.4309866,-7.2286549],[112.4308894,-7.2286387],[112.430783,-7.228619],[112.4305996,-7.2285756],[112.4304602,-7.2285523],[112.4303778,-7.2285526],[112.4303155,-7.2285747],[112.4302533,-7.2286078],[112.4301508,-7.2286392],[112.4299914,-7.2286836],[112.429942,-7.2286911],[112.429909,-7.2286875],[112.4298777,-7.228662],[112.4298209,-7.2286439],[112.4297659,-7.2286331],[112.4297255,-7.2286332],[112.4296687,-7.2286426],[112.4296266,-7.2286555],[112.4296139,-7.2286848],[112.429614,-7.2287122],[112.4295902,-7.2287288],[112.4295444,-7.2287362],[112.4294876,-7.2287419],[112.4294329,-7.2287467],[112.4294275,-7.2287686],[112.4294368,-7.2288088],[112.4294369,-7.22886],[112.4294388,-7.228893],[112.4294352,-7.2289021],[112.4294059,-7.2288949],[112.4293581,-7.2288694],[112.4293196,-7.2288659],[112.429283,-7.2288825],[112.4292556,-7.2289063],[112.4292336,-7.2289082],[112.4292043,-7.228901],[112.4291602,-7.2288829],[112.4291438,-7.2288884],[112.4291292,-7.2289342],[112.429122,-7.2289744],[112.4291019,-7.2289873],[112.4290909,-7.228991],[112.4290396,-7.2289857],[112.4289809,-7.2289749],[112.4289442,-7.228975],[112.4289223,-7.2290007],[112.4289041,-7.2290355],[112.4288693,-7.2290465],[112.4288143,-7.2290394],[112.4287318,-7.2290104],[112.4286694,-7.228985],[112.4285685,-7.2289524],[112.4285043,-7.2289361],[112.4284162,-7.2289236],[112.4283355,-7.2289037],[112.428242,-7.2288949],[112.428176,-7.2288841],[112.4281009,-7.2288843],[112.4280459,-7.2288863],[112.4280222,-7.2289139],[112.4280131,-7.2289486],[112.4280079,-7.2290566],[112.4279972,-7.2291371],[112.4279772,-7.2291993],[112.4279628,-7.2292634],[112.4279631,-7.2293548],[112.4279614,-7.229395],[112.4279522,-7.2294079],[112.4279211,-7.2294098],[112.4278642,-7.229388],[112.4277926,-7.2293462],[112.427785,-7.2293454],[112.4277543,-7.229501],[112.4277089,-7.2296273],[112.4277109,-7.2296913],[112.4276857,-7.2298396],[112.427639,-7.2299852],[112.427632,-7.2300822],[112.4276285,-7.2301426],[112.4276231,-7.2301481],[112.4275772,-7.2301482],[112.4275095,-7.2301576],[112.4274123,-7.2301597],[112.4273299,-7.2301618],[112.4272327,-7.2301657],[112.4271448,-7.2301678],[112.4270073,-7.2301774],[112.4268919,-7.2301778],[112.4268406,-7.2301889],[112.4267619,-7.2302203],[112.4266575,-7.2302645],[112.4265367,-7.2303051],[112.4264488,-7.2303438],[112.4263519,-7.2304099],[112.4263264,-7.2304722],[112.4263174,-7.2305216],[112.4263306,-7.2306368],[112.4263319,-7.2307057],[112.4263266,-7.2307587],[112.4263157,-7.2307734],[112.42629,-7.2307826],[112.4262076,-7.2307938],[112.4260097,-7.2308036],[112.4258631,-7.2308297],[112.4258562,-7.2309431],[112.4258455,-7.2310547],[112.4258403,-7.2311388],[112.4258223,-7.2312651],[112.4257788,-7.2313969],[112.4257049,-7.2315884],[112.4255628,-7.2318669],[112.4254917,-7.2319933],[112.4254406,-7.2320629],[112.4253985,-7.2320741],[112.4253123,-7.232056],[112.4252481,-7.2320398],[112.4251197,-7.2320091],[112.4250463,-7.2319929],[112.4250134,-7.2320021],[112.4249438,-7.2320261],[112.424843,-7.2320337],[112.4247568,-7.2320212],[112.4246762,-7.2320086],[112.4245624,-7.2319797],[112.4244707,-7.2319489],[112.424423,-7.2319216],[112.4243716,-7.231898],[112.4243019,-7.23188],[112.4242523,-7.2318582],[112.4241367,-7.2318238],[112.4240086,-7.2317952],[112.4239003,-7.2317553],[112.423803,-7.2317172],[112.4237241,-7.2316845],[112.4236416,-7.2316793],[112.4235554,-7.2316595],[112.4234748,-7.231678],[112.4234584,-7.2316964],[112.4234274,-7.2317495],[112.4233946,-7.2318209],[112.4233876,-7.2318996],[112.4233803,-7.231927],[112.4233658,-7.23196],[112.4233585,-7.2319966],[112.4233532,-7.232035],[112.4233514,-7.2320606],[112.4233258,-7.2320717],[112.4232726,-7.2320591],[112.4232065,-7.2320373],[112.4230837,-7.2320158],[112.4229627,-7.232007],[112.4228912,-7.2320182],[112.4228014,-7.2320203],[112.4227538,-7.2320278],[112.4226934,-7.2320426],[112.422587,-7.2320264],[112.4224991,-7.2320322],[112.4224461,-7.2320946],[112.422395,-7.2321606],[112.4223841,-7.2321917],[112.4223843,-7.2322465],[112.4223752,-7.2322905],[112.422357,-7.2323308],[112.4223333,-7.2323455],[112.4223115,-7.2323466],[112.4222473,-7.232323],[112.4221831,-7.2323159],[112.4221227,-7.2323252],[112.4220715,-7.2323601],[112.4220349,-7.2323968],[112.4220221,-7.2324005],[112.4220129,-7.2323877],[112.4219706,-7.2323513],[112.4219596,-7.2323531],[112.4219159,-7.232421],[112.421843,-7.2325638],[112.4218137,-7.2325895],[112.4217918,-7.2326006],[112.4217166,-7.2325917],[112.4216433,-7.2325956],[112.4216067,-7.2326085],[112.4215848,-7.2326506],[112.421554,-7.2327385],[112.421532,-7.2327514],[112.4215118,-7.2327496],[112.4214824,-7.2327241],[112.4214328,-7.232695],[112.4214108,-7.2326713],[112.4213905,-7.2326366],[112.4213407,-7.2325453],[112.4213095,-7.2325088],[112.4212398,-7.2324889],[112.4210985,-7.2324546],[112.4209206,-7.2324039],[112.4207115,-7.2323442],[112.4206362,-7.2323024],[112.4205498,-7.2322332],[112.420495,-7.2322121],[112.4202456,-7.232169],[112.420053,-7.2321349],[112.4199649,-7.2321004],[112.4199649,-7.2320876],[112.4199739,-7.2320363],[112.4199683,-7.2319961],[112.419937,-7.2319615],[112.4198984,-7.231925],[112.4197974,-7.2318741],[112.4196469,-7.2318033],[112.419614,-7.2318381],[112.4195573,-7.2318785],[112.4195445,-7.2318822],[112.4195078,-7.2318732],[112.4194693,-7.2318459],[112.4194216,-7.2318442],[112.4192859,-7.23183],[112.4191044,-7.2317922],[112.4190628,-7.2319733],[112.4190229,-7.2321106],[112.4189991,-7.2321308],[112.4189407,-7.2321987],[112.4188492,-7.2323576],[112.4188804,-7.2323721],[112.4189025,-7.2323976],[112.4189118,-7.2324397],[112.418901,-7.2325202],[112.4188722,-7.2326849],[112.4188727,-7.2328422],[112.4188182,-7.2329941],[112.4187429,-7.2331133],[112.4187295,-7.2331722],[112.4186965,-7.2333825],[112.4186402,-7.2334143],[112.4186015,-7.233432],[112.418591,-7.2334497],[112.4186122,-7.2334742],[112.4186334,-7.2334882],[112.418637,-7.2335163],[112.4186301,-7.2335726],[112.4186268,-7.2336429],[112.4186024,-7.2337133],[112.4185884,-7.2337415],[112.4185708,-7.2337486],[112.4185426,-7.2337487],[112.418532,-7.2337522],[112.4185145,-7.2337874],[112.418501,-7.2339843],[112.4185012,-7.2340441],[112.4184942,-7.2340582],[112.4184625,-7.2340688],[112.4183533,-7.2340586],[112.4183075,-7.2340623],[112.4182688,-7.2340835],[112.4182406,-7.2340906],[112.4181208,-7.2340805],[112.418075,-7.2340806],[112.4179905,-7.2340984],[112.4179095,-7.2341163],[112.4178452,-7.2341509],[112.4177958,-7.2342153],[112.4177615,-7.2343118],[112.4177344,-7.2343638],[112.4176923,-7.2343862],[112.4176188,-7.2343962],[112.4176016,-7.234416],[112.4176117,-7.2345],[112.4176121,-7.234631],[112.4176123,-7.2346903],[112.41761,-7.2347299],[112.4175952,-7.234772],[112.4175681,-7.2347943],[112.4175507,-7.2347993],[112.4175284,-7.2347969],[112.4174763,-7.2347526],[112.4174018,-7.2347034],[112.4173398,-7.2346739],[112.4171837,-7.2346645],[112.4171192,-7.2346474],[112.4170994,-7.2346475],[112.4170846,-7.2346648],[112.4170947,-7.2347241],[112.4170874,-7.2347785],[112.4170851,-7.2348131],[112.4170753,-7.2348453],[112.4170703,-7.2348502],[112.417048,-7.2348478],[112.4170257,-7.234843],[112.4170059,-7.2348405],[112.4169811,-7.2348382],[112.4169688,-7.234858],[112.4169616,-7.2349396],[112.4169569,-7.2350211],[112.4169324,-7.2351152],[112.4169177,-7.235177],[112.4168931,-7.2352117],[112.4168213,-7.2352317],[112.4167643,-7.2352294],[112.4166504,-7.2352223],[112.4166008,-7.23522],[112.416586,-7.2352299],[112.4165762,-7.235267],[112.4165666,-7.2353659],[112.4165642,-7.2353956],[112.4165518,-7.2353981],[112.4165146,-7.2353834],[112.4163434,-7.2353048],[112.4162268,-7.2352533],[112.416207,-7.2352534],[112.4161773,-7.2352559],[112.4161501,-7.2352708],[112.4161403,-7.2352931],[112.4161231,-7.2353451],[112.4160962,-7.235449],[112.4160667,-7.2355208],[112.4158807,-7.2354595],[112.4156847,-7.2353588],[112.4155887,-7.2353272],[112.4155515,-7.2353248],[112.4155342,-7.2353422],[112.4154801,-7.2354758],[112.4154384,-7.235602],[112.4154238,-7.2356787],[112.4154216,-7.2357603],[112.4154045,-7.2358394],[112.4153857,-7.2360317],[112.4153858,-7.2360712],[112.4153883,-7.2360811],[112.4154057,-7.2360909],[112.4154677,-7.2361056],[112.415547,-7.2361375],[112.4156215,-7.2361916],[112.4156638,-7.2362409],[112.4156788,-7.2362928],[112.415674,-7.2363496],[112.4156547,-7.2365005],[112.4156207,-7.2367231],[112.4156159,-7.2367824],[112.4156112,-7.236859],[112.4155989,-7.2368863],[112.4154751,-7.2368842],[112.4153933,-7.2368696],[112.4153809,-7.2368746],[112.4153687,-7.2369241],[112.4153566,-7.2370397],[112.4153568,-7.2371065],[112.4153793,-7.2371608],[112.415382,-7.2372275],[112.4153672,-7.2372622],[112.4153525,-7.2373092],[112.4153254,-7.2373414],[112.4152808,-7.2373465],[112.4152288,-7.2373466],[112.4148744,-7.2373181],[112.4147729,-7.2373184],[112.414644,-7.2373089],[112.414612,-7.2373807],[112.4145924,-7.2374401],[112.4145752,-7.2374673],[112.4144314,-7.2374554],[112.4142853,-7.2374509],[112.4142019,-7.2374341],[112.4141946,-7.237449],[112.4142175,-7.237659],[112.4142259,-7.237968],[112.4142138,-7.2380496],[112.4141768,-7.2381214],[112.4141622,-7.2381931],[112.4141659,-7.2382987],[112.4141785,-7.2383555],[112.4141861,-7.2384049],[112.4141738,-7.2384568],[112.4141716,-7.2385236],[112.4141569,-7.2385731],[112.414152,-7.2385978],[112.414157,-7.2386126],[112.4141868,-7.2386224],[112.4142784,-7.238632],[112.4143751,-7.238649],[112.4144618,-7.2386611],[112.4145238,-7.2386708],[112.4146007,-7.2386953],[112.4146726,-7.2387148],[112.414742,-7.238722],[112.4148212,-7.2387193],[112.4148856,-7.2387142],[112.41495,-7.2387041],[112.4149698,-7.2387065],[112.4149847,-7.2387139],[112.4149972,-7.238746],[112.4150098,-7.2388225],[112.415005,-7.2388621],[112.41501,-7.238872],[112.4151016,-7.2388717],[112.4151512,-7.2388715],[112.415176,-7.2388814],[112.4151884,-7.238906],[112.4152035,-7.2389604],[112.4152066,-7.2391606],[112.4152168,-7.2392471],[112.4152304,-7.2393131],[112.4152405,-7.2393823],[112.4152507,-7.2394589],[112.4152461,-7.2395677],[112.4152462,-7.2395948],[112.4152536,-7.2396097],[112.4153156,-7.2396243],[112.4154024,-7.2396562],[112.4154694,-7.2396807],[112.4155165,-7.2397028],[112.4155465,-7.2397892],[112.4155717,-7.2399251],[112.4155967,-7.240009],[112.4156192,-7.2400559],[112.4156565,-7.2400978],[112.4157012,-7.2401298],[112.4157186,-7.2401446],[112.4157188,-7.2402212],[112.4157017,-7.2402954],[112.4156577,-7.2404482],[112.4156186,-7.2406461],[112.4155967,-7.2407599],[112.4155773,-7.2408835],[112.4155825,-7.2409824],[112.4155852,-7.2410442],[112.4155853,-7.2410714],[112.4155977,-7.2410837],[112.4156349,-7.241091],[112.4158653,-7.2411076],[112.4158778,-7.2411248],[112.415868,-7.2411793],[112.4158634,-7.2412732],[112.415871,-7.2413276],[112.4158859,-7.2413399],[112.4159156,-7.2413521],[112.4159701,-7.241352],[112.415985,-7.2413668],[112.4159852,-7.2414113],[112.4159735,-7.2414754],[112.4159859,-7.2414877],[112.416033,-7.2414999],[112.416043,-7.2415295],[112.4160408,-7.2416161],[112.4160237,-7.2417051],[112.4160264,-7.2417768],[112.4160094,-7.2418708],[112.4159998,-7.2419598],[112.415995,-7.2420241],[112.4160001,-7.2420636],[112.4160175,-7.2420957],[112.4160227,-7.242155],[112.4160129,-7.2422168],[112.4159983,-7.2422984],[112.4159936,-7.24238],[112.4159715,-7.2424369],[112.4159518,-7.2424543],[112.4158551,-7.2424521],[112.415709,-7.2424476],[112.4156818,-7.2424601],[112.4156596,-7.2425145],[112.4155586,-7.2427027],[112.4154396,-7.2429745],[112.4153955,-7.2431303],[112.4153808,-7.2431699],[112.4151058,-7.2431683],[112.414977,-7.2431712],[112.4149572,-7.2431861],[112.414945,-7.2432257],[112.4149277,-7.2432529],[112.4148732,-7.2432432],[112.4147294,-7.2432214],[112.4146427,-7.2432044],[112.4145435,-7.2431898],[112.4145262,-7.2432022],[112.4145041,-7.2432468],[112.4144844,-7.2432938],[112.4144722,-7.2433384],[112.4144699,-7.243415],[112.4144876,-7.2435262],[112.4145027,-7.2435953],[112.4145003,-7.2436176],[112.4144731,-7.2436375],[112.414436,-7.2436648],[112.4144238,-7.2437019],[112.4144215,-7.243776],[112.4144166,-7.2437909],[112.4143943,-7.2437885],[112.4143497,-7.2437862],[112.4143249,-7.2438118],[112.4142979,-7.2438685],[112.4142712,-7.2439918],[112.4142419,-7.24412],[112.4142177,-7.244258],[112.414198,-7.2442926],[112.414161,-7.2442877],[112.4141239,-7.244278],[112.4141017,-7.2442879],[112.4140821,-7.2443126],[112.4140748,-7.2443595],[112.4140726,-7.2444408],[112.4140532,-7.2445738],[112.4140461,-7.2446502],[112.4140614,-7.2448202],[112.4140665,-7.2448694],[112.4140643,-7.2449278],[112.4140423,-7.2449969],[112.414008,-7.245066],[112.4139934,-7.2451276],[112.4140059,-7.2452039],[112.4140333,-7.2452654],[112.414063,-7.2453072],[112.4140805,-7.2453589],[112.4140659,-7.2454402],[112.4140513,-7.2454994],[112.4140193,-7.2455291],[112.4139478,-7.245549],[112.4138713,-7.2455591],[112.4138392,-7.2455715],[112.4138468,-7.2456306],[112.4138179,-7.245877],[112.41376,-7.2463964],[112.4137354,-7.2464261],[112.4137108,-7.2464483],[112.4136936,-7.2464779],[112.4136914,-7.246574],[112.4136993,-7.2467292],[112.4136897,-7.246813],[112.4137097,-7.2468745],[112.413732,-7.246904],[112.413732,-7.2469139],[112.4137271,-7.2469287],[112.4136678,-7.246919],[112.4136233,-7.2469043],[112.4135962,-7.2469143],[112.4135717,-7.2469636],[112.4135373,-7.247013],[112.4134852,-7.2470442],[112.4134384,-7.247096],[112.4133941,-7.2471356],[112.4133696,-7.2471874],[112.4133648,-7.2472293],[112.413355,-7.2472663],[112.4133328,-7.2472836],[112.4133008,-7.2472985],[112.4132885,-7.2473133],[112.4132738,-7.2473651],[112.413284,-7.247471],[112.413272,-7.2475621],[112.4132501,-7.2476608],[112.4132332,-7.2477963],[112.4132457,-7.2478529],[112.4132907,-7.2479727],[112.4132959,-7.2480416],[112.4132936,-7.2481081],[112.4132863,-7.2481525],[112.4132544,-7.2482142],[112.4132348,-7.2482537],[112.4132126,-7.248271],[112.4131805,-7.2482612],[112.413141,-7.2482466],[112.4131311,-7.2482392],[112.4131162,-7.2482343],[112.4131088,-7.2482417],[112.4131089,-7.248259],[112.4131139,-7.2482935],[112.4131364,-7.2483574],[112.4131736,-7.2484312],[112.4131861,-7.2484583],[112.4131936,-7.2485026],[112.4131814,-7.2485371],[112.4131691,-7.2485643],[112.4131519,-7.2485742],[112.4130655,-7.2485991],[112.4129669,-7.2486265],[112.4128831,-7.2486859],[112.4128462,-7.2487254],[112.4128389,-7.2487525],[112.412834,-7.248792],[112.4128588,-7.2488091],[112.4129873,-7.2488669],[112.4130441,-7.2488766],[112.4131281,-7.2488911],[112.413217,-7.2489105],[112.4132665,-7.2489523],[112.4132988,-7.2490039],[112.4133187,-7.2490556],[112.4132944,-7.2491616],[112.4132281,-7.2493022],[112.4131788,-7.2493294],[112.4130998,-7.2493346],[112.4129517,-7.2493203],[112.4128528,-7.2492836],[112.4128256,-7.2492616],[112.4128156,-7.2492345],[112.4128104,-7.249136],[112.4128152,-7.2491113],[112.4128101,-7.2490596],[112.4127657,-7.2490474],[112.4127113,-7.2490451],[112.4126111,-7.2490235],[112.412542,-7.2490336],[112.4124951,-7.2490411],[112.4124285,-7.2490586],[112.4123989,-7.2490784],[112.4123891,-7.249108],[112.4124016,-7.2491326],[112.4124338,-7.2491719],[112.412461,-7.2492087],[112.4124883,-7.2492481],[112.4125008,-7.2492751],[112.4125132,-7.2493071],[112.4125158,-7.2493564],[112.4125086,-7.2494081],[112.4124865,-7.2494476],[112.4124717,-7.2494624],[112.4124446,-7.2494675],[112.4123952,-7.2494676],[112.4123384,-7.2494555],[112.4122715,-7.2493941],[112.4122342,-7.2493104],[112.4122315,-7.2492144],[112.4122064,-7.2491085],[112.4122014,-7.2490741],[112.412189,-7.2490569],[112.4121692,-7.2490495],[112.4121297,-7.2490496],[112.4120853,-7.2490572],[112.4120581,-7.2490573],[112.4120359,-7.2490499],[112.412026,-7.2490475],[112.4119964,-7.2490353],[112.4119692,-7.2490304],[112.4119395,-7.2490231],[112.4119148,-7.2490208],[112.4118778,-7.2490209],[112.4118482,-7.2490234],[112.4118309,-7.2490309],[112.4118087,-7.2490433],[112.4117891,-7.2490827],[112.4117571,-7.2491099],[112.4117226,-7.2491297],[112.4117202,-7.249147],[112.4117277,-7.2491938],[112.4117231,-7.2492825],[112.4117037,-7.2493909],[112.4116941,-7.2494895],[112.4116474,-7.2495586],[112.4115759,-7.2496032],[112.4115439,-7.2496328],[112.4115145,-7.2496773],[112.4114903,-7.2498399],[112.4113342,-7.2506034],[112.410996,-7.2505995],[112.4109664,-7.2506193],[112.4109542,-7.2506711],[112.4109548,-7.250878],[112.4109574,-7.2510377],[112.4109328,-7.2510772],[112.4108736,-7.2510774],[112.4107747,-7.2510457],[112.4107204,-7.2510335],[112.4106932,-7.2510435],[112.4106096,-7.2511398],[112.4105211,-7.2512534],[112.4104671,-7.2513718],[112.410445,-7.2514138],[112.4103958,-7.2514681],[112.4103023,-7.2515497],[112.4102531,-7.2516041],[112.4101955,-7.2517114],[112.4101414,-7.2517683],[112.4100651,-7.2518449],[112.4100134,-7.2519115],[112.4099964,-7.2520003],[112.4099279,-7.2521902],[112.4097954,-7.2524567],[112.4097069,-7.2525702],[112.4095983,-7.2525928],[112.4094059,-7.2526328],[112.409174,-7.2526926],[112.4090827,-7.2527126],[112.4085733,-7.2528291],[112.4085179,-7.2528514],[112.4084175,-7.2528544],[112.408355,-7.2528655],[112.4082601,-7.2529064],[112.4081055,-7.2529448],[112.4080078,-7.2529695],[112.4078911,-7.2529753],[112.4077526,-7.2529784],[112.4076929,-7.2529921],[112.4076251,-7.2530249],[112.4076171,-7.2530466],[112.4076145,-7.2530926],[112.4076173,-7.2531278],[112.407593,-7.2531658],[112.4075415,-7.2531958],[112.4074844,-7.2531824],[112.4074411,-7.2532097],[112.4073977,-7.2532396],[112.4073598,-7.2532804],[112.4073328,-7.2533292],[112.4072786,-7.2533402],[112.4072053,-7.2533486],[112.4071591,-7.2533541],[112.4071049,-7.2533814],[112.4070643,-7.2534222],[112.4070346,-7.2534764],[112.4070157,-7.2535171],[112.4069968,-7.2535362],[112.4069316,-7.2535255],[112.4067639,-7.2534919],[112.406721,-7.2536627],[112.406683,-7.253671],[112.4064629,-7.2536066],[112.4063902,-7.2538127],[112.4063604,-7.2538345],[112.4063387,-7.2538373],[112.4062246,-7.2538241],[112.4061268,-7.2538027],[112.4060861,-7.2538029],[112.4060644,-7.2538219],[112.4059754,-7.2540172],[112.4059079,-7.2541204],[112.4058617,-7.2541232],[112.4057585,-7.2541236],[112.4055711,-7.2540889],[112.4054325,-7.2540677],[112.4054135,-7.2540759],[112.4053682,-7.2543361],[112.4053391,-7.2545746],[112.4053394,-7.2546803],[112.4053232,-7.2547829],[112.4053097,-7.2548101],[112.405288,-7.2548237],[112.4052311,-7.2548455],[112.4051714,-7.2548782],[112.4051145,-7.2549082],[112.4050738,-7.2549246],[112.405044,-7.2549382],[112.4050305,-7.2549735],[112.4050338,-7.2551523],[112.405034,-7.2552363],[112.4050206,-7.2552905],[112.4050045,-7.2553366],[112.4049611,-7.2553693],[112.4049205,-7.2554073],[112.4049071,-7.2554453],[112.4048419,-7.2554509],[112.4046763,-7.2554596],[112.4046173,-7.2554663],[112.4045686,-7.2555071],[112.4044089,-7.2556674],[112.4042573,-7.2558196],[112.4042058,-7.2558631],[112.404157,-7.2558823],[112.4040538,-7.2558826],[112.4039561,-7.2558748],[112.4039262,-7.2558776],[112.4037868,-7.2564524],[112.4037195,-7.2566368],[112.403679,-7.2567155],[112.4036194,-7.2567563],[112.4035297,-7.2568317],[112.4034837,-7.2568887],[112.4034704,-7.2569728],[112.4034678,-7.257027],[112.4034411,-7.2571652],[112.403401,-7.2573685],[112.4033986,-7.2574607],[112.4033772,-7.257561],[112.4033559,-7.2577182],[112.4033238,-7.2578592],[112.4032965,-7.2579833],[112.4032802,-7.2579941],[112.4031606,-7.2579566],[112.4030084,-7.2579137],[112.4029677,-7.2579084],[112.4029568,-7.2579139],[112.4029272,-7.2579871],[112.4029085,-7.2580874],[112.4028977,-7.2581172],[112.4028842,-7.2581308],[112.4028163,-7.2581121],[112.4027537,-7.2580906],[112.4027184,-7.2580934],[112.4026995,-7.2581233],[112.4026916,-7.2581775],[112.4026835,-7.2582209],[112.4026701,-7.2582507],[112.4026186,-7.2582942],[112.402578,-7.2583268],[112.4025456,-7.2583866],[112.4025403,-7.2584408],[112.4025323,-7.2584733],[112.4025269,-7.258495],[112.4025107,-7.258514],[112.40247,-7.258525],[112.4023858,-7.2585279],[112.4023044,-7.2585309],[112.4022718,-7.25855],[112.4022368,-7.2586286],[112.4022072,-7.2587181],[112.4021829,-7.2587724],[112.4021422,-7.2587752],[112.4019764,-7.258727],[112.401952,-7.2587271],[112.4019222,-7.2587542],[112.40189,-7.2588681],[112.401828,-7.2590417],[112.4018174,-7.2591068],[112.4017518,-7.2592959],[112.4016268,-7.2592773],[112.4015888,-7.2592936],[112.4015509,-7.2593127],[112.401502,-7.2593237],[112.4014613,-7.2593266],[112.401388,-7.2593159],[112.4013448,-7.2593974],[112.4013042,-7.2594462],[112.4012554,-7.2594816],[112.4011687,-7.2595279],[112.4010168,-7.259588],[112.4008975,-7.2596426],[112.4007918,-7.2597052],[112.4007159,-7.2597515],[112.4006563,-7.2598032],[112.4006106,-7.2599577],[112.4005703,-7.2600933],[112.4005596,-7.2601394],[112.4005461,-7.260153],[112.4004701,-7.2601532],[112.3998331,-7.2601189],[112.3997843,-7.2601299],[112.3997545,-7.2601517],[112.3997383,-7.2601978],[112.3997494,-7.2602736],[112.3997469,-7.2603522],[112.3996931,-7.2604878],[112.3996693,-7.2607019],[112.3996457,-7.2609675],[112.3996298,-7.2611084],[112.3996164,-7.2611573],[112.399592,-7.261179],[112.3995486,-7.2611873],[112.3995188,-7.2611982],[112.3994971,-7.2612199],[112.3993291,-7.261469],[112.3993048,-7.2615313],[112.3992509,-7.2616616],[112.3991889,-7.2617945],[112.3990566,-7.2620469],[112.3990351,-7.2621066],[112.3989782,-7.2621663],[112.3989729,-7.262207],[112.3989543,-7.2623371],[112.3989461,-7.262461],[112.3989247,-7.2625911],[112.3988707,-7.2626644],[112.3988192,-7.2626944],[112.3987649,-7.2627162],[112.3987133,-7.2627083],[112.3985366,-7.2626384],[112.3984061,-7.2625873],[112.3983518,-7.2625739],[112.3983002,-7.2625741],[112.3982649,-7.2625986],[112.3981918,-7.2626638],[112.398016,-7.2628946],[112.3979863,-7.2629516],[112.3979434,-7.2630981],[112.397903,-7.2632093],[112.3978706,-7.2632717],[112.3977852,-7.2634096],[112.3977557,-7.2635479],[112.3977101,-7.2637025],[112.397694,-7.2637757],[112.3976534,-7.2638137],[112.3976181,-7.2638247],[112.3975475,-7.2638357],[112.3975286,-7.2638412],[112.3975177,-7.2638548],[112.397526,-7.2638927],[112.3975371,-7.2639766],[112.3975647,-7.2641066],[112.3975757,-7.2641716],[112.397584,-7.2642149],[112.3975461,-7.2642448],[112.3974348,-7.2642696],[112.3972639,-7.2643026],[112.397101,-7.2643085],[112.3970249,-7.2643087],[112.3969953,-7.2643901],[112.3968959,-7.2647291],[112.3968905,-7.2647535],[112.3969531,-7.264775],[112.3970808,-7.2648206],[112.3972662,-7.2648736],[112.397296,-7.2648247],[112.3973203,-7.2648084],[112.3973448,-7.2648056],[112.3973693,-7.2648218],[112.3974128,-7.2648461],[112.3974536,-7.2648622],[112.3975351,-7.2648836],[112.3979859,-7.2649147],[112.3984504,-7.2649512],[112.3985807,-7.2649617],[112.3987139,-7.2649938],[112.3989042,-7.2650717],[112.3990511,-7.2651499],[112.3991682,-7.265247],[112.399285,-7.2652873],[112.3994617,-7.2653301],[112.3995242,-7.265357],[112.3995759,-7.2654056],[112.3996414,-7.265484],[112.3997366,-7.2655961],[112.3998291,-7.2656581],[112.3999487,-7.2657065],[112.3999977,-7.2657389],[112.4000304,-7.2657686],[112.4000522,-7.26582],[112.4000632,-7.2658471],[112.4001365,-7.2658523],[112.400199,-7.2658548],[112.4002615,-7.2658681],[112.4003539,-7.2659058],[112.4004002,-7.2659354],[112.4004274,-7.2659706],[112.4004302,-7.2660004],[112.4004195,-7.2660546],[112.4004929,-7.2660733],[112.4006125,-7.2660973],[112.4006995,-7.2661431],[112.4009253,-7.2662725],[112.4010585,-7.2663127],[112.4012188,-7.2663447],[112.4014388,-7.2663901],[112.4015394,-7.2664088],[112.4015992,-7.2664411],[112.4017086,-7.2667438],[112.4022753,-7.2667935],[112.4026206,-7.2668643],[112.4028992,-7.2670433],[112.402931,-7.2673207],[112.4030037,-7.2675055],[112.4030399,-7.2675568],[112.4031325,-7.2675257],[112.4036379,-7.2677451],[112.4036537,-7.2678478],[112.4037002,-7.2678837],[112.4037879,-7.2679348],[112.4040199,-7.2680214],[112.4043704,-7.2680974],[112.4045867,-7.2681019],[112.4046692,-7.2681222],[112.4051165,-7.2682252],[112.4053072,-7.2682658],[112.40591,-7.2683204],[112.4060285,-7.2683457],[112.4059778,-7.2685977],[112.4062099,-7.2686946],[112.4063592,-7.268689],[112.406514,-7.2687708],[112.4066633,-7.2687754],[112.4066379,-7.2688732],[112.4067256,-7.2689243],[112.4068134,-7.2689857],[112.4068805,-7.2690523],[112.4069218,-7.2690727],[112.4070764,-7.2691133],[112.4072826,-7.2691744],[112.4073961,-7.2692254],[112.4074941,-7.2692765],[112.4076281,-7.2693069],[112.4079373,-7.2693625],[112.4079992,-7.2693828],[112.407943,-7.2695372],[112.4079176,-7.2696452],[112.4079486,-7.2696656],[112.408026,-7.2697271],[112.4080572,-7.269804],[112.4080578,-7.2700199],[112.4082073,-7.27004],[112.4081921,-7.2701325],[112.4081872,-7.2702096],[112.4081035,-7.2707276],[112.4086079,-7.2706027],[112.4086298,-7.271024],[112.4093054,-7.2712943],[112.4095275,-7.2715146],[112.4097954,-7.271524],[112.4098457,-7.2711538],[112.4099128,-7.271205],[112.4099853,-7.2713076],[112.4100114,-7.2714154],[112.4100118,-7.271549],[112.4099967,-7.2716827],[112.4099969,-7.2717392],[112.4100125,-7.2717751],[112.4100487,-7.2718418],[112.4100592,-7.2719035],[112.4100646,-7.2719805],[112.4100699,-7.2720113],[112.410467,-7.27219],[112.4105821,-7.2724993],[112.4110384,-7.2727395],[112.4111467,-7.2726923],[112.4112589,-7.2727389],[112.4112305,-7.2729229],[112.4114802,-7.2729979],[112.4115958,-7.2729542],[112.4116716,-7.2729432],[112.4117368,-7.2729574],[112.4119176,-7.2729893],[112.4119935,-7.2729782],[112.4122174,-7.2729234],[112.4123728,-7.2728977],[112.4124054,-7.272912],[112.4123803,-7.2729842],[112.4123558,-7.2732296],[112.412346,-7.2735651],[112.4122385,-7.2738684],[112.4122033,-7.2740127],[112.4121964,-7.2740956],[112.4122041,-7.2742651],[112.4122118,-7.274395],[112.4122083,-7.2744455],[112.4122049,-7.2745104],[112.4121224,-7.2747127],[112.4121118,-7.2747812],[112.4121307,-7.2750661],[112.4121277,-7.2752681],[112.4121281,-7.2753907],[112.4120635,-7.275528],[112.412071,-7.275629],[112.4119706,-7.2758782],[112.4119311,-7.275954],[112.4119162,-7.2759998],[112.4119237,-7.2760828],[112.4118015,-7.2763104],[112.4117729,-7.2764331],[112.411755,-7.2764728],[112.4116831,-7.2765957],[112.4116507,-7.2766607],[112.41163,-7.2769746],[112.4116013,-7.2770468],[112.4115437,-7.2771119],[112.411468,-7.2771807],[112.4114464,-7.2772168],[112.4114465,-7.2772529],[112.4114649,-7.2773646],[112.4115349,-7.2776415],[112.4115826,-7.2778866],[112.4115866,-7.2779984],[112.4115796,-7.2780814],[112.4114147,-7.2785255],[112.4112569,-7.2789047],[112.4112356,-7.2790347],[112.4112216,-7.2791888],[112.411186,-7.2793477],[112.4110929,-7.2796401],[112.411032,-7.2798278],[112.4110033,-7.2798784],[112.4110034,-7.2799289],[112.4109896,-7.2801418],[112.4109651,-7.2803943],[112.4109655,-7.280517],[112.4109659,-7.2806504],[112.4109811,-7.2808231],[112.4109672,-7.2810071],[112.4109205,-7.2810974],[112.4108773,-7.2811589],[112.4107871,-7.2812024],[112.4107474,-7.281217],[112.4107699,-7.2814766],[112.4107702,-7.2815812],[112.4107596,-7.2816714],[112.4107779,-7.2817327],[112.4107708,-7.2817868],[112.4107565,-7.2818157],[112.4107098,-7.281924],[112.4106488,-7.2820541],[112.4106525,-7.2820829],[112.4106597,-7.2820937],[112.4107104,-7.2821152],[112.4107648,-7.2821547],[112.4108083,-7.2821979],[112.4108373,-7.2822302],[112.4108663,-7.2822698],[112.4108737,-7.2823059],[112.4108557,-7.2823384],[112.4108016,-7.2823674],[112.4107438,-7.282382],[112.4106788,-7.2824002],[112.4106607,-7.2824147],[112.4106248,-7.2824906],[112.4105992,-7.2825402],[112.4105308,-7.2826161],[112.4104804,-7.2826956],[112.4104517,-7.2827498],[112.4104229,-7.2827788],[112.4103543,-7.2828151],[112.4103327,-7.2828404],[112.4103075,-7.2828873],[112.4102754,-7.2830137],[112.4102684,-7.2831003],[112.4102757,-7.2831363],[112.4102832,-7.283194],[112.4103014,-7.2832625],[112.4103053,-7.2833418],[112.4102982,-7.2833743],[112.4102622,-7.2834177],[112.4102298,-7.2834611],[112.4101865,-7.2834829],[112.4101214,-7.2834758],[112.4099947,-7.2834257],[112.4099694,-7.283433],[112.4099369,-7.2834476],[112.4098577,-7.2835452],[112.4097785,-7.2836681],[112.4097485,-7.2837223],[112.4097327,-7.2837704],[112.4097489,-7.283828],[112.409762,-7.283908],[112.4097718,-7.2839785],[112.4097592,-7.2840425],[112.4097305,-7.2841131],[112.4097017,-7.284142],[112.4096439,-7.2841422],[112.4095734,-7.284152],[112.409522,-7.2841586],[112.4095061,-7.2841938],[112.4094806,-7.2842676],[112.4094647,-7.2843157],[112.4094552,-7.2843349],[112.4094231,-7.2843382],[112.40933,-7.2843481],[112.4092467,-7.28439],[112.4092114,-7.2844029],[112.4091472,-7.2843935],[112.4090541,-7.2843842],[112.408956,-7.2843922],[112.4088468,-7.2843638],[112.4087279,-7.2843193],[112.4087345,-7.2843705],[112.4087606,-7.2845049],[112.4087641,-7.2846074],[112.4087197,-7.2847773],[112.408688,-7.2849151],[112.408701,-7.2849631],[112.4087366,-7.2850622],[112.408782,-7.2852062],[112.4087566,-7.2852959],[112.408696,-7.2854274],[112.4086355,-7.2855557],[112.4085617,-7.2856995],[112.4084437,-7.2859432],[112.4086205,-7.286026],[112.4084483,-7.286398],[112.4081644,-7.2869465],[112.4080746,-7.2869724],[112.4080393,-7.2869885],[112.4080074,-7.2870462],[112.4079565,-7.2871745],[112.4078257,-7.2874918],[112.407671,-7.2877682],[112.4076424,-7.2878488],[112.4076482,-7.2878603],[112.4076886,-7.2878831],[112.4077636,-7.2879116],[112.4077752,-7.2879289],[112.4077926,-7.2879633],[112.4077822,-7.288337],[112.407773,-7.2884269],[112.4077419,-7.2885094],[112.407691,-7.288609],[112.4076711,-7.2886489],[112.4076797,-7.2886659],[112.4077596,-7.2887111],[112.4078338,-7.2887421],[112.407888,-7.2887732],[112.4078966,-7.2887959],[112.4078882,-7.2888386],[112.4077863,-7.2890549],[112.4077694,-7.2891032],[112.4077754,-7.2891856],[112.4077585,-7.2892482],[112.407733,-7.2892909],[112.4077019,-7.2893706],[112.4076851,-7.2894786],[112.4076655,-7.289581],[112.4076486,-7.2896492],[112.4076118,-7.2897147],[112.4075775,-7.2897623],[112.4075065,-7.2898364],[112.4074724,-7.2898677],[112.4074641,-7.2899502],[112.4074333,-7.2901009],[112.4073967,-7.2902317],[112.4073459,-7.2904052],[112.407315,-7.2905417],[112.4072754,-7.2906242],[112.4072104,-7.2907637],[112.4071452,-7.290869],[112.407117,-7.290999],[112.4071058,-7.2910616],[112.4071172,-7.2910786],[112.4073196,-7.2911291],[112.4074593,-7.2911798],[112.4074538,-7.2912537],[112.4073916,-7.2913733],[112.4073407,-7.2915098],[112.4073296,-7.2915837],[112.407344,-7.2916405],[112.407401,-7.2916659],[112.4075692,-7.2917052],[112.4076802,-7.2916992],[112.4076634,-7.2917703],[112.407675,-7.2918299],[112.407732,-7.2918638],[112.4077919,-7.2918892],[112.4077241,-7.2920485],[112.4076962,-7.2921081],[112.4077026,-7.2923354],[112.4077738,-7.292338],[112.4078366,-7.2923918],[112.4079108,-7.2924171],[112.4080419,-7.2924537],[112.4080504,-7.2924565],[112.4080308,-7.2925532],[112.4080253,-7.2926043],[112.4080197,-7.2926583],[112.4081765,-7.2926806],[112.4081964,-7.292689],[112.4082221,-7.2927117],[112.4082223,-7.2927799],[112.4083505,-7.2927795],[112.4083932,-7.2927794],[112.4083773,-7.2931346],[112.4083746,-7.2931971],[112.4083861,-7.2932142],[112.4084629,-7.2932026],[112.408537,-7.293208],[112.4085513,-7.2932165],[112.4085571,-7.2932733],[112.4085719,-7.2934438],[112.4085919,-7.293475],[112.4086178,-7.2935459],[112.4086236,-7.29358],[112.4087305,-7.2935843],[112.4087619,-7.2935927],[112.4087706,-7.2936382],[112.408748,-7.293715],[112.408731,-7.2937378],[112.4086883,-7.2937407],[112.4087029,-7.2938771],[112.4087116,-7.2939225],[112.4087943,-7.2939479],[112.4089881,-7.2939785],[112.4092702,-7.2940203],[112.409501,-7.2940508],[112.409521,-7.2940678],[112.4094985,-7.2941559],[112.4094392,-7.2943323],[112.4094253,-7.2944403],[112.409417,-7.2945285],[112.40942,-7.2945739],[112.4094287,-7.2946137],[112.409443,-7.2946307],[112.4095,-7.2946447],[112.4095484,-7.2946502],[112.4095724,-7.2946693],[112.4095856,-7.2952575],[112.4095889,-7.2953967],[112.4095665,-7.2955332],[112.4095638,-7.2955588],[112.4095752,-7.2955673],[112.4096748,-7.2955527],[112.4098086,-7.2955324],[112.4098713,-7.2955322],[112.4099368,-7.2955377],[112.4099682,-7.2955461],[112.4099739,-7.2955518],[112.4099715,-7.2956967],[112.4099747,-7.2958019],[112.409992,-7.2958757],[112.4100417,-7.2960393],[112.410079,-7.2961273],[112.4101386,-7.2960618],[112.4102011,-7.2960076],[112.4102693,-7.2959733],[112.4103519,-7.2959616],[112.4104544,-7.2959556],[112.4105655,-7.2959496],[112.4106565,-7.2959323],[112.4107248,-7.295915],[112.4107845,-7.295858],[112.410827,-7.2957783],[112.4108639,-7.2957412],[112.410972,-7.2957096],[112.4111144,-7.2957063],[112.4111942,-7.2957089],[112.4112882,-7.2957371],[112.4113739,-7.295805],[112.4113882,-7.2958305],[112.4113599,-7.2958761],[112.4112804,-7.295953],[112.4111894,-7.2960187],[112.4111098,-7.2960644],[112.411033,-7.2960959],[112.4109391,-7.2961161],[112.4108793,-7.2961333],[112.4108566,-7.2961362],[112.4108537,-7.2961476],[112.4108765,-7.2961504],[112.4109079,-7.2961702],[112.4109194,-7.29619],[112.4109309,-7.2962355],[112.4109424,-7.2962638],[112.4109567,-7.296278],[112.4110478,-7.296272],[112.4111418,-7.2962604],[112.4112301,-7.2962629],[112.4113041,-7.2962513],[112.4113269,-7.2962541],[112.4113867,-7.296271],[112.4114637,-7.2962764],[112.4115434,-7.2962819],[112.4115862,-7.2962846],[112.411626,-7.2962844],[112.4115786,-7.2965429],[112.4114421,-7.2974336],[112.4113768,-7.2982832],[112.4113264,-7.2994877],[112.4113302,-7.2998081],[112.4112725,-7.300508],[112.4112065,-7.3012341],[112.4111541,-7.301801],[112.4111212,-7.3021838],[112.410945,-7.3021674],[112.4108352,-7.3025079],[112.4107707,-7.3027917],[112.4107424,-7.3028144],[112.4105521,-7.3028377],[112.4104413,-7.3028522],[112.4103789,-7.3029091],[112.4103564,-7.3029546],[112.41036,-7.3032267],[112.410392,-7.3036005],[112.4103952,-7.3037082],[112.4104552,-7.3038299],[112.4103334,-7.3039636],[112.4105387,-7.3041671],[112.4105444,-7.3041756],[112.4105162,-7.3042437],[112.4106044,-7.3042803],[112.4105338,-7.3044052],[112.4107273,-7.3045039],[112.4105145,-7.3046208],[112.4104865,-7.3047032],[112.4104359,-7.3048339],[112.4103756,-7.3049551],[112.4103344,-7.3050348],[112.4102773,-7.3051496],[112.4102202,-7.3052613],[112.4101311,-7.3053634],[112.4100484,-7.3054338],[112.4098987,-7.3055329],[112.4097808,-7.3056034],[112.4096725,-7.305661],[112.4095672,-7.30569],[112.4094779,-7.3057062],[112.4094174,-7.3057414],[112.4093952,-7.3057956],[112.4093826,-7.3058339],[112.4093635,-7.3058562],[112.4093284,-7.3058627],[112.4090826,-7.3058444],[112.409006,-7.3058446],[112.4089839,-7.3059243],[112.4089874,-7.3060357],[112.4088471,-7.3060744],[112.4087963,-7.3061478],[112.4086687,-7.3061864],[112.4085124,-7.3061932],[112.4083816,-7.3062287],[112.4083317,-7.3062469],[112.4083319,-7.3063297],[112.4083096,-7.3063425],[112.4080384,-7.3063592],[112.4078565,-7.3063662],[112.4077224,-7.3063666],[112.407665,-7.3063668],[112.4076213,-7.3066821],[112.4075615,-7.3069594],[112.4075268,-7.3070773],[112.4075204,-7.3070869],[112.4076038,-7.3072172],[112.4073617,-7.3073548],[112.4073587,-7.3074313],[112.4072057,-7.3074827],[112.4071292,-7.3075148],[112.4070431,-7.3075564],[112.4069666,-7.3075758],[112.40689,-7.3075888],[112.4068358,-7.3075985],[112.4067944,-7.3076464],[112.4067422,-7.3076681],[112.4066304,-7.3076684],[112.4065155,-7.307656],[112.4064676,-7.3076371],[112.4064227,-7.307564],[112.4063971,-7.3075641],[112.4063781,-7.3075928],[112.4063847,-7.307666],[112.406372,-7.3077043],[112.4063401,-7.3077171],[112.4062891,-7.3077268],[112.4062445,-7.3077429],[112.4062031,-7.3077653],[112.4061999,-7.3077749],[112.4061936,-7.3078003],[112.4061906,-7.3078672],[112.4061972,-7.3079468],[112.4061973,-7.3079755],[112.4059068,-7.3079605],[112.4058624,-7.3080561],[112.4058404,-7.3081581],[112.4058246,-7.3082027],[112.4056363,-7.3082033],[112.4055821,-7.3082162],[112.4055119,-7.3082387],[112.4054546,-7.3082644],[112.4054195,-7.3082868],[112.4054005,-7.3083187],[112.4053751,-7.3083824],[112.4053562,-7.3084366],[112.4052895,-7.308561],[112.4051721,-7.3087747],[112.4048997,-7.3095916],[112.4046202,-7.3097347],[112.4043916,-7.3098877],[112.4043307,-7.3099336],[112.4043359,-7.3099742],[112.4043564,-7.3100148],[112.4043972,-7.3100553],[112.4044177,-7.3100806],[112.4044331,-7.3101263],[112.4043926,-7.3102308],[112.4043316,-7.3102615],[112.4043164,-7.3102818],[112.4043013,-7.3103377],[112.4042811,-7.3103886],[112.404271,-7.3104089],[112.4042507,-7.3104191],[112.4042252,-7.3104294],[112.4041948,-7.3104498],[112.4041796,-7.3104803],[112.4041696,-7.310526],[112.4041393,-7.3106074],[112.404114,-7.3106582],[112.4040937,-7.3106888],[112.4040684,-7.3107244],[112.4040431,-7.3107651],[112.4040279,-7.3107855],[112.4039872,-7.3107957],[112.4039159,-7.3108061],[112.4038803,-7.3108062],[112.403809,-7.3108065],[112.4037785,-7.3108116],[112.4037531,-7.3108269],[112.4037328,-7.3108422],[112.4037278,-7.3108727],[112.4037126,-7.3109032],[112.4037178,-7.3109337],[112.4037383,-7.3109692],[112.4037639,-7.3110148],[112.403764,-7.3110656],[112.4037437,-7.3110809],[112.4036827,-7.3111014],[112.4036267,-7.3111066],[112.4035606,-7.311117],[112.4035505,-7.3111272],[112.4035403,-7.3111425],[112.4035455,-7.3111729],[112.4035406,-7.3112237],[112.4035356,-7.3112593],[112.4035255,-7.3112999],[112.4035003,-7.3113559],[112.4034545,-7.3113712],[112.4034138,-7.3113815],[112.4034037,-7.3113968],[112.4033835,-7.3114527],[112.4033326,-7.311463],[112.4032919,-7.3114631],[112.4032665,-7.3114632],[112.4032359,-7.3114684],[112.40318,-7.3114686],[112.4030525,-7.3113928],[112.4028692,-7.3113731],[112.402752,-7.3113328],[112.4024614,-7.3111915],[112.4023185,-7.3110752],[112.4022573,-7.3110449],[112.4022115,-7.311045],[112.401653,-7.3114733],[112.4015265,-7.3114052],[112.4014956,-7.311319],[112.4014853,-7.311253],[112.4015207,-7.311197],[112.401602,-7.3111511],[112.4016629,-7.3110849],[112.4016831,-7.311034],[112.4016728,-7.3109883],[112.4016573,-7.3109376],[112.401586,-7.3109175],[112.4014281,-7.3108926],[112.401255,-7.3108576],[112.4010972,-7.3108581],[112.4010107,-7.3108635],[112.4008987,-7.3108638],[112.4008173,-7.3108742],[112.4007359,-7.3108948],[112.4006953,-7.3109152],[112.4006293,-7.3109967],[112.4006142,-7.3110323],[112.4005837,-7.3110476],[112.4005175,-7.3110478],[112.4004564,-7.3110277],[112.4004055,-7.3110278],[112.4003801,-7.3110482],[112.4002837,-7.311145],[112.400238,-7.3111807],[112.4001668,-7.3111962],[112.4001312,-7.3112217],[112.4001059,-7.3112624],[112.4000958,-7.3112929],[112.4000857,-7.3113183],[112.4000807,-7.3113386],[112.4000757,-7.3113742],[112.4000707,-7.3113945],[112.4000911,-7.3114198],[112.400132,-7.3114552],[112.4001575,-7.3114755],[112.4001779,-7.3115008],[112.400224,-7.3115921],[112.4002241,-7.3116124],[112.4002192,-7.3116886],[112.4002093,-7.3117902],[112.400169,-7.3118969],[112.4001335,-7.3119427],[112.4000063,-7.3119685],[112.3998638,-7.3119893],[112.399706,-7.3119796],[112.399599,-7.3119342],[112.3995021,-7.3118736],[112.399441,-7.3118636],[112.39938,-7.3119095],[112.3993192,-7.3119859],[112.3992483,-7.3120877],[112.399218,-7.3121639],[112.3991875,-7.3122047],[112.3990807,-7.312205],[112.3990145,-7.3122204],[112.3989586,-7.312246],[112.3989384,-7.3122968],[112.3988518,-7.3122819],[112.3987296,-7.3122619],[112.3986737,-7.3122774],[112.3986434,-7.3123638],[112.3985267,-7.3124657],[112.3984556,-7.312537],[112.3983539,-7.3125678],[112.3982776,-7.3125934],[112.3981352,-7.3126193],[112.3980385,-7.3126297],[112.3979063,-7.3126809],[112.3977538,-7.3127322],[112.397703,-7.3127628],[112.397749,-7.3128388],[112.3977696,-7.3129048],[112.3977698,-7.3129708],[112.3977394,-7.3130064],[112.3977343,-7.3130217],[112.397658,-7.3130168],[112.3975612,-7.3129968],[112.3975205,-7.3130071],[112.3974493,-7.3130276],[112.3973579,-7.3130939],[112.397297,-7.31315],[112.3972636,-7.3132263],[112.3972538,-7.3133167],[112.3972314,-7.3134147],[112.3972216,-7.3134925],[112.3972016,-7.3135403],[112.3971741,-7.313573],[112.3971289,-7.3135957],[112.3970584,-7.3136085],[112.3969629,-7.3136188],[112.3968622,-7.3136216],[112.3967287,-7.3135719],[112.3966633,-7.313562],[112.3965928,-7.3135597],[112.39653,-7.3135725],[112.3963943,-7.3136557],[112.3961283,-7.3138498],[112.3960251,-7.3138627],[112.3959296,-7.3138781],[112.3958365,-7.3139009],[112.3957738,-7.3139463],[112.3956609,-7.3140395],[112.3955931,-7.3140975],[112.3955429,-7.3141453],[112.3954775,-7.3141506],[112.3954196,-7.3141432],[112.3953063,-7.3141034],[112.3952257,-7.3140735],[112.3951678,-7.3140762],[112.3950999,-7.314089],[112.3950296,-7.3141319],[112.394987,-7.3141797],[112.3949373,-7.3142025],[112.3948593,-7.3142002],[112.3947132,-7.314163],[112.3945973,-7.3140856],[112.3944837,-7.313988],[112.3944105,-7.3138853],[112.3943952,-7.3138352],[112.3943976,-7.3137875],[112.394405,-7.3137523],[112.3944175,-7.3137297],[112.3944803,-7.3136994],[112.3945985,-7.3136639],[112.3946965,-7.313636],[112.3947619,-7.3136132],[112.3948171,-7.3135703],[112.3948597,-7.313515],[112.3948992,-7.3132914],[112.394884,-7.3132388],[112.3948434,-7.3131485],[112.3948131,-7.313116],[112.3947804,-7.313091],[112.3947048,-7.3130686],[112.3946368,-7.3130563],[112.394584,-7.3130565],[112.3945689,-7.3130565],[112.394506,-7.3130667],[112.3944533,-7.313097],[112.3943754,-7.313145],[112.3942901,-7.313208],[112.3942524,-7.3132282],[112.3942198,-7.3132433],[112.3941619,-7.3132536],[112.3941217,-7.3132512],[112.3940788,-7.3132162],[112.3940559,-7.313156],[112.3940456,-7.3130707],[112.3940552,-7.312925],[112.3940826,-7.3128296],[112.3941237,-7.3126749],[112.3941234,-7.3125921],[112.3940477,-7.312517],[112.3939948,-7.3124971],[112.3939142,-7.3124622],[112.3938286,-7.3124474],[112.3936827,-7.3124378],[112.3935518,-7.3124382],[112.3934411,-7.3124336],[112.3933154,-7.3124515],[112.3932525,-7.3124768],[112.3931774,-7.312595],[112.3930773,-7.312756],[112.3930298,-7.312854],[112.3929697,-7.3129396],[112.3928868,-7.3130026],[112.3926958,-7.3130684],[112.3925324,-7.3131116],[112.3924217,-7.3131119],[112.3922606,-7.3131049],[112.3921197,-7.3130853],[112.3920819,-7.3130804],[112.3920467,-7.3130855],[112.3919939,-7.3131082],[112.3919462,-7.313136],[112.3919464,-7.3132038],[112.3919645,-7.3133568],[112.3919447,-7.3134648],[112.391866,-7.3136555],[112.3918284,-7.3137083],[112.3917456,-7.3137588],[112.3916752,-7.3138042],[112.3916051,-7.3139098],[112.3915802,-7.3139852],[112.3915629,-7.3140982],[112.3915734,-7.3142312],[112.3915566,-7.3144773],[112.3915372,-7.3147158],[112.3915101,-7.3149861],[112.3914878,-7.3150991],[112.3914454,-7.3152223],[112.3913978,-7.3152977],[112.3913929,-7.3153304],[112.3914282,-7.3153579],[112.3914484,-7.3153879],[112.3914335,-7.3154532],[112.3914137,-7.3155412],[112.3913911,-7.3155764],[112.3913259,-7.3156243],[112.3912781,-7.315652],[112.3912456,-7.3156973],[112.3911734,-7.3158624],[112.3910932,-7.3159631],[112.3909955,-7.3161014],[112.3908954,-7.3162875],[112.3907951,-7.3164158],[112.3907727,-7.3164736],[112.3907555,-7.3166268],[112.3907382,-7.3167021],[112.3907123,-7.316782],[112.3906695,-7.316772],[112.3906091,-7.3167672],[112.3905488,-7.3167699],[112.3905413,-7.316795],[112.3905365,-7.3168704],[112.3905366,-7.316903],[112.3905015,-7.3169458],[112.3904236,-7.3169761],[112.3903784,-7.3170064],[112.3903559,-7.3170416],[112.3903283,-7.3170768],[112.3902981,-7.3170895],[112.3900842,-7.3170776],[112.389966,-7.3170779],[112.3899132,-7.3170856],[112.3898834,-7.3172238],[112.3898516,-7.3175025],[112.389807,-7.3177311],[112.3897922,-7.3178315],[112.3897476,-7.318248],[112.3897333,-7.3184815],[112.3897335,-7.3185568],[112.3896883,-7.3185871],[112.3896836,-7.3186875],[112.3896718,-7.3189436],[112.3896621,-7.3190515],[112.389627,-7.3190993],[112.3896062,-7.3191342],[112.3895276,-7.3197444],[112.3894631,-7.3200709],[112.3893808,-7.3203021],[112.3893055,-7.320447],[112.3892529,-7.3205124],[112.3892029,-7.3206255],[112.3891129,-7.3208241],[112.3890105,-7.3210755],[112.3889105,-7.3212841],[112.3888579,-7.3214746],[112.3888352,-7.3214848],[112.3884854,-7.3214406],[112.388294,-7.3213835],[112.388231,-7.3213661],[112.3881001,-7.3213464],[112.3879666,-7.3213042],[112.3878986,-7.3212768],[112.3878332,-7.321277],[112.3877351,-7.3213049],[112.3876748,-7.3213126],[112.3875514,-7.3212753],[112.3872844,-7.3211984],[112.3871384,-7.3211561],[112.387093,-7.3211437],[112.3870881,-7.3211688],[112.3870858,-7.3212567],[112.3870608,-7.3212919],[112.3869879,-7.3213248],[112.3869552,-7.3213249],[112.3868135,-7.3213025],[112.3867117,-7.3212711],[112.3866736,-7.3212934],[112.3866514,-7.3213125],[112.3865847,-7.321319],[112.3864385,-7.3212973],[112.3863908,-7.3212911],[112.38634,-7.3213008],[112.386267,-7.3213073],[112.386197,-7.3213044],[112.3861239,-7.3212919],[112.3860508,-7.3212763],[112.3859713,-7.3212575],[112.3859045,-7.3212419],[112.3858759,-7.3212325],[112.3858123,-7.3212168],[112.3857964,-7.32122],[112.3857398,-7.3213914],[112.3857366,-7.3214072],[112.3857112,-7.3214105],[112.3854536,-7.3213193],[112.385266,-7.3212755],[112.385142,-7.3212696],[112.3851166,-7.3212602],[112.3850497,-7.3212223],[112.3850052,-7.3211971],[112.3849734,-7.3212067],[112.3849227,-7.3212354],[112.3848942,-7.3212608],[112.3848911,-7.3212862],[112.3848848,-7.3212989],[112.3848785,-7.3213148],[112.384869,-7.3213243],[112.3848308,-7.3213308],[112.3847228,-7.3213406],[112.3846434,-7.321344],[112.3845926,-7.321341],[112.3845481,-7.3213316],[112.3845067,-7.3213096],[112.3844621,-7.321278],[112.3844176,-7.3212782],[112.3842557,-7.3213072],[112.3841317,-7.3213044],[112.3840236,-7.3212762],[112.3839632,-7.3212732],[112.3838299,-7.3213022],[112.3837061,-7.3213437],[112.3836489,-7.3213598],[112.3835733,-7.3213754],[112.3835098,-7.3213693],[112.3834685,-7.3213821],[112.3834368,-7.3213949],[112.3834019,-7.3214077],[112.3833574,-7.3214141],[112.3832939,-7.3214143],[112.3831475,-7.3213545],[112.3829822,-7.321317],[112.38289,-7.3213078],[112.3827978,-7.3213017],[112.3827565,-7.3213019],[112.3827406,-7.3213019],[112.3827184,-7.321302],[112.3826834,-7.3212989],[112.3826517,-7.321299],[112.3826231,-7.3212991],[112.3825786,-7.3212929],[112.3825627,-7.3212866],[112.3825436,-7.3212803],[112.3825022,-7.3212488],[112.382375,-7.321227],[112.3823623,-7.321227],[112.3822669,-7.3212178],[112.3821811,-7.3212149],[112.3820572,-7.3212121],[112.3819619,-7.3212219],[112.3818952,-7.3212348],[112.381784,-7.3212193],[112.3814027,-7.3212077],[112.3811866,-7.3212179],[112.381174,-7.3212497],[112.3811582,-7.3212719],[112.3811392,-7.3212846],[112.3811169,-7.3212879],[112.3811074,-7.3212816],[112.3810691,-7.3212341],[112.3810308,-7.3211804],[112.380138,-7.3210681],[112.3798457,-7.3210753],[112.3795945,-7.3210317],[112.3794102,-7.3210037],[112.3791971,-7.3209378],[112.3790222,-7.3208908],[112.3789713,-7.3208688],[112.3789046,-7.3208817],[112.3787935,-7.3209137],[112.3787522,-7.3209202],[112.3787108,-7.3209076],[112.3786918,-7.3209013],[112.3786504,-7.3209015],[112.3786123,-7.3209016],[112.3785678,-7.3209017],[112.378536,-7.3208891],[112.3784756,-7.3208735],[112.378412,-7.3208705],[112.3783612,-7.3208675],[112.3783326,-7.3208612],[112.378323,-7.3208549],[112.3783007,-7.3208391],[112.3782657,-7.3208139],[112.378237,-7.3207823],[112.3781894,-7.3207919],[112.3780781,-7.3207574],[112.3780493,-7.3206909],[112.3780458,-7.3206085],[112.3780394,-7.3205959],[112.3779791,-7.3205929],[112.3779187,-7.3205835],[112.3778773,-7.320571],[112.3778555,-7.3205375],[112.3777824,-7.3205219],[112.3775854,-7.3205225],[112.377436,-7.3205071],[112.3773789,-7.3205199],[112.3772805,-7.3205488],[112.3772011,-7.3205554],[112.3771375,-7.3205556],[112.3770993,-7.320543],[112.3770866,-7.3205367],[112.3770357,-7.3205305],[112.3769817,-7.3205307],[112.376969,-7.3205149],[112.3769499,-7.3205117],[112.3769308,-7.3205086],[112.3767245,-7.3205695],[112.376661,-7.3205919],[112.3766133,-7.320592],[112.3765593,-7.32057],[112.3765306,-7.3205606],[112.3764862,-7.3205639],[112.3763496,-7.3205897],[112.3761685,-7.3206061],[112.3760574,-7.3206286],[112.3760002,-7.3206319],[112.3759557,-7.3206099],[112.3758666,-7.3205721],[112.3757331,-7.3205662],[112.3755965,-7.3205698],[112.3754599,-7.3205829],[112.3753838,-7.320618],[112.3753362,-7.3206435],[112.3753171,-7.3206435],[112.3752662,-7.3206247],[112.3752026,-7.3206058],[112.3750818,-7.3205967],[112.3748541,-7.3206173],[112.3747493,-7.3206176],[112.3746825,-7.3206178],[112.374603,-7.3205832],[112.3745553,-7.3205738],[112.3744409,-7.3205805],[112.3743012,-7.3206],[112.3741328,-7.3205941],[112.3739485,-7.3205852],[112.3737673,-7.3205794],[112.3735671,-7.3205705],[112.3734527,-7.3205582],[112.3734272,-7.3205392],[112.3733763,-7.3205013],[112.373338,-7.3204539],[112.3732522,-7.3204415],[112.3731537,-7.320445],[112.3731441,-7.320445],[112.3731093,-7.3204863],[112.373084,-7.3205086],[112.372976,-7.3205216],[112.372728,-7.320478],[112.3726786,-7.3204878],[112.3725854,-7.3204937],[112.3724754,-7.3204941],[112.3723002,-7.3204383],[112.3721759,-7.320402],[112.3720826,-7.320377],[112.3720149,-7.3203659],[112.3718965,-7.3204311],[112.3711307,-7.3210895],[112.3705254,-7.3216011],[112.3704482,-7.3216486],[112.3704403,-7.3218148],[112.3703044,-7.3226206],[112.3704657,-7.3227412],[112.3705082,-7.322789],[112.3705196,-7.3228255],[112.3705086,-7.322941],[112.3705069,-7.323179],[112.3704851,-7.3234382],[112.3704407,-7.3237115],[112.3703905,-7.3239393],[112.3703766,-7.3240154],[112.3704122,-7.3240234],[112.3704896,-7.3240417],[112.370601,-7.3240599],[112.3706568,-7.3240937],[112.3706973,-7.3241615],[112.3707076,-7.3243039],[112.370708,-7.3243095],[112.3703924,-7.3243251],[112.3703583,-7.3243761],[112.3701829,-7.324422],[112.3699106,-7.3244567],[112.3696666,-7.3244858],[112.3696161,-7.3245764],[112.3695995,-7.3248199],[112.3696174,-7.3250124],[112.3697434,-7.3254026],[112.369738,-7.3255553],[112.3697156,-7.3255895],[112.3694823,-7.3253636],[112.3691918,-7.3250024],[112.369004,-7.3248444],[112.3687487,-7.3247771],[112.3685614,-7.3247834],[112.3684083,-7.3248236],[112.3681872,-7.3248695],[112.3679945,-7.3249098],[112.367734,-7.3249614],[112.3672998,-7.3250046],[112.3670514,-7.3250816],[112.3668832,-7.325158],[112.3668073,-7.3252624],[112.3666957,-7.325531],[112.3666081,-7.3257476],[112.366476,-7.3259321],[112.3662839,-7.3260889],[112.3658793,-7.3263063],[112.3655428,-7.3264394],[112.3652819,-7.3264724],[112.364949,-7.3264932],[112.3647485,-7.326562],[112.3644859,-7.3266891],[112.3641854,-7.3268583],[112.3639092,-7.3269953],[112.3636807,-7.327092],[112.3632235,-7.3271575],[112.3628983,-7.3271505],[112.3627335,-7.3270548],[112.3626613,-7.327119],[112.3626337,-7.3272553],[112.3626341,-7.3273675],[112.362703,-7.3275274],[112.3628076,-7.3276553],[112.3630164,-7.3277466],[112.363173,-7.3277902],[112.3632335,-7.3278862],[112.3632341,-7.3280783],[112.3632304,-7.3281504],[112.3631741,-7.3281546],[112.3631021,-7.3281669],[112.362974,-7.3282593],[112.3627937,-7.3284201],[112.3627098,-7.3284604],[112.3626253,-7.3284485],[112.3624886,-7.3283688],[112.3624081,-7.328261],[112.3623232,-7.3280131],[112.362293,-7.3277114],[112.3622839,-7.3272828],[112.3623195,-7.3271146],[112.3623836,-7.3270464],[112.3625477,-7.3269217],[112.3625312,-7.3268578],[112.3624349,-7.326794],[112.3621698,-7.3267267],[112.3618968,-7.3267516],[112.3616523,-7.3268082],[112.3612352,-7.3268857],[112.3608634,-7.3269963],[112.3606054,-7.3270129],[112.3603184,-7.3269185],[112.3599644,-7.3267479],[112.3595784,-7.3265806],[112.3592881,-7.32647],[112.3589279,-7.3264363],[112.3586601,-7.3264441],[112.3585518,-7.3264795],[112.3584853,-7.3265814],[112.3584125,-7.326747],[112.3583651,-7.3269187],[112.3583147,-7.3270587],[112.3582257,-7.3271418],[112.3582655,-7.3276733],[112.3582667,-7.328095],[112.3584027,-7.3286123],[112.3582688,-7.328766],[112.3580385,-7.3288242],[112.3577888,-7.3287675],[112.3575577,-7.3285572],[112.357409,-7.3285952],[112.3573749,-7.3286725],[112.3574793,-7.3290757],[112.3574892,-7.3294964],[112.3575331,-7.3296062],[112.3579035,-7.3300189],[112.3581023,-7.3303446],[112.3581432,-7.3304791],[112.3580518,-7.3306882],[112.3579404,-7.3308258],[112.3576917,-7.3310584],[112.3576493,-7.3312389],[112.3578045,-7.3313844],[112.357994,-7.3314868],[112.3580972,-7.3314951],[112.3584235,-7.3313224],[112.3585008,-7.331305],[112.3588624,-7.3314156],[112.3591035,-7.3315092],[112.3591381,-7.3315864],[112.3588388,-7.332154],[112.3589754,-7.3332148],[112.3588971,-7.3334237],[112.3588431,-7.333562],[112.3585843,-7.333635],[112.3585288,-7.3336506],[112.3581464,-7.3335212],[112.3580261,-7.3335559],[112.3578202,-7.3337369],[112.3574941,-7.3339353],[112.3573911,-7.3340214],[112.3573381,-7.3341604],[112.3573155,-7.3342096],[112.3572473,-7.3342552],[112.3571752,-7.3342554],[112.3571448,-7.334248],[112.3571182,-7.3342254],[112.3570982,-7.3341792],[112.3570953,-7.3341724],[112.3570722,-7.3340741],[112.357072,-7.3340059],[112.3569922,-7.3339873],[112.3568709,-7.3339989],[112.3567614,-7.3340275],[112.3565334,-7.334087],[112.3561695,-7.3341904],[112.3560596,-7.3342248],[112.3560028,-7.3342666],[112.3559497,-7.3342894],[112.355889,-7.3342783],[112.3557445,-7.334507],[112.3556369,-7.334669],[112.3555683,-7.334825],[112.355502,-7.3349257],[112.3554458,-7.335011],[112.3553501,-7.3351071],[112.3553145,-7.335257],[112.3552976,-7.3353932],[112.3552577,-7.335476],[112.35525,-7.3355665],[112.3552475,-7.3356251],[112.3552236,-7.3356598],[112.355189,-7.3356919],[112.3551196,-7.3357134],[112.3550503,-7.3357269],[112.3549862,-7.3357378],[112.3549301,-7.335738],[112.3547968,-7.3357322],[112.3547381,-7.3357324],[112.3547113,-7.3357325],[112.3546205,-7.3357328],[112.3545992,-7.3357542],[112.3546046,-7.3357967],[112.3545941,-7.3358501],[112.3545702,-7.3358795],[112.3545409,-7.3359142],[112.3545119,-7.3360422],[112.3544671,-7.3362262],[112.3544433,-7.3362956],[112.3544086,-7.3363143],[112.3543418,-7.3363252],[112.3542563,-7.3363227],[112.3541444,-7.3363703],[112.3540805,-7.3364393],[112.3540306,-7.3364465],[112.3540067,-7.3364039],[112.3539827,-7.3363139],[112.3539207,-7.3362335],[112.3538444,-7.3361602],[112.3537801,-7.3361177],[112.3537041,-7.3361061],[112.3536399,-7.3361063],[112.35359,-7.3361183],[112.3535308,-7.3361565],[112.3535094,-7.3361826],[112.3535095,-7.3362205],[112.3535263,-7.3362679],[112.3535669,-7.3363151],[112.3536193,-7.3363648],[112.3536765,-7.3364333],[112.3536932,-7.3364546],[112.3537028,-7.3364854],[112.3536816,-7.3365424],[112.3536271,-7.3365828],[112.3535369,-7.3366187],[112.3534682,-7.3366757],[112.3533854,-7.3368277],[112.3533263,-7.3368989],[112.3532884,-7.3369394],[112.3532641,-7.3369535],[112.3532049,-7.3369495],[112.3531604,-7.3369096],[112.353101,-7.336838],[112.3530586,-7.3368002],[112.352974,-7.3367751],[112.3528852,-7.336767],[112.3528259,-7.3367292],[112.3528132,-7.3367124],[112.352794,-7.3366387],[112.352764,-7.3365186],[112.3527385,-7.3364617],[112.3527088,-7.3364344],[112.3526729,-7.3364303],[112.3526286,-7.3364453],[112.3525969,-7.3364706],[112.352535,-7.3365021],[112.3524786,-7.3365078],[112.3524128,-7.3365061],[112.3523696,-7.3365138],[112.3523321,-7.3365252],[112.3522983,-7.3365534],[112.3522946,-7.3365697],[112.3522872,-7.3366022],[112.352293,-7.336649],[112.3522837,-7.336679],[112.352248,-7.3366979],[112.3520828,-7.3367678],[112.3519608,-7.3368338],[112.3518444,-7.3368773],[112.3517222,-7.3368825],[112.3515867,-7.3369208],[112.3515012,-7.3369377],[112.3513849,-7.3370164],[112.3513184,-7.3370712],[112.3512022,-7.3371664],[112.3511478,-7.3372425],[112.3510933,-7.3373185],[112.3510936,-7.3373992],[112.3510865,-7.3374466],[112.3510676,-7.3374847],[112.3510059,-7.3375086],[112.3509465,-7.3375207],[112.3508085,-7.3375044],[112.3507348,-7.3374975],[112.3505245,-7.337372],[112.3504217,-7.3373263],[112.3502699,-7.3372719],[112.3501196,-7.3372441],[112.3500125,-7.3372296],[112.3498643,-7.3372298],[112.3497223,-7.3372775],[112.3495971,-7.337315],[112.3494483,-7.3373966],[112.3493977,-7.3374339],[112.3493299,-7.3374666],[112.3492496,-7.3374721],[112.3492281,-7.3374428],[112.3492066,-7.3374242],[112.3491665,-7.3374269],[112.3491344,-7.3374511],[112.3491129,-7.3374565],[112.3490567,-7.337454],[112.3490218,-7.3374247],[112.3489896,-7.3374087],[112.3489441,-7.3374035],[112.3488747,-7.3375107],[112.3487763,-7.3377407],[112.3487096,-7.3378265],[112.3486454,-7.3378454],[112.3485947,-7.3379096],[112.3485548,-7.337998],[112.3485603,-7.3380434],[112.3485764,-7.338062],[112.3486032,-7.3380913],[112.3484935,-7.3383935],[112.3480485,-7.339444],[112.3480486,-7.339491],[112.3482934,-7.3396358],[112.3484223,-7.3397081],[112.348429,-7.3397467],[112.3484159,-7.3398619],[112.3483468,-7.340052],[112.3482639,-7.3401271],[112.3481595,-7.3401702],[112.3480149,-7.3402188],[112.3479345,-7.3402484],[112.347897,-7.3402806],[112.347868,-7.3403957],[112.3477388,-7.3409346],[112.3472832,-7.3413575],[112.3472122,-7.3415963],[112.3469987,-7.3421937],[112.3469042,-7.3426712],[112.3468816,-7.3431249],[112.3469307,-7.3435305],[112.3470516,-7.3439119],[112.3471241,-7.3441982],[112.3471223,-7.3442013],[112.3469815,-7.3444374],[112.3466706,-7.3445815],[112.3462163,-7.3446545],[112.3460253,-7.3447265],[112.345934,-7.344864],[112.3458823,-7.3449418],[112.3457962,-7.3450628],[112.3453292,-7.3449439],[112.3451461,-7.3448986],[112.344223,-7.344644],[112.3434829,-7.3445228],[112.3429641,-7.3444895],[112.342926,-7.3445099],[112.3428802,-7.3445138],[112.3426132,-7.3445906],[112.3424606,-7.3446917],[112.3422756,-7.3448148],[112.3422622,-7.3448237],[112.3422496,-7.3448235],[112.34205,-7.34489],[112.34101,-7.34527],[112.34063,-7.34534],[112.34028,-7.34537],[112.34015,-7.34566],[112.34006,-7.34589],[112.33981,-7.34593],[112.33953,-7.34595],[112.33913,-7.34593],[112.33853,-7.34583],[112.33808,-7.34576],[112.33766,-7.34575],[112.33709,-7.34574],[112.33651,-7.34574],[112.33598,-7.34572],[112.33569,-7.3457],[112.3355,-7.34575],[112.3353645,-7.3457524],[112.3353036,-7.3456001],[112.335118,-7.3456239],[112.33482,-7.34558],[112.33459,-7.34534],[112.33423,-7.3451],[112.33377,-7.34467],[112.33345,-7.34428],[112.33329,-7.34407],[112.33314,-7.34381],[112.3331391,-7.3438053],[112.3331375,-7.3438052],[112.3325805,-7.3437599],[112.3314437,-7.343737],[112.3302383,-7.3438124],[112.3289031,-7.3439835],[112.3281498,-7.3441519],[112.3276443,-7.3442649],[112.3262786,-7.3446301],[112.3249435,-7.3449444],[112.3227615,-7.3461102],[112.32238,-7.3463692],[112.3219604,-7.3466047],[112.3211746,-7.3471359],[112.3203994,-7.3475986],[112.3203964,-7.3476004],[112.3201217,-7.3477615],[112.3188705,-7.3483547],[112.3178482,-7.3491358],[112.3174438,-7.3493518],[112.3168105,-7.3496236],[112.3163528,-7.3497475],[112.315689,-7.3499702],[112.3155407,-7.3499941],[112.3139953,-7.3502434],[112.3132324,-7.3503317],[112.3121871,-7.3505701],[112.3107452,-7.3508495],[112.3100967,-7.3510159],[112.3092498,-7.351293],[112.3084945,-7.351468],[112.307785,-7.3518356],[112.3076523,-7.3522645],[112.3073398,-7.3532744],[112.3069985,-7.3542362],[112.3066572,-7.3548567],[112.3065224,-7.355014],[112.3065554,-7.3554583],[112.306346,-7.3559913],[112.3062699,-7.3565243],[112.3064222,-7.3567147],[112.3069552,-7.3565053],[112.3072026,-7.3566195],[112.3075453,-7.3569431],[112.3074311,-7.3572096],[112.3072788,-7.3575332],[112.3073169,-7.3577426],[112.3078689,-7.3578759],[112.3081735,-7.3581233],[112.3084209,-7.3585611],[112.3084971,-7.3587896],[112.3090872,-7.3586754],[112.3095631,-7.3585421],[112.3099057,-7.3588276],[112.3104387,-7.3590751],[112.3108004,-7.3589228],[112.3111811,-7.3586754],[112.3115808,-7.3585992],[112.3120567,-7.3583327],[112.3123201,-7.358443],[112.3123487,-7.3586429],[112.3128055,-7.3587571],[112.3135194,-7.3589427],[112.3135051,-7.3593567],[112.3136621,-7.3594709],[112.3135765,-7.3600848],[112.3146044,-7.3602561],[112.3144616,-7.360556],[112.3143332,-7.3610128],[112.3147615,-7.3615696],[112.3149613,-7.3617552],[112.3145473,-7.362055],[112.3140905,-7.3625261],[112.3138192,-7.3630258],[112.3133623,-7.3635398],[112.3129769,-7.3640966],[112.312777,-7.3647105],[112.3136336,-7.3647105],[112.3140333,-7.3648247],[112.3140476,-7.3650389],[112.3125057,-7.3649532],[112.312263,-7.3651531],[112.312106,-7.3651816],[112.3118918,-7.3652816],[112.3117491,-7.3650103],[112.3112922,-7.3648247],[112.3111637,-7.3650246],[112.3104499,-7.364996],[112.309836,-7.3649532],[112.3082798,-7.3647962],[112.3076945,-7.364996],[112.3073804,-7.3647248],[112.3067094,-7.3647105],[112.3063239,-7.3644821],[112.3065095,-7.3642251],[112.3064667,-7.3639395],[112.3061811,-7.3636683],[112.3059241,-7.3634256],[112.3061811,-7.362155],[112.3062668,-7.3615125],[112.3061383,-7.3610271],[112.305867,-7.3603704],[112.3055815,-7.3599706],[112.3053816,-7.3595994],[112.3054323,-7.3592084],[112.305775,-7.3586373],[112.3056512,-7.3578418],[112.304853,-7.3577204],[112.3048005,-7.357816],[112.3044544,-7.35768],[112.3040752,-7.3575975],[112.3038932,-7.3575579],[112.3034649,-7.3574508],[112.3033507,-7.3572652],[112.3031009,-7.3572295],[112.3027868,-7.3571724],[112.3025013,-7.3571296],[112.3022728,-7.3571082],[112.3017018,-7.3572438],[112.301302,-7.3577078],[112.3010022,-7.3576507],[112.3007952,-7.3577863],[112.3003669,-7.358029],[112.3001088,-7.3582066],[112.3001019,-7.358226],[112.2999588,-7.358628],[112.2999017,-7.3590706],[112.2998031,-7.3597887],[112.2998008,-7.3601089],[112.2998762,-7.3603262],[112.2998858,-7.3608496],[112.2994908,-7.3609734],[112.2990963,-7.3609806],[112.2990481,-7.361499],[112.2988673,-7.3615825],[112.2986008,-7.3616396],[112.2984543,-7.3615106],[112.2980227,-7.362113],[112.29788,-7.362627],[112.2973279,-7.3624366],[112.2970519,-7.3631124],[112.2969091,-7.3633789],[112.2965665,-7.363179],[112.2963286,-7.3629506],[112.2962334,-7.3629696],[112.2958622,-7.3630838],[112.2955481,-7.3630363],[112.2950627,-7.3631648],[112.2949699,-7.3632076],[112.2947914,-7.3630648],[112.2946487,-7.3631148],[112.2944131,-7.3633361],[112.2945202,-7.3635003],[112.2946272,-7.3636573],[112.294513,-7.3638929],[112.294356,-7.3641998],[112.2943132,-7.3644211],[112.2939705,-7.3645353],[112.2933638,-7.3646995],[112.2927284,-7.3645496],[112.2924572,-7.3644497],[112.2920217,-7.3642355],[112.2923858,-7.3636716],[112.2926071,-7.3633932],[112.292914,-7.3629649],[112.2930282,-7.3623867],[112.2932495,-7.3621939],[112.2936778,-7.3620869],[112.2938492,-7.3616443],[112.2942061,-7.3615229],[112.2943274,-7.3615229],[112.2944131,-7.3617799],[112.2946344,-7.3617014],[112.2948343,-7.3615586],[112.29472,-7.3613873],[112.295077,-7.3612302],[112.2953911,-7.3611375],[112.2955624,-7.3613016],[112.2959693,-7.3612302],[112.2962548,-7.3611232],[112.2963119,-7.3608305],[112.2959193,-7.3607948],[112.2956552,-7.3607163],[112.2953054,-7.3603665],[112.2950484,-7.3600738],[112.2948286,-7.3595087],[112.2945547,-7.3594589],[112.294212,-7.359416],[112.2931267,-7.3593934],[112.2928102,-7.3593143],[112.2922302,-7.3591693],[112.2916717,-7.3591072],[112.2910201,-7.3590452],[112.2905858,-7.3590452],[112.2895507,-7.358869],[112.2893447,-7.3588981],[112.2890195,-7.3588972],[112.2886505,-7.3588962],[112.2884521,-7.3589319],[112.2880706,-7.3588499],[112.2878265,-7.3588418],[112.2876815,-7.3587884],[112.2873611,-7.3586515],[112.2872543,-7.3586468],[112.2872314,-7.3586563],[112.2872085,-7.3586687],[112.2869872,-7.3587345],[112.2867126,-7.3587412],[112.2859649,-7.3587602],[112.2855605,-7.3586196],[112.285469,-7.3586024],[112.2851257,-7.35854],[112.2846755,-7.3585624],[112.2844467,-7.3587173],[112.2844161,-7.3587331],[112.2843322,-7.3587908],[112.2842864,-7.3587636],[112.2839355,-7.3586258],[112.2833099,-7.3584694],[112.2832489,-7.3584274],[112.2831649,-7.3583745],[112.2830123,-7.3582744],[112.28273,-7.3581981],[112.2825164,-7.3581241],[112.2820892,-7.3579086],[112.2815856,-7.3575877],[112.2812652,-7.357654],[112.2811279,-7.357705],[112.2809753,-7.3576497],[112.2807617,-7.3574413],[112.2806777,-7.357396],[112.2805328,-7.3574828],[112.2803268,-7.3574838],[112.2802352,-7.3573879],[112.2801513,-7.3572763],[112.280014,-7.3573064],[112.2797927,-7.3573984],[112.2794265,-7.3574413],[112.2792663,-7.3574103],[112.278656,-7.3572296],[112.2782974,-7.3571261],[112.2775649,-7.3570637],[112.2768631,-7.3570122],[112.2761306,-7.3569497],[112.2754592,-7.3568977],[112.274765,-7.3569526],[112.2741088,-7.3570379],[112.2736129,-7.3571562],[112.2732238,-7.357324],[112.2729797,-7.3574389],[112.2729797,-7.3574389],[112.2726135,-7.3575496],[112.2719726,-7.3578152],[112.2715148,-7.3580512],[112.2709274,-7.3583592],[112.2705154,-7.3586005],[112.27005,-7.3588933],[112.2692947,-7.3592867],[112.2685546,-7.3596982],[112.2680129,-7.3600053],[112.2672424,-7.3604487],[112.2661819,-7.3611306],[112.2656784,-7.3613557],[112.2651748,-7.3615369],[112.2646865,-7.361761],[112.2641906,-7.361967],[112.2637939,-7.3620581],[112.2633819,-7.3620809],[112.2629242,-7.3620924],[112.2624587,-7.3621038],[112.2619247,-7.3621363],[112.2611541,-7.3621243],[112.260437,-7.3621358],[112.25988,-7.3621563],[112.2592849,-7.3621773],[112.2586059,-7.3622693],[112.2580032,-7.3623527],[112.2573928,-7.3624305],[112.2569351,-7.3625111],[112.2563781,-7.3626307],[112.2558898,-7.362749],[112.2553634,-7.3629373],[112.2546844,-7.36316],[112.2541732,-7.363254],[112.2537002,-7.3633469],[112.2532501,-7.3634018],[112.2526474,-7.363417],[112.2520981,-7.3634185],[112.2520971,-7.3634184],[112.2517089,-7.3634032],[112.2511978,-7.3633598],[112.2506714,-7.3632855],[112.25,-7.3631591],[112.2496414,-7.3629021],[112.2493896,-7.3627757],[112.2490234,-7.3624658],[112.2487335,-7.3622326],[112.2484664,-7.3621305],[112.248085,-7.362008],[112.2477264,-7.3617424],[112.2476959,-7.3617133],[112.2473449,-7.3612727],[112.2472686,-7.3611535],[112.2470855,-7.3608917],[112.2468032,-7.3603934],[112.2465362,-7.3601159],[112.2462234,-7.359671],[112.2459716,-7.3595428],[112.2456741,-7.3595146],[112.2452469,-7.3594564],[112.2443771,-7.35926],[112.2438354,-7.3589224],[112.2431564,-7.3586487],[112.2427692,-7.3585723],[112.2427673,-7.3585719],[112.2424697,-7.3584684],[112.2416763,-7.358034],[112.2413253,-7.3573016],[112.2412262,-7.357159],[112.2410965,-7.3569111],[112.2408981,-7.3565821],[112.2406997,-7.3562912],[112.2403869,-7.3558139],[112.2402267,-7.3556222],[112.2399902,-7.355419],[112.2396545,-7.3552288],[112.2392883,-7.3550643],[112.2383728,-7.3546308],[112.2379608,-7.354504],[112.2373504,-7.3542799],[112.2368087,-7.3539733],[112.236206,-7.3536929],[112.2356567,-7.3534488],[112.2351303,-7.3532237],[112.2345962,-7.3529796],[112.2339782,-7.3527612],[112.233284,-7.352538],[112.2328643,-7.352405],[112.2323913,-7.3522538],[112.2320175,-7.3521141],[112.2316513,-7.3519682],[112.2309494,-7.3518199],[112.2304763,-7.3516997],[112.2300491,-7.3516983],[112.2295379,-7.3516783],[112.2293319,-7.3515681],[112.2291336,-7.3513612],[112.2291298,-7.3513586],[112.2289428,-7.3512319],[112.228569,-7.3511771],[112.2283706,-7.3511414],[112.2282333,-7.3510746],[112.2280654,-7.3509578],[112.2279281,-7.3508219],[112.2272567,-7.3504294],[112.2269897,-7.3504323],[112.2265548,-7.3505429],[112.2259063,-7.350643],[112.2258744,-7.3506499],[112.2252578,-7.3507813],[112.224617,-7.350861],[112.223999,-7.3509482],[112.2234878,-7.3510369],[112.2232055,-7.3511065],[112.2228317,-7.3511452],[112.2225112,-7.351159],[112.2223053,-7.3511304],[112.2221221,-7.3510913],[112.2219695,-7.3511023],[112.2218322,-7.3511318],[112.2216949,-7.351086],[112.2215423,-7.3509754],[112.2213974,-7.3507747],[112.221321,-7.3505801],[112.2210693,-7.3502878],[112.2208174,-7.3501332],[112.2208099,-7.3501286],[112.2208026,-7.3501268],[112.2204818,-7.3500508],[112.2200775,-7.3500546],[112.2195892,-7.3500661],[112.2191543,-7.3500956],[112.2187652,-7.3500685],[112.2182998,-7.349986],[112.2176818,-7.3497928],[112.2172622,-7.3496536],[112.2169723,-7.3495382],[112.2166137,-7.3493113],[112.2162933,-7.3491773],[112.2156219,-7.3489593],[112.2154617,-7.3489403],[112.2151565,-7.3489255],[112.2149734,-7.3489398],[112.2148056,-7.3490433],[112.2144775,-7.3493146],[112.2141647,-7.3494371],[112.2139129,-7.3494438],[112.2139127,-7.3494438],[112.2131347,-7.3494643],[112.2129287,-7.3493022],[112.2128448,-7.3492588],[112.2129287,-7.3491038],[112.2129135,-7.3489379],[112.2127685,-7.348791],[112.2127075,-7.348792],[112.2126083,-7.3488726],[112.2124481,-7.3487462],[112.2123565,-7.348667],[112.2121963,-7.3487324],[112.2120666,-7.3487734],[112.2119064,-7.3486899],[112.2115554,-7.3485621],[112.2113571,-7.3485741],[112.2112503,-7.3486322],[112.2111587,-7.348801],[112.2109908,-7.3490128],[112.2109146,-7.349059],[112.2108459,-7.3491663],[112.2108383,-7.3494128],[112.2108307,-7.3495687],[112.2107696,-7.3496746],[112.2106475,-7.3497623],[112.2105178,-7.3497857],[112.2099838,-7.3496107],[112.2097549,-7.3495511],[112.2095947,-7.349564],[112.2093353,-7.3499636],[112.2092056,-7.350108],[112.2089233,-7.3502397],[112.2086944,-7.3503527],[112.2084274,-7.3505348],[112.2082824,-7.3505801],[112.2081909,-7.3505663],[112.2080459,-7.35047],[112.2076034,-7.3506636],[112.2072982,-7.3507527],[112.2068633,-7.3507527],[112.2065811,-7.3507451],[112.2060623,-7.3508867],[112.2058639,-7.3509354],[112.2055587,-7.3507422],[112.2053833,-7.3506402],[112.2053146,-7.3506254],[112.2051696,-7.350594],[112.2050247,-7.3505982],[112.2049789,-7.3506235],[112.2042083,-7.3502597],[112.2039108,-7.3501934],[112.2034607,-7.350109],[112.2031555,-7.3500623],[112.2029952,-7.3499765],[112.2028808,-7.3501262],[112.2030639,-7.3503307],[112.2032318,-7.3506178],[112.2033615,-7.3510994],[112.2032547,-7.3512753],[112.2032165,-7.351508],[112.2032089,-7.351654],[112.2031402,-7.3517789],[112.2030105,-7.3518175],[112.2028655,-7.3517827],[112.2027358,-7.3517279],[112.202362,-7.3519224],[112.2021179,-7.352188],[112.2020187,-7.3523463],[112.2018432,-7.3525347],[112.2016448,-7.3526682],[112.201065,-7.3528394],[112.2009277,-7.3528809],[112.2006454,-7.3532251],[112.2005538,-7.3533152],[112.2005439,-7.3533175],[112.2005157,-7.3533239],[112.200386,-7.3533572],[112.2002487,-7.3533339],[112.2000427,-7.3531832],[112.1996154,-7.3525423],[112.1994781,-7.3523711],[112.1991729,-7.3522238],[112.1989974,-7.352188],[112.1987838,-7.3521942],[112.1985779,-7.3522834],[112.1983947,-7.3524398],[112.1982421,-7.3526806],[112.1981277,-7.352951],[112.1980133,-7.3530826],[112.1978759,-7.3531508],[112.1976089,-7.3529958],[112.1973877,-7.3528752],[112.1971969,-7.3528236],[112.1970596,-7.3528313],[112.1967239,-7.353085],[112.1966018,-7.3531913],[112.1960525,-7.3531479],[112.1956329,-7.3531274],[112.1956314,-7.3531274],[112.1949234,-7.3531398],[112.1940231,-7.3529786],[112.1938095,-7.3529457],[112.1929473,-7.3529324],[112.1927108,-7.35296],[112.1924743,-7.3530802],[112.1904297,-7.3534879],[112.1898269,-7.353394],[112.1894989,-7.3532914],[112.1891632,-7.3531326],[112.1886749,-7.3529257],[112.18824,-7.3527054],[112.1878967,-7.3525094],[112.1876068,-7.3523749],[112.1871185,-7.3521752],[112.1869049,-7.3522476],[112.1863937,-7.3524837],[112.1861877,-7.3525967],[112.1860504,-7.3527364],[112.1859207,-7.3530115],[112.1858215,-7.3532804],[112.1855774,-7.3535713],[112.1853714,-7.3537244],[112.1852111,-7.3537954],[112.185173,-7.3538002],[112.1850662,-7.3538336],[112.1848373,-7.353907],[112.1847,-7.3540372],[112.1845703,-7.354155],[112.1842346,-7.3542904],[112.1838226,-7.3545822],[112.1836929,-7.3546566],[112.1834945,-7.3546642],[112.1833496,-7.35469],[112.1831741,-7.3547005],[112.18293,-7.3547882],[112.1826858,-7.3547978],[112.1825409,-7.3547129],[112.1824188,-7.3546299],[112.1821899,-7.3546065],[112.1819763,-7.3547462],[112.1818084,-7.3548941],[112.1817627,-7.3549704],[112.1817628,-7.3549719],[112.1817779,-7.3550939],[112.1817169,-7.3552121],[112.1816559,-7.3553752],[112.1811142,-7.3555402],[112.1807861,-7.3556222],[112.180519,-7.3557514],[112.1800231,-7.3559283],[112.1795654,-7.3561372],[112.1790847,-7.3563561],[112.1784134,-7.3564567],[112.1780471,-7.3565101],[112.1774978,-7.3565172],[112.1773071,-7.3565048],[112.1769332,-7.3565883],[112.176445,-7.3568038],[112.1761779,-7.3568806],[112.1759414,-7.3569616],[112.1757888,-7.3568963],[112.1757126,-7.3568558],[112.1756668,-7.3568591],[112.1755523,-7.3569302],[112.1753311,-7.3570527],[112.1750793,-7.3571109],[112.1749191,-7.3570365],[112.174736,-7.356965],[112.1745147,-7.3569998],[112.1744537,-7.3570036],[112.174324,-7.3571314],[112.1740112,-7.3573808],[112.173973,-7.357377],[112.1737747,-7.3573321],[112.1733474,-7.3572759],[112.173149,-7.3572945],[112.1730041,-7.3573283],[112.1728057,-7.357417],[112.1725387,-7.3575739],[112.1724548,-7.3576025],[112.1723327,-7.3575467],[112.1721039,-7.3574509],[112.1720047,-7.3574704],[112.1718521,-7.3575005],[112.1716232,-7.3575043],[112.1715164,-7.3574785],[112.1714325,-7.3575014],[112.1712646,-7.3575391],[112.1710815,-7.3574962],[112.1708221,-7.3573584],[112.1704101,-7.3571791],[112.1696853,-7.3571805],[112.169684,-7.3571817],[112.1682129,-7.3584708],[112.1678314,-7.3586992],[112.1672592,-7.3589982],[112.1668777,-7.359127],[112.1662826,-7.3595575],[112.1656799,-7.3597902],[112.1653213,-7.3599295],[112.164772,-7.3600782],[112.1645279,-7.3600997],[112.1643829,-7.3601355],[112.1640243,-7.3602985],[112.1639938,-7.3606676],[112.1640472,-7.3611454],[112.1638107,-7.3616098],[112.1632385,-7.361905],[112.1625213,-7.362173],[112.1618957,-7.3624677],[112.1597595,-7.3634018],[112.1585693,-7.364036],[112.1578064,-7.3644399],[112.1572189,-7.3646034],[112.1562118,-7.3649773],[112.1554717,-7.3652405],[112.1549911,-7.3654837],[112.1542316,-7.3659427],[112.1542282,-7.3659448],[112.153656,-7.3662752],[112.1529693,-7.3665818],[112.1524276,-7.3667654],[112.1512603,-7.3671311],[112.1506347,-7.3672618],[112.1503753,-7.3672742],[112.1500625,-7.3672456],[112.1494827,-7.3672117],[112.1486282,-7.3670434],[112.1484222,-7.3670319],[112.1484193,-7.3670325],[112.1476059,-7.3671946],[112.1470947,-7.3672222],[112.1465907,-7.3672294],[112.1463241,-7.3672332],[112.1453781,-7.3672651],[112.1449966,-7.3672122],[112.1443481,-7.3672317],[112.1439743,-7.3672947],[112.1438331,-7.3673141],[112.1438217,-7.3673157],[112.1433944,-7.3672785],[112.1430664,-7.3671388],[112.1425628,-7.3670687],[112.1422043,-7.3671288],[112.1419067,-7.3672065],[112.141159,-7.3674354],[112.1401291,-7.3676723],[112.1396026,-7.3677105],[112.1392059,-7.3677773],[112.1387024,-7.3678373],[112.1377639,-7.3679275],[112.1370163,-7.3684272],[112.1368255,-7.3687061],[112.1366065,-7.368844],[112.1366043,-7.3688454],[112.1363601,-7.3690003],[112.1359481,-7.3692502],[112.1356811,-7.3695001],[112.1353225,-7.3699259],[112.1349411,-7.3703956],[112.1334915,-7.3710794],[112.1330185,-7.3711218],[112.1318588,-7.3713955],[112.1313324,-7.371632],[112.1307144,-7.3718566],[112.1299591,-7.3722138],[112.1271896,-7.3728098],[112.126625,-7.3728341],[112.1260223,-7.3730149],[112.125412,-7.3730554],[112.1251373,-7.3731026],[112.125,-7.3730973],[112.1247787,-7.3731097],[112.1244354,-7.3731431],[112.1239624,-7.3732189],[112.1236114,-7.3733086],[112.1232757,-7.3733977],[112.1230239,-7.3734774],[112.1227493,-7.3736018],[112.1224517,-7.3737458],[112.122055,-7.3740257],[112.1216964,-7.374216],[112.1209335,-7.3747057],[112.120697,-7.3748979],[112.1205596,-7.3749999],[112.118843,-7.3767075],[112.1182632,-7.3774456],[112.1172425,-7.377933],[112.1172256,-7.377941],[112.1166686,-7.3780583],[112.1158371,-7.3782949],[112.115158,-7.378919],[112.1144485,-7.3794598],[112.1136551,-7.3795814],[112.1133957,-7.3795556],[112.1129226,-7.3796014],[112.1127014,-7.3797006],[112.1125869,-7.3798384],[112.1122131,-7.3804769],[112.1120071,-7.3805279],[112.1111984,-7.3805212],[112.111145,-7.3807811],[112.1110534,-7.3810839],[112.1108856,-7.3816685],[112.1108093,-7.3818187],[112.1106262,-7.381997],[112.1099471,-7.3820433],[112.1096115,-7.3820161],[112.1095733,-7.382008],[112.109375,-7.3819555],[112.108963,-7.3819241],[112.1084671,-7.3819284],[112.1080169,-7.3817963],[112.1078033,-7.3816642],[112.1076431,-7.3814205],[112.1075592,-7.3813023],[112.1074447,-7.3812479],[112.1072387,-7.3812965],[112.1069793,-7.3814348],[112.1068344,-7.3815679],[112.1066436,-7.3817801],[112.1064377,-7.3820447],[112.1063537,-7.3822674],[112.106369,-7.3828715],[112.1063919,-7.3831085],[112.1064834,-7.3832435],[112.1066055,-7.3833651],[112.1066894,-7.3835362],[112.1067047,-7.3836698],[112.1066131,-7.3837742],[112.1064453,-7.3838161],[112.1058578,-7.3835315],[112.1044693,-7.3834562],[112.104042,-7.3833822],[112.1038284,-7.3833017],[112.1035919,-7.3831915],[112.1034774,-7.3831634],[112.1025924,-7.3831667],[112.1025009,-7.3831677],[112.1021881,-7.3835849],[112.1020126,-7.383902],[112.1017456,-7.3843736],[112.1015853,-7.3846058],[112.1015549,-7.3846373],[112.1014099,-7.3846463],[112.100914,-7.3846358],[112.1005172,-7.3846196],[112.1002731,-7.3846683],[112.0999832,-7.3847231],[112.0996627,-7.3846172],[112.0996246,-7.3845939],[112.099327,-7.3845276],[112.0988617,-7.3845944],[112.0986175,-7.3846859],[112.0984268,-7.3847679],[112.0980148,-7.3848108],[112.097763,-7.3848609],[112.0971374,-7.3848209],[112.0969848,-7.3847631],[112.0968093,-7.3846187],[112.0965042,-7.384364],[112.0963516,-7.3842186],[112.0962905,-7.3841266],[112.0959396,-7.3839502],[112.0948486,-7.3836431],[112.0946197,-7.3836083],[112.0942535,-7.3836574],[112.0939865,-7.3836984],[112.0938644,-7.383675],[112.0938415,-7.3836578],[112.0936126,-7.383624],[112.0931244,-7.3835019],[112.0926437,-7.3835401],[112.092369,-7.3836245],[112.0919952,-7.3837709],[112.091896,-7.3837747],[112.0917892,-7.3837699],[112.0915985,-7.3837079],[112.0914993,-7.3836006],[112.0913238,-7.3833155],[112.0913086,-7.3831176],[112.0912552,-7.382594],[112.091156,-7.3823604],[112.0910034,-7.382173],[112.0908584,-7.3820967],[112.0903854,-7.3818525],[112.0900421,-7.3816751],[112.0896225,-7.3815903],[112.0895385,-7.3815912],[112.0894089,-7.3816265],[112.0893097,-7.3817176],[112.0886459,-7.3824653],[112.0884094,-7.3825726],[112.08815,-7.382616],[112.0879287,-7.3825716],[112.0871505,-7.3822483],[112.0868835,-7.3822245],[112.086708,-7.3822536],[112.0865783,-7.3823499],[112.0864791,-7.3825001],[112.086441,-7.3826718],[112.0864791,-7.3829455],[112.0865326,-7.3832764],[112.0864791,-7.38352],[112.0864334,-7.3837751],[112.0863418,-7.3842048],[112.0862121,-7.3844027],[112.0861282,-7.384417],[112.085907,-7.3843559],[112.0854187,-7.3841928],[112.0850448,-7.3840226],[112.0848388,-7.3838405],[112.0844803,-7.3835386],[112.0842056,-7.3834151],[112.08358,-7.3832516],[112.0830383,-7.3831553],[112.082695,-7.3830389],[112.0824737,-7.3828897],[112.0823287,-7.3827209],[112.0821762,-7.3825592],[112.0820312,-7.3825363],[112.0815277,-7.3825549],[112.0817413,-7.3821486],[112.0817718,-7.3820991],[112.0818786,-7.3818058],[112.0821304,-7.3810295],[112.0821609,-7.3809766],[112.0823593,-7.3806957],[112.0828552,-7.3802218],[112.0834579,-7.3797978],[112.0836029,-7.3795656],[112.0837936,-7.3791532],[112.0839767,-7.3788022],[112.084198,-7.3786153],[112.0843429,-7.3785795],[112.0848083,-7.3785299],[112.084877,-7.3784937],[112.0849456,-7.378344],[112.084999,-7.3781117],[112.0850067,-7.3778042],[112.0849456,-7.3775629],[112.0848388,-7.3771872],[112.0848465,-7.376954],[112.0849151,-7.3768205],[112.0850372,-7.3767156],[112.0857086,-7.3762669],[112.0859832,-7.3760427],[112.0860824,-7.3759259],[112.0860977,-7.3758802],[112.0861206,-7.3757805],[112.0861129,-7.3755388],[112.0861206,-7.375452],[112.0861358,-7.3753189],[112.086235,-7.3750986],[112.0862884,-7.3749999],[112.0865631,-7.374503],[112.0866317,-7.3741168],[112.0866165,-7.3739471],[112.0865097,-7.3738212],[112.0862426,-7.3736199],[112.08535,-7.3729557],[112.0853195,-7.3728885],[112.0852661,-7.372703],[112.0852585,-7.3723864],[112.0853576,-7.3719901],[112.0854797,-7.3718299],[112.0855331,-7.3717736],[112.085823,-7.3713912],[112.0858841,-7.3712005],[112.085968,-7.3709749],[112.0861435,-7.3707031],[112.0864029,-7.3702954],[112.0863876,-7.3701433],[112.086296,-7.3699607],[112.0860824,-7.3696703],[112.0860061,-7.369511],[112.0860138,-7.3693818],[112.08609,-7.3692512],[112.0862579,-7.3691448],[112.0862884,-7.3691334],[112.0866089,-7.3690065],[112.0868835,-7.3689684],[112.0872116,-7.3690065],[112.0874557,-7.3691081],[112.0876617,-7.3691572],[112.0878677,-7.3691362],[112.0879974,-7.3690542],[112.0880508,-7.3689236],[112.0881729,-7.368679],[112.088272,-7.368637],[112.0892034,-7.3685076],[112.0893325,-7.3684896],[112.0891723,-7.3680991],[112.0891189,-7.3679399],[112.0891113,-7.3677105],[112.0891113,-7.3676848],[112.0890655,-7.3674358],[112.0889205,-7.3668837],[112.0889892,-7.3667716],[112.0891647,-7.3666343],[112.0893783,-7.3664378],[112.0894241,-7.3662967],[112.0894241,-7.3660592],[112.0894622,-7.3658747],[112.0894699,-7.3658117],[112.0894546,-7.3657784],[112.0893554,-7.3657006],[112.0890502,-7.3654937],[112.0888519,-7.3652252],[112.0888366,-7.3650259],[112.0887451,-7.364911],[112.0886764,-7.3647684],[112.0886535,-7.3645653],[112.0885772,-7.3644146],[112.0886612,-7.364313],[112.0888214,-7.3641004],[112.0888214,-7.3639788],[112.0887451,-7.363768],[112.0886535,-7.3637036],[112.0884399,-7.3636407],[112.0879669,-7.3635434],[112.087944,-7.3635053],[112.0879135,-7.3633656],[112.0879287,-7.3631853],[112.088005,-7.3628153],[112.0881119,-7.3625597],[112.0882339,-7.3624009],[112.0884475,-7.3622336],[112.0888519,-7.3620328],[112.0891571,-7.3618697],[112.089302,-7.3616866],[112.0893554,-7.3615283],[112.0893554,-7.3612894],[112.089302,-7.3611359],[112.0891647,-7.3610067],[112.0886917,-7.3605398],[112.0886383,-7.3603672],[112.088623,-7.3599657],[112.0887069,-7.3598127],[112.0889358,-7.3593997],[112.0889358,-7.358664],[112.0890045,-7.3584732],[112.0885009,-7.3578748],[112.0881652,-7.3578872],[112.0876159,-7.3579148],[112.0872039,-7.3579167],[112.0868454,-7.3580202],[112.086441,-7.3581075],[112.08609,-7.3580021],[112.0858383,-7.357386],[112.0856475,-7.3572368],[112.0855903,-7.3571898],[112.0855865,-7.3571867],[112.0851135,-7.3568939],[112.0848159,-7.3567342],[112.0844574,-7.3566264],[112.0844192,-7.3562755],[112.0844345,-7.3556665],[112.0844574,-7.3549952],[112.0845565,-7.3548836],[112.0847015,-7.3547019],[112.0847397,-7.3545641],[112.0847854,-7.3543381],[112.0848541,-7.3543233],[112.0850143,-7.3543662],[112.0851974,-7.3543872],[112.0856475,-7.3544644],[112.0859985,-7.3545379],[112.08609,-7.3544792],[112.0860977,-7.3544063],[112.0860214,-7.3542303],[112.0858078,-7.3538941],[112.0856094,-7.3536104],[112.085617,-7.3534364],[112.0857315,-7.3533439],[112.0857009,-7.3532804],[112.0857009,-7.3531851],[112.0857772,-7.3530006],[112.085907,-7.3526439],[112.0859062,-7.3526414],[112.0858612,-7.3524975],[112.0857696,-7.3524446],[112.085495,-7.3523831],[112.0851211,-7.3522548],[112.0850677,-7.3521632],[112.0850753,-7.3520645],[112.0850906,-7.3519854],[112.085205,-7.3513297],[112.085144,-7.3511728],[112.0850448,-7.350912],[112.0850524,-7.3506283],[112.084999,-7.3502935],[112.0849075,-7.3502101],[112.0847702,-7.3501739],[112.0845413,-7.3502139],[112.0844345,-7.3503031],[112.0842666,-7.3504228],[112.0841598,-7.3503589],[112.0840912,-7.350243],[112.0840759,-7.3500785],[112.0840225,-7.3500151],[112.0839004,-7.3500118],[112.0835418,-7.3499793],[112.0834198,-7.3499049],[112.083374,-7.3497967],[112.0833816,-7.3496708],[112.083496,-7.3493947],[112.0835952,-7.3491272],[112.0835876,-7.3489818],[112.0835113,-7.3489241],[112.0833664,-7.3488907],[112.0829696,-7.3488158],[112.0828781,-7.3486952],[112.0828475,-7.3485078],[112.0827636,-7.3480376],[112.0826568,-7.3478788],[112.0825729,-7.3478698],[112.082405,-7.347927],[112.0820694,-7.348041],[112.0817184,-7.3480801],[112.0816345,-7.3480348],[112.0816269,-7.3479294],[112.081604,-7.3475036],[112.0814819,-7.3473496],[112.081314,-7.3472494],[112.0806427,-7.3469795],[112.0800781,-7.3468932],[112.079834,-7.3467859],[112.0798416,-7.3466682],[112.0799179,-7.3465881],[112.0800094,-7.3464669],[112.080017,-7.3463372],[112.0799179,-7.3457774],[112.0798034,-7.3457236],[112.0796661,-7.3457369],[112.0794906,-7.3458351],[112.0793381,-7.3458919],[112.0792541,-7.3458456],[112.0791549,-7.345714],[112.0790558,-7.3454651],[112.0789184,-7.3450192],[112.0785522,-7.3446631],[112.0783462,-7.3445085],[112.0780563,-7.3443274],[112.0780334,-7.3442315],[112.0780944,-7.3441943],[112.0782775,-7.3441862],[112.0784607,-7.3441419],[112.078537,-7.3440513],[112.0786438,-7.3437695],[112.0786285,-7.3437218],[112.0786056,-7.3437027],[112.0784683,-7.3436484],[112.0782547,-7.3435525],[112.0780944,-7.3433827],[112.0780792,-7.3432802],[112.0781479,-7.3431596],[112.0782165,-7.3430051],[112.0781631,-7.3429126],[112.0778198,-7.3424367],[112.077629,-7.3420409],[112.0775909,-7.3418101],[112.0774688,-7.3416185],[112.077423,-7.3415059],[112.0774536,-7.3413548],[112.0775299,-7.3410253],[112.0774917,-7.3408541],[112.0774154,-7.3408178],[112.0772171,-7.3408345],[112.0766906,-7.3409657],[112.0766677,-7.3409247],[112.0766601,-7.3409022],[112.076622,-7.3406042],[112.0767135,-7.3404259],[112.0769119,-7.3400458],[112.0768356,-7.3396968],[112.0766754,-7.3395333],[112.0763855,-7.3393864],[112.076271,-7.3392858],[112.0762329,-7.3391628],[112.0762558,-7.3390984],[112.0762786,-7.3390641],[112.0764084,-7.3390054],[112.0768966,-7.3388399],[112.0770263,-7.3384665],[112.0770263,-7.3380079],[112.0769577,-7.3378624],[112.0768203,-7.3377122],[112.0765991,-7.3374728],[112.0765838,-7.3373608],[112.0766601,-7.3371967],[112.0767135,-7.3369974],[112.0767441,-7.3366241],[112.0766525,-7.3365626],[112.0764084,-7.3365111],[112.076004,-7.3365063],[112.0757827,-7.3364519],[112.0756836,-7.3363546],[112.0755767,-7.3361086],[112.0754928,-7.3357958],[112.0754471,-7.3356919],[112.0754165,-7.3356489],[112.0752563,-7.3355192],[112.0750732,-7.3352946],[112.0746917,-7.3346452],[112.074646,-7.3345193],[112.0745544,-7.3341431],[112.0744324,-7.3339714],[112.0742416,-7.3338546],[112.073761,-7.3335942],[112.0734558,-7.333444],[112.0732574,-7.3334474],[112.073143,-7.3335055],[112.0728988,-7.3336829],[112.0727005,-7.3336586],[112.0726089,-7.3335952],[112.0725631,-7.3334679],[112.0725631,-7.3332538],[112.0726318,-7.3330707],[112.0727462,-7.3328389],[112.0727615,-7.3327464],[112.0727996,-7.3325662],[112.0728988,-7.3321237],[112.0730819,-7.3315477],[112.07341,-7.3304695],[112.0736389,-7.3299383],[112.0737228,-7.3297252],[112.073883,-7.3293676],[112.074295,-7.3289417],[112.0744705,-7.3288411],[112.0745086,-7.3287868],[112.0746078,-7.3286733],[112.0746154,-7.3285684],[112.0745315,-7.3282498],[112.0744247,-7.3281421],[112.0743637,-7.3280286],[112.0744095,-7.3278007],[112.0744552,-7.3273372],[112.0741653,-7.3271226],[112.0741653,-7.3269748],[112.0741653,-7.3268975],[112.0742263,-7.3267912],[112.0744857,-7.3264012],[112.0748443,-7.3260912],[112.0749359,-7.3258041],[112.0748748,-7.3256888],[112.0747909,-7.3255109],[112.0748367,-7.325252],[112.0749664,-7.3250999],[112.0750809,-7.3250651],[112.075119,-7.3250522],[112.0757217,-7.3248324],[112.0760269,-7.3248762],[112.0760956,-7.3249616],[112.0760956,-7.3251676],[112.0761489,-7.3252725],[112.0763321,-7.3253683],[112.0764923,-7.3252339],[112.0766372,-7.3250102],[112.0770034,-7.3245682],[112.0776138,-7.3242554],[112.0778274,-7.3243035],[112.0781082,-7.3243668],[112.0781173,-7.3243689],[112.0782547,-7.3243016],[112.0783081,-7.324221],[112.0783233,-7.3241805],[112.0783386,-7.3239826],[112.0782699,-7.3236846],[112.0781936,-7.3235921],[112.0780334,-7.3235349],[112.077835,-7.323449],[112.0777588,-7.3233384],[112.0776519,-7.323173],[112.0774688,-7.3230251],[112.0774002,-7.3229217],[112.0774536,-7.3227834],[112.0776138,-7.322595],[112.0778045,-7.3225302],[112.0780563,-7.3224005],[112.0782699,-7.3222107],[112.0783538,-7.3220395],[112.0783462,-7.3218717],[112.0782699,-7.3216743],[112.0780868,-7.3214773],[112.0779495,-7.3212623],[112.0778808,-7.3209871],[112.077919,-7.3208555],[112.0780029,-7.3208274],[112.0783538,-7.3207516],[112.0784225,-7.3205957],[112.0785446,-7.3200315],[112.0785064,-7.3197993],[112.0783844,-7.3196839],[112.0780487,-7.3194021],[112.0778808,-7.3192872],[112.0777817,-7.3191685],[112.0777206,-7.3190774],[112.0775833,-7.3187146],[112.0776062,-7.3184938],[112.0776825,-7.3183169],[112.0777817,-7.3181242],[112.0777359,-7.3180026],[112.0776214,-7.3177408],[112.0776519,-7.3175453],[112.0777053,-7.3172068],[112.0777206,-7.3170003],[112.0778274,-7.3168477],[112.0781097,-7.3164176],[112.0780715,-7.3162917],[112.0779571,-7.3161496],[112.077774,-7.3160423],[112.0772018,-7.315793],[112.0770492,-7.3156756],[112.0768814,-7.3154463],[112.0766296,-7.3149842],[112.0766273,-7.31498],[112.0764999,-7.314743],[112.0765533,-7.314608],[112.076683,-7.3144964],[112.0775222,-7.3139786],[112.0775299,-7.3138656],[112.0774612,-7.3137783],[112.0772781,-7.3136744],[112.077156,-7.3135542],[112.0770721,-7.3133849],[112.0771255,-7.3132877],[112.0772629,-7.3132028],[112.0774002,-7.3132347],[112.0776062,-7.3133673],[112.0780868,-7.3136777],[112.078331,-7.3137435],[112.0786056,-7.3137306],[112.0788497,-7.3136615],[112.079071,-7.313631],[112.0795669,-7.3135489],[112.0797271,-7.3134331],[112.0798034,-7.3132877],[112.0800934,-7.3127011],[112.080223,-7.3126206],[112.0804596,-7.3124747],[112.0806732,-7.3122453],[112.0806655,-7.3120002],[112.0805969,-7.3118028],[112.0804367,-7.311356],[112.0804596,-7.3112082],[112.0805587,-7.3111128],[112.0807419,-7.3109464],[112.0807495,-7.3108276],[112.0806961,-7.3106369],[112.0806579,-7.3103784],[112.080719,-7.3102283],[112.0808487,-7.3101396],[112.081047,-7.3100227],[112.0812378,-7.3098826],[112.0812988,-7.3097572],[112.0813827,-7.3096379],[112.0815505,-7.3095254],[112.0817031,-7.3095006],[112.0819321,-7.3095488],[112.0822754,-7.3096017],[112.0823745,-7.3095254],[112.0823745,-7.3094348],[112.0823059,-7.3093008],[112.0821457,-7.3091797],[112.0817566,-7.3089517],[112.0817566,-7.3088421],[112.0818252,-7.3087587],[112.0819549,-7.3087281],[112.0825271,-7.3086585],[112.082611,-7.3085383],[112.0827713,-7.3080586],[112.0829772,-7.307567],[112.0829162,-7.3073324],[112.0828094,-7.3069114],[112.0828475,-7.3067736],[112.0829544,-7.3066677],[112.0830841,-7.3066577],[112.0832748,-7.3066272],[112.083313,-7.3065852],[112.0833816,-7.3065075],[112.0835952,-7.3062443],[112.0837936,-7.3060202],[112.0840606,-7.3056969],[112.0841903,-7.3056573],[112.0843658,-7.3056888],[112.0845947,-7.305819],[112.0848083,-7.3060226],[112.0849227,-7.30621],[112.0849456,-7.3063811],[112.0848694,-7.3069228],[112.084732,-7.3070788],[112.0845184,-7.3072924],[112.0845184,-7.3073796],[112.0846405,-7.3074507],[112.0848541,-7.3074731],[112.0851822,-7.3075122],[112.0854034,-7.3076176],[112.0855865,-7.3077625],[112.0858078,-7.307825],[112.0858678,-7.3078051],[112.0858841,-7.3077997],[112.0865249,-7.3075184],[112.0872192,-7.3071889],[112.0878219,-7.3068423],[112.0883331,-7.3066377],[112.0887298,-7.3061656],[112.0887604,-7.3058385],[112.0887069,-7.3055977],[112.0886535,-7.3053102],[112.0886917,-7.3051619],[112.0887756,-7.3051228],[112.0890273,-7.3050956],[112.0893936,-7.3050646],[112.0896454,-7.3049344],[112.089775,-7.3047775],[112.0899047,-7.3044476],[112.0900268,-7.3039965],[112.0899429,-7.3038291],[112.0896148,-7.3034462],[112.0895004,-7.3034157],[112.0893478,-7.3034634],[112.0891342,-7.3036198],[112.0889434,-7.3036975],[112.0886383,-7.3037361],[112.0882568,-7.303697],[112.0880432,-7.3037013],[112.0877304,-7.3035788],[112.087593,-7.3034262],[112.0872726,-7.3029379],[112.0872192,-7.3026184],[112.0873184,-7.3022656],[112.0874557,-7.3020944],[112.0876235,-7.3019718],[112.0881652,-7.3016127],[112.0882415,-7.3014769],[112.0882263,-7.3013391],[112.0881729,-7.3009838],[112.0882415,-7.300867],[112.088417,-7.3007654],[112.0885925,-7.3006305],[112.0886154,-7.3006138],[112.0888443,-7.3003854],[112.0889129,-7.3001746],[112.0888366,-7.3000144],[112.0887832,-7.2998127],[112.0888519,-7.2995848],[112.0889816,-7.2993888],[112.089096,-7.2993316],[112.0895004,-7.2992124],[112.089569,-7.2991537],[112.089859,-7.2988013],[112.0900192,-7.2983974],[112.0900192,-7.2980766],[112.0899505,-7.2978749],[112.0898132,-7.297667],[112.0897369,-7.297501],[112.0896454,-7.2972845],[112.0895309,-7.2971925],[112.0893707,-7.2971701],[112.0890655,-7.2971257],[112.0890426,-7.2970833],[112.0890273,-7.2970284],[112.0890502,-7.2968344],[112.0891342,-7.2966365],[112.089508,-7.2961601],[112.0896377,-7.2959627],[112.0896301,-7.2958273],[112.0895614,-7.2956242],[112.0893783,-7.2954425],[112.0886993,-7.294958],[112.0885238,-7.2948093],[112.0883636,-7.294598],[112.088356,-7.2944969],[112.0884017,-7.2943029],[112.0884628,-7.2939986],[112.0885925,-7.2938384],[112.0886764,-7.2936629],[112.0886764,-7.2934836],[112.0886154,-7.2933535],[112.0884704,-7.2932648],[112.0884017,-7.2931761],[112.0882644,-7.2929224],[112.0880432,-7.2927732],[112.0878295,-7.292807],[112.087387,-7.2929148],[112.0872421,-7.2928375],[112.0871505,-7.2926983],[112.0871734,-7.2925591],[112.0872345,-7.292282],[112.0872345,-7.2919826],[112.0873337,-7.2912769],[112.0873947,-7.2910284],[112.087471,-7.2906617],[112.0874099,-7.2904715],[112.0873108,-7.2903752],[112.0870285,-7.2902473],[112.0866317,-7.2901439],[112.0863876,-7.2900943],[112.0858459,-7.2898692],[112.0854873,-7.2897472],[112.0853195,-7.2896165],[112.0852127,-7.2894344],[112.0852432,-7.2892794],[112.0853882,-7.2887882],[112.0853424,-7.2885431],[112.0853119,-7.288402],[112.08535,-7.2882079],[112.0854492,-7.2879242],[112.0855789,-7.2878327],[112.0857391,-7.2878155],[112.0858764,-7.2878613],[112.0860214,-7.2880415],[112.0862121,-7.2883434],[112.0863876,-7.2887048],[112.0865631,-7.2888946],[112.0866699,-7.2889132],[112.0868377,-7.2888541],[112.0871276,-7.2886614],[112.0872268,-7.2884802],[112.0873794,-7.2881888],[112.0874939,-7.2879924],[112.0874939,-7.2878036],[112.0874557,-7.2874984],[112.0874557,-7.2873191],[112.087532,-7.2871832],[112.0876693,-7.2870807],[112.0881195,-7.2869629],[112.0883178,-7.2870406],[112.088478,-7.2871656],[112.0886917,-7.2873205],[112.0887909,-7.2872948],[112.0889129,-7.2871875],[112.0890197,-7.2870139],[112.0890273,-7.2869882],[112.0890808,-7.2865419],[112.0890731,-7.2861156],[112.0890045,-7.2859687],[112.0888977,-7.2859005],[112.0887375,-7.2858762],[112.0883102,-7.2859215],[112.0881119,-7.2859997],[112.0879135,-7.2859449],[112.0878448,-7.2858366],[112.0878372,-7.2856817],[112.0878219,-7.2854509],[112.0877304,-7.2853555],[112.0875091,-7.2852358],[112.0873184,-7.2852177],[112.0871658,-7.2852005],[112.0869598,-7.2851776],[112.0868682,-7.2850908],[112.0864868,-7.2846669],[112.0862655,-7.2845015],[112.0860977,-7.2842769],[112.0861358,-7.2841129],[112.0862274,-7.2840118],[112.0863113,-7.2838954],[112.0862808,-7.2838029],[112.0861752,-7.2835408],[112.086174,-7.2835378],[112.0862579,-7.2835068],[112.0867462,-7.2834119],[112.0868606,-7.2833156],[112.0871276,-7.2830247],[112.0874481,-7.2827934],[112.0877456,-7.2828607],[112.0881652,-7.2829689],[112.0883712,-7.2829727],[112.088478,-7.2829179],[112.0885238,-7.2828058],[112.0886612,-7.2824668],[112.0887985,-7.2823671],[112.089302,-7.282174],[112.0897598,-7.2821287],[112.0900116,-7.2820543],[112.0902099,-7.2820715],[112.0905609,-7.2821988],[112.0909347,-7.2823633],[112.091072,-7.282328],[112.0911636,-7.2822246],[112.0912704,-7.2819313],[112.0913009,-7.2816228],[112.0912399,-7.2812642],[112.0911712,-7.2812008],[112.0911178,-7.2811488],[112.0909957,-7.2811236],[112.0903472,-7.2810291],[112.0902481,-7.2809409],[112.0901565,-7.2807554],[112.0901794,-7.2806281],[112.0902786,-7.2805027],[112.090454,-7.2804131],[112.0908127,-7.2803287],[112.0909957,-7.2802524],[112.0911483,-7.2800702],[112.0911178,-7.2799663],[112.0909957,-7.2798452],[112.0907898,-7.2796249],[112.0907669,-7.2794689],[112.0907745,-7.2788805],[112.0907211,-7.2787298],[112.0905685,-7.2786139],[112.0904083,-7.2785791],[112.0902175,-7.2785186],[112.090126,-7.2784204],[112.0901031,-7.2782787],[112.0901565,-7.278149],[112.0902862,-7.2779011],[112.0904388,-7.2777394],[112.090805,-7.2775201],[112.09095,-7.2774786],[112.0910949,-7.2775268],[112.091362,-7.2776383],[112.0914077,-7.2776117],[112.091484,-7.2775697],[112.0916366,-7.2773871],[112.0916671,-7.2772483],[112.0917053,-7.2769231],[112.0917739,-7.2764505],[112.0917663,-7.2764177],[112.0916366,-7.2760915],[112.0914383,-7.2757243],[112.0913315,-7.2755193],[112.0913315,-7.2751793],[112.0913238,-7.2750148],[112.0913315,-7.2743429],[112.091423,-7.2742108],[112.0916366,-7.2740988],[112.0918197,-7.2740663],[112.0922317,-7.2739872],[112.0927582,-7.2737717],[112.0930175,-7.2734064],[112.0931777,-7.2730917],[112.0932159,-7.2728681],[112.0931396,-7.2727508],[112.0929947,-7.2726716],[112.092659,-7.2725791],[112.0922927,-7.2724561],[112.0920181,-7.2723102],[112.0919189,-7.2721729],[112.0919418,-7.2720784],[112.092041,-7.2719726],[112.0924224,-7.2716903],[112.0925827,-7.2715386],[112.0934295,-7.2705544],[112.0935745,-7.2703718],[112.0939712,-7.2698997],[112.0944183,-7.2693196],[112.0944214,-7.2693156],[112.0944061,-7.2691807],[112.0943069,-7.2690996],[112.0937729,-7.2687573],[112.0929412,-7.2679977],[112.0926361,-7.2677397],[112.0925827,-7.2675981],[112.0925064,-7.2672013],[112.0923233,-7.266828],[112.0921783,-7.2666926],[112.0920486,-7.266662],[112.0917358,-7.2667574],[112.0913238,-7.2668757],[112.0904922,-7.2670773],[112.0902481,-7.2671365],[112.0897903,-7.2672409],[112.0895996,-7.2672552],[112.0891647,-7.2672166],[112.0887832,-7.2671665],[112.0885162,-7.2671146],[112.0880355,-7.2670316],[112.0878677,-7.2670907],[112.0876922,-7.2671012],[112.0875702,-7.267034],[112.0874634,-7.2668938],[112.0874328,-7.266703],[112.0873337,-7.2663883],[112.0871811,-7.2661781],[112.0871505,-7.2661437],[112.0869064,-7.2658485],[112.0869293,-7.2657379],[112.0870132,-7.2656473],[112.0872497,-7.2655296],[112.0875015,-7.2654046],[112.0875778,-7.2653026],[112.0876083,-7.2651543],[112.0875473,-7.2650618],[112.0874099,-7.264984],[112.0871353,-7.2648276],[112.0868682,-7.2645234],[112.0868454,-7.2643837],[112.0868911,-7.2641625],[112.0870285,-7.2640084],[112.0874557,-7.263565],[112.087387,-7.2634276],[112.0870208,-7.2629828],[112.0869598,-7.2627405],[112.0869445,-7.2623843],[112.0869293,-7.2622546],[112.0869064,-7.2622418],[112.0866165,-7.2622565],[112.08609,-7.262351],[112.0857009,-7.262422],[112.0853042,-7.2624196],[112.0852279,-7.262341],[112.0852127,-7.2623028],[112.0851898,-7.2621893],[112.0850372,-7.261773],[112.0845871,-7.2607106],[112.0845413,-7.2605008],[112.0843429,-7.2595796],[112.0844039,-7.2594384],[112.0846023,-7.2592749],[112.0847244,-7.2591104],[112.0848007,-7.2588848],[112.0848922,-7.2587218],[112.0852127,-7.2583155],[112.0852661,-7.2580299],[112.0853347,-7.2576293],[112.0853271,-7.2574925],[112.0853271,-7.2574071],[112.0852966,-7.2571291],[112.0851593,-7.2569842],[112.0848999,-7.2568192],[112.0845642,-7.2566299],[112.0843124,-7.2563523],[112.0840683,-7.2558603],[112.0840149,-7.2556857],[112.0839386,-7.2553491],[112.0838241,-7.255134],[112.083847,-7.2549943],[112.0839309,-7.2549581],[112.0841217,-7.2549957],[112.0842971,-7.2551088],[112.0845565,-7.2552322],[112.0848083,-7.2552718],[112.085083,-7.2552199],[112.0851516,-7.2551297],[112.0853195,-7.2548293],[112.0854873,-7.2547511],[112.0857772,-7.2546882],[112.0861587,-7.2546019],[112.0865097,-7.2545194],[112.0866394,-7.2544316],[112.0866394,-7.2543525],[112.0865555,-7.2542242],[112.0863189,-7.2538981],[112.086296,-7.2536944],[112.0863494,-7.2535981],[112.0864791,-7.2535619],[112.0869293,-7.2535404],[112.0871811,-7.2536387],[112.0874023,-7.2538246],[112.0876312,-7.2539681],[112.0877304,-7.2539596],[112.0878372,-7.253868],[112.0878982,-7.2537126],[112.087944,-7.2535366],[112.0880279,-7.2533011],[112.088089,-7.2529759],[112.0880203,-7.2528318],[112.087593,-7.2521061],[112.0874862,-7.2518829],[112.0873184,-7.251727],[112.0869827,-7.2514881],[112.0867004,-7.2512597],[112.0866546,-7.251089],[112.0865249,-7.2507104],[112.0864181,-7.2506284],[112.0863113,-7.2506298],[112.0861587,-7.2507052],[112.086029,-7.2507476],[112.0856018,-7.2507919],[112.085411,-7.2509798],[112.0852508,-7.2510966],[112.085083,-7.2510389],[112.0847854,-7.2508382],[112.0844879,-7.2507438],[112.0842361,-7.2506046],[112.0840072,-7.2503528],[112.083847,-7.2499999],[112.0838546,-7.2499341],[112.0839691,-7.2497419],[112.0840072,-7.2496723],[112.084053,-7.2496027],[112.0841522,-7.2494592],[112.0842971,-7.2493905],[112.0846862,-7.2493176],[112.0852585,-7.2492923],[112.08535,-7.2491631],[112.085678,-7.2485017],[112.0857162,-7.2481002],[112.085678,-7.2478971],[112.0855789,-7.2477507],[112.0854034,-7.2476219],[112.08535,-7.2475332],[112.0853882,-7.2474403],[112.085495,-7.2473978],[112.0857162,-7.247414],[112.0858612,-7.247507],[112.0860519,-7.2476205],[112.0862045,-7.2475104],[112.0864029,-7.247414],[112.0865783,-7.2473702],[112.0868454,-7.2473053],[112.0869064,-7.2471489],[112.0868606,-7.246848],[112.0867614,-7.246612],[112.0866089,-7.2463421],[112.0864868,-7.2461094],[112.0865478,-7.2458381],[112.0866623,-7.2456535],[112.0868988,-7.245263],[112.0868606,-7.2451419],[112.0867309,-7.245027],[112.0864944,-7.2449187],[112.0860367,-7.2448301],[112.0857925,-7.2448129],[112.0857391,-7.2447719],[112.0856628,-7.2447104],[112.085617,-7.2445754],[112.0856399,-7.2444061],[112.0857315,-7.2442407],[112.0858535,-7.2441768],[112.0859832,-7.2440719],[112.0861511,-7.2439164],[112.0861892,-7.243916],[112.0863418,-7.2439569],[112.0864563,-7.2440318],[112.086502,-7.2440619],[112.0870056,-7.2443942],[112.0870895,-7.2443379],[112.0871276,-7.2440476],[112.0870361,-7.2435049],[112.0870208,-7.2433995],[112.0869217,-7.2432827],[112.0864257,-7.2431993],[112.0864181,-7.2430505],[112.0864944,-7.2428302],[112.0866165,-7.2427439],[112.086975,-7.2425069],[112.0870056,-7.2423963],[112.0869598,-7.2422861],[112.0868377,-7.242227],[112.086708,-7.2422308],[112.0864105,-7.2423538],[112.0860138,-7.2426156],[112.0858307,-7.2427363],[112.0856399,-7.2428626],[112.0855331,-7.2428426],[112.084999,-7.2425312],[112.0849762,-7.2423629],[112.0850448,-7.2422136],[112.085144,-7.2421636],[112.0853042,-7.2421507],[112.0856247,-7.2422361],[112.0857772,-7.2422241],[112.0859146,-7.2421664],[112.0864944,-7.2417683],[112.0866546,-7.2415108],[112.0867538,-7.2414712],[112.0868988,-7.2415332],[112.0872421,-7.2417802],[112.0873413,-7.2417053],[112.0875167,-7.2414054],[112.0875015,-7.24131],[112.0874099,-7.2412514],[112.0872192,-7.2412013],[112.08712,-7.2411155],[112.0870666,-7.2409071],[112.0871276,-7.240406],[112.0872039,-7.2402658],[112.0873108,-7.2401313],[112.087677,-7.2397312],[112.0877227,-7.239571],[112.087677,-7.239447],[112.0876464,-7.2392825],[112.0876388,-7.2389659],[112.0877151,-7.2389316],[112.0878372,-7.2389359],[112.0879974,-7.2390737],[112.0883178,-7.2393836],[112.088768,-7.2397117],[112.0889816,-7.239757],[112.0891571,-7.2397031],[112.0892181,-7.2395968],[112.0894699,-7.2388767],[112.0894089,-7.2384996],[112.0892715,-7.2383942],[112.0891265,-7.2383584],[112.0889358,-7.238397],[112.0886688,-7.2384309],[112.0885543,-7.2383603],[112.0884628,-7.2382158],[112.088356,-7.2379455],[112.0883331,-7.2376813],[112.0884094,-7.2374524],[112.0885086,-7.2371611],[112.0883102,-7.236237],[112.0883102,-7.2360968],[112.0883712,-7.2356709],[112.0884475,-7.2354702],[112.0886154,-7.2351827],[112.0886993,-7.2349271],[112.0886535,-7.2347979],[112.0885086,-7.2346257],[112.0883178,-7.2344321],[112.088211,-7.2341985],[112.0882339,-7.2340907],[112.0883255,-7.2339753],[112.0883484,-7.2339491],[112.0888672,-7.2337503],[112.0891037,-7.2335867],[112.089096,-7.2335323],[112.0889282,-7.2332405],[112.0888061,-7.233067],[112.0887375,-7.2328319],[112.0887451,-7.2325849],[112.0888137,-7.2323531],[112.0890121,-7.2319712],[112.0890426,-7.2318172],[112.0891037,-7.2313427],[112.0891876,-7.2310237],[112.0891265,-7.2306523],[112.088974,-7.23039],[112.0887298,-7.2300953],[112.0886001,-7.2300419],[112.0883865,-7.2300224],[112.0881195,-7.2300638],[112.0877151,-7.2301787],[112.0874481,-7.2301792],[112.0873642,-7.2301535],[112.0871505,-7.2300867],[112.0870437,-7.2299518],[112.0870738,-7.2297316],[112.0870742,-7.2297286],[112.0870819,-7.2296623],[112.0871734,-7.2295736],[112.0876617,-7.2292694],[112.0880813,-7.2291135],[112.0884246,-7.2291073],[112.0887832,-7.2292256],[112.0893936,-7.2294239],[112.0894775,-7.2293944],[112.0895385,-7.2292861],[112.0895004,-7.2291736],[112.0893936,-7.2287511],[112.0894317,-7.2285708],[112.0895004,-7.2283639],[112.0895462,-7.2281122],[112.0895843,-7.2279228],[112.0897522,-7.2277006],[112.0900192,-7.2273316],[112.0900497,-7.2271403],[112.0902862,-7.2270159],[112.0904998,-7.2270779],[112.0907974,-7.2271985],[112.09095,-7.2271766],[112.0915069,-7.2269124],[112.091629,-7.2267674],[112.0919036,-7.2262725],[112.0918045,-7.2261008],[112.091629,-7.2260627],[112.0913162,-7.2259993],[112.0912475,-7.2259268],[112.0912475,-7.2258033],[112.0913391,-7.225594],[112.0914306,-7.2255429],[112.0915985,-7.2255182],[112.0919494,-7.2254881],[112.0921707,-7.2254213],[112.0927429,-7.2251262],[112.093338,-7.2248182],[112.0933151,-7.2246489],[112.0932235,-7.2245773],[112.0929794,-7.224481],[112.092781,-7.224389],[112.0926666,-7.2242507],[112.0925521,-7.2240223],[112.0924377,-7.2237987],[112.0923767,-7.2236151],[112.092369,-7.2234468],[112.0923995,-7.2232327],[112.0924453,-7.2231692],[112.092575,-7.2230691],[112.0925791,-7.2230709],[112.0928344,-7.2231873],[112.0930557,-7.223369],[112.0933685,-7.2237877],[112.09375,-7.2242913],[112.0938415,-7.2244495],[112.0938644,-7.2246637],[112.0938873,-7.2248263],[112.0939102,-7.2252116],[112.0939254,-7.225295],[112.0942535,-7.22548],[112.0944747,-7.2257656],[112.0945282,-7.2259292],[112.0945205,-7.2261862],[112.0944061,-7.2263412],[112.094345,-7.2264565],[112.0943527,-7.2267298],[112.0943527,-7.2267965],[112.0944671,-7.2270021],[112.0948867,-7.2271299],[112.0952224,-7.2277574],[112.0956192,-7.2281631],[112.0960083,-7.2282995],[112.0961532,-7.2283558],[112.0965805,-7.228393],[112.0968551,-7.2283773],[112.0971908,-7.2282752],[112.0976104,-7.2281622],[112.0979537,-7.2280277],[112.0983276,-7.2278227],[112.0987625,-7.2274832],[112.0993347,-7.2270588],[112.0998992,-7.2265863],[112.1006164,-7.2260265],[112.1011047,-7.2256445],[112.1024703,-7.2254108],[112.1024704,-7.2254108],[112.1033706,-7.2250022],[112.1065216,-7.2237829],[112.1066742,-7.2237148],[112.106948,-7.2236353],[112.1069488,-7.2236351],[112.1072769,-7.2235412],[112.107605,-7.2234444],[112.108406,-7.2229694],[112.1087722,-7.2227835],[112.108963,-7.2226872],[112.1093444,-7.2225031],[112.1095275,-7.2223619],[112.1096573,-7.2221736],[112.1097183,-7.2218851],[112.109703,-7.2215904],[112.109703,-7.2213334],[112.1096038,-7.2210507],[112.1094589,-7.2209696],[112.1093597,-7.2208485],[112.1093139,-7.2207073],[112.1091308,-7.2205967],[112.1092834,-7.2205099],[112.1091995,-7.2203688],[112.1093521,-7.2202744],[112.1094894,-7.2201971],[112.1096191,-7.2200035],[112.1096573,-7.2197842],[112.1096038,-7.2192987],[112.109581,-7.2191218],[112.1096115,-7.2189283],[112.1097488,-7.2186751],[112.1098709,-7.2185315],[112.1100845,-7.2184066],[112.1103592,-7.2183575],[112.1106033,-7.218316],[112.1108398,-7.218284],[112.1111297,-7.2176584],[112.1111908,-7.2175082],[112.1113433,-7.2173194],[112.1120681,-7.2172012],[112.1128616,-7.217163],[112.1129531,-7.2171568],[112.1130218,-7.2170724],[112.11306,-7.2168206],[112.1130905,-7.2163719],[112.1132049,-7.2159375],[112.1133117,-7.2156505],[112.1134567,-7.2155642],[112.1136169,-7.214939],[112.1136322,-7.2149104],[112.1140136,-7.2141031],[112.1140594,-7.214002],[112.1138229,-7.2137712],[112.1136703,-7.213623],[112.1136016,-7.2134551],[112.1136856,-7.213221],[112.1137619,-7.213107],[112.1139602,-7.2129845],[112.1139831,-7.2129697],[112.114418,-7.2128362],[112.1148605,-7.2127632],[112.1154022,-7.2127904],[112.1156921,-7.2128486],[112.1159439,-7.2128958],[112.116806,-7.2126531],[112.1171341,-7.2125935],[112.1175689,-7.2125782],[112.1177215,-7.2125601],[112.1180572,-7.2124232],[112.1182937,-7.2122802],[112.1184463,-7.2121266],[112.118576,-7.2119192],[112.1186447,-7.2116994],[112.1186828,-7.2113871],[112.1186523,-7.2112316],[112.1182708,-7.2109422],[112.118164,-7.2108206],[112.1180877,-7.2107043],[112.1174087,-7.2104954],[112.1171188,-7.210379],[112.1169815,-7.2102641],[112.1168899,-7.210091],[112.1168746,-7.2100586],[112.1168746,-7.2099141],[112.1170196,-7.2097429],[112.1172867,-7.209577],[112.1175537,-7.2094421],[112.1176223,-7.2093724],[112.1176147,-7.209217],[112.1173935,-7.208754],[112.1172638,-7.2080945],[112.117073,-7.2070712],[112.1170806,-7.206932],[112.1171722,-7.2068161],[112.1172027,-7.2067932],[112.117279,-7.2067431],[112.1173553,-7.206757],[112.1181869,-7.2068981],[112.1185989,-7.2069363],[112.1187362,-7.2069019],[112.1194915,-7.2066092],[112.119667,-7.2065391],[112.1197128,-7.2065181],[112.1204452,-7.2061571],[112.1208648,-7.2059073],[112.1210785,-7.2057165],[112.1211242,-7.2056293],[112.1210861,-7.2054958],[112.1208801,-7.2053584],[112.1203384,-7.2052082],[112.1197967,-7.2050914],[112.1194381,-7.2049636],[112.1192855,-7.2048639],[112.1192093,-7.2047562],[112.1191711,-7.2044791],[112.1191864,-7.2043122],[112.1192322,-7.2042245],[112.1192398,-7.2041983],[112.1194229,-7.2041177],[112.1196899,-7.2040953],[112.1201324,-7.2040056],[112.1202392,-7.2040242],[112.1203537,-7.2042603],[112.1204071,-7.2043447],[112.1205063,-7.2043442],[112.1206512,-7.2042579],[112.1207428,-7.2041525],[112.1207885,-7.2039775],[112.1207885,-7.2038306],[112.1206741,-7.2035746],[112.1204681,-7.203401],[112.120285,-7.2032637],[112.1202468,-7.2029351],[112.120285,-7.2025179],[112.1203918,-7.2024521],[112.1205825,-7.2024106],[112.1207428,-7.2024459],[112.1207961,-7.2025203],[112.120964,-7.2028503],[112.1210479,-7.2028679],[112.1211853,-7.2028202],[112.121231,-7.2027339],[112.1212416,-7.2027114],[112.1212463,-7.2027015],[112.1212616,-7.2025489],[112.1212387,-7.2023787],[112.1211319,-7.2022762],[112.1208419,-7.2020201],[112.1207597,-7.20183],[112.120758,-7.201826],[112.1204834,-7.2013392],[112.1201476,-7.2009534],[112.1201705,-7.2008299],[112.1202621,-7.2007393],[112.1203689,-7.2007131],[112.1205749,-7.2007493],[112.1207961,-7.2007517],[112.1209258,-7.2007198],[112.120964,-7.2006292],[112.1209793,-7.2003774],[112.1209106,-7.2000336],[112.1208114,-7.1998056],[112.1207046,-7.1997146],[112.1205063,-7.1996659],[112.1203613,-7.1995968],[112.1203079,-7.1994867],[112.1202545,-7.199263],[112.1202316,-7.1988434],[112.1202316,-7.1987294],[112.1203231,-7.1986116],[112.1204528,-7.1984176],[112.1205444,-7.1982755],[112.1206741,-7.1982387],[112.1211319,-7.1981019],[112.1213073,-7.1979503],[112.1213302,-7.1978416],[112.1213679,-7.1975688],[112.1213684,-7.1975655],[112.1215667,-7.1974267],[112.1216583,-7.1974281],[112.1219024,-7.1974448],[112.1219101,-7.1973309],[112.1218338,-7.1968073],[112.1217117,-7.196546],[112.1216506,-7.1962666],[112.1216888,-7.1960048],[112.1217651,-7.195887],[112.1219558,-7.1956977],[112.122528,-7.1953796],[112.1226425,-7.1952676],[112.1226654,-7.1951489],[112.1226577,-7.1945662],[112.1226043,-7.1945104],[112.1223297,-7.1942777],[112.1223144,-7.1941322],[112.1223754,-7.1938552],[112.1224289,-7.1936068],[112.1225128,-7.1934714],[112.1227111,-7.1933164],[112.1228637,-7.1932444],[112.1232833,-7.1930989],[112.1233673,-7.1929568],[112.1233596,-7.1927713],[112.123291,-7.1924976],[112.1231765,-7.1922702],[112.1230239,-7.1916784],[112.12294,-7.1916865],[112.1227951,-7.1917667],[112.1226348,-7.1919416],[112.1224823,-7.1920399],[112.1223678,-7.1920346],[112.1223068,-7.1919955],[112.1222457,-7.1919598],[112.1221923,-7.1918468],[112.1221847,-7.1916732],[112.1222381,-7.1914071],[112.1224212,-7.1909865],[112.122612,-7.1906632],[112.1228713,-7.1903533],[112.1230239,-7.1903466],[112.1231842,-7.1903914],[112.1235733,-7.1906141],[112.1239242,-7.1906528],[112.1241989,-7.1906847],[112.1244277,-7.1906213],[112.1245575,-7.1905288],[112.1246414,-7.1903686],[112.1246414,-7.1902212],[112.1245803,-7.1900667],[112.124443,-7.1899194],[112.1241989,-7.1896733],[112.1241531,-7.1895031],[112.124115,-7.1890515],[112.124115,-7.1889295],[112.124176,-7.1887154],[112.1241836,-7.188651],[112.1242141,-7.188558],[112.1243209,-7.1882452],[112.1244812,-7.1879343],[112.1245498,-7.1875605],[112.1245117,-7.1875185],[112.1243972,-7.1874136],[112.1241455,-7.187343],[112.1238403,-7.1872606],[112.1238098,-7.1871299],[112.1238861,-7.186892],[112.1240005,-7.1868195],[112.124115,-7.1865953],[112.1242141,-7.1863536],[112.1241607,-7.1859955],[112.1241683,-7.1857909],[112.1242904,-7.185657],[112.124649,-7.1854939],[112.1249982,-7.185436],[112.125,-7.1854357],[112.1251678,-7.1853084],[112.1254196,-7.1848382],[112.125679,-7.1844563],[112.1258316,-7.1842245],[112.1260605,-7.1840343],[112.1261291,-7.1838855],[112.1262588,-7.183443],[112.1263732,-7.183381],[112.1265487,-7.1833781],[112.1267318,-7.1834253],[112.1268691,-7.1835441],[112.1269683,-7.1837076],[112.1272201,-7.1841496],[112.1274185,-7.1842646],[112.1276092,-7.1842841],[112.127861,-7.1842484],[112.128006,-7.1841592],[112.1284255,-7.1837877],[112.1285858,-7.1837906],[112.1287231,-7.1838759],[112.1288986,-7.1841187],[112.129013,-7.1842002],[112.1291885,-7.1842241],[112.1295928,-7.1841821],[112.1296997,-7.1840672],[112.1299743,-7.1836762],[112.1301193,-7.1834072],[112.1302261,-7.1830086],[112.1303253,-7.1826176],[112.1305236,-7.1823544],[112.1305262,-7.1823504],[112.1306381,-7.1821794],[112.1308059,-7.1811112],[112.1307678,-7.18087],[112.1308288,-7.1807493],[112.1310195,-7.180602],[112.1311645,-7.1803254],[112.1311874,-7.1801719],[112.131195,-7.1801232],[112.131279,-7.1791767],[112.1314544,-7.1791033],[112.1316909,-7.1789674],[112.131813,-7.1787948],[112.131874,-7.1785754],[112.1319885,-7.178204],[112.1320877,-7.1780962],[112.1321639,-7.1780075],[112.1325302,-7.1775855],[112.1325225,-7.1774038],[112.1324996,-7.1770443],[112.1325008,-7.1770402],[112.1325378,-7.1769122],[112.1325683,-7.1767821],[112.132698,-7.1763715],[112.1327896,-7.1757783],[112.1329574,-7.1753363],[112.1330566,-7.1752938],[112.1331939,-7.1753167],[112.133377,-7.1754531],[112.133522,-7.1756381],[112.1337432,-7.1759028],[112.1339035,-7.1759228],[112.133995,-7.175856],[112.1340637,-7.1757006],[112.1341247,-7.175363],[112.1341629,-7.1743631],[112.1341476,-7.1741008],[112.1342239,-7.1738624],[112.1344528,-7.1732129],[112.1347191,-7.17201],[112.1347198,-7.172007],[112.1347503,-7.171862],[112.1347961,-7.1711248],[112.1349182,-7.1708769],[112.1351928,-7.1705006],[112.1351931,-7.1705003],[112.1355056,-7.1701745],[112.1355819,-7.1699623],[112.1355667,-7.1697778],[112.135437,-7.1693849],[112.1354141,-7.1691951],[112.1354675,-7.1690477],[112.1356582,-7.168868],[112.1359252,-7.1687263],[112.1360855,-7.1685838],[112.1361693,-7.1684198],[112.1361694,-7.1684197],[112.1362457,-7.168075],[112.1362228,-7.1678032],[112.1361313,-7.1676139],[112.1359405,-7.1671995],[112.1359481,-7.1669869],[112.1360397,-7.1666612],[112.1361923,-7.1663498],[112.1363143,-7.1660475],[112.1366348,-7.1648573],[112.1367645,-7.1647114],[112.13694,-7.1646465],[112.1374588,-7.164544],[112.1376419,-7.164463],[112.1376953,-7.1643499],[112.1376953,-7.1641058],[112.1377334,-7.1637439],[112.1378097,-7.1635856],[112.1379013,-7.1635432],[112.1380691,-7.1635627],[112.1383209,-7.1635965],[112.1384582,-7.163464],[112.1386871,-7.1632399],[112.1390304,-7.163164],[112.1396408,-7.1629729],[112.1399307,-7.1628284],[112.1399688,-7.1627487],[112.1399002,-7.1626467],[112.1397705,-7.1625737],[112.1393508,-7.1624464],[112.1388168,-7.1622495],[112.138504,-7.1620559],[112.1384964,-7.1619963],[112.1386032,-7.1618733],[112.138771,-7.161641],[112.1388015,-7.161468],[112.1388548,-7.1609406],[112.138855,-7.1609386],[112.1389465,-7.1606726],[112.1390838,-7.1604957],[112.1393203,-7.1603197],[112.1394882,-7.1602811],[112.1396103,-7.1602372],[112.1396026,-7.1601323],[112.1395111,-7.1598867],[112.1394577,-7.1597943],[112.139328,-7.1595554],[112.1392135,-7.1592816],[112.139244,-7.1590971],[112.1392974,-7.158925],[112.1394348,-7.1584867],[112.1395187,-7.1582002],[112.1396103,-7.1579947],[112.1397476,-7.157853],[112.1399841,-7.1577324],[112.1401291,-7.157627],[112.1402206,-7.1574511],[112.1406021,-7.1573881],[112.1413345,-7.1573519],[112.1419754,-7.1573671],[112.1428375,-7.1574511],[112.1439437,-7.1576375],[112.1447677,-7.1578244],[112.1447691,-7.1578248],[112.1453781,-7.1579861],[112.1461258,-7.1581759],[112.1467361,-7.1583003],[112.1473999,-7.158419],[112.1474001,-7.1584191],[112.1480636,-7.1585287],[112.148941,-7.1586126],[112.1497421,-7.1586622],[112.1503753,-7.1586346],[112.1509323,-7.1584186],[112.1513214,-7.1581601],[112.1514663,-7.1579122],[112.1514816,-7.1576151],[112.1516189,-7.157236],[112.1517563,-7.156927],[112.151802,-7.1565227],[112.1517639,-7.1562938],[112.1516113,-7.1560525],[112.1515426,-7.1558961],[112.1515274,-7.1557459],[112.151596,-7.1556329],[112.1517715,-7.15561],[112.1520004,-7.1556176],[112.1522293,-7.1555523],[112.1523361,-7.1554679],[112.1523666,-7.155353],[112.1520538,-7.1552447],[112.1519012,-7.1551847],[112.1517944,-7.1549396],[112.1517334,-7.1547789],[112.151596,-7.1546678],[112.1513671,-7.154591],[112.1510238,-7.1544937],[112.1509018,-7.1544269],[112.1508483,-7.154129],[112.1508636,-7.1539191],[112.1509018,-7.1538257],[112.1510162,-7.1537923],[112.1511154,-7.1537932],[112.151184,-7.1536745],[112.1512298,-7.1534718],[112.151535,-7.1531171],[112.1516266,-7.1529931],[112.1516037,-7.152841],[112.1514511,-7.1526689],[112.1513595,-7.1525649],[112.1517028,-7.1513051],[112.1517868,-7.1511196],[112.1518325,-7.1510004],[112.1516494,-7.1505326],[112.1516189,-7.1500544],[112.1516723,-7.1495842],[112.1517028,-7.1494679],[112.1518478,-7.1494307],[112.1520309,-7.1494421],[112.1522216,-7.149393],[112.1523285,-7.1491331],[112.1523866,-7.148936],[112.1523895,-7.1489262],[112.152359,-7.1488003],[112.1523971,-7.1485809],[112.152565,-7.1481432],[112.1526947,-7.1480931],[112.1534271,-7.1479482],[112.1538009,-7.1477946],[112.1538009,-7.147653],[112.1537857,-7.1475081],[112.1536941,-7.1473741],[112.1541595,-7.1465987],[112.1543655,-7.1461376],[112.1545562,-7.1457991],[112.1547317,-7.1456069],[112.1554489,-7.1454987],[112.1557617,-7.1455235],[112.15596,-7.1455564],[112.1562881,-7.1452021],[112.1564407,-7.1450547],[112.1565933,-7.1446551],[112.1569137,-7.1437649],[112.1570205,-7.1434616],[112.1571197,-7.1432013],[112.1572418,-7.143002],[112.1573715,-7.1425981],[112.1575698,-7.1420712],[112.1580963,-7.1420707],[112.1586456,-7.142013],[112.1591568,-7.142012],[112.1597366,-7.1419453],[112.1600723,-7.1417021],[112.1601409,-7.1412939],[112.1602096,-7.1404733],[112.1602096,-7.1400432],[112.1601181,-7.1395086],[112.1603088,-7.1389965],[112.1605682,-7.138605],[112.1608429,-7.1381849],[112.1610565,-7.1375636],[112.1611938,-7.1370277],[112.161293,-7.1364798],[112.1614456,-7.1358012],[112.1615066,-7.1351928],[112.1615371,-7.1348685],[112.1615982,-7.1343159],[112.161585,-7.1341368],[112.1616187,-7.1340454],[112.1616701,-7.1339064],[112.161727,-7.1336478],[112.161863,-7.1334429],[112.1620634,-7.1331049],[112.1622174,-7.1329071],[112.1623499,-7.132695],[112.1624285,-7.1325405],[112.1625854,-7.1320591],[112.1625653,-7.1318536],[112.1625633,-7.131833],[112.1625306,-7.1315277],[112.162535,-7.1314779],[112.1623974,-7.1314695],[112.1622595,-7.1313598],[112.1622136,-7.1313192],[112.1622137,-7.1313192],[112.1622534,-7.1310616],[112.1623048,-7.1307422],[112.1623078,-7.1306226],[112.1623112,-7.1304892],[112.1623355,-7.1304103],[112.1622732,-7.1304036],[112.1623233,-7.1300745],[112.1623892,-7.1300833],[112.162404,-7.1300055],[112.1624065,-7.1299754],[112.1624127,-7.1299008],[112.1624259,-7.1298307],[112.1624689,-7.1296015],[112.1624806,-7.1294968],[112.1624803,-7.1294035],[112.1624742,-7.1293664],[112.1624313,-7.1292617],[112.1624075,-7.1292141],[112.1623457,-7.1291094],[112.1622843,-7.1289834],[112.1623271,-7.1287478],[112.1623843,-7.1285693],[112.1625199,-7.128448],[112.1625588,-7.1284268],[112.1625984,-7.1284051],[112.1626008,-7.1283993],[112.1626341,-7.1283195],[112.1626341,-7.1282552],[112.1626341,-7.1281767],[112.1626127,-7.1281482],[112.162577,-7.1280411],[112.162577,-7.1279554],[112.1625841,-7.1278555],[112.1625627,-7.1277627],[112.1625376,-7.127725],[112.1625342,-7.1277199],[112.1624699,-7.1276413],[112.1624699,-7.1275303],[112.1624699,-7.1274108],[112.1624699,-7.1272059],[112.1624699,-7.1270917],[112.1624913,-7.127006],[112.1625056,-7.1268918],[112.1625199,-7.126749],[112.1625199,-7.1267427],[112.1625199,-7.1266277],[112.1624985,-7.1265777],[112.1624628,-7.1265135],[112.1624128,-7.1264207],[112.1623486,-7.1263493],[112.1622915,-7.1262137],[112.1622915,-7.1261494],[112.1622201,-7.1260709],[112.1621507,-7.1260189],[112.1621344,-7.1260067],[112.162063,-7.1258567],[112.1619988,-7.1257497],[112.1619488,-7.1255926],[112.1620131,-7.1255998],[112.1620773,-7.1255998],[112.1621558,-7.1255926],[112.1621701,-7.1255355],[112.1621642,-7.1254709],[112.162163,-7.125457],[112.1620987,-7.1253785],[112.162063,-7.1253571],[112.1620131,-7.1252571],[112.1620202,-7.1251572],[112.1620059,-7.1250287],[112.1619663,-7.124999],[112.1618541,-7.1249967],[112.1618553,-7.1249831],[112.1617561,-7.1249644],[112.1617132,-7.1248931],[112.1617632,-7.1248288],[112.1618203,-7.1247146],[112.161806,-7.1246004],[112.1617775,-7.1245219],[112.1617418,-7.1243862],[112.1617127,-7.1242759],[112.1617061,-7.1242506],[112.1616419,-7.1241078],[112.1615776,-7.1240721],[112.1615646,-7.1241007],[112.1615419,-7.1241507],[112.1615299,-7.1241867],[112.1615134,-7.1242363],[112.1614705,-7.1242506],[112.161392,-7.1242149],[112.1613135,-7.1241293],[112.1612849,-7.1240721],[112.1612492,-7.1239437],[112.1612707,-7.1238509],[112.1613635,-7.1238009],[112.1613635,-7.1237152],[112.1613635,-7.1236296],[112.1613206,-7.1234797],[112.1613278,-7.1233583],[112.1613706,-7.1233012],[112.1613777,-7.1232298],[112.1613777,-7.1231656],[112.1613849,-7.1230514],[112.1614206,-7.1229443],[112.1614563,-7.1228372],[112.1614563,-7.1226802],[112.1614572,-7.1226781],[112.161495,-7.1225986],[112.1615218,-7.1225718],[112.1615373,-7.1225656],[112.1615961,-7.1225421],[112.1616394,-7.1225288],[112.1617058,-7.1225046],[112.1617092,-7.1225034],[112.1617162,-7.1224179],[112.1618275,-7.1223589],[112.1618846,-7.122209],[112.1619203,-7.1221376],[112.1619417,-7.1219877],[112.1620059,-7.1218236],[112.1620223,-7.121772],[112.1620559,-7.1216665],[112.1621487,-7.1215309],[112.1623063,-7.1211369],[112.1624693,-7.1211791],[112.1628358,-7.1212738],[112.1628988,-7.1211526],[112.1629767,-7.1210026],[112.1630321,-7.1207706],[112.1631838,-7.1207814],[112.1632765,-7.1207599],[112.1633723,-7.1206607],[112.1633986,-7.1206334],[112.1635162,-7.1205437],[112.1635902,-7.1204873],[112.163592,-7.120472],[112.163632,-7.120166],[112.1637178,-7.1196592],[112.1641029,-7.1197141],[112.1641263,-7.1195719],[112.1642261,-7.1189649],[112.1642315,-7.1189318],[112.1642484,-7.118829],[112.1642831,-7.1186184],[112.164674,-7.1186897],[112.1655948,-7.118497],[112.1655953,-7.1184934],[112.1656822,-7.1178403],[112.1655965,-7.1178118],[112.1655572,-7.1177975],[112.1655622,-7.1177455],[112.1655627,-7.1177403],[112.1655627,-7.1176796],[112.165566,-7.1176432],[112.1655663,-7.1176404],[112.1655698,-7.1175726],[112.1655877,-7.1175083],[112.1655984,-7.1174334],[112.1656091,-7.1173334],[112.1656127,-7.1172549],[112.1656127,-7.117163],[112.1656127,-7.1170872],[112.1656055,-7.1170265],[112.1655752,-7.116982],[112.165552,-7.116948],[112.1655377,-7.1169337],[112.1655377,-7.1168623],[112.1655366,-7.1168036],[112.1655413,-7.1166838],[112.1655341,-7.1165839],[112.1655377,-7.1164768],[112.1655341,-7.1164233],[112.1655341,-7.1163805],[112.1655306,-7.116359],[112.1655306,-7.1163198],[112.165503,-7.1162457],[112.165507,-7.1161961],[112.1655106,-7.1161697],[112.1655251,-7.1160629],[112.1655663,-7.1159522],[112.1655805,-7.1158558],[112.1656341,-7.1156809],[112.1656448,-7.1156309],[112.1656591,-7.1155881],[112.1656733,-7.1155488],[112.1656841,-7.1154953],[112.1656869,-7.1154581],[112.1656876,-7.1154489],[112.1656876,-7.1153989],[112.1656876,-7.115349],[112.1656841,-7.1152919],[112.1656769,-7.1152562],[112.1656626,-7.1152133],[112.1656448,-7.1151812],[112.1656103,-7.1151431],[112.1656081,-7.1146688],[112.1656079,-7.1146316],[112.1656222,-7.1143889],[112.1656436,-7.1142675],[112.1656626,-7.114001],[112.1656554,-7.1139223],[112.1656667,-7.1138244],[112.1656505,-7.1138171],[112.165665,-7.1136155],[112.1656269,-7.1134966],[112.1655484,-7.1131967],[112.1654437,-7.112916],[112.1654073,-7.1129133],[112.1652795,-7.1129041],[112.1651194,-7.1128925],[112.165082,-7.1128898],[112.1650626,-7.1130868],[112.1650487,-7.1132277],[112.1643598,-7.1131487],[112.1643766,-7.1130382],[112.1643968,-7.1129064],[112.1643226,-7.1128975],[112.1640827,-7.1128684],[112.1640636,-7.1130801],[112.1639354,-7.1138335],[112.1639404,-7.1139216],[112.1639415,-7.113963],[112.1641268,-7.1139793],[112.1641303,-7.1139796],[112.1639679,-7.1146688],[112.1639614,-7.1146962],[112.163809,-7.115343],[112.162122,-7.1151765],[112.1620998,-7.1151366],[112.1620588,-7.1151314],[112.1616957,-7.1150751],[112.1615819,-7.1155358],[112.1614471,-7.1155378],[112.1614021,-7.1157634],[112.1613891,-7.1158284],[112.1611723,-7.1157801],[112.1610971,-7.1157634],[112.1610637,-7.1157559],[112.1607023,-7.115697],[112.1604069,-7.1156489],[112.1603776,-7.1156614],[112.160357,-7.1156703],[112.1602998,-7.115706],[112.1602713,-7.1157631],[112.1601714,-7.1157702],[112.1601302,-7.1157726],[112.16005,-7.1157773],[112.1599453,-7.1157773],[112.1599437,-7.1157909],[112.1599082,-7.1157861],[112.1598644,-7.1158487],[112.1598573,-7.1159344],[112.1598282,-7.1160069],[112.1596307,-7.1160021],[112.1593071,-7.1159736],[112.1592738,-7.1162091],[112.159072,-7.1161842],[112.1587677,-7.1161462],[112.1587572,-7.1161746],[112.1587694,-7.1162775],[112.1587545,-7.1163417],[112.1587527,-7.116459],[112.1587504,-7.1167952],[112.1589494,-7.1168018],[112.1590618,-7.1168056],[112.1590501,-7.1169061],[112.1590499,-7.1169131],[112.1590457,-7.1170665],[112.1589908,-7.1170627],[112.15899,-7.1170686],[112.1587598,-7.1170538],[112.1586551,-7.1177201],[112.1586085,-7.1180612],[112.158579,-7.1182769],[112.1585599,-7.1183151],[112.1585438,-7.1183472],[112.1583582,-7.1183186],[112.1579013,-7.1182901],[112.1575305,-7.1182901],[112.1575299,-7.1182902],[112.1573797,-7.118353],[112.1572921,-7.118327],[112.1572498,-7.1183144],[112.1572161,-7.1183043],[112.1571231,-7.1182462],[112.1569268,-7.1182606],[112.1566135,-7.1183102],[112.1566231,-7.1186148],[112.1554285,-7.1191796],[112.1542872,-7.1197192],[112.1541018,-7.1198069],[112.1541042,-7.1197205],[112.1540664,-7.1196869],[112.1541037,-7.1194772],[112.1540774,-7.1192126],[112.154128,-7.1190484],[112.1541366,-7.1187574],[112.1541315,-7.1183052],[112.1541854,-7.1181042],[112.1542047,-7.1180002],[112.1542047,-7.1180001],[112.1542001,-7.1179222],[112.1542079,-7.1177566],[112.1541983,-7.1176645],[112.1541969,-7.1175941],[112.1541886,-7.1171838],[112.1541972,-7.1168928],[112.1542016,-7.1167444],[112.1540209,-7.1167279],[112.1540256,-7.1164994],[112.1542006,-7.1164978],[112.1542151,-7.1163061],[112.1543145,-7.1158483],[112.1542778,-7.115746],[112.1541221,-7.1153278],[112.1537198,-7.115448],[112.1535761,-7.1155396],[112.1534871,-7.1154392],[112.1534318,-7.1153737],[112.1531775,-7.1156594],[112.1531305,-7.1157122],[112.1531019,-7.1156876],[112.1525075,-7.115995],[112.1525019,-7.1151714],[112.1525022,-7.1147748],[112.1524788,-7.1146208],[112.1524615,-7.1142097],[112.1524526,-7.1141563],[112.1524222,-7.1140675],[112.152387,-7.1140004],[112.1525123,-7.1135275],[112.1525306,-7.112995],[112.1525358,-7.1128422],[112.1525483,-7.1124793],[112.1526053,-7.1122436],[112.1526333,-7.1121527],[112.152857,-7.1115682],[112.1529051,-7.1113744],[112.1529819,-7.1112132],[112.1529779,-7.1111196],[112.1530207,-7.1109471],[112.1528517,-7.1107547],[112.1526506,-7.1104691],[112.1524434,-7.110175],[112.1522125,-7.109457],[112.1522003,-7.1094194],[112.1545409,-7.1101185],[112.1545436,-7.1101185],[112.156418,-7.110484],[112.157936,-7.110536],[112.159256,-7.110392],[112.160973,-7.109376],[112.162376,-7.107828],[112.163078,-7.106786],[112.163666,-7.105014],[112.163856,-7.102681],[112.1639088,-7.1019812],[112.164047,-7.100151],[112.164299,-7.099476],[112.164329,-7.099437],[112.164329,-7.099436],[112.164921,-7.098681],[112.164925,-7.098676],[112.165001,-7.098575],[112.166183,-7.097813],[112.167252,-7.097445],[112.168655,-7.097413],[112.170349,-7.09755],[112.171867,-7.097996],[112.172943,-7.098836],[112.174492,-7.099394],[112.17525,-7.09947],[112.175255,-7.099471],[112.176041,-7.099334],[112.176521,-7.099102],[112.177505,-7.098628],[112.178345,-7.097754],[112.1790588,-7.0966033],[112.1793191,-7.0961837],[112.179497,-7.095897],[112.1805135,-7.0937738],[112.1805343,-7.0937304],[112.1807257,-7.0934338],[112.1807981,-7.0932652],[112.1811459,-7.0927667],[112.1812829,-7.0925704],[112.1814446,-7.0923197],[112.1816787,-7.091957],[112.1822129,-7.091183],[112.1825882,-7.0906391],[112.1826818,-7.0905034],[112.1833744,-7.0894997],[112.1835632,-7.0892262],[112.1838661,-7.088721],[112.1838344,-7.0886825],[112.1835627,-7.0883521],[112.1835294,-7.0883165],[112.1833128,-7.0880844],[112.1830927,-7.0879595],[112.1827239,-7.0878584],[112.1821767,-7.0877751],[112.1816175,-7.0877513],[112.1811023,-7.0877585],[112.1807062,-7.0877727],[112.1803385,-7.087812],[112.1799816,-7.0878584],[112.1796283,-7.0879155],[112.1793035,-7.0879905],[112.1792512,-7.0880055],[112.1789572,-7.0880904],[112.178636,-7.0881832],[112.1781685,-7.0883081],[112.1777794,-7.088433],[112.177476,-7.0884866],[112.1772293,-7.0884729],[112.1772193,-7.0884723],[112.1769885,-7.0884247],[112.1767554,-7.0883462],[112.176477,-7.0882534],[112.1762271,-7.088182],[112.1759582,-7.0880821],[112.1757322,-7.0879631],[112.175587,-7.0878763],[112.1753986,-7.0877583],[112.1752349,-7.087625],[112.1750674,-7.0874766],[112.1748713,-7.0873148],[112.1747495,-7.0871511],[112.1746886,-7.0870578],[112.1746219,-7.0869074],[112.1745553,-7.0866961],[112.1745134,-7.0865591],[112.1744811,-7.0864182],[112.174462,-7.0863078],[112.1744601,-7.0861879],[112.1744677,-7.0860451],[112.1744713,-7.086012],[112.1744849,-7.0858852],[112.174502,-7.0857424],[112.1745153,-7.0856396],[112.1745363,-7.0855178],[112.17458,-7.085316],[112.1746372,-7.0850362],[112.1747057,-7.0847602],[112.1747775,-7.0844786],[112.1748297,-7.0842294],[112.1748981,-7.0839469],[112.1749963,-7.0836822],[112.1750821,-7.0834509],[112.1752605,-7.0830077],[112.1753884,-7.0826806],[112.1754522,-7.0825228],[112.1755461,-7.0822909],[112.1757215,-7.0818788],[112.1757424,-7.0818299],[112.1758494,-7.0815563],[112.1759863,-7.0811726],[112.1760165,-7.0809988],[112.1760846,-7.0806347],[112.1760845,-7.0806299],[112.1760844,-7.0806272],[112.1760993,-7.0805963],[112.1763149,-7.080247],[112.1764979,-7.07994],[112.1765024,-7.0799278],[112.1766157,-7.0796211],[112.1768128,-7.0790992],[112.1768641,-7.0789634],[112.1771126,-7.0783905],[112.1775753,-7.077324],[112.1779822,-7.0766388],[112.1780433,-7.0765497],[112.1783367,-7.0761219],[112.1786089,-7.0757249],[112.1788653,-7.0754619],[112.1789478,-7.0753773],[112.1793172,-7.0750968],[112.1798435,-7.0748244],[112.1806362,-7.07452],[112.18074,-7.0744801],[112.181185,-7.0743843],[112.1812171,-7.0743774],[112.1812231,-7.0743761],[112.1812298,-7.0743761],[112.1812579,-7.0743762],[112.1812829,-7.0743763],[112.1813124,-7.0743763],[112.1814655,-7.0743767],[112.1819072,-7.0743777],[112.1820935,-7.0743984],[112.182533,-7.0744471],[112.1833848,-7.0746212],[112.1834925,-7.0746935],[112.1835264,-7.0747163],[112.1836863,-7.0748654],[112.1841245,-7.0752743],[112.1843365,-7.075507],[112.1844893,-7.0756747],[112.1849304,-7.0763176],[112.1850357,-7.0768104],[112.1851711,-7.0774438],[112.1851473,-7.0775601],[112.1851365,-7.0776128],[112.1851148,-7.0777185],[112.1850494,-7.077856],[112.1850494,-7.0778561],[112.1850293,-7.0778983],[112.1850145,-7.0779295],[112.1850024,-7.077955],[112.1849856,-7.0779903],[112.1849829,-7.0779959],[112.1849717,-7.0780295],[112.1849652,-7.078049],[112.1848871,-7.0782829],[112.1848824,-7.0784608],[112.1848806,-7.0785299],[112.1848795,-7.0785706],[112.1848885,-7.0786032],[112.1849083,-7.0786757],[112.1849157,-7.0787025],[112.1849227,-7.0787279],[112.1849315,-7.0787303],[112.1847537,-7.0795634],[112.1847265,-7.0796391],[112.1845988,-7.0799952],[112.184119,-7.0810825],[112.1838286,-7.0816496],[112.1836983,-7.0819693],[112.1836395,-7.0821135],[112.1835588,-7.0826357],[112.1835804,-7.0829189],[112.183689,-7.0831674],[112.1838474,-7.0834619],[112.1839151,-7.083506],[112.1839949,-7.0835579],[112.1842031,-7.0836032],[112.1847353,-7.0835752],[112.1847358,-7.0835752],[112.1864464,-7.0832861],[112.1865918,-7.0832581],[112.1873312,-7.0831155],[112.1875205,-7.0831413],[112.1876429,-7.083158],[112.1876447,-7.083158],[112.1878902,-7.0831626],[112.1881137,-7.083172],[112.1881404,-7.0831731],[112.1881632,-7.0831984],[112.1882267,-7.0832692],[112.1883532,-7.0834521],[112.1884757,-7.0836294],[112.188513,-7.0836232],[112.1887095,-7.0835908],[112.1890624,-7.0835642],[112.1891156,-7.0835602],[112.1891457,-7.0835928],[112.1891966,-7.0836481],[112.1892541,-7.083771],[112.1892992,-7.0838672],[112.1893175,-7.0840326],[112.1893218,-7.0840715],[112.1893231,-7.0840829],[112.189342,-7.0840968],[112.189449,-7.0841752],[112.189456,-7.0841803],[112.1894784,-7.0841953],[112.189835,-7.084381],[112.191031,-7.083024],[112.191032,-7.083023],[112.191231,-7.082799],[112.19252,-7.081756],[112.194687,-7.080429],[112.197304,-7.078652],[112.199776,-7.076595],[112.200888,-7.075988],[112.20089,-7.075987],[112.203651,-7.074477],[112.206749,-7.07371],[112.208321,-7.073678],[112.210411,-7.073954],[112.210529,-7.073983],[112.210533,-7.073985],[112.212067,-7.074371],[112.21373,-7.075013],[112.214943,-7.075178],[112.215904,-7.075063],[112.216606,-7.074837],[112.216942,-7.074527],[112.217026,-7.074105],[112.217247,-7.07343],[112.217278,-7.073352],[112.217279,-7.073349],[112.21772,-7.072108],[112.218201,-7.070786],[112.218811,-7.068676],[112.218918,-7.066821],[112.218803,-7.065923],[112.218521,-7.064827],[112.218512,-7.064811],[112.218506,-7.0648],[112.218124,-7.063873],[112.217415,-7.062385],[112.216682,-7.06101],[112.216286,-7.060253],[112.215996,-7.058932],[112.215401,-7.055252],[112.215286,-7.054841],[112.215286,-7.05484],[112.215256,-7.054719],[112.215393,-7.052554],[112.215652,-7.050962],[112.215653,-7.050961],[112.215752,-7.050334],[112.215858,-7.049238],[112.215797,-7.047523],[112.215706,-7.044095],[112.215759,-7.042943],[112.216095,-7.041734],[112.216515,-7.041142],[112.217194,-7.040551],[112.218063,-7.040127],[112.21928,-7.03982],[112.219284,-7.039819],[112.219864,-7.039672],[112.220879,-7.039276],[112.222,-7.038486],[112.2224645,-7.0373381],[112.2221379,-7.0372569],[112.221916,-7.0372],[112.221054,-7.037018],[112.2209561,-7.036995],[112.2208289,-7.036965],[112.2205668,-7.0369151],[112.2202736,-7.0368752],[112.2197816,-7.0367462],[112.2195841,-7.0366615],[112.218788,-7.036039],[112.218643,-7.035931],[112.218483,-7.035873],[112.218315,-7.035828],[112.217766,-7.035685],[112.216133,-7.035583],[112.215691,-7.035516],[112.21524,-7.035388],[112.214477,-7.035196],[112.213188,-7.035108],[112.212563,-7.035078],[112.211075,-7.034844],[112.210037,-7.034593],[112.209778,-7.034511],[112.209465,-7.034315],[112.209282,-7.034211],[112.208954,-7.034085],[112.208618,-7.034043],[112.208473,-7.034044],[112.208115,-7.034241],[112.207985,-7.034313],[112.207649,-7.034219],[112.207352,-7.034128],[112.207169,-7.034031],[112.207001,-7.033927],[112.206802,-7.033843],[112.206528,-7.033561],[112.206314,-7.033306],[112.205902,-7.033003],[112.205719,-7.032847],[112.205574,-7.032708],[112.205086,-7.032519],[112.204926,-7.03244],[112.204735,-7.032245],[112.204582,-7.032025],[112.204498,-7.031833],[112.204445,-7.031683],[112.204234,-7.0314163],[112.2042232,-7.0314026],[112.2040751,-7.0312879],[112.2041179,-7.0312674],[112.2041341,-7.0312097],[112.2041351,-7.0312065],[112.2041353,-7.0311525],[112.2041353,-7.0311504],[112.2041359,-7.0310193],[112.2041361,-7.0309773],[112.2041367,-7.030836],[112.2041355,-7.0307553],[112.2041344,-7.0306895],[112.2040623,-7.0305018],[112.2040604,-7.0304969],[112.2040586,-7.0304922],[112.2040241,-7.0304454],[112.2039876,-7.0303958],[112.2039558,-7.0303526],[112.2039515,-7.0303469],[112.2039091,-7.0303076],[112.2038654,-7.0302669],[112.2038512,-7.0302538],[112.2038258,-7.0302302],[112.2037881,-7.0301953],[112.20374,-7.0301506],[112.2037088,-7.0301216],[112.2037054,-7.0301106],[112.2036927,-7.0300687],[112.2036805,-7.0300288],[112.2036686,-7.0299899],[112.2036624,-7.0299697],[112.2036527,-7.0299378],[112.2036452,-7.0299132],[112.2036402,-7.0299058],[112.203618,-7.0298727],[112.2036041,-7.0298519],[112.2035883,-7.0298284],[112.2035846,-7.0298228],[112.203546,-7.0297653],[112.2035439,-7.0297621],[112.2035368,-7.0297516],[112.2035321,-7.0297446],[112.2035209,-7.0297279],[112.2035112,-7.0297135],[112.2034589,-7.029647],[112.2033871,-7.0295556],[112.2033805,-7.0295396],[112.2033778,-7.0295331],[112.203362,-7.0294949],[112.2033481,-7.0294613],[112.2033355,-7.0294309],[112.2033296,-7.0294166],[112.2033312,-7.0293469],[112.203341,-7.0289349],[112.2034695,-7.0287097],[112.2034989,-7.0286414],[112.2035353,-7.0285569],[112.2035829,-7.0284183],[112.203726,-7.0280016],[112.2039442,-7.0274564],[112.2039612,-7.027414],[112.2039765,-7.0273412],[112.203977,-7.0273392],[112.2039761,-7.0273186],[112.203974,-7.0273023],[112.203865,-7.026505],[112.204086,-7.025887],[112.204758,-7.02522],[112.205925,-7.02452],[112.208153,-7.023395],[112.20974,-7.022402],[112.209869,-7.022153],[112.209871,-7.022149],[112.210403,-7.021149],[112.210793,-7.020567],[112.211266,-7.019688],[112.211647,-7.01814],[112.212158,-7.016428],[112.212768,-7.01472],[112.2131722,-7.013237],[112.213592,-7.01176],[112.2137528,-7.0112847],[112.213897,-7.010798],[112.2139142,-7.0107502],[112.2139572,-7.0106258],[112.2140104,-7.0105129],[112.2140498,-7.0103166],[112.2141291,-7.0099902],[112.2142583,-7.0097283],[112.2143799,-7.0095789],[112.2145725,-7.0094441],[112.2144582,-7.0093627],[112.2143815,-7.0092421],[112.2142449,-7.0088492],[112.2142327,-7.0088141],[112.2141708,-7.0085569],[112.2140268,-7.0079595],[112.2140167,-7.0079171],[112.213983,-7.0077746],[112.2139167,-7.007661],[112.2137005,-7.0074911],[112.213398,-7.0072607],[112.2132341,-7.0070898],[112.2131513,-7.0069339],[112.2131657,-7.0062356],[112.213163,-7.0061725],[112.2131563,-7.0060098],[112.2131185,-7.0058685],[112.213098,-7.0057918],[112.212999,-7.0056365],[112.2127857,-7.0054652],[112.2126627,-7.0054045],[112.2124233,-7.0052864],[112.2122701,-7.0052152],[112.2120809,-7.0050498],[112.2119576,-7.0048833],[112.2118868,-7.0047335],[112.2118689,-7.0046955],[112.2118224,-7.0044121],[112.2118248,-7.0042543],[112.2118991,-7.0041041],[112.2120821,-7.0038571],[112.2122126,-7.0036048],[112.2122706,-7.003391],[112.212299,-7.0032867],[112.2122667,-7.0031454],[112.2122476,-7.0030619],[112.2121452,-7.0028438],[112.2121287,-7.0028086],[112.2120323,-7.0026318],[112.2118375,-7.0022745],[112.2117925,-7.002185],[112.2117014,-7.0020041],[112.2116392,-7.0017974],[112.211639,-7.0017841],[112.2116366,-7.0016351],[112.2116639,-7.0015405],[112.2116793,-7.0014873],[112.2117169,-7.0014475],[112.211804,-7.0013557],[112.2120171,-7.0012187],[112.2125164,-7.001089],[112.2125857,-7.001071],[112.2127543,-7.001024],[112.2128301,-7.0010028],[112.2130347,-7.0008973],[112.2131315,-7.0008383],[112.2136112,-7.0005457],[112.2137684,-7.0004383],[112.2138261,-7.0003739],[112.2138746,-7.0003198],[112.214001,-7.0000299],[112.2140092,-7.0000002],[112.2140941,-6.9995577],[112.2139802,-6.9992396],[112.2137422,-6.9988009],[112.2132099,-6.9981021],[112.213173,-6.9980516],[112.2131731,-6.9980491],[112.2131731,-6.998049],[112.2131689,-6.9980462],[112.2128659,-6.997841],[112.2127093,-6.9977635],[112.2125648,-6.9976918],[112.2120194,-6.9976165],[112.2116869,-6.9975705],[112.2105701,-6.9974925],[112.2103338,-6.9974766],[112.2101873,-6.9974267],[112.2100863,-6.9973923],[112.2100232,-6.9973547],[112.2099591,-6.9973166],[112.2098678,-6.997197],[112.2097838,-6.996906],[112.2097546,-6.9967023],[112.2097559,-6.9966814],[112.209766,-6.996522],[112.2098404,-6.9963434],[112.2100787,-6.9960186],[112.2101793,-6.9958394],[112.2102627,-6.9956909],[112.2102984,-6.9955992],[112.2103211,-6.9955409],[112.2103289,-6.9953848],[112.2102677,-6.9951179],[112.2102188,-6.9950017],[112.2101888,-6.9949306],[112.2100907,-6.9948081],[112.2100666,-6.9947916],[112.2100624,-6.9947887],[112.2098351,-6.9946334],[112.2098243,-6.994626],[112.2098236,-6.9946256],[112.2098225,-6.9946191],[112.2098225,-6.9946191],[112.209686,-6.99408],[112.209747,-6.993336],[112.210014,-6.992636],[112.210098,-6.991695],[112.21003,-6.99058],[112.210022,-6.989727],[112.210152,-6.988655],[112.2101524,-6.9886516],[112.2101524,-6.9886515],[112.2101524,-6.9886515],[112.2102289,-6.9883303],[112.2108737,-6.9856209],[112.2108771,-6.9856104],[112.210804,-6.9853267],[112.210665,-6.984787],[112.210632,-6.984528],[112.2106264,-6.984484],[112.2106247,-6.9844703],[112.2106245,-6.984469],[112.2105844,-6.9843055],[112.2105627,-6.984217],[112.2103976,-6.9839722],[112.2103735,-6.9839365],[112.2103668,-6.9839277],[112.2102094,-6.9837214],[112.2101501,-6.9835993],[112.210137,-6.9835723],[112.2100995,-6.9832543],[112.2100932,-6.9831924],[112.2100797,-6.9830621],[112.2100671,-6.9829246],[112.2100598,-6.9828453],[112.2100537,-6.9827785],[112.2100499,-6.9827366],[112.2100469,-6.9827043],[112.2100418,-6.9826586],[112.2099177,-6.9815461],[112.209916,-6.9812959],[112.2099155,-6.981216],[112.2099141,-6.9810064],[112.2098339,-6.980372],[112.2097914,-6.9801123],[112.2098156,-6.9797428],[112.2098084,-6.9797017],[112.2095669,-6.9796666],[112.2096094,-6.9796522],[112.2099549,-6.9795979],[112.2109346,-6.9794442],[112.2111718,-6.9795173],[112.2111762,-6.9795181],[112.2114748,-6.9795729],[112.2119985,-6.9796083],[112.2122587,-6.979493],[112.2128967,-6.9791298],[112.2130378,-6.9791277],[112.2130251,-6.9790812],[112.2126852,-6.9785142],[112.2125531,-6.9782937],[112.2123686,-6.9780518],[112.2123674,-6.9780503],[112.2122283,-6.9779313],[112.2121292,-6.9778434],[112.2120792,-6.977722],[112.212076,-6.9777116],[112.2120146,-6.9775126],[112.2117253,-6.9771421],[112.2109416,-6.9763962],[112.2108006,-6.9762593],[112.2107969,-6.9762558],[112.2107618,-6.9761743],[112.2106978,-6.9760256],[112.2106861,-6.9760036],[112.2104585,-6.9755755],[112.2104424,-6.9755494],[112.2104423,-6.9755491],[112.2104395,-6.9755406],[112.2104229,-6.9754902],[112.2104387,-6.9754452],[112.2104594,-6.9753861],[112.2105016,-6.9753262],[112.2105269,-6.9752903],[112.2105258,-6.9752534],[112.2105232,-6.9751692],[112.2104747,-6.9751144],[112.210329,-6.9749495],[112.2102623,-6.9748741],[112.2101999,-6.9747927],[112.2100908,-6.9746505],[112.2100624,-6.974585],[112.2100248,-6.9744985],[112.2098272,-6.9741961],[112.2097507,-6.974079],[112.2097003,-6.9740019],[112.2096544,-6.9739498],[112.2095816,-6.9738672],[112.2094146,-6.97376],[112.2092706,-6.9736984],[112.2091906,-6.9736643],[112.2091905,-6.9736642],[112.2091516,-6.9736303],[112.208769,-6.9732972],[112.2084261,-6.9729721],[112.2083528,-6.9729154],[112.2081419,-6.9727523],[112.2080209,-6.9726587],[112.2077686,-6.9724663],[112.2076667,-6.9723759],[112.2076664,-6.9723756],[112.2076663,-6.9723756],[112.2076264,-6.9723672],[112.2076263,-6.9723672],[112.2076178,-6.9723437],[112.2075171,-6.9720623],[112.2073114,-6.971874],[112.2071736,-6.971739],[112.2067493,-6.9713234],[112.2067492,-6.9713232],[112.2066602,-6.9711446],[112.2065825,-6.9708099],[112.2065072,-6.9704822],[112.2063875,-6.9699612],[112.2062953,-6.9697114],[112.2061539,-6.9693285],[112.2061044,-6.9692528],[112.2059264,-6.9689807],[112.2059226,-6.9689298],[112.2059138,-6.9688138],[112.2059064,-6.9687413],[112.2058767,-6.968453],[112.2057985,-6.9682446],[112.2057978,-6.9682426],[112.2057789,-6.9681596],[112.2057667,-6.9681056],[112.2057629,-6.968097],[112.2055877,-6.9677013],[112.2055895,-6.9676942],[112.2055897,-6.9676933],[112.2055954,-6.9675142],[112.205585,-6.9674508],[112.2055691,-6.9673547],[112.20554,-6.9671778],[112.2055378,-6.9670404],[112.205537,-6.9669894],[112.205599,-6.9667888],[112.2057578,-6.9662771],[112.2057952,-6.9657798],[112.2057986,-6.96573],[112.2058119,-6.9655358],[112.2057943,-6.964977],[112.2057747,-6.9648356],[112.2057699,-6.9648014],[112.2056571,-6.9643801],[112.2056503,-6.9643607],[112.2055411,-6.9640502],[112.2055179,-6.9639693],[112.2053968,-6.9635463],[112.2053944,-6.963538],[112.2053704,-6.9634541],[112.2053476,-6.9633746],[112.2053236,-6.9632906],[112.2053195,-6.9632763],[112.2053119,-6.9632195],[112.2053005,-6.9631351],[112.2052898,-6.9630554],[112.2052776,-6.9629645],[112.2052662,-6.9628797],[112.2052569,-6.9628106],[112.2052566,-6.962808],[112.2052544,-6.962792],[112.2052526,-6.9627781],[112.2052507,-6.9627641],[112.2052487,-6.9627494],[112.2052486,-6.9627487],[112.2052485,-6.9627481],[112.205248,-6.9627438],[112.2052468,-6.9627353],[112.2052386,-6.9626743],[112.2052385,-6.9626731],[112.2052378,-6.9626681],[112.2052378,-6.962668],[112.2052258,-6.9626336],[112.205196,-6.9625481],[112.2051937,-6.9625414],[112.2051892,-6.9625284],[112.2051844,-6.9625146],[112.2051807,-6.9625039],[112.2051799,-6.9625018],[112.2051797,-6.9625012],[112.2051795,-6.9625005],[112.2051792,-6.9624997],[112.2051791,-6.9624994],[112.2051786,-6.9624988],[112.205178,-6.9624981],[112.2051776,-6.9624977],[112.2051773,-6.9624973],[112.2051764,-6.9624963],[112.2051708,-6.9624898],[112.2051647,-6.9624828],[112.2051581,-6.9624752],[112.2051526,-6.9624689],[112.2051478,-6.9624635],[112.2051422,-6.962457],[112.2051377,-6.9624518],[112.2051325,-6.9624458],[112.2051323,-6.9624456],[112.2051306,-6.9624437],[112.2051284,-6.9624411],[112.2051261,-6.9624385],[112.2051239,-6.9624359],[112.205122,-6.9624337],[112.2051202,-6.9624317],[112.205112,-6.9624222],[112.2051116,-6.9624218],[112.2051085,-6.9624183],[112.2051073,-6.9624169],[112.2051071,-6.9624167],[112.2051061,-6.9624154],[112.2051042,-6.9624133],[112.2051041,-6.9624132],[112.2051029,-6.9624118],[112.2051028,-6.9624082],[112.2051022,-6.9623917],[112.2051021,-6.9623859],[112.205102,-6.9623832],[112.2050983,-6.9622697],[112.2050957,-6.9621899],[112.205093,-6.9621043],[112.2050894,-6.9619935],[112.2050893,-6.9619922],[112.2050891,-6.9619865],[112.2050891,-6.9619859],[112.2050878,-6.9619776],[112.2050866,-6.9619693],[112.205081,-6.9619316],[112.2050785,-6.9619148],[112.2050628,-6.9618089],[112.2050626,-6.9618079],[112.2050574,-6.9617729],[112.205054,-6.9617498],[112.2050533,-6.9617469],[112.2050471,-6.9617214],[112.205047,-6.961721],[112.2050457,-6.9617156],[112.2050453,-6.9617141],[112.2050404,-6.9616938],[112.205013,-6.9615806],[112.2049856,-6.9614679],[112.2049708,-6.9614065],[112.2049705,-6.9614054],[112.2049696,-6.9614018],[112.2049696,-6.9614016],[112.2049695,-6.9614014],[112.2049695,-6.9614012],[112.2049658,-6.9613862],[112.2049594,-6.9613598],[112.204953,-6.9613331],[112.2049467,-6.9613074],[112.2049405,-6.9612816],[112.204935,-6.961259],[112.2049285,-6.9612324],[112.204923,-6.9612094],[112.2049182,-6.9611896],[112.2049118,-6.9611635],[112.204906,-6.9611392],[112.2048998,-6.9611139],[112.2048928,-6.9610851],[112.2048874,-6.9610628],[112.2048813,-6.9610374],[112.2048746,-6.9610098],[112.2048696,-6.9609891],[112.2048632,-6.960963],[112.2048566,-6.9609357],[112.2048506,-6.960911],[112.204844,-6.9608836],[112.2048381,-6.9608593],[112.2048326,-6.9608366],[112.2048262,-6.9608104],[112.2048199,-6.9607842],[112.2048149,-6.9607636],[112.2048147,-6.9607629],[112.2048126,-6.9607542],[112.2048108,-6.9607466],[112.2048092,-6.9607404],[112.204808,-6.9607353],[112.2048079,-6.9607349],[112.2048066,-6.9607294],[112.204798,-6.960694],[112.2047913,-6.9606663],[112.2047767,-6.960618],[112.2047558,-6.9605485],[112.2047557,-6.9605484],[112.2047541,-6.9605431],[112.2047541,-6.9605431],[112.2047538,-6.960542],[112.2047536,-6.9605414],[112.2047533,-6.9605405],[112.2047531,-6.9605397],[112.2047528,-6.9605388],[112.2047526,-6.960538],[112.2047524,-6.9605373],[112.2047522,-6.9605366],[112.2047521,-6.9605364],[112.2047517,-6.9605351],[112.2047513,-6.9605337],[112.2047509,-6.9605323],[112.2047505,-6.9605311],[112.2047501,-6.9605297],[112.2047497,-6.9605285],[112.2047493,-6.9605272],[112.204749,-6.9605262],[112.2047487,-6.960525],[112.2047483,-6.9605239],[112.2047479,-6.9605226],[112.2047475,-6.9605213],[112.2047471,-6.96052],[112.204747,-6.9605195],[112.2047462,-6.9605169],[112.2047457,-6.9605152],[112.2047454,-6.9605144],[112.2047453,-6.9605139],[112.204745,-6.9605131],[112.2047439,-6.9605093],[112.2047426,-6.9605049],[112.2047421,-6.9605033],[112.2047418,-6.9605023],[112.2047414,-6.9605011],[112.2047401,-6.9604968],[112.204739,-6.960493],[112.2047378,-6.9604891],[112.2047366,-6.9604852],[112.2047355,-6.9604814],[112.2047349,-6.9604794],[112.2047345,-6.9604782],[112.2047333,-6.9604741],[112.204732,-6.9604698],[112.2047311,-6.9604669],[112.2047299,-6.9604629],[112.2047277,-6.9604555],[112.2047252,-6.9604474],[112.2047234,-6.9604414],[112.2047232,-6.9604406],[112.2047223,-6.9604378],[112.2047223,-6.9604375],[112.2047222,-6.9604374],[112.2047214,-6.9604347],[112.204721,-6.9604334],[112.2047196,-6.9604286],[112.204716,-6.9604169],[112.2047125,-6.9604052],[112.2047086,-6.9603924],[112.2047048,-6.9603798],[112.2047031,-6.9603741],[112.2047001,-6.9603642],[112.2046997,-6.9603629],[112.204698,-6.960357],[112.204696,-6.9603507],[112.2046944,-6.9603452],[112.2046927,-6.9603394],[112.2046925,-6.960339],[112.2046903,-6.9603337],[112.2046877,-6.9603275],[112.2046854,-6.9603221],[112.2046832,-6.9603169],[112.2046813,-6.9603125],[112.2046812,-6.9603123],[112.2046767,-6.9603016],[112.2046715,-6.9602893],[112.204671,-6.9602882],[112.204671,-6.9602881],[112.2046696,-6.9602847],[112.2046675,-6.9602798],[112.2046654,-6.9602748],[112.2046634,-6.9602702],[112.2046633,-6.96027],[112.2046623,-6.9602677],[112.2046613,-6.9602652],[112.2046603,-6.9602629],[112.2046594,-6.9602606],[112.2046584,-6.9602584],[112.2046581,-6.9602576],[112.2046581,-6.9602576],[112.2046581,-6.9602576],[112.2046581,-6.9602575],[112.2046577,-6.9602568],[112.2046574,-6.960256],[112.2046572,-6.9602555],[112.2046569,-6.9602547],[112.2046563,-6.9602533],[112.2046558,-6.9602522],[112.2046551,-6.9602506],[112.2046543,-6.9602488],[112.2046465,-6.9602302],[112.2046432,-6.9602223],[112.2046371,-6.9602079],[112.2046337,-6.9602001],[112.2046282,-6.960187],[112.2046228,-6.9601743],[112.2046182,-6.9601634],[112.2046181,-6.9601632],[112.2046165,-6.9601593],[112.2046164,-6.9601591],[112.2046147,-6.9601552],[112.2045108,-6.9599096],[112.2044638,-6.9597984],[112.2044555,-6.959779],[112.2044356,-6.959732],[112.2044275,-6.9597128],[112.2043868,-6.9596167],[112.2043329,-6.9594893],[112.2042717,-6.9593446],[112.2042173,-6.959216],[112.2041582,-6.9590764],[112.2041303,-6.9590105],[112.2041209,-6.9589557],[112.2041206,-6.9589537],[112.2041201,-6.9589512],[112.2041156,-6.958925],[112.2041104,-6.9588945],[112.204105,-6.9588631],[112.2040995,-6.9588316],[112.2040941,-6.9587999],[112.2040885,-6.9587672],[112.2040827,-6.958734],[112.2040798,-6.9587169],[112.2040787,-6.9587103],[112.2040764,-6.9586971],[112.2040749,-6.9586885],[112.2040747,-6.9586875],[112.2040742,-6.9586844],[112.204074,-6.9586831],[112.2040733,-6.9586793],[112.2040718,-6.9586704],[112.2040716,-6.9586692],[112.2040716,-6.9586691],[112.2040704,-6.9586623],[112.2040687,-6.9586522],[112.2040668,-6.9586413],[112.2040662,-6.9586376],[112.2040629,-6.9586184],[112.2040583,-6.9585921],[112.2040583,-6.9585921],[112.2040581,-6.9585907],[112.2040579,-6.9585899],[112.204054,-6.9585671],[112.2040504,-6.9585457],[112.2040503,-6.9585456],[112.2040487,-6.958536],[112.2040435,-6.9584407],[112.2040376,-6.9583295],[112.2040301,-6.9581902],[112.2040268,-6.9581293],[112.2040195,-6.9580636],[112.204003,-6.9579153],[112.2039851,-6.9577543],[112.2039695,-6.9576145],[112.2039538,-6.9574738],[112.2039438,-6.9573835],[112.2039395,-6.9573219],[112.2039304,-6.9571928],[112.2039299,-6.957187],[112.2039296,-6.9571816],[112.203929,-6.957174],[112.2039246,-6.9571109],[112.2039151,-6.9569759],[112.2039077,-6.9568718],[112.2039068,-6.9568584],[112.2039055,-6.9568471],[112.2038894,-6.9567008],[112.2038715,-6.9565381],[112.203856,-6.9563975],[112.2038516,-6.9563579],[112.2038614,-6.956253],[112.2038743,-6.956115],[112.2038876,-6.9559731],[112.2038992,-6.9558487],[112.2039117,-6.9557142],[112.2039129,-6.9557018],[112.2039533,-6.9555919],[112.204,-6.9554649],[112.2040617,-6.9551886],[112.2040881,-6.9550306],[112.2041392,-6.954725],[112.2041905,-6.9544437],[112.2042073,-6.9543516],[112.2042004,-6.9540347],[112.2041561,-6.9534114],[112.2041377,-6.953153],[112.2040999,-6.9529384],[112.2040786,-6.9528172],[112.2040415,-6.9526061],[112.2039417,-6.9520571],[112.2039024,-6.9518409],[112.2038877,-6.9516837],[112.2038718,-6.9515131],[112.2039606,-6.9512397],[112.2039724,-6.9512033],[112.2038535,-6.9509985],[112.2038514,-6.9509589],[112.2038404,-6.9507596],[112.2038184,-6.9506862],[112.2037215,-6.9504268],[112.2035969,-6.9502954],[112.2034677,-6.9501702],[112.2032529,-6.949962],[112.2031829,-6.9497663],[112.2031796,-6.9497572],[112.2031214,-6.949458],[112.2030276,-6.9488095],[112.2029718,-6.9486606],[112.2028699,-6.9483886],[112.2026126,-6.9478522],[112.2025555,-6.947324],[112.202516,-6.9469583],[112.2025164,-6.9468452],[112.2025268,-6.9464074],[112.2025358,-6.9460297],[112.2025307,-6.9459224],[112.2025234,-6.9457685],[112.2024958,-6.9456879],[112.2024833,-6.9456514],[112.2024777,-6.945635],[112.2024599,-6.9455831],[112.202454,-6.9455637],[112.2024033,-6.944946],[112.2023882,-6.9447833],[112.2023949,-6.9445074],[112.2023678,-6.9441821],[112.2023964,-6.9439399],[112.2024016,-6.9438663],[112.2024364,-6.9436983],[112.2024758,-6.9434671],[112.2025426,-6.9432599],[112.2025903,-6.9431546],[112.2026234,-6.9429735],[112.2026144,-6.9429072],[112.2026286,-6.9428242],[112.2026291,-6.9427632],[112.2028855,-6.9400848],[112.2029314,-6.9381122],[112.202866,-6.936196],[112.202949,-6.934741],[112.202988,-6.933144],[112.2029883,-6.9331358],[112.2029885,-6.9331309],[112.2029886,-6.9331285],[112.2029886,-6.9331283],[112.2029904,-6.9330977],[112.2029945,-6.9330304],[112.2029979,-6.9329755],[112.2030078,-6.9328127],[112.2030792,-6.9316443],[112.2031311,-6.931044],[112.2032089,-6.9301452],[112.203247,-6.9291576],[112.2032928,-6.9272813],[112.2032921,-6.9271606],[112.2032852,-6.9260515],[112.2033996,-6.9246868],[112.2034378,-6.9238433],[112.2034032,-6.9233284],[112.203376,-6.9229236],[112.2033691,-6.92282],[112.2031707,-6.9218062],[112.2031326,-6.921133],[112.2031292,-6.9204693],[112.203125,-6.9196252],[112.2030255,-6.9185448],[112.2030179,-6.9184623],[112.2030174,-6.9184565],[112.2030033,-6.9183035],[112.2030001,-6.9182992],[112.2029865,-6.9182808],[112.2029839,-6.9182773],[112.202982,-6.9182748],[112.2029784,-6.9182698],[112.2029718,-6.918261],[112.2029319,-6.918207],[112.2027336,-6.9179389],[112.2027147,-6.9179134],[112.2025982,-6.917758],[112.2025529,-6.9176976],[112.2023172,-6.9174029],[112.2022448,-6.917356],[112.2022354,-6.9173467],[112.202216,-6.9173277],[112.202136,-6.9172512],[112.2020806,-6.9171982],[112.2020716,-6.917184],[112.2020074,-6.9170821],[112.2019464,-6.9169853],[112.2017699,-6.9167438],[112.201715,-6.9166688],[112.2010581,-6.9158021],[112.2005643,-6.9151619],[112.2005007,-6.9150829],[112.2004598,-6.915032],[112.200423,-6.9149851],[112.2000946,-6.9145667],[112.2000319,-6.9144865],[112.1999015,-6.9143199],[112.1998347,-6.9142345],[112.1996728,-6.9139946],[112.1995306,-6.9138217],[112.1994682,-6.9137458],[112.1992542,-6.9134395],[112.1992234,-6.9133954],[112.1991682,-6.913331],[112.1990829,-6.9132315],[112.1990507,-6.9131827],[112.1990171,-6.913132],[112.1989735,-6.9130661],[112.1989706,-6.9130617],[112.1989523,-6.913034],[112.1988751,-6.9129172],[112.198835,-6.9128566],[112.1988194,-6.912833],[112.1987317,-6.9128386],[112.1987189,-6.9128394],[112.1984814,-6.9128035],[112.19825,-6.9127706],[112.1982107,-6.9127743],[112.1979421,-6.9127996],[112.1976883,-6.9128234],[112.1975715,-6.9128211],[112.1971373,-6.9128126],[112.1960882,-6.9127817],[112.1955076,-6.912649],[112.1953018,-6.912645],[112.195214,-6.9126432],[112.1949627,-6.9126382],[112.1948895,-6.9126688],[112.194838,-6.9126903],[112.1947378,-6.9127696],[112.1947059,-6.9128462],[112.1946833,-6.9129005],[112.1947327,-6.9132328],[112.1948066,-6.9134499],[112.1948247,-6.9135032],[112.1948494,-6.9137174],[112.1948588,-6.9137991],[112.194838,-6.9139633],[112.1947499,-6.91407],[112.1944183,-6.9141225],[112.1943739,-6.9141584],[112.1941678,-6.914325],[112.1941386,-6.9143425],[112.1939185,-6.9144746],[112.1937663,-6.9144811],[112.1934496,-6.9144089],[112.1929421,-6.9141964],[112.1928719,-6.914167],[112.1928075,-6.9141271],[112.1925838,-6.9139884],[112.1925152,-6.9139459],[112.1924651,-6.9138811],[112.192416,-6.9138177],[112.1923931,-6.913788],[112.1923517,-6.9137157],[112.1919733,-6.9130547],[112.1919673,-6.9130499],[112.1918086,-6.9129243],[112.1917903,-6.9129184],[112.1917233,-6.912897],[112.1916878,-6.9129058],[112.1916264,-6.912921],[112.191521,-6.912947],[112.1913219,-6.9130262],[112.1912821,-6.913042],[112.1912669,-6.9130405],[112.1910481,-6.9130201],[112.1906585,-6.91291],[112.1904003,-6.9127953],[112.1903727,-6.9127831],[112.1903289,-6.9127534],[112.1901143,-6.9126084],[112.189946,-6.9124865],[112.1898658,-6.9124284],[112.1898605,-6.9124168],[112.1898056,-6.9122977],[112.1897527,-6.9121828],[112.189721,-6.9121141],[112.1896158,-6.911981],[112.1895005,-6.9119334],[112.1893016,-6.9119698],[112.1886834,-6.9122803],[112.1886251,-6.9123095],[112.1885766,-6.9122873],[112.1884537,-6.9122309],[112.1882334,-6.9119576],[112.1881433,-6.9118459],[112.1880408,-6.9118106],[112.1880257,-6.9118054],[112.1880188,-6.9118054],[112.1873843,-6.911803],[112.1870785,-6.9117937],[112.1868013,-6.9117853],[112.1865619,-6.9118396],[112.1865044,-6.9118984],[112.1864958,-6.9119071],[112.1864375,-6.9120073],[112.1864315,-6.9120175],[112.1864317,-6.9120279],[112.1864378,-6.9124021],[112.1864543,-6.9127292],[112.1864461,-6.9127476],[112.1863989,-6.9128552],[112.1861109,-6.9130512],[112.1859388,-6.9131775],[112.1859152,-6.9132148],[112.1858975,-6.9132426],[112.1858777,-6.9132738],[112.18587,-6.913314],[112.1858245,-6.9135545],[112.1857874,-6.913662],[112.1857757,-6.913696],[112.1857529,-6.9137623],[112.1857403,-6.9137691],[112.1856575,-6.9138134],[112.1852881,-6.9136745],[112.1851777,-6.9136303],[112.1851533,-6.9136416],[112.1850218,-6.9137028],[112.1848985,-6.9137915],[112.1848948,-6.9137942],[112.1848858,-6.9138043],[112.1847162,-6.9139934],[112.1847044,-6.9140066],[112.184473,-6.9143638],[112.1844122,-6.9144577],[112.184279,-6.9146318],[112.1841839,-6.9147326],[112.1841287,-6.9147911],[112.1839608,-6.9148684],[112.1839477,-6.9148744],[112.1839213,-6.914877],[112.1837484,-6.914894],[112.1835433,-6.9148724],[112.1834725,-6.914865],[112.1833961,-6.9148268],[112.1832811,-6.9147693],[112.1832445,-6.9147511],[112.1832094,-6.9147214],[112.1830617,-6.9145968],[112.1827825,-6.9140698],[112.182825,-6.9139029],[112.1828307,-6.9138804],[112.1828547,-6.9138521],[112.182908,-6.9137894],[112.1829407,-6.9137508],[112.1833071,-6.9134121],[112.1834507,-6.9131617],[112.1835187,-6.9130145],[112.1835609,-6.912923],[112.1835793,-6.9126581],[112.1835449,-6.9124496],[112.1834447,-6.9122634],[112.1834153,-6.9122342],[112.1832376,-6.9120578],[112.1831185,-6.9120272],[112.1830338,-6.9120054],[112.1829688,-6.9120142],[112.1826458,-6.9120581],[112.182541,-6.9120723],[112.1821744,-6.9122003],[112.1813674,-6.912491],[112.1810581,-6.9126698],[112.1805532,-6.9130598],[112.1803911,-6.9131325],[112.1803583,-6.9131472],[112.1803457,-6.9131316],[112.1801233,-6.912857],[112.1799531,-6.9126349],[112.1798731,-6.9125477],[112.1798212,-6.9124911],[112.1798066,-6.9124634],[112.179721,-6.9123006],[112.1796842,-6.9120603],[112.1797366,-6.9118143],[112.1799244,-6.9115388],[112.1799313,-6.9115287],[112.1801345,-6.9113545],[112.1806879,-6.9109428],[112.1808042,-6.9107899],[112.1808285,-6.9106436],[112.1808377,-6.9105885],[112.1808203,-6.9105202],[112.1807578,-6.9102752],[112.1807478,-6.9102358],[112.1807411,-6.9102198],[112.1807124,-6.9101513],[112.1806069,-6.9098992],[112.1804077,-6.9095507],[112.1801289,-6.9092904],[112.1799318,-6.909152],[112.179568,-6.9086048],[112.1795539,-6.9085836],[112.1795423,-6.9085445],[112.1793985,-6.9080627],[112.1793785,-6.9079959],[112.1793772,-6.9079838],[112.1793095,-6.9073459],[112.1792707,-6.9069811],[112.1792097,-6.9063982],[112.179156,-6.9058849],[112.1791463,-6.9058217],[112.1791008,-6.9055258],[112.1790536,-6.9053565],[112.1790266,-6.9052598],[112.1789774,-6.9050834],[112.1788723,-6.9049066],[112.1787321,-6.9046706],[112.1781358,-6.9041493],[112.1775862,-6.90373],[112.1775513,-6.9037034],[112.1768755,-6.9031519],[112.1768461,-6.9031279],[112.1765591,-6.9028729],[112.1760866,-6.9024531],[112.1759543,-6.9023824],[112.1757708,-6.9022844],[112.1757498,-6.902277],[112.1754463,-6.9021691],[112.1753516,-6.9021355],[112.1752238,-6.9021259],[112.1750915,-6.9021161],[112.1750429,-6.9021125],[112.1747479,-6.9021403],[112.1743718,-6.9022952],[112.1742479,-6.9023462],[112.1741019,-6.9024063],[112.1736583,-6.9027123],[112.1735398,-6.902794],[112.1731099,-6.9029322],[112.1730031,-6.9029325],[112.1727421,-6.9029017],[112.1725173,-6.9028752],[112.1723562,-6.9028089],[112.1721562,-6.9027267],[112.1721392,-6.902717],[112.1720006,-6.9023566],[112.1719868,-6.9023207],[112.1719136,-6.9017675],[112.1718913,-6.9015987],[112.1718722,-6.9014544],[112.1718692,-6.9014316],[112.1718298,-6.901213],[112.1718062,-6.9010821],[112.1718024,-6.9010762],[112.171702,-6.9009216],[112.1715713,-6.9007201],[112.1714309,-6.9005683],[112.171251,-6.9003738],[112.1712058,-6.9002653],[112.1711584,-6.9001514],[112.1711,-6.9000112],[112.1710186,-6.899756],[112.1709264,-6.8992705],[112.1709205,-6.8992395],[112.1709022,-6.899143],[112.1708962,-6.8991117],[112.1708941,-6.8991007],[112.1706093,-6.8973633],[112.1706976,-6.8973495],[112.1706837,-6.8972577],[112.1706917,-6.8972561],[112.1706623,-6.8970462],[112.1706183,-6.8967736],[112.1705716,-6.8964692],[112.1705246,-6.8961646],[112.1704797,-6.8958731],[112.170433,-6.8955701],[112.1703916,-6.8952923],[112.1703638,-6.8950517],[112.1703608,-6.8949187],[112.1703805,-6.8948581],[112.1704066,-6.8948442],[112.1704383,-6.8948433],[112.1704712,-6.8948482],[112.1705086,-6.8948577],[112.1705438,-6.8948695],[112.1705759,-6.894885],[112.1706009,-6.8949009],[112.1706224,-6.894923],[112.1706419,-6.8949498],[112.1706601,-6.8949825],[112.1706763,-6.8950086],[112.1706925,-6.8950344],[112.170708,-6.8950624],[112.1707203,-6.8950927],[112.1707291,-6.8951271],[112.1707369,-6.8951641],[112.1707441,-6.8952018],[112.1707648,-6.8952412],[112.1707729,-6.8952789],[112.1707833,-6.8953157],[112.1707942,-6.8953487],[112.1707987,-6.8953817],[112.1708064,-6.8954258],[112.170807,-6.8954674],[112.170813,-6.8955123],[112.1708172,-6.8955493],[112.1708211,-6.895581],[112.1708271,-6.8956175],[112.1708348,-6.8956638],[112.1708426,-6.8957026],[112.1708477,-6.8957364],[112.1708517,-6.8957676],[112.1708551,-6.8958016],[112.1708581,-6.8958366],[112.1708595,-6.8958722],[112.17086,-6.8959066],[112.1708602,-6.8959413],[112.1708609,-6.8959784],[112.1708623,-6.8960177],[112.1708639,-6.8960628],[112.1708655,-6.8960979],[112.1708681,-6.8961303],[112.1708718,-6.8961604],[112.1708762,-6.8961994],[112.1708808,-6.8962466],[112.1708852,-6.8963028],[112.1708889,-6.8963437],[112.1708915,-6.8963755],[112.1708928,-6.8964028],[112.1708945,-6.8964405],[112.1708954,-6.8964849],[112.1708961,-6.8965393],[112.1709013,-6.8965909],[112.1708828,-6.8966152],[112.170838,-6.8966186],[112.1707893,-6.8966307],[112.1708023,-6.8967215],[112.1708086,-6.8968201],[112.1708207,-6.8969427],[112.1708357,-6.8970792],[112.1708558,-6.8972362],[112.1708799,-6.8974104],[112.170897,-6.8975233],[112.1709031,-6.8976201],[112.1709292,-6.8976201],[112.1709479,-6.8977072],[112.1709621,-6.897798],[112.1709841,-6.8978838],[112.1710915,-6.8978631],[112.1711711,-6.8978424],[112.1712806,-6.8978138],[112.1712702,-6.8977769],[112.1712609,-6.8977393],[112.1712551,-6.8977055],[112.1712504,-6.8976794],[112.1712521,-6.897663],[112.1712629,-6.897654],[112.1712826,-6.89765],[112.1713102,-6.8976703],[112.1713363,-6.897666],[112.171374,-6.897656],[112.1714052,-6.8976485],[112.1714381,-6.8976452],[112.1714769,-6.8976388],[112.1715158,-6.8976327],[112.1715673,-6.8976232],[112.1716293,-6.8976121],[112.1716851,-6.897601],[112.1717369,-6.897591],[112.1717762,-6.8975825],[112.1718084,-6.8975742],[112.171838,-6.8975633],[112.1718701,-6.8975464],[112.171905,-6.8975334],[112.1719435,-6.89753],[112.1719805,-6.8975322],[112.1720134,-6.8975225],[112.1720411,-6.8975009],[112.1720667,-6.8974807],[112.1720933,-6.8974652],[112.1721479,-6.8974428],[112.1721817,-6.8974405],[112.1722099,-6.8974398],[112.1722361,-6.8974395],[112.1722576,-6.8974377],[112.1722775,-6.8974349],[112.1722969,-6.8974291],[112.1723135,-6.8974194],[112.1723267,-6.8974028],[112.1723371,-6.8973803],[112.1723475,-6.8973533],[112.1723575,-6.8973199],[112.172366,-6.8972913],[112.1723723,-6.8972667],[112.1723778,-6.8972401],[112.1723843,-6.8972166],[112.172394,-6.8971904],[112.1724068,-6.8971661],[112.1724206,-6.8971363],[112.1724322,-6.8971141],[112.1724417,-6.8970993],[112.1724526,-6.8970875],[112.1724657,-6.8970734],[112.1724794,-6.8970528],[112.1724884,-6.8970313],[112.1724907,-6.897004],[112.1724836,-6.8969744],[112.1724646,-6.8969406],[112.1724403,-6.8969071],[112.1724116,-6.8968657],[112.1723899,-6.8968233],[112.1723811,-6.8967838],[112.1723862,-6.8967491],[112.1724005,-6.8967199],[112.172423,-6.8966956],[112.1724489,-6.896674],[112.1724764,-6.8966511],[112.1725046,-6.8966236],[112.1725243,-6.8965998],[112.1725418,-6.8965754],[112.172558,-6.8965499],[112.172574,-6.8965233],[112.1725853,-6.8964972],[112.1725923,-6.8964706],[112.1725941,-6.8964387],[112.1725895,-6.8964033],[112.1725747,-6.8963697],[112.1725451,-6.8963404],[112.1725037,-6.8963165],[112.1724551,-6.8962934],[112.1724088,-6.8962707],[112.17236,-6.8962437],[112.172317,-6.8962122],[112.1722793,-6.8961773],[112.1722504,-6.8961426],[112.1722247,-6.8961081],[112.1721997,-6.8960702],[112.1721782,-6.8960306],[112.1721588,-6.8959897],[112.172144,-6.8959471],[112.1721364,-6.8959145],[112.1721343,-6.8958849],[112.1721345,-6.8958562],[112.1721424,-6.8958248],[112.1721597,-6.8957933],[112.1721981,-6.8957651],[112.1722342,-6.8957477],[112.1722747,-6.895735],[112.1723064,-6.8957253],[112.1723348,-6.8957142],[112.172358,-6.8957003],[112.1723799,-6.8956807],[112.1723989,-6.8956554],[112.1724144,-6.8956228],[112.1724271,-6.8955861],[112.1724366,-6.8955474],[112.172441,-6.8955143],[112.172441,-6.8954898],[112.1724477,-6.8954604],[112.1724591,-6.8954262],[112.1724618,-6.8953855],[112.1724694,-6.8953608],[112.1724634,-6.8953265],[112.1724502,-6.8952792],[112.1724384,-6.8952244],[112.1724352,-6.8951774],[112.172441,-6.8951525],[112.1724535,-6.8951468],[112.1724678,-6.8951574],[112.1724856,-6.8951815],[112.1725034,-6.8952143],[112.1725245,-6.8952557],[112.1725439,-6.8952939],[112.1725673,-6.8953261],[112.1726004,-6.8953492],[112.1726469,-6.8953619],[112.1727116,-6.8953628],[112.1727711,-6.8953552],[112.1728324,-6.8953439],[112.172884,-6.8953309],[112.1729244,-6.8953154],[112.1729524,-6.8952997],[112.1729625,-6.8952926],[112.1730314,-6.895254],[112.1730665,-6.8952392],[112.1730986,-6.8952326],[112.1731474,-6.8952254],[112.1731932,-6.8952213],[112.1732348,-6.8952125],[112.1732813,-6.8952009],[112.1733255,-6.8951884],[112.1733764,-6.8951743],[112.173422,-6.8951628],[112.1734717,-6.8951523],[112.173527,-6.895144],[112.1735867,-6.8951389],[112.1736445,-6.8951343],[112.1737032,-6.8951308],[112.1737627,-6.8951253],[112.1738235,-6.895116],[112.1738816,-6.8951015],[112.1739311,-6.8950857],[112.1739702,-6.89507],[112.1740028,-6.8950545],[112.1740275,-6.8950381],[112.1740493,-6.8950185],[112.1740678,-6.8949938],[112.1740791,-6.8949637],[112.1740794,-6.8949353],[112.174072,-6.8949058],[112.1740618,-6.8948785],[112.1740532,-6.8948528],[112.1740463,-6.8948283],[112.1740391,-6.8948017],[112.1740317,-6.8947742],[112.1740227,-6.8947443],[112.174013,-6.8947133],[112.174006,-6.8946816],[112.1740044,-6.8946527],[112.17401,-6.8946287],[112.1740248,-6.8946139],[112.1740412,-6.8945991],[112.1740599,-6.8945799],[112.1740696,-6.8945549],[112.1740777,-6.8945442],[112.1740879,-6.8945496],[112.1740965,-6.8945681],[112.1741097,-6.894587],[112.1741291,-6.8945988],[112.1741673,-6.8946058],[112.1742061,-6.8946067],[112.1742464,-6.894603],[112.1742801,-6.894594],[112.174309,-6.894581],[112.1743303,-6.8945688],[112.1743479,-6.8945572],[112.1743646,-6.8945454],[112.1743812,-6.8945297],[112.1743995,-6.8945075],[112.1744145,-6.8944829],[112.1744272,-6.894455],[112.1744363,-6.8944249],[112.1744414,-6.8943904],[112.1744467,-6.8943481],[112.1744532,-6.8943132],[112.1744638,-6.8942822],[112.1744754,-6.894256],[112.1744902,-6.8942317],[112.174505,-6.8942088],[112.1745207,-6.8941827],[112.1745262,-6.8941494],[112.1745158,-6.8941246],[112.1744895,-6.8941066],[112.1744687,-6.8940969],[112.1744543,-6.8940851],[112.1744478,-6.8940691],[112.1744464,-6.8940418],[112.1744555,-6.8940187],[112.1744754,-6.893997],[112.1744985,-6.8939741],[112.1745177,-6.8939426],[112.1745313,-6.8939028],[112.1745468,-6.8938626],[112.1745732,-6.8938306],[112.1746042,-6.8938032],[112.1746396,-6.8937762],[112.174669,-6.8937517],[112.174693,-6.8937348],[112.1747173,-6.8937229],[112.1747428,-6.8937168],[112.1747673,-6.8937145],[112.1747929,-6.8937124],[112.1748158,-6.8937046],[112.1748357,-6.8936879],[112.1748482,-6.8936662],[112.1748529,-6.8936412],[112.174848,-6.8936144],[112.174835,-6.8935875],[112.1748191,-6.8935651],[112.1748045,-6.8935471],[112.1747962,-6.8935306],[112.1747983,-6.8935126],[112.1748121,-6.8934969],[112.1748357,-6.8934892],[112.1748614,-6.8934915],[112.1748924,-6.8935017],[112.1749211,-6.8935094],[112.174947,-6.8935068],[112.1749671,-6.893492],[112.1749854,-6.8934668],[112.1750041,-6.8934437],[112.1750247,-6.8934233],[112.1750472,-6.8934055],[112.1750733,-6.8933893],[112.1751057,-6.8933768],[112.1751473,-6.8933703],[112.1751903,-6.8933708],[112.1752304,-6.8933784],[112.1752671,-6.8933907],[112.1753071,-6.8934041],[112.1753462,-6.8934122],[112.1753807,-6.8934115],[112.1754108,-6.8934016],[112.1754378,-6.8933879],[112.1754654,-6.893375],[112.175498,-6.8933653],[112.1755315,-6.8933604],[112.1755669,-6.8933581],[112.1756032,-6.8933567],[112.1756358,-6.8933537],[112.1756657,-6.8933491],[112.1756881,-6.8933484],[112.175711,-6.8933514],[112.1757378,-6.893359],[112.1757728,-6.8933648],[112.1758128,-6.8933687],[112.1758574,-6.8933676],[112.1759021,-6.8933629],[112.1759578,-6.8933525],[112.1759955,-6.8933347],[112.176023,-6.8933123],[112.1760422,-6.8932885],[112.1760621,-6.8932672],[112.1760825,-6.8932473],[112.1761033,-6.8932262],[112.1761193,-6.893204],[112.176126,-6.893176],[112.176117,-6.8931481],[112.1760941,-6.8931143],[112.1760647,-6.8930826],[112.1760478,-6.8930488],[112.1760478,-6.8930146],[112.1760656,-6.8929864],[112.1760917,-6.892963],[112.1761227,-6.8929415],[112.1761579,-6.8929096],[112.1761956,-6.8928763],[112.1762352,-6.8928434],[112.1762893,-6.8928063],[112.1763318,-6.8927832],[112.1763772,-6.8927684],[112.1764082,-6.8927651],[112.1764371,-6.8927671],[112.1764591,-6.892778],[112.1764792,-6.8927944],[112.1764984,-6.8928147],[112.1765164,-6.8928312],[112.1765373,-6.8928474],[112.1765618,-6.8928626],[112.1765881,-6.8928767],[112.1766168,-6.8928851],[112.1766416,-6.8928837],[112.1766601,-6.8928705],[112.1766675,-6.8928508],[112.1766661,-6.8928231],[112.1766631,-6.8927898],[112.1766672,-6.8927507],[112.1766821,-6.8927125],[112.1767022,-6.8926831],[112.1767228,-6.8926628],[112.176744,-6.8926477],[112.1767674,-6.8926357],[112.1767915,-6.8926292],[112.1768171,-6.8926297],[112.1768398,-6.8926369],[112.176862,-6.8926466],[112.1768849,-6.8926514],[112.1769087,-6.8926466],[112.1769254,-6.8926283],[112.1769302,-6.8926017],[112.1769254,-6.8925665],[112.1769212,-6.8925383],[112.1769224,-6.8925147],[112.1769305,-6.8925032],[112.1769427,-6.8925015],[112.1769596,-6.8925101],[112.1769797,-6.8925265],[112.1770024,-6.8925409],[112.1770297,-6.8925492],[112.1770607,-6.892549],[112.1770896,-6.8925425],[112.1771097,-6.8925309],[112.1771206,-6.8925138],[112.1771276,-6.8924909],[112.1771336,-6.8924682],[112.1771437,-6.8924511],[112.1771588,-6.8924414],[112.1771801,-6.8924389],[112.1772085,-6.8924421],[112.1772437,-6.892449],[112.177289,-6.8924569],[112.1773256,-6.8924636],[112.1773584,-6.8924682],[112.1773827,-6.8924692],[112.1774054,-6.8924657],[112.1774266,-6.8924553],[112.1774435,-6.8924419],[112.1774567,-6.8924257],[112.1774646,-6.8924095],[112.1774669,-6.8923944],[112.177465,-6.892378],[112.177463,-6.8923607],[112.1774678,-6.8923415],[112.1774826,-6.8923241],[112.1775067,-6.892307],[112.17754,-6.8922883],[112.1775728,-6.89227],[112.1776096,-6.8922515],[112.1776378,-6.8922351],[112.177667,-6.89222],[112.1776968,-6.8922059],[112.1777294,-6.892193],[112.1777618,-6.8921821],[112.177796,-6.8921756],[112.177833,-6.8921731],[112.1778717,-6.8921749],[112.1779105,-6.8921809],[112.1779485,-6.8921877],[112.1779772,-6.8921884],[112.1779952,-6.8921793],[112.178001,-6.8921655],[112.1779966,-6.892153],[112.1779864,-6.89214],[112.1779769,-6.8921227],[112.1779788,-6.8921025],[112.1779973,-6.8920833],[112.1780273,-6.8920702],[112.1780653,-6.8920651],[112.1781111,-6.8920683],[112.1781657,-6.8920787],[112.1782207,-6.8920921],[112.1782651,-6.8921037],[112.1782929,-6.8921139],[112.1783132,-6.8921245],[112.1783387,-6.8921382],[112.1783671,-6.8921481],[112.1784025,-6.892146],[112.1784298,-6.8921342],[112.1784601,-6.8921106],[112.17848,-6.8920924],[112.1785041,-6.8920762],[112.1785258,-6.8920708],[112.1785573,-6.8920736],[112.1785873,-6.8920863],[112.1786165,-6.8921039],[112.1786456,-6.8921245],[112.1786759,-6.8921423],[112.1787104,-6.8921562],[112.1787368,-6.8921517],[112.1787481,-6.8921262],[112.1787382,-6.8920703],[112.1787231,-6.8920226],[112.1787065,-6.891979],[112.1786947,-6.8919441],[112.1786905,-6.8919115],[112.1786986,-6.8918874],[112.1787173,-6.8918659],[112.1787444,-6.891846],[112.1787754,-6.8918233],[112.1788071,-6.891796],[112.1788353,-6.8917681],[112.178864,-6.8917463],[112.1788929,-6.8917299],[112.1789227,-6.8917165],[112.1789549,-6.891701],[112.1789889,-6.8916834],[112.1790266,-6.891664],[112.1790638,-6.8916448],[112.1791029,-6.8916249],[112.179139,-6.8916041],[112.1791739,-6.8915809],[112.1792012,-6.8915564],[112.179223,-6.8915347],[112.1792473,-6.8915102],[112.1792806,-6.891484],[112.1793176,-6.8914579],[112.1793564,-6.8914347],[112.1793976,-6.8914155],[112.1794467,-6.8914007],[112.1794955,-6.8913924],[112.1795491,-6.8913938],[112.1796012,-6.8914054],[112.1796548,-6.8914239],[112.1796981,-6.8914412],[112.1797393,-6.8914512],[112.179771,-6.89145],[112.1798001,-6.8914396],[112.1798272,-6.8914273],[112.1798575,-6.8914172],[112.1798961,-6.8914109],[112.1799373,-6.8914054],[112.1799794,-6.8913959],[112.1800154,-6.8913806],[112.1800478,-6.8913633],[112.1800781,-6.891348],[112.1801084,-6.8913364],[112.1801413,-6.8913311],[112.1801704,-6.8913339],[112.1801975,-6.8913448],[112.1802236,-6.8913619],[112.1802481,-6.8913799],[112.1802724,-6.891398],[112.1802963,-6.8914165],[112.1803203,-6.8914387],[112.1803411,-6.891463],[112.1803603,-6.8914886],[112.1803791,-6.891509],[112.1804061,-6.8915229],[112.1804408,-6.8915303],[112.1804834,-6.891527],[112.1805259,-6.8915164],[112.1805634,-6.8914986],[112.1805963,-6.8914817],[112.1806291,-6.8914681],[112.1806647,-6.8914586],[112.1807015,-6.8914516],[112.1807489,-6.8914463],[112.1807889,-6.891447],[112.1808209,-6.8914544],[112.1808449,-6.891469],[112.1808681,-6.8914886],[112.180891,-6.8915141],[112.1809108,-6.8915414],[112.1809263,-6.8915682],[112.1809398,-6.8915934],[112.1809511,-6.8916161],[112.1809615,-6.8916348],[112.1809696,-6.8916487],[112.1809789,-6.8916589],[112.1809918,-6.8916585],[112.1810112,-6.8916491],[112.1810381,-6.8916236],[112.181057,-6.8916012],[112.1810732,-6.8915749],[112.1810855,-6.8915502],[112.1810954,-6.8915229],[112.1811033,-6.8914947],[112.1811114,-6.8914699],[112.1811216,-6.89145],[112.1811343,-6.8914341],[112.18115,-6.8914192],[112.181169,-6.8914031],[112.1811882,-6.8913869],[112.1812074,-6.891373],[112.1812268,-6.8913628],[112.1812488,-6.8913573],[112.1812694,-6.8913579],[112.1812907,-6.891366],[112.1813122,-6.8913869],[112.18133,-6.8914142],[112.1813422,-6.8914449],[112.1813508,-6.8914713],[112.1813614,-6.8914933],[112.1813744,-6.8915055],[112.1813887,-6.8915041],[112.1814001,-6.8914875],[112.1814079,-6.89146],[112.1814135,-6.891432],[112.1814202,-6.8914058],[112.181432,-6.8913839],[112.1814493,-6.891366],[112.1814734,-6.8913496],[112.1814984,-6.8913348],[112.1815227,-6.8913184],[112.1815465,-6.8912999],[112.1815682,-6.8912775],[112.1815877,-6.8912497],[112.1816045,-6.8912141],[112.1816163,-6.8911743],[112.1816244,-6.8911324],[112.1816286,-6.891098],[112.1816323,-6.8910663],[112.1816388,-6.8910394],[112.1816506,-6.8910133],[112.1816658,-6.8909885],[112.1816846,-6.8909661],[112.1817031,-6.8909529],[112.1817251,-6.8909465],[112.181744,-6.890943],[112.1817651,-6.8909353],[112.1817813,-6.8909205],[112.1817945,-6.8908979],[112.1817991,-6.890875],[112.1817956,-6.8908555],[112.1817824,-6.8908384],[112.1817588,-6.8908211],[112.1817304,-6.8908035],[112.1817029,-6.8907818],[112.181683,-6.8907528],[112.1816751,-6.8907218],[112.18168,-6.8906973],[112.1816906,-6.8906742],[112.1817042,-6.8906483],[112.1817197,-6.8906231],[112.1817371,-6.8906006],[112.1817591,-6.8905826],[112.1817813,-6.890574],[112.1818095,-6.8905706],[112.1818345,-6.8905692],[112.1818564,-6.8905646],[112.1818706,-6.8905551],[112.1818777,-6.890535],[112.1818743,-6.8905053],[112.1818643,-6.8904607],[112.1818569,-6.890414],[112.1818588,-6.8903737],[112.1818682,-6.8903402],[112.181881,-6.890309],[112.1818958,-6.8902757],[112.1819115,-6.8902391],[112.1819293,-6.8902039],[112.181949,-6.8901716],[112.1819707,-6.8901454],[112.1819971,-6.890123],[112.1820299,-6.8901015],[112.1820688,-6.8900818],[112.1821125,-6.8900652],[112.1821544,-6.8900545],[112.1821939,-6.8900462],[112.182227,-6.8900365],[112.1822541,-6.8900208],[112.1822758,-6.8899979],[112.1822918,-6.8899687],[112.1823031,-6.8899344],[112.1823084,-6.8899027],[112.182311,-6.8898689],[112.1823174,-6.8898439],[112.1823355,-6.8898237],[112.1823674,-6.8898105],[112.1824046,-6.8898068],[112.1824423,-6.8898144],[112.1824729,-6.8898329],[112.1824983,-6.8898568],[112.1825182,-6.889876],[112.1825383,-6.8898864],[112.1825568,-6.8898831],[112.1825772,-6.8898776],[112.1825897,-6.8898692],[112.1825966,-6.8898556],[112.1825941,-6.8898352],[112.182586,-6.8898096],[112.182577,-6.8897765],[112.18257,-6.8897339],[112.1825682,-6.8896821],[112.1825726,-6.8896361],[112.1825832,-6.8895894],[112.1825989,-6.8895498],[112.1826161,-6.8895209],[112.1826316,-6.8895084],[112.1826468,-6.8895035],[112.1826584,-6.8894936],[112.1826635,-6.8894746],[112.1826642,-6.8894538],[112.1826704,-6.8894325],[112.1826852,-6.8894136],[112.1827125,-6.8893939],[112.1827447,-6.8893816],[112.1827833,-6.8893775],[112.1828226,-6.8893828],[112.1828606,-6.8893953],[112.1828916,-6.8894124],[112.1829158,-6.8894348],[112.1829323,-6.8894617],[112.1829371,-6.8894892],[112.1829309,-6.889516],[112.1829186,-6.889538],[112.1829073,-6.8895598],[112.1829022,-6.8895796],[112.1829075,-6.8895977],[112.1829198,-6.889606],[112.1829411,-6.8896076],[112.1829621,-6.8896016],[112.1829822,-6.8895907],[112.1829966,-6.8895755],[112.1830049,-6.889556],[112.1830109,-6.8895343],[112.1830185,-6.8895082],[112.1830262,-6.8894804],[112.1830333,-6.8894422],[112.1830442,-6.8893983],[112.1830599,-6.8893608],[112.1830842,-6.8893358],[112.183115,-6.8893197],[112.1831511,-6.8893065],[112.1831751,-6.8892949],[112.1831886,-6.8892836],[112.1831925,-6.8892704],[112.1831902,-6.8892574],[112.1831814,-6.8892429],[112.1831659,-6.8892297],[112.183146,-6.8892144],[112.1831203,-6.8891922],[112.1831002,-6.8891647],[112.1830886,-6.8891311],[112.1830896,-6.8890988],[112.1831013,-6.8890668],[112.1831215,-6.8890379],[112.1831506,-6.8890118],[112.1831869,-6.8889891],[112.1832267,-6.8889669],[112.1832672,-6.8889445],[112.1833072,-6.8889253],[112.1833438,-6.8889144],[112.1833798,-6.8889156],[112.1834125,-6.8889204],[112.1834411,-6.8889195],[112.183468,-6.8889019],[112.1834897,-6.8888836],[112.1835145,-6.8888649],[112.1835388,-6.8888536],[112.1835702,-6.8888466],[112.183598,-6.8888452],[112.1836234,-6.8888494],[112.1836373,-6.8888577],[112.1836445,-6.8888693],[112.1836613,-6.8888802],[112.1836974,-6.8888906],[112.1837472,-6.888897],[112.1837902,-6.8888975],[112.1838258,-6.888895],[112.1838607,-6.8888938],[112.1838945,-6.8888954],[112.1839315,-6.8889019],[112.1839688,-6.8889119],[112.1840044,-6.8889269],[112.1840342,-6.8889435],[112.1840617,-6.8889637],[112.1840867,-6.8889812],[112.1841136,-6.8889972],[112.1841372,-6.8890122],[112.1841582,-6.8890307],[112.1841705,-6.8890493],[112.1841753,-6.8890722],[112.1841751,-6.8890969],[112.1841753,-6.8891242],[112.1841793,-6.8891517],[112.1841876,-6.8891809],[112.1841996,-6.8892107],[112.1842139,-6.8892468],[112.1842276,-6.8892843],[112.1842373,-6.889324],[112.1842433,-6.8893587],[112.1842498,-6.88939],[112.1842572,-6.8894191],[112.1842655,-6.8894478],[112.184272,-6.8894793],[112.1842776,-6.8895137],[112.1842799,-6.8895517],[112.1842843,-6.8895815],[112.1842954,-6.8896037],[112.1843113,-6.8896143],[112.1843291,-6.8896104],[112.1843375,-6.8895921],[112.1843335,-6.8895598],[112.184324,-6.8895336],[112.1843127,-6.8895065],[112.1843021,-6.8894797],[112.1842942,-6.8894513],[112.1842877,-6.8894193],[112.1842857,-6.8893851],[112.184288,-6.8893493],[112.1842963,-6.8893148],[112.1843067,-6.8892806],[112.184315,-6.8892491],[112.184318,-6.8892163],[112.1843169,-6.8891823],[112.1843164,-6.8891499],[112.1843213,-6.8891207],[112.1843308,-6.8890951],[112.1843442,-6.8890668],[112.1843502,-6.8890349],[112.1843488,-6.8890048],[112.1843421,-6.8889713],[112.1843382,-6.8889308],[112.1843421,-6.8888894],[112.1843557,-6.8888482],[112.184374,-6.8888142],[112.184396,-6.8887823],[112.1844214,-6.8887519],[112.1844497,-6.8887209],[112.1844765,-6.8886969],[112.1844973,-6.888677],[112.184516,-6.8886586],[112.1845396,-6.8886417],[112.1845609,-6.8886303],[112.1845799,-6.888619],[112.184588,-6.8886091],[112.1845829,-6.8885968],[112.1845672,-6.8885859],[112.1845477,-6.8885741],[112.1845297,-6.8885603],[112.1845156,-6.8885427],[112.1845116,-6.8885226],[112.1845165,-6.8885091],[112.184532,-6.8885006],[112.1845454,-6.8885001],[112.1845604,-6.8885038],[112.1845792,-6.8885089],[112.1846002,-6.8885101],[112.1846192,-6.8885094],[112.1846347,-6.8885101],[112.1846516,-6.8885149],[112.1846694,-6.8885237],[112.1846904,-6.8885357],[112.1847106,-6.8885475],[112.1847325,-6.8885596],[112.1847522,-6.8885691],[112.1847689,-6.8885734],[112.1847767,-6.8885695],[112.1847751,-6.888557],[112.1847672,-6.8885383],[112.1847571,-6.8885177],[112.184748,-6.8884936],[112.1847443,-6.8884701],[112.1847476,-6.8884467],[112.1847596,-6.888428],[112.1847844,-6.8884108],[112.1848163,-6.8883953],[112.1848514,-6.8883773],[112.1848769,-6.8883599],[112.1848963,-6.8883414],[112.1849088,-6.8883199],[112.184916,-6.8882956],[112.1849206,-6.8882633],[112.1849308,-6.8882385],[112.1849479,-6.8882165],[112.1849717,-6.8881994],[112.1849895,-6.8881892],[112.1850039,-6.8881876],[112.1850177,-6.888198],[112.1850335,-6.8882189],[112.185052,-6.888248],[112.1850686,-6.8882637],[112.1850848,-6.8882679],[112.1851012,-6.8882619],[112.1851174,-6.8882584],[112.1851325,-6.8882616],[112.1851475,-6.8882723],[112.1851621,-6.8882825],[112.1851817,-6.8882855],[112.1851991,-6.8882866],[112.1852194,-6.8882885],[112.185241,-6.8882945],[112.185265,-6.8883026],[112.1852912,-6.8883088],[112.1853182,-6.8883098],[112.1853439,-6.888303],[112.1853647,-6.8882915],[112.1853855,-6.888276],[112.1854096,-6.88826],[112.1854424,-6.888242],[112.1854785,-6.8882219],[112.1855114,-6.8882043],[112.1855396,-6.8881892],[112.1855648,-6.8881777],[112.1855921,-6.8881691],[112.1856231,-6.8881659],[112.1856585,-6.888167],[112.185698,-6.8881726],[112.1857283,-6.8881805],[112.1857552,-6.8881939],[112.1857744,-6.8882117],[112.1857922,-6.8882364],[112.1858102,-6.8882626],[112.1858278,-6.8882836],[112.1858498,-6.8883],[112.1858738,-6.8883148],[112.1859057,-6.8883345],[112.1859441,-6.8883604],[112.1859839,-6.8883898],[112.1860232,-6.8884178],[112.1860566,-6.8884395],[112.1860899,-6.888458],[112.1861172,-6.8884728],[112.1861426,-6.8884867],[112.1861643,-6.8884964],[112.1861796,-6.8884985],[112.1861815,-6.8884888],[112.1861741,-6.8884744],[112.18616,-6.8884562],[112.1861405,-6.8884365],[112.1861269,-6.8884164],[112.1861216,-6.8883898],[112.1861271,-6.888362],[112.1861428,-6.8883278],[112.1861595,-6.8882989],[112.1861764,-6.8882718],[112.1861916,-6.8882466],[112.1862092,-6.8882232],[112.1862261,-6.8882003],[112.1862423,-6.8881756],[112.1862548,-6.8881474],[112.1862675,-6.8881145],[112.186286,-6.8880819],[112.1863147,-6.8880586],[112.1863526,-6.888044],[112.1863947,-6.8880366],[112.1864315,-6.8880313],[112.1864634,-6.8880285],[112.186491,-6.8880262],[112.1865176,-6.8880171],[112.1865384,-6.8880007],[112.1865573,-6.887976],[112.1865738,-6.8879556],[112.1865927,-6.8879385],[112.1866189,-6.8879258],[112.1866568,-6.8879179],[112.1866989,-6.8879184],[112.1867422,-6.8879272],[112.1867792,-6.8879373],[112.1868099,-6.8879487],[112.1868345,-6.8879602],[112.1868571,-6.8879744],[112.186874,-6.8879878],[112.1868902,-6.8880035],[112.1869096,-6.8880239],[112.1869335,-6.8880503],[112.1869587,-6.8880804],[112.1869823,-6.8881126],[112.1870028,-6.8881336],[112.1870183,-6.8881448],[112.187032,-6.8881439],[112.1870408,-6.8881342],[112.1870454,-6.8881143],[112.1870477,-6.888093],[112.1870521,-6.8880694],[112.1870623,-6.8880488],[112.1870794,-6.8880269],[112.1870988,-6.8880056],[112.1871187,-6.887982],[112.1871377,-6.8879549],[112.1871557,-6.8879288],[112.1871782,-6.8878999],[112.1872006,-6.8878844],[112.1872254,-6.8878784],[112.1872524,-6.8878832],[112.1872779,-6.887892],[112.1873029,-6.8879017],[112.1873271,-6.8879089],[112.187354,-6.8879087],[112.1873753,-6.8879043],[112.1873949,-6.8878983],[112.1874118,-6.8878964],[112.1874291,-6.8878996],[112.1874479,-6.8879101],[112.1874682,-6.8879235],[112.1874891,-6.887939],[112.1875133,-6.8879561],[112.1875397,-6.8879739],[112.1875654,-6.8879912],[112.1875925,-6.8880088],[112.1876158,-6.8880271],[112.1876371,-6.8880502],[112.1876524,-6.8880717],[112.1876695,-6.8880914],[112.1876942,-6.888106],[112.187728,-6.8881166],[112.1877618,-6.8881231],[112.1877877,-6.8881291],[112.1878099,-6.888137],[112.1878309,-6.8881499],[112.1878478,-6.8881617],[112.1878649,-6.8881719],[112.1878804,-6.8881754],[112.1879033,-6.8881749],[112.1879276,-6.8881747],[112.1879507,-6.8881793],[112.1879628,-6.8881885],[112.1879667,-6.8882036],[112.1879632,-6.88822],[112.1879621,-6.888235],[112.1879695,-6.8882496],[112.1879898,-6.8882612],[112.1880141,-6.8882656],[112.1880299,-6.8882593],[112.1880336,-6.8882445],[112.1880269,-6.8882193],[112.1880194,-6.8881913],[112.1880171,-6.8881617],[112.188025,-6.8881351],[112.1880463,-6.8881143],[112.1880764,-6.8881018],[112.188108,-6.8880935],[112.1881351,-6.8880835],[112.1881555,-6.8880699],[112.18817,-6.8880521],[112.1881765,-6.888032],[112.1881821,-6.8880146],[112.1881915,-6.888],[112.1882096,-6.8879882],[112.1882329,-6.8879794],[112.1882683,-6.8879704],[112.1883206,-6.8879616],[112.1883981,-6.8879596],[112.1884656,-6.8879651],[112.1885297,-6.8879727],[112.1885755,-6.8879732],[112.1886188,-6.8879651],[112.1886465,-6.887954],[112.1886701,-6.8879434],[112.1886926,-6.8879355],[112.1887194,-6.8879309],[112.1887511,-6.8879265],[112.1887837,-6.8879209],[112.1888147,-6.8879124],[112.1888431,-6.8879064],[112.188866,-6.8879054],[112.1888885,-6.8879119],[112.1889049,-6.8879272],[112.1889167,-6.8879498],[112.1889241,-6.8879748],[112.1889317,-6.8880005],[112.1889428,-6.8880248],[112.1889537,-6.8880403],[112.1889639,-6.8880433],[112.1889687,-6.8880287],[112.1889741,-6.8880081],[112.1889868,-6.8879903],[112.1890143,-6.8879818],[112.1890541,-6.8879841],[112.189099,-6.8879931],[112.1891503,-6.8880084],[112.1891926,-6.8880239],[112.1892267,-6.8880398],[112.1892586,-6.8880544],[112.1892997,-6.8880715],[112.1893472,-6.8880879],[112.1893897,-6.8881062],[112.1894288,-6.8881252],[112.189458,-6.8881421],[112.1894825,-6.8881499],[112.1895086,-6.8881465],[112.1895334,-6.8881335],[112.1895607,-6.8881127],[112.1895812,-6.8880872],[112.1896018,-6.8880676],[112.1896222,-6.8880611],[112.1896472,-6.8880678],[112.1896719,-6.8880838],[112.1897034,-6.8881122],[112.189742,-6.8881495],[112.189798,-6.888195],[112.1898479,-6.8882258],[112.1899,-6.8882464],[112.1899384,-6.8882633],[112.1899678,-6.8882829],[112.1899911,-6.8883084],[112.1900117,-6.8883345],[112.1900323,-6.8883602],[112.1900522,-6.8883852],[112.1900658,-6.8884076],[112.1900769,-6.8884321],[112.1900855,-6.8884529],[112.1900985,-6.8884698],[112.1901114,-6.888474],[112.1901232,-6.8884682],[112.1901322,-6.8884585],[112.1901424,-6.8884513],[112.1901549,-6.8884495],[112.1901716,-6.8884525],[112.1901905,-6.8884606],[112.1902095,-6.8884696],[112.1902282,-6.88848],[112.1902527,-6.8884879],[112.1902736,-6.8884881],[112.1902902,-6.8884814],[112.1903089,-6.888467],[112.1903263,-6.8884515],[112.1903443,-6.8884351],[112.1903596,-6.8884182],[112.1903742,-6.8883956],[112.1903853,-6.8883685],[112.1903992,-6.8883387],[112.1904172,-6.8883151],[112.1904466,-6.8882991],[112.1904769,-6.8882924],[112.1905063,-6.8882922],[112.1905261,-6.8882989],[112.1905396,-6.8883123],[112.1905444,-6.888334],[112.190543,-6.8883593],[112.1905349,-6.8883828],[112.1905347,-6.8884002],[112.1905437,-6.8884127],[112.1905581,-6.888415],[112.1905703,-6.8884092],[112.1905826,-6.8883995],[112.1905962,-6.8883933],[112.1906136,-6.8883921],[112.1906339,-6.8883972],[112.1906545,-6.8884071],[112.1906777,-6.8884192],[112.190701,-6.888431],[112.1907302,-6.8884451],[112.1907588,-6.8884615],[112.1907891,-6.8884832],[112.1908164,-6.8885047],[112.1908423,-6.888526],[112.1908687,-6.8885459],[112.1908944,-6.8885623],[112.1909215,-6.8885737],[112.1909383,-6.8885834],[112.1909506,-6.8885954],[112.1909596,-6.8886065],[112.1909679,-6.8886002],[112.190973,-6.8885738],[112.1909679,-6.8885125],[112.1909645,-6.8884563],[112.1909619,-6.8883926],[112.1909654,-6.888356],[112.1909726,-6.8883255],[112.1909839,-6.8883028],[112.1909976,-6.8882825],[112.1910103,-6.8882626],[112.1910188,-6.8882427],[112.1910228,-6.8882151],[112.1910253,-6.8881883],[112.1910304,-6.8881525],[112.1910406,-6.8881252],[112.1910595,-6.8881011],[112.1910894,-6.8880812],[112.1911282,-6.8880611],[112.1911706,-6.8880405],[112.1912048,-6.8880215],[112.191233,-6.8880028],[112.1912603,-6.8879806],[112.1912867,-6.8879484],[112.1913098,-6.8879119],[112.1913369,-6.8878661],[112.1913584,-6.88784],[112.1913799,-6.8878219],[112.1913996,-6.8878092],[112.1914202,-6.8877907],[112.1914421,-6.8877696],[112.1914669,-6.8877484],[112.1914919,-6.887728],[112.191518,-6.8877088],[112.1915437,-6.8876963],[112.1915707,-6.8876912],[112.1915987,-6.8876929],[112.1916207,-6.8877019],[112.1916376,-6.8877162],[112.1916517,-6.8877359],[112.1916653,-6.887753],[112.1916834,-6.8877669],[112.191704,-6.8877701],[112.1917287,-6.8877634],[112.1917514,-6.8877484],[112.1917722,-6.8877319],[112.1917946,-6.8877148],[112.1918245,-6.8876975],[112.1918606,-6.8876811],[112.1919017,-6.8876653],[112.1919462,-6.887651],[112.1919848,-6.8876392],[112.1920209,-6.8876276],[112.1920576,-6.8876144],[112.1920863,-6.8876026],[112.1921115,-6.887592],[112.1921342,-6.8875869],[112.1921562,-6.8875892],[112.1921756,-6.8875996],[112.1921918,-6.8876131],[112.1922108,-6.8876214],[112.1922341,-6.8876228],[112.192264,-6.8876216],[112.1922968,-6.8876209],[112.1923324,-6.8876188],[112.1923708,-6.8876091],[112.1924104,-6.8875885],[112.1924412,-6.8875645],[112.1924654,-6.8875393],[112.1924856,-6.8875201],[112.1925087,-6.8875066],[112.1925388,-6.8874997],[112.1925732,-6.8874979],[112.1926098,-6.8874942],[112.1926473,-6.8874847],[112.1926792,-6.8874775],[112.1927127,-6.8874736],[112.1927453,-6.8874729],[112.1927779,-6.8874724],[112.1928099,-6.8874738],[112.1928411,-6.8874828],[112.192864,-6.8874953],[112.1928846,-6.8875066],[112.1929114,-6.8875154],[112.1929556,-6.8875224],[112.1930113,-6.8875293],[112.1930652,-6.8875372],[112.1931096,-6.8875423],[112.1931423,-6.8875441],[112.1931737,-6.8875432],[112.1932031,-6.8875388],[112.1932364,-6.8875314],[112.1932681,-6.8875191],[112.1932984,-6.887505],[112.1933275,-6.8874909],[112.1933595,-6.88748],[112.1933851,-6.8874761],[112.193411,-6.8874768],[112.193439,-6.88748],[112.1934649,-6.8874842],[112.1934869,-6.8874898],[112.193508,-6.8875011],[112.1935292,-6.8875184],[112.1935487,-6.887542],[112.1935575,-6.887571],[112.1935572,-6.8876038],[112.1935535,-6.8876405],[112.1935572,-6.8876703],[112.1935716,-6.8876994],[112.1935947,-6.8877154],[112.1936204,-6.8877222],[112.1936498,-6.8877174],[112.193674,-6.8877051],[112.193696,-6.8876882],[112.1937178,-6.8876711],[112.1937478,-6.8876598],[112.1937825,-6.8876561],[112.1938276,-6.8876572],[112.1938723,-6.8876577],[112.1939225,-6.8876558],[112.1939694,-6.8876519],[112.1940155,-6.8876466],[112.1940606,-6.8876413],[112.1941038,-6.887635],[112.194151,-6.8876299],[112.1941949,-6.8876269],[112.1942398,-6.8876242],[112.1942822,-6.88762],[112.1943166,-6.8876126],[112.1943458,-6.8876022],[112.1943705,-6.8875908],[112.194392,-6.8875793],[112.1944094,-6.8875673],[112.19442,-6.8875561],[112.1944205,-6.8875485],[112.1944115,-6.8875448],[112.1943916,-6.8875446],[112.1943691,-6.8875432],[112.1943481,-6.887536],[112.1943236,-6.8875198],[112.1943055,-6.8874992],[112.1942889,-6.8874745],[112.194278,-6.88745],[112.1942738,-6.8874262],[112.1942782,-6.8874053],[112.1942928,-6.8873859],[112.1943141,-6.8873693],[112.1943397,-6.887354],[112.1943631,-6.887341],[112.1943786,-6.887326],[112.1943855,-6.8873098],[112.1943895,-6.8872876],[112.1943946,-6.8872645],[112.1944022,-6.8872372],[112.1944108,-6.8872127],[112.1944228,-6.8871858],[112.1944353,-6.887159],[112.1944505,-6.8871252],[112.1944656,-6.8870928],[112.1944811,-6.8870605],[112.194495,-6.8870345],[112.1945065,-6.8870121],[112.1945153,-6.8869955],[112.1945241,-6.8869802],[112.194531,-6.8869656],[112.1945352,-6.886951],[112.194534,-6.8869362],[112.1945264,-6.8869264],[112.1945155,-6.8869197],[112.194501,-6.88691],[112.1944873,-6.8868912],[112.1944753,-6.8868627],[112.1944716,-6.8868317],[112.1944783,-6.8868012],[112.194494,-6.8867736],[112.1945132,-6.8867454],[112.1945331,-6.8867179],[112.1945528,-6.8866936],[112.1945736,-6.8866793],[112.1945953,-6.8866751],[112.1946141,-6.8866799],[112.194631,-6.8866934],[112.1946458,-6.8867093],[112.194661,-6.886723],[112.1946761,-6.8867253],[112.1946925,-6.8867153],[112.1947075,-6.8866952],[112.1947209,-6.8866739],[112.1947332,-6.8866524],[112.1947431,-6.8866298],[112.1947487,-6.886608],[112.1947526,-6.886589],[112.194761,-6.8865705],[112.1947737,-6.8865587],[112.1947973,-6.8865476],[112.1948313,-6.8865393],[112.1948736,-6.8865331],[112.1949178,-6.8865301],[112.1949687,-6.886525],[112.1950221,-6.8865176],[112.1950903,-6.8865048],[112.1951338,-6.8864928],[112.195166,-6.8864789],[112.1951863,-6.8864653],[112.1952041,-6.8864505],[112.1952243,-6.8864336],[112.1952504,-6.8864163],[112.1952816,-6.8864012],[112.1953143,-6.886391],[112.1953476,-6.8863853],[112.1953795,-6.886382],[112.1954042,-6.8863765],[112.1954239,-6.8863656],[112.1954399,-6.8863543],[112.1954558,-6.8863469],[112.1954766,-6.8863432],[112.1955062,-6.8863406],[112.1955345,-6.886336],[112.1955615,-6.8863277],[112.1955807,-6.8863168],[112.1955969,-6.8863041],[112.1956133,-6.886289],[112.1956323,-6.8862749],[112.1956499,-6.8862654],[112.1956682,-6.8862636],[112.1956887,-6.8862694],[112.1957165,-6.8862807],[112.195753,-6.8862879],[112.1957919,-6.8862846],[112.1958289,-6.8862765],[112.195862,-6.8862691],[112.1958969,-6.8862634],[112.1959277,-6.886258],[112.1959575,-6.8862518],[112.1959894,-6.8862453],[112.1960195,-6.8862391],[112.1960498,-6.8862338],[112.1960771,-6.8862287],[112.196109,-6.8862236],[112.1961433,-6.8862185],[112.1961861,-6.8862176],[112.1962282,-6.886222],[112.1962818,-6.8862351],[112.19632,-6.8862409],[112.1963602,-6.8862398],[112.1963977,-6.8862187],[112.1964241,-6.8861981],[112.1964454,-6.8861757],[112.1964625,-6.8861567],[112.1964803,-6.8861387],[112.1964983,-6.8861262],[112.1965175,-6.8861188],[112.1965425,-6.8861156],[112.1965666,-6.8861128],[112.1965888,-6.8861072],[112.1966043,-6.8860973],[112.1966135,-6.8860816],[112.1966177,-6.8860584],[112.1966188,-6.8860353],[112.1966151,-6.8860119],[112.1966073,-6.8859954],[112.1965948,-6.8859783],[112.1965874,-6.8859588],[112.1965853,-6.8859415],[112.1965876,-6.8859206],[112.1965904,-6.8858856],[112.1965946,-6.885822],[112.1965999,-6.8857283],[112.19661,-6.8856342],[112.1966279,-6.8855354],[112.1966524,-6.8854316],[112.1966771,-6.8853289],[112.1967058,-6.8852331],[112.1967169,-6.8852057],[112.1967338,-6.8851824],[112.1967435,-6.8851772],[112.1967611,-6.8851767],[112.1967792,-6.8851796],[112.1967907,-6.8851831],[112.1968099,-6.8851977],[112.1968365,-6.885201],[112.1968689,-6.8851936],[112.1969038,-6.8851845],[112.1969408,-6.8851788],[112.1969783,-6.8851792],[112.1970135,-6.8851841],[112.1970523,-6.8851908],[112.197097,-6.8851979],[112.1971448,-6.8852033],[112.1971948,-6.885207],[112.1972406,-6.8852086],[112.1972885,-6.8852097],[112.1973366,-6.8852111],[112.1973944,-6.8852132],[112.1974566,-6.8852155],[112.1975177,-6.8852197],[112.1975751,-6.8852239],[112.1976283,-6.8852287],[112.1976792,-6.8852326],[112.1977194,-6.8852357],[112.1977622,-6.8852389],[112.1978064,-6.8852419],[112.197855,-6.885244],[112.1979014,-6.8852461],[112.1979533,-6.8852481],[112.1980046,-6.8852502],[112.1980557,-6.8852521],[112.1981052,-6.8852535],[112.1981589,-6.8852555],[112.1982172,-6.8852588],[112.1982887,-6.8852632],[112.1983722,-6.885268],[112.198446,-6.8852715],[112.19852,-6.8852754],[112.1985808,-6.8852815],[112.1986356,-6.8852865],[112.1986733,-6.8852895],[112.1987041,-6.8852928],[112.1987251,-6.8852993],[112.1987446,-6.8853104],[112.1987714,-6.8853217],[112.1988061,-6.8853303],[112.1988612,-6.885334],[112.1989097,-6.885334],[112.1989641,-6.8853314],[112.1990092,-6.8853286],[112.1990536,-6.8853273],[112.1990975,-6.8853266],[112.1991436,-6.8853261],[112.1991866,-6.8853254],[112.199222,-6.8853256],[112.1992511,-6.885327],[112.1992819,-6.8853291],[112.1993131,-6.8853321],[112.199346,-6.8853372],[112.1993767,-6.8853462],[112.1994082,-6.8853585],[112.1994366,-6.8853707],[112.1994649,-6.8853805],[112.1994954,-6.8853865],[112.199525,-6.8853885],[112.1995551,-6.8853868],[112.1995865,-6.885384],[112.1996282,-6.8853803],[112.1996636,-6.8853776],[112.1997029,-6.8853735],[112.1997399,-6.8853689],[112.1997764,-6.8853633],[112.1998137,-6.8853587],[112.1998535,-6.8853548],[112.1998965,-6.8853522],[112.1999395,-6.8853492],[112.1999835,-6.8853465],[112.2000297,-6.8853434],[112.2000771,-6.88534],[112.2001202,-6.8853365],[112.2001574,-6.8853323],[112.2001849,-6.8853275],[112.2002046,-6.8853205],[112.2002171,-6.8853104],[112.2002245,-6.8852944],[112.200228,-6.8852761],[112.2002289,-6.8852523],[112.200228,-6.8852308],[112.2002252,-6.8852063],[112.2002178,-6.8851788],[112.2002069,-6.8851489],[112.2001891,-6.8851107],[112.2001745,-6.8850839],[112.2001597,-6.8850601],[112.2001468,-6.8850397],[112.2001327,-6.885018],[112.2001202,-6.8849969],[112.2001072,-6.8849754],[112.2000931,-6.8849518],[112.2000785,-6.8849285],[112.2000633,-6.8849046],[112.2000492,-6.8848815],[112.200036,-6.8848582],[112.2000256,-6.884839],[112.2000138,-6.8848235],[112.1999976,-6.8848093],[112.1999728,-6.8847952],[112.1999397,-6.8847811],[112.1999002,-6.8847689],[112.1998546,-6.8847601],[112.1998123,-6.8847536],[112.1997767,-6.8847492],[112.1997461,-6.8847448],[112.1997158,-6.8847323],[112.1996957,-6.8847134],[112.1996987,-6.8846805],[112.1997265,-6.8846689],[112.1997559,-6.8846641],[112.1997887,-6.8846687],[112.1998229,-6.8846729],[112.1998643,-6.884681],[112.1999,-6.8846888],[112.1999347,-6.8846983],[112.1999622,-6.8847069],[112.1999879,-6.8847147],[112.200011,-6.8847221],[112.2000327,-6.8847295],[112.2000531,-6.8847372],[112.2000725,-6.8847462],[112.2000919,-6.8847571],[112.2001153,-6.8847744],[112.2001357,-6.8847911],[112.2001569,-6.88481],[112.2001768,-6.8848272],[112.2001984,-6.8848461],[112.2002196,-6.8848653],[112.20024,-6.8848843],[112.2002564,-6.8849003],[112.2002735,-6.8849162],[112.200292,-6.8849336],[112.2003126,-6.8849532],[112.2003351,-6.8849747],[112.2003603,-6.8849988],[112.2003869,-6.8850242],[112.2004109,-6.8850481],[112.2004341,-6.8850707],[112.2004549,-6.885092],[112.2004734,-6.8851077],[112.2004912,-6.8851186],[112.2005078,-6.8851195],[112.2005217,-6.8851246],[112.2005342,-6.8851336],[112.2005483,-6.8851482],[112.200565,-6.8851651],[112.2005839,-6.8851834],[112.200602,-6.8852019],[112.2006216,-6.8852128],[112.2006531,-6.8852093],[112.2007012,-6.8851848],[112.2007634,-6.8851482],[112.2008092,-6.8851184],[112.2008469,-6.8850939],[112.2008791,-6.885074],[112.2009147,-6.8850541],[112.2009404,-6.8850085],[112.2009529,-6.8849262],[112.2009392,-6.8847839],[112.2009226,-6.8846676],[112.2009101,-6.8845743],[112.2009129,-6.8845193],[112.2009355,-6.8845001],[112.2009686,-6.884526],[112.2009954,-6.8846049],[112.201019,-6.884708],[112.2010345,-6.8847966],[112.2010482,-6.8848686],[112.2010579,-6.884922],[112.2010667,-6.8849548],[112.2010824,-6.8849669],[112.2011104,-6.8849639],[112.2011516,-6.8849504],[112.2011976,-6.8849345],[112.2012448,-6.8849192],[112.201288,-6.8849042],[112.2013306,-6.8848885],[112.201384,-6.8848697],[112.2014342,-6.8848528],[112.2014786,-6.8848394],[112.2015182,-6.8848272],[112.2015536,-6.884814],[112.2015913,-6.8847959],[112.2016228,-6.8847793],[112.2016463,-6.884764],[112.2016736,-6.884745],[112.2017063,-6.8847238],[112.2017578,-6.8846932],[112.2018127,-6.8846629],[112.2018578,-6.8846403],[112.2018996,-6.8846238],[112.2019357,-6.8846111],[112.2019706,-6.884597],[112.2019991,-6.8845817],[112.2020229,-6.8845631],[112.2020384,-6.8845402],[112.2020433,-6.8845106],[112.2020352,-6.8844771],[112.202019,-6.8844367],[112.2019996,-6.8843976],[112.2019746,-6.8843551],[112.201941,-6.8843086],[112.2018966,-6.8842572],[112.2018474,-6.8842042],[112.2017895,-6.8841515],[112.2017234,-6.8841045],[112.2016505,-6.8840641],[112.2015739,-6.8840331],[112.2014909,-6.8840069],[112.2014093,-6.883984],[112.2013269,-6.8839598],[112.2012617,-6.8839389],[112.2011971,-6.883919],[112.2011361,-6.8839022],[112.2010746,-6.8838883],[112.2010149,-6.8838769],[112.2009575,-6.8838668],[112.2009085,-6.8838559],[112.2008611,-6.8838448],[112.2008139,-6.8838337],[112.2007459,-6.8838182],[112.2006947,-6.8838071],[112.2006487,-6.8837976],[112.2006061,-6.8837902],[112.2005569,-6.8837823],[112.200518,-6.8837724],[112.2004954,-6.8837594],[112.2004917,-6.8837416],[112.2005037,-6.8837291],[112.2005324,-6.8837252],[112.2005768,-6.8837291],[112.2006341,-6.8837405],[112.2006883,-6.8837534],[112.2007438,-6.8837682],[112.2007898,-6.8837796],[112.2008483,-6.8837916],[112.2009117,-6.8838027],[112.2009922,-6.8838152],[112.2010489,-6.8838235],[112.2011009,-6.8838321],[112.2011534,-6.8838427],[112.2012117,-6.8838564],[112.2012739,-6.8838712],[112.2013214,-6.8838781],[112.2013658,-6.8838779],[112.2014148,-6.8838698],[112.2014675,-6.8838596],[112.2015224,-6.8838473],[112.2015707,-6.8838339],[112.2016135,-6.8838193],[112.201654,-6.8838043],[112.2016952,-6.8837872],[112.2017419,-6.8837664],[112.2018122,-6.8837404],[112.2018959,-6.8837147],[112.2020058,-6.8836897],[112.2020828,-6.8836749],[112.2021529,-6.8836637],[112.2022149,-6.883653],[112.2022808,-6.8836378],[112.2023447,-6.88362],[112.202406,-6.8836017],[112.2024717,-6.8835825],[112.2025385,-6.8835617],[112.2026079,-6.8835395],[112.2026754,-6.8835179],[112.2027446,-6.8834978],[112.20282,-6.8834789],[112.2029105,-6.8834553],[112.2029872,-6.8834328],[112.2030504,-6.8834104],[112.2031115,-6.8833886],[112.2031772,-6.8833681],[112.2032438,-6.8833493],[112.2033095,-6.883329],[112.2033724,-6.8833068],[112.2034325,-6.8832853],[112.2034927,-6.8832647],[112.2035581,-6.8832441],[112.2036365,-6.8832203],[112.203748,-6.8831843],[112.2038894,-6.8831371],[112.2040284,-6.8830904],[112.20412,-6.8830582],[112.2041873,-6.8830322],[112.2042416,-6.8830105],[112.2042974,-6.8829889],[112.2043529,-6.8829695],[112.2044012,-6.8829519],[112.2044345,-6.8829387],[112.2044651,-6.8829265],[112.2044443,-6.8828309],[112.2044258,-6.8827421],[112.2044075,-6.882625],[112.2044958,-6.8825907],[112.2044798,-6.8825527],[112.2044627,-6.8824902],[112.2044274,-6.882341],[112.204398,-6.8822161],[112.2043758,-6.882134],[112.2043596,-6.8820811],[112.2043425,-6.8820223],[112.2043235,-6.8819515],[112.2042978,-6.881859],[112.2042819,-6.8818005],[112.2042687,-6.8817531],[112.2042599,-6.8817188],[112.2042502,-6.8816814],[112.2042458,-6.8816484],[112.2042399,-6.8816032],[112.2042274,-6.8815595],[112.2042156,-6.8815149],[112.2042063,-6.8814712],[112.204198,-6.8814254],[112.2041864,-6.8813864],[112.204182,-6.8813453],[112.2041776,-6.8813043],[112.2041748,-6.8812662],[112.204179,-6.8812178],[112.2041908,-6.8811593],[112.2042083,-6.8810834],[112.2042206,-6.8810304],[112.2042315,-6.8809883],[112.2042423,-6.88095],[112.2042574,-6.8809053],[112.2042647,-6.8808485],[112.2042788,-6.8807955],[112.2042906,-6.8807407],[112.2043024,-6.8806857],[112.204324,-6.8806363],[112.2043351,-6.8805796],[112.2043448,-6.8805172],[112.2043534,-6.8804367],[112.2043591,-6.8803527],[112.2043663,-6.8802486],[112.204377,-6.8801381],[112.2043864,-6.8800337],[112.204389,-6.8799417],[112.2043823,-6.8798552],[112.2043696,-6.8797723],[112.2043634,-6.8797269],[112.2044223,-6.8797073],[112.2044394,-6.8797662],[112.204457,-6.8798443],[112.2044683,-6.8799232],[112.2044778,-6.8799889],[112.2044713,-6.8800345],[112.2045191,-6.8800529],[112.204515,-6.8800872],[112.2045178,-6.8801505],[112.2045132,-6.8802301],[112.2045009,-6.8803233],[112.204485,-6.8804242],[112.2044591,-6.8805496],[112.2044281,-6.8806793],[112.2043904,-6.8808225],[112.2043689,-6.8809477],[112.2043434,-6.8810838],[112.2043251,-6.8812119],[112.2043132,-6.8813469],[112.2043416,-6.8814937],[112.2043765,-6.8816619],[112.204417,-6.8818412],[112.2044517,-6.8820062],[112.2045035,-6.882215],[112.2045374,-6.8823812],[112.2045718,-6.8825098],[112.2045963,-6.8826103],[112.2046477,-6.8825944],[112.2046661,-6.8826483],[112.2048609,-6.882587],[112.2048953,-6.8826802],[112.2049247,-6.8827549],[112.2050546,-6.8826973],[112.2051489,-6.8826606],[112.2051734,-6.8827133],[112.205219,-6.8826954],[112.2052546,-6.882678],[112.2052851,-6.8826357],[112.2053202,-6.8826051],[112.2053568,-6.8825677],[112.2053873,-6.8825263],[112.2054139,-6.8824872],[112.2054368,-6.8824513],[112.2054593,-6.8824254],[112.2054852,-6.8824069],[112.2055152,-6.8823923],[112.2055485,-6.8823787],[112.2055825,-6.8823611],[112.2056198,-6.8823338],[112.2056695,-6.8822926],[112.2057213,-6.8822526],[112.2057304,-6.8822118],[112.2058646,-6.882186],[112.2058388,-6.8820371],[112.2058113,-6.8819259],[112.2057831,-6.881739],[112.2057486,-6.881558],[112.2057197,-6.8813968],[112.2056918,-6.8812688],[112.2056679,-6.8811622],[112.2055347,-6.881076],[112.2054361,-6.881014],[112.205354,-6.8809816],[112.2052918,-6.8809878],[112.2052636,-6.8810045],[112.2052471,-6.8810216],[112.2052346,-6.8810302],[112.2052145,-6.8810313],[112.2051902,-6.8810304],[112.2051685,-6.881035],[112.2051456,-6.8810517],[112.2051299,-6.8810778],[112.2051225,-6.8811102],[112.2051234,-6.881141],[112.2051303,-6.8811703],[112.2051417,-6.8812293],[112.2051507,-6.8813246],[112.2051572,-6.8814701],[112.2051588,-6.881568],[112.2051618,-6.8816325],[112.2051703,-6.8816651],[112.2051821,-6.8816894],[112.2051916,-6.8817102],[112.2051981,-6.8817299],[112.2052011,-6.88175],[112.2052006,-6.8817685],[112.2051958,-6.8817838],[112.2051835,-6.8817944],[112.2051673,-6.8817988],[112.2051488,-6.8817988],[112.2051315,-6.8817949],[112.2051121,-6.8817833],[112.2050919,-6.8817646],[112.2050693,-6.881735],[112.2050505,-6.881701],[112.2050373,-6.881666],[112.2050297,-6.8816313],[112.2050249,-6.8815948],[112.2050218,-6.8815585],[112.2050207,-6.8815208],[112.2050207,-6.8814838],[112.2050205,-6.8814421],[112.2050209,-6.8813968],[112.2050225,-6.8813475],[112.2050253,-6.8812971],[112.205029,-6.8812407],[112.2050329,-6.8811768],[112.2050362,-6.8811063],[112.2050397,-6.8810309],[112.2050461,-6.8809699],[112.2050586,-6.8809095],[112.2050806,-6.8808438],[112.2051005,-6.8808038],[112.2051211,-6.8807794],[112.2051414,-6.8807727],[112.2051666,-6.8807753],[112.2051926,-6.8807971],[112.2052235,-6.8808304],[112.2052616,-6.8808762],[112.2052949,-6.8809059],[112.2053544,-6.8809434],[112.205465,-6.881013],[112.2055858,-6.881085],[112.2056911,-6.8811469],[112.2057101,-6.881135],[112.2057651,-6.8810483],[112.2057708,-6.8810409],[112.205837,-6.8809251],[112.2059289,-6.8807799],[112.2060112,-6.8806268],[112.2060866,-6.8804986],[112.2061568,-6.8803828],[112.2062211,-6.8802634],[112.2062487,-6.8801898],[112.2062827,-6.8799864],[112.2063186,-6.8798025],[112.2063526,-6.8796158],[112.2063884,-6.8794561],[112.2064197,-6.8792763],[112.206484,-6.8792947],[112.2064405,-6.879504],[112.2064176,-6.8796775],[112.2063845,-6.8798579],[112.206356,-6.8800145],[112.2063267,-6.880155],[112.2063167,-6.8802542],[112.2062216,-6.8804023],[112.2061402,-6.8805399],[112.2060549,-6.880679],[112.2059707,-6.880813],[112.2058976,-6.8809302],[112.2058204,-6.8810629],[112.2057892,-6.8811107],[112.205821,-6.8812917],[112.2058481,-6.881457],[112.2058856,-6.8816421],[112.205916,-6.8818166],[112.2059546,-6.8819893],[112.2061789,-6.8819636],[112.2064268,-6.8819313],[112.2066641,-6.8818985],[112.2068924,-6.8818645],[112.2071221,-6.8818326],[112.2073271,-6.881805],[112.2075133,-6.8817798],[112.2076415,-6.881731],[112.2075785,-6.8814663],[112.2075399,-6.8812306],[112.2074931,-6.8810299],[112.2074545,-6.880824],[112.2076696,-6.8808019],[112.2077082,-6.8809802],[112.2077527,-6.8811899],[112.2077883,-6.8813731],[112.2078179,-6.8815257],[112.2078442,-6.8816493],[112.2078718,-6.8817173],[112.2080515,-6.881654],[112.2082088,-6.8816142],[112.2083633,-6.8815629],[112.2085555,-6.8815114],[112.208493,-6.8813865],[112.2084142,-6.881242],[112.2083217,-6.8810625],[112.2082246,-6.8808583],[112.2081408,-6.8806756],[112.2080737,-6.8805361],[112.2080256,-6.8804387],[112.2079875,-6.8803672],[112.2079703,-6.8803228],[112.207971,-6.8803032],[112.2079819,-6.8802971],[112.207999,-6.8803001],[112.2080194,-6.8803117],[112.2080448,-6.8803372],[112.2080777,-6.8803857],[112.2081145,-6.8804588],[112.2081596,-6.8805645],[112.2082095,-6.8806834],[112.2082574,-6.8807972],[112.2083057,-6.880911],[112.2083534,-6.8810154],[112.2084006,-6.8811039],[112.2084461,-6.881181],[112.2084899,-6.8812474],[112.208529,-6.8813038],[112.2085648,-6.8813554],[112.208607,-6.8814416],[112.2086511,-6.8814875],[112.2088092,-6.8814673],[112.209005,-6.8814109],[112.2091681,-6.8813706],[112.20929,-6.8813322],[112.2094047,-6.8812872],[112.2094218,-6.8812453],[112.2094972,-6.8812173],[112.2095628,-6.8812486],[112.2096382,-6.8812578],[112.2097882,-6.8812219],[112.2099046,-6.8811925],[112.2101069,-6.8811346],[112.210094,-6.8810611],[112.2100625,-6.8809293],[112.2100161,-6.8807907],[112.2100001,-6.8807644],[112.2100632,-6.8807114],[112.2100791,-6.8807643],[112.2100866,-6.8807803],[112.2101051,-6.8808331],[112.2101308,-6.8809161],[112.2101634,-6.8810261],[112.210193,-6.8811334],[112.2102219,-6.8812502],[112.2102432,-6.8813453],[112.2102624,-6.8814329],[112.2102758,-6.8814962],[112.2102846,-6.8815483],[112.2102895,-6.8815825],[112.210292,-6.8816098],[112.210295,-6.8816309],[112.2103008,-6.8816494],[112.210311,-6.8816665],[112.2103332,-6.8816769],[112.2103661,-6.8816916],[112.2104414,-6.8816508],[112.2105353,-6.8816121],[112.2106484,-6.8815608],[112.2107889,-6.8814956],[112.2109434,-6.881425],[112.2110979,-6.8813549],[112.2112119,-6.8813022],[112.2112968,-6.8812631],[112.21135,-6.881245],[112.2113872,-6.8812464],[112.2114101,-6.8812617],[112.2114282,-6.8812862],[112.211459,-6.8813098],[112.2115052,-6.8813246],[112.2115843,-6.8813193],[112.2116324,-6.8813087],[112.2116595,-6.8812913],[112.2116685,-6.8812712],[112.2116838,-6.8812478],[112.2117085,-6.8812298],[112.2117465,-6.8812187],[112.2117893,-6.8812154],[112.2118355,-6.8812157],[112.2118779,-6.8812189],[112.2119112,-6.8812265],[112.2119361,-6.8812374],[112.2119604,-6.8812485],[112.2119854,-6.881255],[112.2120146,-6.8812529],[112.2120368,-6.881246],[112.2120601,-6.88123],[112.2120874,-6.881206],[112.2121263,-6.8811703],[112.2121524,-6.8811458],[112.2121749,-6.8811294],[112.2121922,-6.8811208],[112.2122112,-6.8811102],[112.2122283,-6.8810938],[112.2122442,-6.8810755],[112.2122623,-6.8810581],[112.2122826,-6.8810424],[112.2123109,-6.8810246],[112.2123386,-6.8810093],[112.2123759,-6.8809925],[112.2124096,-6.880979],[112.2124466,-6.8809675],[112.2124753,-6.8809617],[112.2125103,-6.8809561],[112.2125422,-6.8809457],[112.212569,-6.8809316],[112.2125968,-6.8809177],[112.212631,-6.8809065],[112.2126773,-6.8808959],[112.2127277,-6.8808825],[112.2127615,-6.8808677],[112.2127834,-6.8808544],[112.2127945,-6.8808405],[112.2127978,-6.8808199],[112.212795,-6.880797],[112.2127966,-6.880775],[112.2128107,-6.8807531],[112.2128396,-6.8807302],[112.2128771,-6.8807061],[112.2129218,-6.8806811],[112.212962,-6.8806621],[112.2129972,-6.8806559],[112.2130189,-6.8806649],[112.213033,-6.8806869],[112.2130386,-6.8807073],[112.2130469,-6.8807177],[112.2130603,-6.8807156],[112.21308,-6.8806996],[112.213105,-6.880676],[112.213139,-6.8806547],[112.2131794,-6.8806448],[112.2132308,-6.8806416],[112.2132717,-6.8806318],[112.2133057,-6.8806103],[112.2133344,-6.8805897],[112.2133666,-6.8805828],[112.2134114,-6.8805911],[112.2134593,-6.8806059],[112.21351,-6.8806217],[112.2135576,-6.8806434],[112.2136041,-6.8806668],[112.2136425,-6.8806899],[112.2136761,-6.8807126],[112.2137087,-6.8807352],[112.2137406,-6.8807579],[112.2137683,-6.8807827],[112.2137917,-6.8808109],[112.2138123,-6.8808405],[112.2138331,-6.8808731],[112.2138549,-6.8809124],[112.2138771,-6.8809598],[112.2139046,-6.8810147],[112.213928,-6.8810593],[112.2139483,-6.8810972],[112.2139675,-6.8811329],[112.2139855,-6.8811645],[112.2140034,-6.8811918],[112.2140214,-6.8812164],[112.2140399,-6.8812356],[112.2140621,-6.8812467],[112.2140845,-6.8812471],[112.2141068,-6.8812418],[112.2141371,-6.8812353],[112.2141699,-6.8812305],[112.2142081,-6.8812249],[112.214228,-6.8812138],[112.2142384,-6.8811972],[112.2142423,-6.8811768],[112.214246,-6.8811581],[112.2142518,-6.8811423],[112.2142617,-6.8811305],[112.2142712,-6.8811211],[112.2142784,-6.8811116],[112.2142786,-6.8810993],[112.2142738,-6.881085],[112.2142673,-6.8810679],[112.2142645,-6.8810489],[112.2142645,-6.8810269],[112.2142671,-6.8810026],[112.2142698,-6.8809779],[112.2142726,-6.8809508],[112.2142756,-6.8809231],[112.2142791,-6.8808965],[112.2142853,-6.8808743],[112.2142953,-6.8808546],[112.2143073,-6.880834],[112.2143198,-6.8808102],[112.2143316,-6.8807843],[112.2143371,-6.8807588],[112.2143367,-6.8807271],[112.2143307,-6.8806894],[112.214324,-6.8806476],[112.2143198,-6.8806083],[112.2143172,-6.8805692],[112.2143256,-6.8805407],[112.214345,-6.8805185],[112.214382,-6.8804972],[112.2144105,-6.880485],[112.2144322,-6.8804759],[112.2144454,-6.8804658],[112.2144551,-6.880448],[112.214463,-6.8804223],[112.2144722,-6.8803871],[112.2144847,-6.8803559],[112.2145002,-6.8803311],[112.2145164,-6.8803131],[112.2145349,-6.8802985],[112.214556,-6.8802849],[112.2145812,-6.8802724],[112.2146078,-6.8802587],[112.2146318,-6.8802465],[112.2146513,-6.8802319],[112.2146651,-6.8802143],[112.2146776,-6.8801928],[112.2146915,-6.8801745],[112.2147107,-6.8801566],[112.2147336,-6.8801381],[112.2147544,-6.8801094],[112.2147609,-6.8800828],[112.2147563,-6.8800589],[112.2147454,-6.8800404],[112.2147338,-6.880024],[112.2147209,-6.8800043],[112.2147061,-6.8799777],[112.214691,-6.8799444],[112.2146802,-6.8799088],[112.2146762,-6.8798759],[112.2146802,-6.8798442],[112.2146894,-6.8798169],[112.214704,-6.8797994],[112.2147241,-6.8797892],[112.2147426,-6.8797818],[112.2147556,-6.8797654],[112.2147581,-6.8797418],[112.2147549,-6.8797142],[112.2147505,-6.879686],[112.2147484,-6.8796557],[112.2147489,-6.8796254],[112.2147547,-6.8795965],[112.2147639,-6.879572],[112.2147713,-6.8795495],[112.2147722,-6.8795236],[112.2147623,-6.8794975],[112.2147475,-6.8794781],[112.214729,-6.8794644],[112.214716,-6.8794496],[112.2147132,-6.8794219],[112.214725,-6.8793855],[112.2147551,-6.8793414],[112.2147808,-6.8793108],[112.2148018,-6.8792863],[112.2148185,-6.8792634],[112.214831,-6.879234],[112.2148375,-6.8792007],[112.2148358,-6.879159],[112.2148326,-6.879119],[112.2148294,-6.8790794],[112.2148349,-6.8790477],[112.2148462,-6.8790175],[112.2148629,-6.8789861],[112.2148826,-6.8789486],[112.2149018,-6.8789049],[112.2149223,-6.8788607],[112.2149457,-6.8788207],[112.2149725,-6.8787932],[112.2150017,-6.8787747],[112.215029,-6.8787624],[112.2150547,-6.8787478],[112.2150771,-6.8787377],[112.2151025,-6.8787309],[112.2151271,-6.8787279],[112.2151497,-6.8787217],[112.215165,-6.8787055],[112.2151726,-6.8786791],[112.2151719,-6.8786433],[112.2151624,-6.8786049],[112.2151474,-6.8785612],[112.215134,-6.8785154],[112.2151303,-6.8784673],[112.2151398,-6.8784242],[112.2151627,-6.8783912],[112.2151879,-6.8783775],[112.2152166,-6.8783657],[112.2152355,-6.8783454],[112.2152448,-6.8782954],[112.2152446,-6.8782514],[112.2152395,-6.8782084],[112.2152353,-6.8781721],[112.2152332,-6.8781325],[112.2152344,-6.8780935],[112.2152395,-6.8780571],[112.2152448,-6.8780213],[112.2152473,-6.8779838],[112.2152478,-6.8779433],[112.2152503,-6.8779049],[112.2152584,-6.8778668],[112.2152684,-6.8778281],[112.2152763,-6.8777812],[112.2152818,-6.8777282],[112.2152853,-6.8776735],[112.2152904,-6.877624],[112.2152964,-6.8775784],[112.215307,-6.8775488],[112.2153211,-6.8775274],[112.2153327,-6.8775145],[112.2153373,-6.8775022],[112.2153355,-6.8774902],[112.2153274,-6.8774752],[112.2153174,-6.8774557],[112.215307,-6.877431],[112.2152978,-6.8773986],[112.2152943,-6.8773734],[112.2152957,-6.8773516],[112.2152989,-6.8773322],[112.2152992,-6.8773128],[112.2152927,-6.877291],[112.2152783,-6.8772728],[112.2152564,-6.8772575],[112.2152325,-6.8772429],[112.2152182,-6.877226],[112.2152177,-6.8772062],[112.2152284,-6.8771867],[112.2152353,-6.8771666],[112.2152311,-6.8771439],[112.2152168,-6.8771162],[112.2152013,-6.877084],[112.215183,-6.8770468],[112.2151636,-6.8770049],[112.2151497,-6.8769684],[112.2151476,-6.876936],[112.2151578,-6.8769087],[112.2151784,-6.8768816],[112.2151967,-6.8768578],[112.2152103,-6.8768358],[112.2152228,-6.8768095],[112.2152395,-6.8767856],[112.2152594,-6.8767632],[112.2152837,-6.8767421],[112.2153109,-6.8767278],[112.2153408,-6.876722],[112.2153748,-6.8767248],[112.2154095,-6.8767306],[112.2154414,-6.876734],[112.2154724,-6.8767297],[112.2154872,-6.8767165],[112.2154884,-6.8766943],[112.2154821,-6.8766684],[112.215474,-6.876635],[112.2154662,-6.8765973],[112.2154597,-6.8765562],[112.2154585,-6.8765127],[112.2154648,-6.8764646],[112.2154803,-6.8764153],[112.2155011,-6.8763797],[112.2155231,-6.87636],[112.2155478,-6.876354],[112.2155739,-6.8763547],[112.2156017,-6.8763568],[112.2156223,-6.8763554],[112.2156313,-6.8763475],[112.2156288,-6.8763357],[112.2156218,-6.87632],[112.2156186,-6.8762999],[112.2156288,-6.8762779],[112.2156531,-6.8762596],[112.215685,-6.8762478],[112.2157187,-6.8762446],[112.2157453,-6.8762488],[112.2157678,-6.876258],[112.2157868,-6.8762717],[112.2158048,-6.8762885],[112.215821,-6.8763087],[112.2158356,-6.8763295],[112.2158478,-6.8763489],[112.2158615,-6.8763614],[112.2158807,-6.8763589],[112.2159059,-6.8763376],[112.2159336,-6.8763045],[112.2159482,-6.8762712],[112.2159535,-6.8762386],[112.2159505,-6.8762064],[112.2159482,-6.8761729],[112.2159528,-6.8761428],[112.2159667,-6.8761188],[112.215985,-6.8760986],[112.2159996,-6.8760788],[112.2160028,-6.8760524],[112.2159938,-6.8760237],[112.215973,-6.8759915],[112.2159519,-6.8759562],[112.2159341,-6.8759159],[112.2159239,-6.8758738],[112.215926,-6.8758293],[112.2159399,-6.8757881],[112.2159637,-6.8757437],[112.2159806,-6.8757067],[112.2159878,-6.87567],[112.2159868,-6.875636],[112.2159873,-6.8756027],[112.2159917,-6.8755733],[112.2160007,-6.875541],[112.2160095,-6.8755039],[112.2160146,-6.8754584],[112.2160132,-6.8754077],[112.216012,-6.8753642],[112.2160197,-6.8753295],[112.2160386,-6.8753025],[112.2160683,-6.8752787],[112.2161064,-6.8752548],[112.2161404,-6.8752335],[112.2161638,-6.8752118],[112.2161756,-6.8751905],[112.2161793,-6.8751713],[112.2161797,-6.8751542],[112.2161795,-6.875135],[112.2161825,-6.8751093],[112.2161911,-6.8750811],[112.216207,-6.8750545],[112.2162253,-6.8750349],[112.2162438,-6.8750184],[112.2162579,-6.8750018],[112.2162704,-6.8749819],[112.2162831,-6.8749578],[112.2162882,-6.8749345],[112.2162834,-6.8749169],[112.2162679,-6.8749039],[112.2162609,-6.8748854],[112.2162628,-6.8748609],[112.2162737,-6.874832],[112.2162841,-6.8748075],[112.2162952,-6.8747853],[112.2163086,-6.8747661],[112.2163248,-6.8747513],[112.216344,-6.8747425],[112.2163671,-6.8747383],[112.2163909,-6.8747355],[112.2164124,-6.8747309],[112.2164286,-6.8747233],[112.2164444,-6.874714],[112.2164596,-6.8747045],[112.2164733,-6.8746907],[112.21648,-6.8746752],[112.2164872,-6.8746564],[112.2164971,-6.8746391],[112.2165161,-6.8746155],[112.2165325,-6.8745972],[112.2165503,-6.8745787],[112.2165716,-6.8745621],[112.2165998,-6.8745452],[112.2166285,-6.8745345],[112.2166512,-6.8745327],[112.2166653,-6.8745419],[112.2166745,-6.8745579],[112.2166868,-6.8745729],[112.2167016,-6.8745792],[112.2167201,-6.8745757],[112.2167349,-6.8745644],[112.2167474,-6.8745537],[112.2167622,-6.8745447],[112.2167772,-6.8745378],[112.2167943,-6.8745297],[112.2168091,-6.8745186],[112.2168209,-6.8745056],[112.2168295,-6.8744922],[112.2168374,-6.8744762],[112.2168471,-6.8744568],[112.2168596,-6.874436],[112.2168728,-6.8744152],[112.2168876,-6.8743934],[112.2169037,-6.8743694],[112.2169232,-6.8743458],[112.2169433,-6.874327],[112.216966,-6.8743148],[112.2169861,-6.8743085],[112.2170053,-6.8743048],[112.2170263,-6.8742974],[112.2170483,-6.8742891],[112.2170779,-6.8742806],[112.2171122,-6.8742819],[112.217132,-6.8742944],[112.2171469,-6.8743104],[112.2171623,-6.8743201],[112.2171776,-6.8743192],[112.2171887,-6.8743076],[112.2171924,-6.8742917],[112.2171901,-6.8742738],[112.2171834,-6.8742546],[112.2171762,-6.8742322],[112.2171746,-6.8742078],[112.2171811,-6.8741844],[112.2171966,-6.8741639],[112.2172137,-6.8741518],[112.217231,-6.8741459],[112.2172484,-6.8741457],[112.217266,-6.8741489],[112.2172854,-6.8741508],[112.217303,-6.8741464],[112.2173189,-6.8741348],[112.2173333,-6.8741237],[112.2173523,-6.8741145],[112.2173705,-6.8741126],[112.217389,-6.8741156],[112.2174085,-6.8741237],[112.217426,-6.8741311],[112.2174432,-6.8741364],[112.2174596,-6.8741364],[112.2174779,-6.8741295],[112.2174971,-6.8741159],[112.2175169,-6.8740987],[112.2175387,-6.8740821],[112.2175607,-6.8740691],[112.2175852,-6.8740599],[112.2176076,-6.8740569],[112.2176231,-6.8740599],[112.2176287,-6.8740717],[112.2176282,-6.87409],[112.2176227,-6.8741129],[112.217619,-6.8741362],[112.2176201,-6.8741577],[112.2176284,-6.8741802],[112.2176414,-6.8742024],[112.2176569,-6.8742239],[112.217677,-6.8742396],[112.2177032,-6.8742435],[112.2177434,-6.8742359],[112.2177869,-6.8742269],[112.2178301,-6.874223],[112.2178628,-6.8742271],[112.2178889,-6.8742396],[112.2179081,-6.8742556],[112.2179282,-6.8742734],[112.2179483,-6.87429],[112.2179694,-6.8743032],[112.2179879,-6.8743085],[112.2180045,-6.8743055],[112.2180173,-6.8742942],[112.2180235,-6.8742817],[112.2180337,-6.8742664],[112.2180531,-6.8742509],[112.218088,-6.8742366],[112.2181197,-6.8742331],[112.2181567,-6.8742419],[112.2181884,-6.8742637],[112.2182146,-6.8742947],[112.2182319,-6.8743291],[112.2182442,-6.8743606],[112.2182564,-6.8743833],[112.2182719,-6.8743971],[112.2182948,-6.8744055],[112.2183138,-6.8744133],[112.2183293,-6.874426],[112.2183344,-6.8744457],[112.2183284,-6.8744658],[112.218312,-6.8744892],[112.2182951,-6.8745126],[112.2182854,-6.8745382],[112.2182847,-6.8745625],[112.2182932,-6.8745856],[112.218309,-6.8746],[112.218327,-6.8746037],[112.2183446,-6.8745977],[112.2183575,-6.8745831],[112.2183659,-6.8745618],[112.2183707,-6.8745355],[112.2183779,-6.8745112],[112.2183894,-6.874492],[112.2184089,-6.8744823],[112.2184313,-6.8744846],[112.2184494,-6.8745024],[112.218457,-6.8745257],[112.218454,-6.8745486],[112.2184524,-6.8745651],[112.218457,-6.8745743],[112.2184697,-6.8745762],[112.2184884,-6.8745718],[112.21851,-6.8745644],[112.2185347,-6.874559],[112.218568,-6.8745593],[112.2185983,-6.8745667],[112.2186217,-6.8745796],[112.2186376,-6.8745958],[112.2186485,-6.8746162],[112.2186545,-6.8746426],[112.218652,-6.8746705],[112.218643,-6.8747007],[112.2186293,-6.8747326],[112.2186235,-6.8747586],[112.2186256,-6.8747787],[112.2186395,-6.8747971],[112.2186605,-6.8748146],[112.2186876,-6.874832],[112.2187137,-6.8748486],[112.2187394,-6.8748639],[112.2187649,-6.8748748],[112.2187912,-6.874878],[112.218813,-6.8748741],[112.2188264,-6.8748646],[112.2188299,-6.874854],[112.2188264,-6.874844],[112.218819,-6.8748343],[112.2188116,-6.8748239],[112.21881,-6.8748093],[112.2188174,-6.8747927],[112.2188349,-6.8747751],[112.2188539,-6.8747614],[112.2188662,-6.8747513],[112.2188671,-6.8747376],[112.2188648,-6.8747219],[112.2188699,-6.8747013],[112.2188858,-6.8746874],[112.2188986,-6.8746881],[112.2189076,-6.874702],[112.2189122,-6.8747224],[112.2189182,-6.8747455],[112.2189247,-6.8747663],[112.2189314,-6.8747843],[112.2189381,-6.8747943],[112.2189494,-6.8748015],[112.2189645,-6.8748061],[112.2189844,-6.8748114],[112.2190068,-6.8748172],[112.2190316,-6.874826],[112.2190503,-6.8748343],[112.2190663,-6.8748433],[112.2190804,-6.8748512],[112.2190963,-6.8748602],[112.2191111,-6.8748678],[112.2191294,-6.8748759],[112.2191451,-6.8748776],[112.2191569,-6.874872],[112.2191585,-6.8748611],[112.2191567,-6.874851],[112.2191535,-6.8748401],[112.2191535,-6.8748276],[112.2191555,-6.8748121],[112.2191569,-6.8747971],[112.2191567,-6.8747756],[112.2191583,-6.8747508],[112.2191634,-6.874721],[112.2191731,-6.8746971],[112.2191847,-6.8746768],[112.2191983,-6.8746569],[112.2192131,-6.8746405],[112.2192291,-6.8746284],[112.2192476,-6.8746208],[112.219271,-6.874615],[112.2192922,-6.8746122],[112.2193124,-6.8746104],[112.2193316,-6.8746035],[112.2193505,-6.874588],[112.21937,-6.8745641],[112.2193859,-6.8745479],[112.2194044,-6.8745405],[112.2194283,-6.8745422],[112.2194623,-6.8745442],[112.2195016,-6.8745426],[112.2195363,-6.8745387],[112.2195633,-6.8745334],[112.2195925,-6.8745257],[112.219617,-6.874516],[112.2196353,-6.8745017],[112.2196464,-6.8744823],[112.2196485,-6.8744568],[112.2196422,-6.8744346],[112.2196334,-6.8744175],[112.2196283,-6.874405],[112.2196283,-6.8743902],[112.219632,-6.8743694],[112.2196346,-6.8743412],[112.2196348,-6.8743134],[112.2196367,-6.8742847],[112.2196431,-6.8742681],[112.2196554,-6.8742604],[112.2196681,-6.8742627],[112.2196852,-6.8742727],[112.2197037,-6.8742812],[112.2197297,-6.8742817],[112.2197502,-6.8742741],[112.2197662,-6.874259],[112.2197734,-6.8742442],[112.2197789,-6.8742209],[112.2197845,-6.874194],[112.2197912,-6.8741626],[112.2197889,-6.8741399],[112.2197713,-6.8741205],[112.219738,-6.8741085],[112.2196917,-6.8740937],[112.2196443,-6.8740731],[112.2195997,-6.8740411],[112.2195682,-6.8740199],[112.2195439,-6.8740106],[112.2195263,-6.8740166],[112.2195062,-6.8740305],[112.2194815,-6.8740437],[112.219453,-6.8740527],[112.2194283,-6.8740627],[112.2194095,-6.8740719],[112.2193859,-6.874077],[112.2193605,-6.8740666],[112.2193367,-6.8740479],[112.2193221,-6.8740243],[112.2193216,-6.8740071],[112.2193339,-6.8739873],[112.219354,-6.8739653],[112.2193683,-6.8739313],[112.2193734,-6.873897],[112.2193709,-6.8738586],[112.2193762,-6.8738297],[112.219388,-6.873811],[112.219407,-6.873801],[112.219431,-6.8737955],[112.2194549,-6.8737948],[112.2194724,-6.8738008],[112.2194838,-6.8738138],[112.2194921,-6.8738371],[112.2194976,-6.8738547],[112.2195057,-6.8738695],[112.2195171,-6.8738778],[112.2195379,-6.8738841],[112.2195615,-6.8738822],[112.2195955,-6.8738737],[112.2196313,-6.873861],[112.219666,-6.8738505],[112.2196968,-6.873845],[112.2197283,-6.8738408],[112.219756,-6.8738357],[112.2197727,-6.8738228],[112.2197755,-6.8738117],[112.2197662,-6.8737994],[112.2197512,-6.8737855],[112.2197414,-6.8737696],[112.2197401,-6.8737497],[112.2197528,-6.8737289],[112.2197681,-6.8737127],[112.2197859,-6.8736972],[112.2198053,-6.8736805],[112.2198307,-6.8736606],[112.219864,-6.8736412],[112.2198967,-6.8736283],[112.219927,-6.8736206],[112.2199543,-6.8736165],[112.2199806,-6.8736141],[112.2200061,-6.8736159],[112.2200301,-6.873624],[112.2200454,-6.8736457],[112.22005,-6.8736758],[112.2200463,-6.8737138],[112.2200445,-6.8737467],[112.2200486,-6.873777],[112.2200625,-6.873798],[112.2200863,-6.8738142],[112.2201215,-6.8738253],[112.2201585,-6.8738279],[112.2201784,-6.87382],[112.2201795,-6.8738066],[112.2201694,-6.8737936],[112.2201553,-6.8737788],[112.220143,-6.8737624],[112.2201305,-6.873737],[112.2201217,-6.8737069],[112.2201196,-6.8736734],[112.220127,-6.873641],[112.2201435,-6.873616],[112.2201645,-6.8735996],[112.2201874,-6.873591],[112.2202112,-6.8735836],[112.220229,-6.8735741],[112.2202399,-6.8735619],[112.2202404,-6.8735498],[112.2202332,-6.873539],[112.220224,-6.8735253],[112.2202205,-6.8735066],[112.220229,-6.8734832],[112.2202482,-6.8734647],[112.2202767,-6.8734536],[112.2203052,-6.8734532],[112.2203345,-6.8734603],[112.2203671,-6.8734733],[112.2204009,-6.8734823],[112.2204402,-6.8734848],[112.22048,-6.8734791],[112.2205198,-6.8734693],[112.2205554,-6.8734624],[112.220589,-6.8734622],[112.2206086,-6.8734733],[112.2206167,-6.8734966],[112.2206135,-6.873529],[112.2206114,-6.873566],[112.2206172,-6.8736017],[112.2206334,-6.8736271],[112.220653,-6.8736364],[112.2206729,-6.8736285],[112.2206861,-6.8736146],[112.2207018,-6.8736017],[112.2207243,-6.8735947],[112.2207479,-6.8735956],[112.2207645,-6.8736079],[112.2207729,-6.873632],[112.2207782,-6.8736625],[112.2207863,-6.8736882],[112.2207995,-6.8737007],[112.2208166,-6.8736977],[112.2208385,-6.8736801],[112.2208601,-6.8736558],[112.2208818,-6.8736287],[112.2209038,-6.8736021],[112.2209237,-6.8735801],[112.2209426,-6.8735575],[112.2209577,-6.8735295],[112.2209711,-6.8735038],[112.2209921,-6.8734828],[112.2210215,-6.8734756],[112.2210694,-6.87348],[112.2211187,-6.8734899],[112.2211622,-6.8735045],[112.2211925,-6.8735263],[112.2212091,-6.8735575],[112.2212156,-6.8736051],[112.2212172,-6.8736554],[112.2212184,-6.8737116],[112.2212209,-6.8737669],[112.2212232,-6.8738102],[112.2212262,-6.8738445],[112.2212311,-6.8738718],[112.221235,-6.8738994],[112.2212373,-6.8739271],[112.2212366,-6.8739609],[112.2212339,-6.873996],[112.2212276,-6.8740361],[112.2212195,-6.8740758],[112.2212128,-6.8741154],[112.2212084,-6.8741559],[112.2212054,-6.874207],[112.2211987,-6.8742694],[112.2211925,-6.874324],[112.2211874,-6.8743703],[112.2211846,-6.8744094],[112.2211834,-6.8744443],[112.2211844,-6.8744818],[112.2211922,-6.87451],[112.2212165,-6.8745237],[112.2212565,-6.8745176],[112.2213095,-6.8744915],[112.2213493,-6.8744677],[112.2213918,-6.8744466],[112.2214423,-6.8744346],[112.2215031,-6.8744254],[112.2215628,-6.8744212],[112.2216072,-6.8744219],[112.2216428,-6.8744297],[112.2216664,-6.8744452],[112.2216858,-6.8744691],[112.2217011,-6.8744968],[112.2217171,-6.874526],[112.2217321,-6.8745526],[112.2217469,-6.8745785],[112.2217605,-6.8746048],[112.221771,-6.8746328],[112.2217772,-6.8746645],[112.221774,-6.8746902],[112.2217677,-6.8747129],[112.2217689,-6.8747325],[112.2217821,-6.8747524],[112.2218066,-6.8747712],[112.2218286,-6.8747836],[112.2218484,-6.8747878],[112.2218639,-6.8747756],[112.2218727,-6.874745],[112.2218785,-6.874708],[112.2218868,-6.8746629],[112.2218973,-6.8746141],[112.2219093,-6.8745669],[112.2219218,-6.8745246],[112.2219326,-6.8744917],[112.2219505,-6.8744607],[112.2219782,-6.8744316],[112.2220198,-6.8744027],[112.2220573,-6.8743786],[112.2220934,-6.8743567],[112.2221249,-6.8743393],[112.2221545,-6.8743294],[112.2221834,-6.8743312],[112.2222109,-6.8743446],[112.2222361,-6.8743661],[112.2222611,-6.8743918],[112.2222801,-6.8744184],[112.2222942,-6.8744496],[112.2223004,-6.874482],[112.2223027,-6.8745181],[112.2223044,-6.8745456],[112.2223044,-6.8745718],[112.2223032,-6.8745977],[112.2223011,-6.8746282],[112.2223034,-6.8746585],[112.2223134,-6.8746833],[112.2223321,-6.8747071],[112.2223539,-6.8747304],[112.2223781,-6.8747598],[112.2223964,-6.8747887],[112.2224128,-6.8748188],[112.2224297,-6.87485],[112.2224468,-6.8748826],[112.222466,-6.8749243],[112.2224845,-6.8749664],[112.2225035,-6.8750117],[112.2225137,-6.8750409],[112.2225206,-6.8750682],[112.222525,-6.8750929],[112.2225329,-6.8751156],[112.2225435,-6.8751297],[112.2225604,-6.8751369],[112.2225778,-6.8751362],[112.2225923,-6.875129],[112.2226009,-6.8751147],[112.2226041,-6.8750922],[112.2226027,-6.8750638],[112.2225977,-6.8750325],[112.2225926,-6.8750006],[112.2225923,-6.8749745],[112.2226044,-6.8749537],[112.222625,-6.8749453],[112.222659,-6.8749463],[112.2226865,-6.874955],[112.2227119,-6.8749675],[112.2227344,-6.8749768],[112.2227545,-6.8749867],[112.2227711,-6.8750039],[112.2227818,-6.8750277],[112.2227908,-6.8750578],[112.2227994,-6.8750924],[112.2228065,-6.8751271],[112.2228105,-6.8751618],[112.2228123,-6.8751905],[112.2228139,-6.875215],[112.2228186,-6.8752312],[112.2228257,-6.8752393],[112.2228405,-6.8752361],[112.2228588,-6.8752326],[112.2228863,-6.8752319],[112.2229088,-6.8752377],[112.2229259,-6.8752405],[112.2229338,-6.8752324],[112.222934,-6.8752086],[112.2229289,-6.8751829],[112.2229254,-6.8751611],[112.2229284,-6.8751489],[112.2229363,-6.8751399],[112.2229428,-6.8751295],[112.222943,-6.8751137],[112.2229351,-6.8751012],[112.2229171,-6.8750857],[112.22289,-6.8750665],[112.222869,-6.875045],[112.2228542,-6.8750274],[112.2228403,-6.8750092],[112.2228264,-6.8749877],[112.2228162,-6.8749604],[112.2228193,-6.8749298],[112.2228357,-6.8748998],[112.2228671,-6.874872],[112.2228893,-6.8748436],[112.2229053,-6.8748112],[112.2229085,-6.8747813],[112.2229088,-6.8747543],[112.2229097,-6.87473],[112.2229148,-6.8747064],[112.2229208,-6.8746809],[112.2229217,-6.8746537],[112.2229159,-6.8746268],[112.2229023,-6.8745981],[112.2228854,-6.874563],[112.2228713,-6.874525],[112.2228604,-6.874482],[112.2228551,-6.8744348],[112.2228523,-6.8743881],[112.2228514,-6.8743312],[112.2228505,-6.8742803],[112.2228489,-6.8742239],[112.2228465,-6.8741709],[112.2228431,-6.874114],[112.2228385,-6.8740573],[112.2228324,-6.8739995],[112.222825,-6.8739389],[112.2228137,-6.8738706],[112.2227973,-6.8737882],[112.2227834,-6.8737163],[112.222776,-6.8736631],[112.2227762,-6.8736185],[112.2227839,-6.8735781],[112.2227966,-6.8735385],[112.2228088,-6.8735059],[112.2228176,-6.8734721],[112.2228197,-6.8734393],[112.2228158,-6.8734094],[112.2228112,-6.873384],[112.2228035,-6.8733544],[112.2227908,-6.8733204],[112.2227735,-6.8732781],[112.2227559,-6.8732323],[112.2227408,-6.8731828],[112.2227355,-6.8731404],[112.2227413,-6.8730999],[112.2227556,-6.8730604],[112.2227728,-6.8730102],[112.222788,-6.8729547],[112.222801,-6.8728955],[112.2228144,-6.8728437],[112.222832,-6.8727962],[112.2228528,-6.8727565],[112.2228773,-6.8727206],[112.2229081,-6.8726908],[112.2229455,-6.8726679],[112.2229895,-6.8726487],[112.2230293,-6.8726362],[112.2230674,-6.8726292],[112.2231079,-6.8726272],[112.2231519,-6.8726228],[112.2231914,-6.8726156],[112.2232252,-6.8726084],[112.2232599,-6.8726052],[112.2232944,-6.8726075],[112.2233304,-6.8726144],[112.2233605,-6.8726211],[112.2233961,-6.8726228],[112.2234352,-6.8726167],[112.2234894,-6.8726038],[112.2235386,-6.8725918],[112.2235819,-6.8725837],[112.2236168,-6.8725788],[112.2236506,-6.8725751],[112.2236809,-6.8725707],[112.223716,-6.8725559],[112.2237456,-6.8725312],[112.2237759,-6.8724874],[112.2237958,-6.8724562],[112.2238171,-6.8724324],[112.2238426,-6.8724178],[112.2238747,-6.8724104],[112.2239073,-6.8724132],[112.2239328,-6.8724308],[112.2239436,-6.8724632],[112.2239393,-6.8725046],[112.2239184,-6.8725513],[112.2238967,-6.872586],[112.2238763,-6.8726181],[112.2238655,-6.8726475],[112.2238745,-6.8726746],[112.2239048,-6.8726912],[112.2239531,-6.872697],[112.2240012,-6.8727002],[112.2240357,-6.8727074],[112.2240568,-6.8727273],[112.2240674,-6.8727558],[112.2240713,-6.8727881],[112.224078,-6.8728159],[112.2240963,-6.8728321],[112.2241275,-6.8728316],[112.2241625,-6.8728127],[112.2241884,-6.8727794],[112.2242034,-6.8727356],[112.2242147,-6.8726933],[112.2242335,-6.87266],[112.2242571,-6.8726392],[112.2242862,-6.8726235],[112.2243098,-6.8726096],[112.2243322,-6.8725915],[112.2243545,-6.872567],[112.2243762,-6.8725365],[112.2243959,-6.8725016],[112.2244141,-6.8724673],[112.2244361,-6.8724361],[112.2244676,-6.8724086],[112.2245057,-6.8723896],[112.2245432,-6.8723813],[112.2245737,-6.8723824],[112.2245962,-6.8723931],[112.2246124,-6.8724127],[112.2246235,-6.8724407],[112.2246297,-6.8724747],[112.2246288,-6.8725078],[112.2246283,-6.8725376],[112.2246364,-6.872561],[112.2246598,-6.8725716],[112.2246933,-6.8725654],[112.2247278,-6.8725531],[112.2247664,-6.8725383],[112.2248122,-6.8725227],[112.2248543,-6.8725128],[112.2248867,-6.8725091],[112.224914,-6.8725095],[112.2249411,-6.8725062],[112.2249714,-6.8724972],[112.2250005,-6.8724851],[112.2250269,-6.8724736],[112.2250556,-6.8724641],[112.2250826,-6.8724588],[112.2251106,-6.8724576],[112.2251411,-6.8724608],[112.2251763,-6.8724666],[112.2252165,-6.8724708],[112.2252566,-6.8724717],[112.2253021,-6.8724671],[112.2253498,-6.8724615],[112.2254011,-6.8724592],[112.2254363,-6.8724634],[112.2254668,-6.8724738],[112.2254904,-6.8724877],[112.2255154,-6.8725036],[112.2255381,-6.872521],[112.2255584,-6.8725404],[112.2255762,-6.8725638],[112.225594,-6.8725927],[112.2256095,-6.8726235],[112.2256262,-6.872658],[112.2256461,-6.8726957],[112.2256715,-6.8727383],[112.2256944,-6.872776],[112.2257127,-6.8728076],[112.2257259,-6.8728367],[112.2257351,-6.8728666],[112.2257425,-6.8728989],[112.2257495,-6.8729329],[112.2257578,-6.8729704],[112.2257705,-6.8730023],[112.2257909,-6.8730326],[112.2258173,-6.8730595],[112.2258492,-6.873087],[112.2258755,-6.8731141],[112.2258954,-6.8731455],[112.22591,-6.8731802],[112.225922,-6.8732161],[112.2259352,-6.8732494],[112.2259496,-6.8732785],[112.2259669,-6.8733051],[112.225984,-6.8733287],[112.2259986,-6.8733484],[112.2260095,-6.8733664],[112.2260164,-6.8733842],[112.2260206,-6.8734129],[112.226018,-6.8734483],[112.2260035,-6.873498],[112.2259861,-6.8735374],[112.2259664,-6.8735727],[112.225947,-6.8736042],[112.2259257,-6.8736357],[112.2259038,-6.8736662],[112.2258818,-6.873696],[112.2258628,-6.8737236],[112.2258533,-6.8737469],[112.225857,-6.8737652],[112.2258742,-6.8737758],[112.2259019,-6.8737756],[112.2259336,-6.8737687],[112.2259699,-6.8737608],[112.2260048,-6.8737594],[112.2260372,-6.8737652],[112.2260668,-6.8737738],[112.226092,-6.8737758],[112.2261085,-6.8737647],[112.2261177,-6.8737384],[112.2261205,-6.8737016],[112.2261247,-6.8736616],[112.2261328,-6.8736246],[112.2261436,-6.8735906],[112.2261607,-6.8735603],[112.2261853,-6.8735313],[112.2262151,-6.873504],[112.226238,-6.873483],[112.2262454,-6.8734659],[112.2262405,-6.8734474],[112.2262371,-6.8734263],[112.2262405,-6.8733969],[112.2262517,-6.8733648],[112.2262674,-6.8733299],[112.226285,-6.8732993],[112.2263051,-6.8732716],[112.2263261,-6.8732512],[112.2263467,-6.8732392],[112.2263699,-6.873235],[112.2263937,-6.8732371],[112.2264231,-6.873245],[112.2264554,-6.873257],[112.2264941,-6.87327],[112.2265315,-6.8732866],[112.2265614,-6.8733037],[112.2265884,-6.8733215],[112.2266037,-6.8733208],[112.2266106,-6.8733086],[112.2266102,-6.8732862],[112.2266069,-6.8732642],[112.2266058,-6.8732424],[112.2266044,-6.8732216],[112.2266025,-6.873202],[112.2265984,-6.8731767],[112.2265951,-6.8731481],[112.2265919,-6.8731145],[112.2265866,-6.8730856],[112.2265762,-6.8730611],[112.2265591,-6.8730373],[112.2265371,-6.8730056],[112.2265193,-6.8729665],[112.2265204,-6.8729265],[112.2265429,-6.8728896],[112.2265833,-6.8728498],[112.226625,-6.8728093],[112.226653,-6.8727758],[112.2266675,-6.8727463],[112.2266754,-6.8727116],[112.2266856,-6.8726776],[112.2267034,-6.8726468],[112.2267323,-6.8726258],[112.2267728,-6.872611],[112.2268151,-6.8726038],[112.2268512,-6.8726045],[112.2268766,-6.8726158],[112.2268933,-6.8726359],[112.2269116,-6.8726558],[112.2269342,-6.8726649],[112.226968,-6.8726609],[112.2270006,-6.8726514],[112.2270321,-6.8726426],[112.2270638,-6.8726399],[112.2270964,-6.8726464],[112.2271272,-6.8726593],[112.2271644,-6.8726743],[112.2272049,-6.8726841],[112.2272454,-6.8726847],[112.2272782,-6.8726746],[112.2272995,-6.8726542],[112.227312,-6.8726269],[112.2273194,-6.8725943],[112.2273268,-6.8725631],[112.2273471,-6.8725362],[112.2273839,-6.8725145],[112.2274461,-6.8724925],[112.2275109,-6.8724733],[112.227572,-6.8724576],[112.227624,-6.8724636],[112.2276668,-6.8724849],[112.2277022,-6.8725161],[112.2277249,-6.8725494],[112.227739,-6.8725853],[112.227754,-6.8726265],[112.2277744,-6.8726718],[112.227798,-6.872715],[112.2278236,-6.8727444],[112.2278493,-6.8727585],[112.2278773,-6.8727576],[112.2279094,-6.8727497],[112.2279502,-6.87274],[112.2280015,-6.8727336],[112.2280616,-6.8727305],[112.2281188,-6.8727296],[112.2281706,-6.8727259],[112.2282081,-6.8727109],[112.2282293,-6.872679],[112.2282354,-6.8726389],[112.2282395,-6.8726006],[112.2282555,-6.8725617],[112.2282856,-6.8725332],[112.2283293,-6.8725083],[112.2283704,-6.8724974],[112.2284167,-6.8725002],[112.2284583,-6.8725168],[112.2285129,-6.8725469],[112.2285689,-6.8725767],[112.2286314,-6.8726068],[112.2286806,-6.8726285],[112.2287216,-6.8726452],[112.2287553,-6.8726598],[112.2287884,-6.8726741],[112.2288243,-6.8726841],[112.2288638,-6.8726866],[112.2289004,-6.8726799],[112.2289337,-6.8726616],[112.2289533,-6.8726394],[112.2289705,-6.8726142],[112.2289855,-6.8725925],[112.2290038,-6.8725735],[112.2290253,-6.8725589],[112.229056,-6.872545],[112.2290968,-6.8725314],[112.2291416,-6.872518],[112.2291747,-6.8725101],[112.2292052,-6.8725094],[112.2292337,-6.8725187],[112.2292698,-6.8725416],[112.2292945,-6.8725707],[112.2292989,-6.8726022],[112.2292853,-6.8726341],[112.2292591,-6.8726706],[112.229239,-6.8727037],[112.2292198,-6.8727322],[112.2292062,-6.8727585],[112.2291978,-6.8727844],[112.229196,-6.8728164],[112.2291974,-6.8728566],[112.2292008,-6.8729013],[112.2292096,-6.8729524],[112.2292191,-6.8729979],[112.2292254,-6.8730359],[112.2292295,-6.873068],[112.2292411,-6.8730966],[112.2292654,-6.8731216],[112.2292948,-6.8731438],[112.2293163,-6.873163],[112.2293283,-6.8731825],[112.2293345,-6.8732036],[112.2293438,-6.8732228],[112.2293602,-6.8732332],[112.2293808,-6.8732316],[112.2293993,-6.8732212],[112.2294187,-6.873205],[112.2294449,-6.8731837],[112.2294759,-6.8731631],[112.2295092,-6.873146],[112.2295462,-6.87313],[112.2295804,-6.8731157],[112.2296135,-6.8730999],[112.2296413,-6.8730833],[112.2296646,-6.8730634],[112.2296857,-6.8730398],[112.2297053,-6.8730114],[112.2297262,-6.8729831],[112.2297449,-6.8729584],[112.2297655,-6.8729385],[112.2297879,-6.8729242],[112.2298177,-6.872911],[112.2298418,-6.8728996],[112.229864,-6.8728871],[112.2298851,-6.872876],[112.2299063,-6.87287],[112.2299276,-6.8728703],[112.229944,-6.8728758],[112.229954,-6.8728848],[112.2299595,-6.8728996],[112.2299607,-6.8729202],[112.2299551,-6.8729429],[112.2299403,-6.8729632],[112.2299142,-6.8729845],[112.2298844,-6.8730042],[112.229861,-6.8730225],[112.2298434,-6.8730419],[112.2298305,-6.8730662],[112.2298233,-6.8730919],[112.2298221,-6.8731145],[112.2298249,-6.8731316],[112.2298298,-6.8731481],[112.2298339,-6.8731654],[112.2298353,-6.8731818],[112.2298314,-6.8732024],[112.2298221,-6.8732209],[112.229805,-6.8732339],[112.2297886,-6.8732424],[112.2297726,-6.8732545],[112.2297555,-6.873276],[112.2297458,-6.8733037],[112.2297497,-6.873331],[112.2297696,-6.8733558],[112.2297972,-6.8733759],[112.2298214,-6.8733935],[112.2298443,-6.8734122],[112.2298629,-6.8734333],[112.2298781,-6.8734596],[112.2298874,-6.8734879],[112.2298925,-6.8735207],[112.229895,-6.8735579],[112.2298964,-6.8736062],[112.2298976,-6.8736631],[112.2299019,-6.873717],[112.2299052,-6.873757],[112.2299098,-6.8737939],[112.2299147,-6.8738295],[112.2299232,-6.873873],[112.2299274,-6.8739081],[112.229929,-6.8739435],[112.2299281,-6.8739755],[112.2299262,-6.8740092],[112.2299244,-6.8740437],[112.2299207,-6.8740812],[112.2299135,-6.8741154],[112.2299038,-6.8741466],[112.2298948,-6.8741755],[112.2298853,-6.8742063],[112.2298751,-6.8742378],[112.2298647,-6.8742731],[112.2298608,-6.8743078],[112.2298726,-6.8743379],[112.2298955,-6.8743534],[112.2299207,-6.8743652],[112.2299359,-6.8743807],[112.2299434,-6.8744025],[112.2299443,-6.8744267],[112.2299422,-6.8744513],[112.2299362,-6.8744749],[112.2299295,-6.8744989],[112.2299251,-6.8745223],[112.2299274,-6.8745424],[112.2299394,-6.8745574],[112.2299554,-6.8745651],[112.2299734,-6.8745688],[112.2299908,-6.8745736],[112.2300065,-6.8745847],[112.2300192,-6.8746037],[112.2300287,-6.8746259],[112.2300352,-6.8746476],[112.2300424,-6.8746668],[112.2300498,-6.8746798],[112.2300609,-6.8746867],[112.2300747,-6.8746814],[112.2300925,-6.8746613],[112.2301094,-6.874634],[112.2301228,-6.8746042],[112.2301305,-6.8745771],[112.2301316,-6.8745565],[112.2301275,-6.8745403],[112.2301205,-6.8745274],[112.2301122,-6.8745126],[112.2301046,-6.874492],[112.2300999,-6.8744637],[112.2301004,-6.8744365],[112.2301078,-6.8744145],[112.2301217,-6.8743978],[112.2301437,-6.8743828],[112.2301717,-6.8743673],[112.2302006,-6.8743495],[112.2302304,-6.8743236],[112.230254,-6.8742956],[112.2302739,-6.8742669],[112.2302882,-6.874238],[112.2302982,-6.8742107],[112.230306,-6.8741885],[112.2303151,-6.8741695],[112.2303266,-6.8741524],[112.230341,-6.8741339],[112.230359,-6.8741117],[112.2303794,-6.8740872],[112.2304027,-6.8740585],[112.2304249,-6.8740351],[112.2304488,-6.874018],[112.230477,-6.8740069],[112.2305094,-6.8740004],[112.2305443,-6.8739977],[112.2305732,-6.8740007],[112.2305963,-6.874012],[112.2306132,-6.8740314],[112.2306234,-6.8740576],[112.2306278,-6.8740853],[112.2306296,-6.8741124],[112.230631,-6.8741337],[112.2306336,-6.8741485],[112.230641,-6.8741556],[112.230653,-6.8741536],[112.2306748,-6.8741411],[112.2307027,-6.8741186],[112.2307349,-6.8740916],[112.2307756,-6.8740616],[112.2308191,-6.874038],[112.2308758,-6.874017],[112.2309176,-6.8740036],[112.2309468,-6.8739907],[112.230963,-6.8739759],[112.2309711,-6.8739572],[112.2309731,-6.8739352],[112.2309755,-6.8739132],[112.2309829,-6.8738883],[112.2309977,-6.8738637],[112.2310166,-6.8738397],[112.2310393,-6.8738193],[112.2310647,-6.8738064],[112.2310939,-6.8738008],[112.2311256,-6.873802],[112.2311503,-6.873808],[112.2311693,-6.8738196],[112.2311841,-6.8738374],[112.2311957,-6.8738623],[112.231201,-6.8738883],[112.2311989,-6.873913],[112.2311894,-6.8739389],[112.2311795,-6.8739671],[112.2311728,-6.873996],[112.2311709,-6.8740238],[112.2311783,-6.8740395],[112.2311984,-6.874043],[112.2312299,-6.8740347],[112.2312704,-6.8740192],[112.2313032,-6.8740081],[112.2313375,-6.8740016],[112.2313721,-6.8740023],[112.2314108,-6.8740083],[112.2314492,-6.8740182],[112.2314871,-6.8740284],[112.2315193,-6.8740381],[112.2315417,-6.8740502],[112.2315547,-6.8740689],[112.231559,-6.8740946],[112.2315574,-6.8741251],[112.2315558,-6.8741577],[112.2315549,-6.8741938],[112.2315533,-6.8742299],[112.2315484,-6.8742646],[112.2315438,-6.8742977],[112.2315433,-6.8743259],[112.2315484,-6.8743488],[112.2315588,-6.8743604],[112.2315734,-6.8743587],[112.2315924,-6.8743368],[112.2316109,-6.8743037],[112.2316312,-6.8742609],[112.2316504,-6.8742204],[112.2316698,-6.8741806],[112.2316877,-6.8741448],[112.2317038,-6.8741089],[112.2317154,-6.8740747],[112.2317182,-6.8740453],[112.2317124,-6.8740224],[112.2316988,-6.8739988],[112.2316823,-6.8739805],[112.2316638,-6.8739597],[112.2316488,-6.8739359],[112.2316409,-6.873907],[112.2316416,-6.8738781],[112.2316497,-6.8738549],[112.2316611,-6.8738406],[112.2316766,-6.8738337],[112.2316951,-6.8738323],[112.2317152,-6.8738348],[112.2317411,-6.8738369],[112.2317728,-6.8738316],[112.2318091,-6.8738131],[112.2318357,-6.8737913],[112.2318558,-6.8737698],[112.2318704,-6.873755],[112.2318857,-6.8737444],[112.2319037,-6.8737386],[112.2319238,-6.8737379],[112.231943,-6.873743],[112.2319627,-6.8737573],[112.2319796,-6.8737802],[112.2319951,-6.8738135],[112.2320052,-6.8738593],[112.2320119,-6.8738977],[112.2320182,-6.8739334],[112.2320263,-6.8739644],[112.232036,-6.8739963],[112.2320455,-6.8740268],[112.232054,-6.8740578],[112.2320605,-6.8740879],[112.2320635,-6.8741182],[112.2320626,-6.8741489],[112.232061,-6.8741846],[112.232064,-6.8742243],[112.2320742,-6.8742685],[112.2320788,-6.8743065],[112.2320779,-6.874337],[112.232073,-6.8743613],[112.2320686,-6.8743895],[112.2320638,-6.874426],[112.2320601,-6.8744797],[112.2320577,-6.8745225],[112.2320621,-6.8745618],[112.2320677,-6.874584],[112.2320744,-6.8745979],[112.2320769,-6.8746081],[112.2320772,-6.874619],[112.2320751,-6.8746317],[112.2320726,-6.8746456],[112.2320728,-6.8746641],[112.2320793,-6.8746641],[112.2321029,-6.8746643],[112.2321396,-6.874619],[112.2321993,-6.8746428],[112.2322451,-6.8746252],[112.2322895,-6.8746342],[112.2322995,-6.8746109],[112.2322828,-6.8745745],[112.2322567,-6.8745283],[112.2322315,-6.8744869],[112.2322169,-6.8744457],[112.2322118,-6.8744025],[112.2322187,-6.8743775],[112.2322298,-6.8743678],[112.2322444,-6.8743701],[112.2322618,-6.8743775],[112.2322819,-6.8743874],[112.2322995,-6.8743876],[112.2323147,-6.8743786],[112.2323078,-6.8743335],[112.2322978,-6.8743011],[112.2322833,-6.874269],[112.2322722,-6.8742401],[112.2322629,-6.8742051],[112.232256,-6.874167],[112.2322548,-6.874127],[112.2322601,-6.8740902],[112.2322712,-6.8740606],[112.2322847,-6.8740437],[112.232299,-6.8740395],[112.2323127,-6.874046],[112.2323291,-6.8740603],[112.2323487,-6.874077],[112.2323726,-6.8740932],[112.2323901,-6.8740976],[112.2323987,-6.8740937],[112.2323971,-6.8740832],[112.2323883,-6.8740745],[112.2323756,-6.874064],[112.2323633,-6.8740511],[112.2323527,-6.8740317],[112.2323467,-6.8740102],[112.2323439,-6.8739831],[112.232343,-6.873956],[112.2323393,-6.873928],[112.2323302,-6.8738975],[112.2323159,-6.8738628],[112.2323013,-6.8738251],[112.2322879,-6.8737853],[112.2322773,-6.8737446],[112.2322694,-6.8737039],[112.2322636,-6.8736611],[112.2322592,-6.8736206],[112.2322564,-6.8735815],[112.2322569,-6.8735487],[112.2322615,-6.8735145],[112.2322715,-6.8734858],[112.2322886,-6.873461],[112.2323147,-6.8734434],[112.2323494,-6.8734312],[112.2323855,-6.8734242],[112.2324184,-6.8734185],[112.2324433,-6.8734076],[112.2324625,-6.8733895],[112.232479,-6.873362],[112.2324942,-6.8733333],[112.232515,-6.8732964],[112.2325368,-6.8732692],[112.2325613,-6.8732469],[112.2325826,-6.8732333],[112.2325997,-6.8732193],[112.2326103,-6.8732001],[112.232614,-6.8731742],[112.2326171,-6.8731397],[112.2326228,-6.8731013],[112.2326321,-6.8730611],[112.2326363,-6.8730227],[112.2326328,-6.8729794],[112.2326238,-6.8729313],[112.2326129,-6.8728825],[112.2326078,-6.8728388],[112.2326122,-6.8728011],[112.232627,-6.872772],[112.2326492,-6.872753],[112.2326719,-6.8727479],[112.2326899,-6.8727555],[112.2327073,-6.8727713],[112.2327274,-6.8727863],[112.2327489,-6.8727923],[112.232773,-6.8727828],[112.2327966,-6.8727625],[112.2328204,-6.87274],[112.2328444,-6.8727238],[112.2328747,-6.8727148],[112.2329108,-6.8727148],[112.2329478,-6.8727206],[112.2329872,-6.8727305],[112.2330246,-6.8727407],[112.2330653,-6.8727497],[112.2331072,-6.8727553],[112.2331623,-6.8727523],[112.2332192,-6.8727396],[112.2332724,-6.8727183],[112.2333119,-6.872691],[112.233336,-6.8726612],[112.2333441,-6.8726225],[112.2333431,-6.8725832],[112.2333406,-6.8725349],[112.2333531,-6.8725032],[112.233382,-6.8724877],[112.2334197,-6.872499],[112.2334512,-6.8725201],[112.2334745,-6.8725473],[112.2334912,-6.8725749],[112.2335051,-6.8726012],[112.2335249,-6.8726225],[112.2335603,-6.8726339],[112.2336161,-6.8726366],[112.2336827,-6.8726302],[112.2337366,-6.8726209],[112.2337872,-6.8726091],[112.2338379,-6.8725985],[112.233896,-6.8725915],[112.2339522,-6.8725878],[112.2340051,-6.8725851],[112.2340577,-6.8725781],[112.2341171,-6.8725679],[112.23418,-6.8725578],[112.2342427,-6.8725467],[112.2342964,-6.8725335],[112.234329,-6.8725169],[112.2343392,-6.872501],[112.2343308,-6.8724887],[112.2343128,-6.8724889],[112.2342908,-6.8724921],[112.2342621,-6.8724923],[112.2342351,-6.8724849],[112.2342096,-6.8724694],[112.2341895,-6.8724467],[112.2341719,-6.8724206],[112.2341499,-6.8723972],[112.2341266,-6.8723868],[112.2340923,-6.8723891],[112.2340577,-6.8723979],[112.2340186,-6.8724016],[112.2339913,-6.8723864],[112.2339788,-6.8723521],[112.2339938,-6.8722978],[112.2340271,-6.8722508],[112.2340757,-6.8722173],[112.2341266,-6.8722006],[112.2341701,-6.8721965],[112.2342013,-6.8722025],[112.2342256,-6.8722207],[112.2342471,-6.8722466],[112.2342709,-6.8722756],[112.2342991,-6.8722941],[112.2343304,-6.8722968],[112.2343623,-6.872283],[112.2343947,-6.8722591],[112.234431,-6.8722367],[112.2344722,-6.8722177],[112.2345168,-6.8722025],[112.2345591,-6.87219],[112.2345973,-6.87218],[112.2346253,-6.8721701],[112.2346473,-6.8721574],[112.2346672,-6.8721416],[112.2346907,-6.8721238],[112.2347227,-6.8721062],[112.2347655,-6.8720928],[112.2348194,-6.8720852],[112.2348795,-6.8720815],[112.2349329,-6.8720746],[112.2349843,-6.8720614],[112.2350338,-6.8720436],[112.2350828,-6.8720255],[112.2351224,-6.8720119],[112.2351557,-6.8720065],[112.2351825,-6.8720109],[112.2352086,-6.8720255],[112.2352292,-6.8720449],[112.2352507,-6.8720676],[112.2352787,-6.8720829],[112.235328,-6.8720935],[112.2353837,-6.8720977],[112.2354326,-6.8721104],[112.2354649,-6.8721282],[112.2354888,-6.872152],[112.2355087,-6.8721705],[112.2355355,-6.8721803],[112.2355739,-6.8721738],[112.2356148,-6.8721608],[112.2356502,-6.8721467],[112.2356787,-6.8721324],[112.2356993,-6.8721139],[112.2357064,-6.8720914],[112.2357053,-6.8720692],[112.2357073,-6.8720452],[112.2357224,-6.872022],[112.2357522,-6.8720045],[112.2357858,-6.8719994],[112.2358158,-6.8720022],[112.2358431,-6.8720107],[112.2358626,-6.8720207],[112.2358778,-6.8720348],[112.2358885,-6.8720523],[112.2358945,-6.8720743],[112.2358977,-6.8720954],[112.2359026,-6.8721127],[112.2359137,-6.8721201],[112.235931,-6.872113],[112.2359477,-6.8720921],[112.2359576,-6.8720648],[112.2359632,-6.8720373],[112.2359687,-6.8720109],[112.2359845,-6.8719876],[112.2360097,-6.8719709],[112.2360504,-6.8719577],[112.2360909,-6.8719536],[112.2361251,-6.8719573],[112.2361519,-6.8719705],[112.2361748,-6.8719894],[112.2361929,-6.8720084],[112.2362084,-6.872022],[112.2362243,-6.8720278],[112.2362428,-6.872023],[112.2362618,-6.8720054],[112.2362787,-6.8719816],[112.2362949,-6.8719573],[112.2363159,-6.8719383],[112.2363478,-6.8719258],[112.2363892,-6.871918],[112.2364387,-6.8719119],[112.2364818,-6.8719095],[112.2365142,-6.8719109],[112.2365403,-6.8719174],[112.2365597,-6.8719271],[112.2365805,-6.8719378],[112.2366009,-6.8719478],[112.2366208,-6.8719554],[112.2366393,-6.8719607],[112.2366559,-6.8719624],[112.2366684,-6.8719577],[112.2366751,-6.8719453],[112.236674,-6.8719295],[112.2366675,-6.8719163],[112.2366573,-6.8719045],[112.2366467,-6.8718925],[112.2366395,-6.8718786],[112.2366395,-6.871865],[112.2366492,-6.871853],[112.2366673,-6.8718446],[112.2366893,-6.8718405],[112.2367094,-6.8718398],[112.2367293,-6.8718426],[112.2367475,-6.87185],[112.2367665,-6.8718624],[112.2367834,-6.8718775],[112.2368005,-6.8718951],[112.2368181,-6.8719133],[112.2368368,-6.8719309],[112.2368558,-6.8719432],[112.2368736,-6.8719446],[112.2368859,-6.8719323],[112.2368907,-6.8719087],[112.2368891,-6.8718837],[112.2368831,-6.8718645],[112.2368752,-6.8718493],[112.2368704,-6.8718338],[112.2368708,-6.8718164],[112.2368852,-6.8717981],[112.2369118,-6.8717856],[112.236959,-6.8717782],[112.2370059,-6.8717787],[112.2370517,-6.8717824],[112.2370906,-6.8717868],[112.2371202,-6.8717893],[112.2371454,-6.8717889],[112.2371662,-6.8717831],[112.2371868,-6.8717713],[112.2372092,-6.8717556],[112.2372326,-6.8717398],[112.2372557,-6.8717281],[112.2372784,-6.871723],[112.2372997,-6.8717253],[112.2373175,-6.8717348],[112.2373318,-6.871751],[112.2373446,-6.8717722],[112.2373536,-6.8717981],[112.2373614,-6.871828],[112.2373693,-6.871858],[112.237385,-6.8718842],[112.237413,-6.8719004],[112.2374547,-6.8719059],[112.2375044,-6.8719038],[112.2375548,-6.8718974],[112.2375888,-6.8718879],[112.2376082,-6.8718745],[112.2376187,-6.871855],[112.2376309,-6.8718363],[112.237654,-6.8718139],[112.237689,-6.8717921],[112.2377325,-6.8717711],[112.2377801,-6.8717512],[112.2378238,-6.8717329],[112.2378567,-6.8717151],[112.2378854,-6.8716959],[112.2379152,-6.8716809],[112.2379548,-6.871673],[112.237995,-6.8716765],[112.2380385,-6.871688],[112.2380771,-6.8717005],[112.2381169,-6.8717142],[112.238159,-6.8717257],[112.2382131,-6.8717341],[112.2382543,-6.8717315],[112.2382876,-6.8717197],[112.2383135,-6.8717033],[112.2383415,-6.8716869],[112.2383702,-6.871673],[112.2384005,-6.8716649],[112.238434,-6.8716637],[112.2384694,-6.8716674],[112.2385087,-6.871667],[112.2385478,-6.8716607],[112.2385925,-6.8716489],[112.238636,-6.8716385],[112.2386781,-6.8716325],[112.2387141,-6.8716346],[112.2387398,-6.8716485],[112.238756,-6.8716739],[112.238756,-6.8717082],[112.2387468,-6.8717371],[112.2387345,-6.8717646],[112.2387259,-6.8717896],[112.2387241,-6.8718157],[112.2387276,-6.8718421],[112.2387384,-6.8718682],[112.2387514,-6.8718897],[112.238765,-6.8719126],[112.2387717,-6.8719374],[112.2387703,-6.8719631],[112.2387632,-6.871986],[112.2387595,-6.8720079],[112.2387625,-6.8720262],[112.2387754,-6.8720445],[112.2387882,-6.8720623],[112.2388,-6.8720787],[112.2388113,-6.8720898],[112.2388219,-6.8720979],[112.2388326,-6.8721042],[112.2388425,-6.8721125],[112.2388541,-6.8721261],[112.238864,-6.8721423],[112.2388767,-6.8721599],[112.2388934,-6.8721701],[112.2389119,-6.8721678],[112.2389263,-6.8721495],[112.2389327,-6.8721259],[112.2389353,-6.8720972],[112.2389362,-6.8720709],[112.238935,-6.8720449],[112.2389295,-6.8720207],[112.23892,-6.8719929],[112.2389124,-6.8719686],[112.2389103,-6.8719436],[112.2389131,-6.8719193],[112.2389175,-6.8718969],[112.2389249,-6.8718745],[112.2389374,-6.8718617],[112.2389586,-6.871856],[112.2389815,-6.8718576],[112.2390072,-6.8718638],[112.239038,-6.8718698],[112.2390704,-6.8718717],[112.2391051,-6.8718675],[112.2391351,-6.8718583],[112.2391603,-6.8718467],[112.2391835,-6.8718363],[112.2392036,-6.8718294],[112.2392228,-6.8718284],[112.2392429,-6.8718331],[112.2392658,-6.8718419],[112.2392936,-6.8718523],[112.2393271,-6.8718611],[112.2393653,-6.8718703],[112.2394053,-6.8718784],[112.2394483,-6.8718865],[112.2394874,-6.8718934],[112.2395249,-6.8718999],[112.2395536,-6.8719064],[112.2395762,-6.8719124],[112.2395938,-6.8719184],[112.2396139,-6.8719254],[112.2396447,-6.8719367],[112.2396757,-6.8719436],[112.2397065,-6.8719471],[112.2397388,-6.8719473],[112.239771,-6.8719473],[112.2398138,-6.871948],[112.2398718,-6.871952],[112.2399285,-6.8719594],[112.2399771,-6.8719709],[112.2400148,-6.871986],[112.2400449,-6.8720026],[112.2400705,-6.872019],[112.240096,-6.872032],[112.2401244,-6.8720399],[112.2401515,-6.8720394],[112.2401751,-6.872032],[112.2401948,-6.8720262],[112.2402151,-6.8720248],[112.2402385,-6.872029],[112.2402648,-6.8720352],[112.2402965,-6.8720438],[112.2403287,-6.8720523],[112.2403645,-6.8720616],[112.2404069,-6.8720719],[112.2404522,-6.8720816],[112.2405063,-6.872092],[112.2405419,-6.8720987],[112.2405722,-6.8721044],[112.240606,-6.8721118],[112.2406479,-6.8721213],[112.2407096,-6.8721363],[112.2407575,-6.8721472],[112.2407959,-6.8721557],[112.2408267,-6.8721622],[112.2408547,-6.8721671],[112.2408882,-6.8721717],[112.2409294,-6.8721779],[112.2409826,-6.8721884],[112.2410383,-6.8722002],[112.2410934,-6.8722099],[112.2411413,-6.8722163],[112.2411845,-6.8722207],[112.2412222,-6.8722228],[112.2412484,-6.8722224],[112.2412713,-6.872218],[112.2412969,-6.8722115],[112.2413272,-6.8722052],[112.241361,-6.8721992],[112.2413855,-6.8721955],[112.241408,-6.8721951],[112.2414292,-6.8721999],[112.2414503,-6.8722039],[112.241469,-6.8721999],[112.2414855,-6.8721835],[112.2414991,-6.8721606],[112.2415072,-6.8721368],[112.2415109,-6.872112],[112.2415139,-6.8720864],[112.2415213,-6.8720651],[112.2415368,-6.8720533],[112.2415588,-6.8720535],[112.2415821,-6.8720662],[112.2415969,-6.872082],[112.2416064,-6.8721039],[112.2416099,-6.8721254],[112.2416124,-6.8721472],[112.2416159,-6.8721664],[112.2416222,-6.8721865],[112.241633,-6.8722059],[112.2416511,-6.8722251],[112.2416744,-6.8722457],[112.2417013,-6.8722728],[112.2417276,-6.8723045],[112.2417529,-6.8723424],[112.241773,-6.8723713],[112.2417933,-6.8723975],[112.2418118,-6.8724183],[112.2418368,-6.8724315],[112.2418701,-6.872434],[112.2419152,-6.8724248],[112.2419525,-6.8724148],[112.2419828,-6.8724097],[112.2420103,-6.8724116],[112.2420339,-6.8724208],[112.2420577,-6.8724368],[112.2420808,-6.8724569],[112.2421051,-6.8724796],[112.242129,-6.8725022],[112.2421516,-6.8725247],[112.2421708,-6.8725467],[112.2421852,-6.8725656],[112.2421972,-6.8725837],[112.2422078,-6.8725952],[112.2422199,-6.8725971],[112.2422296,-6.8725837],[112.2422358,-6.8725573],[112.2422384,-6.8725238],[112.2422439,-6.8724932],[112.2422569,-6.8724689],[112.2422819,-6.8724558],[112.2423112,-6.8724507],[112.2423455,-6.8724532],[112.2423762,-6.8724632],[112.2424033,-6.8724814],[112.242422,-6.8725036],[112.2424329,-6.8725268],[112.2424361,-6.8725538],[112.2424359,-6.8725832],[112.2424371,-6.8726211],[112.2424417,-6.8726551],[112.2424505,-6.872679],[112.2424646,-6.8726903],[112.2424868,-6.8726919],[112.2425213,-6.8726868],[112.2425569,-6.8726771],[112.2425883,-6.8726607],[112.2426094,-6.8726362],[112.2426251,-6.8725957],[112.2426385,-6.8725485],[112.2426575,-6.8724948],[112.242676,-6.8724585],[112.2426989,-6.8724271],[112.2427234,-6.8723982],[112.2427523,-6.8723621],[112.2427766,-6.8723399],[112.2428037,-6.872326],[112.2428301,-6.8723204],[112.2428592,-6.8723158],[112.2428837,-6.8723147],[112.2429103,-6.8723179],[112.2429376,-6.8723276],[112.2429635,-6.8723408],[112.2429825,-6.8723558],[112.242988,-6.8723732],[112.2429816,-6.8723938],[112.2429721,-6.8724148],[112.2429675,-6.8724368],[112.2429732,-6.8724569],[112.2429892,-6.8724719],[112.2430102,-6.8724787],[112.2430338,-6.872478],[112.2430556,-6.8724768],[112.2430785,-6.8724814],[112.2431053,-6.8724951],[112.2431342,-6.8725147],[112.2431583,-6.8725383],[112.2431763,-6.8725645],[112.243187,-6.8725915],[112.2431941,-6.8726174],[112.2431981,-6.872641],[112.2432045,-6.8726593],[112.2432163,-6.8726736],[112.2432353,-6.8726773],[112.2432559,-6.8726723],[112.2432753,-6.8726609],[112.2432948,-6.8726512],[112.2433103,-6.872648],[112.2433258,-6.8726517],[112.2433369,-6.8726625],[112.2433454,-6.872681],[112.2433503,-6.8727046],[112.2433526,-6.8727333],[112.2433544,-6.8727648],[112.2433561,-6.8727942],[112.2433588,-6.872821],[112.2433611,-6.8728434],[112.2433632,-6.8728654],[112.2433644,-6.8728885],[112.2433658,-6.8729121],[112.2433669,-6.8729329],[112.2433688,-6.8729508],[112.2433729,-6.8729628],[112.243382,-6.8729656],[112.2433988,-6.8729558],[112.2434194,-6.8729369],[112.2434393,-6.8729135],[112.2434636,-6.8728911],[112.2434939,-6.8728735],[112.2435344,-6.8728601],[112.2435723,-6.8728441],[112.2436137,-6.8728171],[112.2436519,-6.872784],[112.2436912,-6.8727539],[112.2437285,-6.8727294],[112.2437629,-6.8727057],[112.2437861,-6.872683],[112.2438023,-6.8726587],[112.2438177,-6.8726395],[112.2438339,-6.872623],[112.2438518,-6.8726082],[112.2438703,-6.8725936],[112.2438911,-6.8725811],[112.243913,-6.8725742],[112.2439341,-6.872574],[112.2439556,-6.8725777],[112.2439801,-6.8725793],[112.2440109,-6.8725702],[112.2440349,-6.8725515],[112.2440541,-6.8725305],[112.2440685,-6.872508],[112.2440821,-6.8724849],[112.2440965,-6.8724601],[112.2441113,-6.8724366],[112.2441233,-6.8724146],[112.2441323,-6.8723951],[112.2441404,-6.8723773],[112.2441557,-6.8723614],[112.2441758,-6.87235],[112.2441983,-6.8723487],[112.2442082,-6.8723584],[112.2442063,-6.872379],[112.2441939,-6.8724039],[112.24418,-6.8724305],[112.2441684,-6.8724567],[112.2441636,-6.8724812],[112.2441617,-6.8725046],[112.2441629,-6.8725251],[112.2441684,-6.8725432],[112.2441821,-6.8725631],[112.2442029,-6.8725818],[112.2442253,-6.8725901],[112.2442521,-6.872589],[112.2442829,-6.8725814],[112.2443079,-6.8725751],[112.2443292,-6.872573],[112.244344,-6.8725763],[112.2443576,-6.8725869],[112.244369,-6.8726038],[112.2443798,-6.8726295],[112.2443821,-6.8726602],[112.2443738,-6.8726931],[112.244347,-6.8727285],[112.2443144,-6.87275],[112.2442787,-6.8727673],[112.2442498,-6.8727803],[112.2442253,-6.8727983],[112.2442128,-6.8728187],[112.2442126,-6.872839],[112.244223,-6.8728534],[112.2442387,-6.8728543],[112.2442549,-6.8728444],[112.2442794,-6.8728245],[112.244306,-6.8728069],[112.2443352,-6.8727928],[112.2443606,-6.8727812],[112.2443912,-6.872772],[112.2444231,-6.8727717],[112.2444569,-6.8727831],[112.2444696,-6.8728053],[112.2444696,-6.8728335],[112.2444673,-6.8728585],[112.2444726,-6.8728753],[112.2444909,-6.8728832],[112.2445135,-6.8728793],[112.2445445,-6.872861],[112.244579,-6.8728353],[112.2446213,-6.8728057],[112.2446697,-6.8727824],[112.2447044,-6.8727706],[112.2447335,-6.8727676],[112.244752,-6.8727733],[112.2447652,-6.8727863],[112.2447712,-6.8728083],[112.2447733,-6.8728349],[112.2447712,-6.8728656],[112.244765,-6.8729022],[112.2447557,-6.8729424],[112.2447474,-6.8729873],[112.2447418,-6.8730377],[112.2447397,-6.8730861],[112.2447407,-6.8731309],[112.2447446,-6.8731714],[112.2447504,-6.8732087],[112.244758,-6.8732415],[112.2447677,-6.8732725],[112.2447754,-6.8732984],[112.2447807,-6.8733208],[112.2447892,-6.8733458],[112.2448036,-6.8733798],[112.2448249,-6.8734271],[112.2448374,-6.8734637],[112.2448427,-6.8734984],[112.2448327,-6.873513],[112.244817,-6.8735161],[112.2448013,-6.8735064],[112.2447897,-6.8734904],[112.2447812,-6.8734714],[112.2447719,-6.8734548],[112.2447578,-6.8734356],[112.2447414,-6.8734178],[112.2447233,-6.873403],[112.2447076,-6.873396],[112.2446958,-6.8733963],[112.2446907,-6.8734034],[112.2446921,-6.8734173],[112.2446967,-6.873434],[112.2446972,-6.8734536],[112.2446935,-6.8734707],[112.2446856,-6.8734911],[112.2446828,-6.8735124],[112.2446863,-6.8735348],[112.2446963,-6.8735596],[112.2447083,-6.8735908],[112.2447182,-6.8736259],[112.2447229,-6.8736669],[112.2447249,-6.8737069],[112.2447266,-6.8737485],[112.2447273,-6.8737886],[112.2447259,-6.873829],[112.2447189,-6.8738718],[112.2447081,-6.8739151],[112.2446916,-6.8739549],[112.244672,-6.8739919],[112.2446539,-6.8740284],[112.2446398,-6.8740664],[112.2446269,-6.8741082],[112.2446155,-6.8741452],[112.2446019,-6.8741825],[112.244591,-6.8742156],[112.2445873,-6.8742442],[112.2446026,-6.8742625],[112.2446292,-6.8742745],[112.244663,-6.8742843],[112.2446967,-6.8743037],[112.2447249,-6.8743282],[112.244752,-6.8743629],[112.2447717,-6.8743939],[112.2447869,-6.8744272],[112.2447967,-6.8744628],[112.2448024,-6.8745052],[112.2448061,-6.8745493],[112.244814,-6.8745926],[112.2448272,-6.8746252],[112.2448473,-6.8746532],[112.2448681,-6.8746777],[112.2448885,-6.8747043],[112.2449042,-6.8747332],[112.2449135,-6.8747633],[112.2449192,-6.8747941],[112.2449253,-6.8748262],[112.244931,-6.8748579],[112.2449347,-6.8748877],[112.244938,-6.874916],[112.2449408,-6.8749449],[112.244941,-6.8749726],[112.2449306,-6.8750025],[112.2449081,-6.8750316],[112.2448732,-6.8750628],[112.2448471,-6.8750878],[112.2448325,-6.8751126],[112.2448344,-6.8751386],[112.2448485,-6.8751673],[112.2448653,-6.875198],[112.2448774,-6.8752235],[112.2448903,-6.875246],[112.2449042,-6.8752643],[112.2449202,-6.8752821],[112.2449331,-6.8752999],[112.2449417,-6.8753212],[112.2449458,-6.8753453],[112.2449479,-6.8753691],[112.2449514,-6.8753883],[112.2449639,-6.8754015],[112.2449856,-6.8754077],[112.2450176,-6.875408],[112.2450506,-6.8754059],[112.24508,-6.8754073],[112.2450955,-6.875417],[112.2451034,-6.8754366],[112.245105,-6.8754646],[112.2451031,-6.8755005],[112.2451001,-6.8755389],[112.2450971,-6.8755803],[112.2450976,-6.8756122],[112.2451022,-6.8756411],[112.2451094,-6.8756675],[112.2451182,-6.8756927],[112.2451256,-6.8757161],[112.2451281,-6.8757371],[112.2451228,-6.8757538],[112.2451052,-6.8757626],[112.2450856,-6.8757679],[112.2450652,-6.8757757],[112.245049,-6.875791],[112.2450398,-6.87581],[112.24504,-6.8758315],[112.2450483,-6.8758511],[112.2450546,-6.8758706],[112.2450546,-6.8758905],[112.2450393,-6.8759217],[112.2450071,-6.8759619],[112.2449542,-6.8760165],[112.244907,-6.8760505],[112.2448651,-6.8760732],[112.2448258,-6.8760848],[112.2447779,-6.8760975],[112.2447245,-6.8761118],[112.2446734,-6.8761264],[112.2446313,-6.8761382],[112.2445952,-6.8761477],[112.2445633,-6.876159],[112.2445394,-6.876174],[112.2445341,-6.8761902],[112.2445494,-6.8761983],[112.2445741,-6.8761937],[112.2446033,-6.8761775],[112.2446264,-6.8761646],[112.2446484,-6.8761562],[112.2446764,-6.8761512],[112.244709,-6.8761488],[112.244746,-6.876147],[112.2447886,-6.8761442],[112.2448346,-6.8761382],[112.2448836,-6.8761285],[112.2449308,-6.8761165],[112.2449664,-6.8761088],[112.2449921,-6.87611],[112.2450108,-6.8761227],[112.2450226,-6.8761435],[112.2450273,-6.8761701],[112.2450287,-6.876196],[112.2450328,-6.8762201],[112.2450437,-6.8762418],[112.2450615,-6.8762656],[112.2450777,-6.8762902],[112.2450874,-6.876323],[112.2450888,-6.876363],[112.2450851,-6.8764146],[112.245086,-6.8764502],[112.2450967,-6.8764764],[112.2451196,-6.8764937],[112.2451526,-6.8765088],[112.2451876,-6.876526],[112.2452223,-6.8765514],[112.2452539,-6.8765831],[112.245272,-6.8766157],[112.2452782,-6.8766411],[112.2452766,-6.876667],[112.2452734,-6.8766915],[112.2452715,-6.8767174],[112.2452725,-6.8767421],[112.2452768,-6.8767655],[112.2452838,-6.8767891],[112.245291,-6.8768122],[112.2452965,-6.8768388],[112.2453004,-6.8768689],[112.2453041,-6.8769048],[112.2453088,-6.8769425],[112.2453171,-6.8769799],[112.2453368,-6.8770167],[112.2453687,-6.8770354],[112.2454166,-6.8770366],[112.2454603,-6.8770336],[112.2454998,-6.8770366],[112.2455324,-6.8770528],[112.2455653,-6.8770769],[112.2455951,-6.8771053],[112.2456254,-6.8771407],[112.2456574,-6.8771844],[112.2456951,-6.8772353],[112.2457298,-6.8772624],[112.2457686,-6.8772753],[112.2458121,-6.8772758],[112.245854,-6.8772728],[112.2458914,-6.8772714],[112.2459234,-6.877276],[112.245953,-6.8772871],[112.2459865,-6.8773024],[112.24602,-6.8773126],[112.2460584,-6.8773144],[112.2460971,-6.8773061],[112.2461394,-6.877298],[112.246184,-6.8772927],[112.2462345,-6.877291],[112.2462763,-6.8772878],[112.2463182,-6.8772797],[112.2463517,-6.8772663],[112.2463848,-6.8772524],[112.2464137,-6.8772425],[112.2464406,-6.8772383],[112.2464681,-6.8772402],[112.2464875,-6.8772517],[112.2465019,-6.8772732],[112.2465065,-6.8773019],[112.2465023,-6.8773294],[112.2464919,-6.877354],[112.2464771,-6.8773787],[112.2464538,-6.8774035],[112.2464246,-6.8774291],[112.2463911,-6.877452],[112.2463818,-6.8774752],[112.2463927,-6.8774953],[112.2464165,-6.8775119],[112.246442,-6.8775277],[112.2464665,-6.8775453],[112.2464889,-6.8775661],[112.2465111,-6.8775922],[112.2465326,-6.8776227],[112.2465558,-6.8776567],[112.2465796,-6.8776901],[112.2466043,-6.8777245],[112.24663,-6.8777578],[112.2466534,-6.8777886],[112.2466747,-6.8778198],[112.2466927,-6.8778527],[112.2467089,-6.8778881],[112.2467216,-6.8779189],[112.2467325,-6.8779462],[112.2467434,-6.8779751],[112.2467508,-6.8780022],[112.2467561,-6.8780271],[112.2467607,-6.8780514],[112.2467644,-6.8780756],[112.2467679,-6.8781036],[112.24677,-6.878133],[112.2467713,-6.8781668],[112.2467734,-6.8782017],[112.246778,-6.8782406],[112.246785,-6.878276],[112.2467933,-6.8783049],[112.246803,-6.8783282],[112.2468204,-6.8783463],[112.2468504,-6.8783597],[112.2468949,-6.8783706],[112.2469453,-6.8783784],[112.2469862,-6.8783844],[112.2470223,-6.8783912],[112.2470589,-6.8783974],[112.2471074,-6.8784048],[112.247165,-6.8784113],[112.2472238,-6.8784196],[112.2472809,-6.8784289],[112.2473427,-6.8784425],[112.2474017,-6.8784573],[112.2474606,-6.878473],[112.2475261,-6.8784888],[112.2475927,-6.8785019],[112.2476658,-6.878514],[112.2477192,-6.8785207],[112.2477641,-6.8785242],[112.2478097,-6.8785265],[112.2478636,-6.8785299],[112.2479226,-6.8785357],[112.2479651,-6.878545],[112.2479987,-6.8785549],[112.2480304,-6.8785656],[112.2480614,-6.878573],[112.2480947,-6.8785806],[112.2481291,-6.8785887],[112.2481643,-6.8785975],[112.248202,-6.8786053],[112.2482445,-6.8786111],[112.2482883,-6.8786141],[112.2483264,-6.8786162],[112.2483574,-6.8786176],[112.2483873,-6.8786183],[112.2484261,-6.8786188],[112.2484742,-6.8786192],[112.2485244,-6.8786197],[112.2485742,-6.878619],[112.2486195,-6.8786167],[112.2486611,-6.8786144],[112.2486977,-6.8786125],[112.2487287,-6.8786123],[112.2487534,-6.878613],[112.2487779,-6.8786133],[112.2488255,-6.8786172],[112.2488493,-6.878628],[112.2488772,-6.8786387],[112.2488968,-6.8786514],[112.2489322,-6.8786511],[112.2489785,-6.878641],[112.2490298,-6.8786296],[112.2490835,-6.8786188],[112.249143,-6.8786083],[112.2491996,-6.8785968],[112.2492466,-6.8785845],[112.249278,-6.8785704],[112.2493009,-6.8785491],[112.2493262,-6.8785248],[112.2493645,-6.8785121],[112.2493951,-6.8785096],[112.2494177,-6.8785214],[112.249442,-6.8785316],[112.2494844,-6.8785325],[112.2495394,-6.8785202],[112.2495903,-6.8785059],[112.2496359,-6.8784943],[112.2496757,-6.8784892],[112.2497101,-6.8784846],[112.2497397,-6.8784758],[112.2497626,-6.8784585],[112.2497779,-6.878442],[112.249792,-6.8784284],[112.249808,-6.878418],[112.2498265,-6.8784115],[112.2498422,-6.8784087],[112.2498586,-6.8784087],[112.2498748,-6.8784108],[112.2498936,-6.8784152],[112.2499148,-6.8784203],[112.2499375,-6.8784247],[112.2499611,-6.8784293],[112.2499819,-6.8784344],[112.2499983,-6.8784407],[112.2500108,-6.8784469],[112.2500231,-6.8784536],[112.2500358,-6.8784598],[112.2500585,-6.8784686],[112.2500844,-6.878477],[112.2501188,-6.8784864],[112.2501441,-6.8784943],[112.2501616,-6.8784985],[112.2501741,-6.8784996],[112.2501873,-6.8784989],[112.2502026,-6.8784992],[112.250222,-6.8785024],[112.2502405,-6.87851],[112.2502625,-6.8785225],[112.2502824,-6.8785341],[112.2503071,-6.8785461],[112.250336,-6.8785561],[112.250371,-6.8785637],[112.2504061,-6.8785695],[112.2504425,-6.8785743],[112.2504859,-6.8785797],[112.2505299,-6.878582],[112.250565,-6.8785785],[112.2505912,-6.8785672],[112.2506118,-6.8785484],[112.2506282,-6.8785246],[112.2506395,-6.8784985],[112.2506455,-6.8784723],[112.2506541,-6.8784483],[112.250674,-6.8784252],[112.2507096,-6.8784036],[112.2507582,-6.8783803],[112.2508107,-6.8783576],[112.2508694,-6.8783312],[112.2509187,-6.8783044],[112.2509599,-6.8782767],[112.250989,-6.8782512],[112.2510161,-6.8782278],[112.2510432,-6.8782123],[112.2510839,-6.878201],[112.251127,-6.878196],[112.2511773,-6.8781923],[112.2512173,-6.8781879],[112.2512412,-6.8781846],[112.2512551,-6.8781831],[112.2512664,-6.8781851],[112.2512798,-6.8781864],[112.2512947,-6.8781871],[112.2513136,-6.8781867],[112.2513285,-6.8781853],[112.2513463,-6.878182],[112.2513708,-6.8781773],[112.251397,-6.8781672],[112.2514271,-6.8781521],[112.2514442,-6.8781346],[112.2514584,-6.8781315],[112.2514665,-6.8781424],[112.25148,-6.8781511],[112.2514946,-6.8781563],[112.2515119,-6.8781574],[112.2515325,-6.8781575],[112.251555,-6.878156],[112.251578,-6.8781534],[112.2516004,-6.8781503],[112.2516246,-6.8781463],[112.2516474,-6.8781426],[112.251671,-6.8781389],[112.2516948,-6.8781352],[112.2517165,-6.8781316],[112.2517379,-6.8781279],[112.2517581,-6.8781241],[112.2517797,-6.8781207],[112.2517982,-6.8781196],[112.2518137,-6.8781213],[112.2518308,-6.8781265],[112.2518499,-6.8781321],[112.2518756,-6.8781367],[112.2519051,-6.8781386],[112.2519384,-6.8781378],[112.2519733,-6.8781344],[112.2519984,-6.8781325],[112.2520226,-6.8781315],[112.2520521,-6.8781299],[112.252096,-6.8781259],[112.2521409,-6.8781179],[112.2521765,-6.8781088],[112.2522073,-6.8780994],[112.2522477,-6.8780822],[112.2522672,-6.8780688],[112.2522805,-6.8780655],[112.2522907,-6.8780674],[112.252296,-6.8781244],[112.2522996,-6.8781753],[112.2523051,-6.8782096],[112.2523148,-6.878224],[112.2523355,-6.8782295],[112.2523756,-6.8782308],[112.2524266,-6.8782311],[112.2524803,-6.8782308],[112.2525343,-6.8782291],[112.2525867,-6.8782268],[112.2526444,-6.8782229],[112.2527031,-6.8782192],[112.2527626,-6.8782164],[112.2528225,-6.878214],[112.2528791,-6.8782112],[112.2529227,-6.8782044],[112.2529502,-6.8781931],[112.2529651,-6.8781729],[112.2529764,-6.878141],[112.2529871,-6.8780906],[112.2529899,-6.878077],[112.2529937,-6.8780436],[112.2530009,-6.8779799],[112.2530101,-6.877865],[112.2530169,-6.8777739],[112.2530225,-6.8777313],[112.2530283,-6.8777356],[112.2530274,-6.8777934],[112.2530225,-6.8778857],[112.2530154,-6.8779862],[112.2530131,-6.8780544],[112.2530189,-6.8780852],[112.2530381,-6.8780949],[112.2530673,-6.8780965],[112.2531042,-6.8780954],[112.2531389,-6.8780932],[112.2531707,-6.8780917],[112.2532029,-6.87809],[112.2532402,-6.8780867],[112.2532809,-6.8780817],[112.2533223,-6.8780756],[112.2533614,-6.8780704],[112.2534051,-6.8780662],[112.2534521,-6.8780633],[112.2535019,-6.8780613],[112.253554,-6.8780587],[112.2536044,-6.8780556],[112.2536523,-6.8780514],[112.2536954,-6.8780468],[112.2537329,-6.8780411],[112.2537596,-6.8780342],[112.2537759,-6.8780255],[112.253789,-6.8780123],[112.2537966,-6.8779985],[112.2538026,-6.8779851],[112.2538085,-6.8779702],[112.2538159,-6.8779515],[112.253823,-6.8779305],[112.2538308,-6.8779069],[112.2538392,-6.8778841],[112.2538473,-6.8778622],[112.2538543,-6.87784],[112.2538594,-6.8778169],[112.2538635,-6.8777921],[112.2538664,-6.8777697],[112.2538737,-6.8777521],[112.2538877,-6.8777419],[112.2539183,-6.8777385],[112.2539465,-6.8777379],[112.2539762,-6.8777372],[112.2540063,-6.8777358],[112.254035,-6.8777338],[112.2540631,-6.8777321],[112.2540873,-6.8777296],[112.2541139,-6.8777262],[112.2541437,-6.8777214],[112.2541795,-6.8777145],[112.2542139,-6.8777074],[112.2542509,-6.8776994],[112.2542842,-6.8776912],[112.254321,-6.8776798],[112.254344,-6.8776688],[112.2543579,-6.8776556],[112.2543641,-6.8776385],[112.2543739,-6.8776183],[112.2543911,-6.8776035],[112.2544256,-6.877597],[112.2544649,-6.8775971],[112.2545089,-6.877599],[112.254547,-6.8776001],[112.2545834,-6.8776004],[112.2546216,-6.8776004],[112.2546597,-6.8776004],[112.2546948,-6.8776005],[112.2547274,-6.8776007],[112.2547619,-6.8776004],[112.2547997,-6.8775985],[112.2548383,-6.8775944],[112.2548736,-6.8775897],[112.2549029,-6.8775837],[112.2549234,-6.8775785],[112.2549386,-6.8775712],[112.2549516,-6.8775621],[112.2549635,-6.8775504],[112.254978,-6.8775385],[112.2549949,-6.8775294],[112.2550185,-6.8775286],[112.2550403,-6.8775317],[112.2550643,-6.8775367],[112.2550898,-6.8775412],[112.2551138,-6.8775441],[112.2551353,-6.8775453],[112.2551601,-6.8775456],[112.2551888,-6.8775456],[112.2552238,-6.8775453],[112.2552602,-6.8775444],[112.2553089,-6.8775416],[112.2553561,-6.8775376],[112.2554025,-6.8775311],[112.2554361,-6.8775245],[112.2554659,-6.8775156],[112.2554879,-6.8775066],[112.2555103,-6.8774977],[112.2555414,-6.87749],[112.2555801,-6.8774861],[112.2556357,-6.8774836],[112.2556848,-6.877482],[112.2557393,-6.8774799],[112.2557868,-6.8774784],[112.2558428,-6.877477],[112.2558875,-6.8774741],[112.2559291,-6.8774693],[112.2559653,-6.8774617],[112.2559894,-6.8774548],[112.2560104,-6.8774456],[112.2560253,-6.8774334],[112.2560381,-6.8774163],[112.25605,-6.877392],[112.2560623,-6.8773712],[112.256075,-6.8773567],[112.256091,-6.8773466],[112.2561077,-6.8773379],[112.2561288,-6.8773281],[112.2561555,-6.877316],[112.2561834,-6.8773054],[112.2562139,-6.8772964],[112.2562474,-6.8772903],[112.2562896,-6.8772848],[112.2563354,-6.8772811],[112.2563671,-6.8772785],[112.2563974,-6.8772764],[112.2564321,-6.8772733],[112.2564778,-6.8772701],[112.2565185,-6.8772671],[112.2565533,-6.8772641],[112.2565851,-6.8772597],[112.2566201,-6.8772543],[112.2566625,-6.877248],[112.2567106,-6.8772406],[112.2567535,-6.8772354],[112.2567854,-6.87723],[112.2568139,-6.8772263],[112.2568525,-6.8772217],[112.2568926,-6.877227],[112.2569239,-6.8772312],[112.2569626,-6.8772346],[112.2570002,-6.8772355],[112.2570633,-6.8772355],[112.2571217,-6.8772349],[112.257184,-6.8772326],[112.2572388,-6.8772328],[112.2572809,-6.8772335],[112.257315,-6.8772316],[112.2573398,-6.8772179],[112.2573925,-6.8771862],[112.2573876,-6.8771152],[112.2573846,-6.8770054],[112.2577014,-6.8770019],[112.2579298,-6.8770114],[112.2582344,-6.8770247],[112.2584095,-6.8770438],[112.2587017,-6.8770783],[112.258674,-6.8771751],[112.2586581,-6.8772665],[112.2586416,-6.8773578],[112.2586303,-6.8774303],[112.2586417,-6.8774666],[112.258666,-6.8774804],[112.2586939,-6.877483],[112.2587478,-6.8774932],[112.2587645,-6.8774451],[112.258796,-6.8773117],[112.2588125,-6.8773139],[112.2587822,-6.8774608],[112.2588047,-6.8774892],[112.2588476,-6.8774997],[112.2588866,-6.8775074],[112.2589275,-6.877514],[112.2589705,-6.8775183],[112.2590151,-6.87752],[112.2590663,-6.8775185],[112.2591166,-6.8775148],[112.2591745,-6.8775114],[112.2592202,-6.8775091],[112.2592634,-6.8775069],[112.259316,-6.8774993],[112.2593191,-6.8774619],[112.2593456,-6.8772731],[112.2593737,-6.8772783],[112.259348,-6.8774693],[112.2593394,-6.8775304],[112.25936,-6.8775725],[112.2593809,-6.8775833],[112.2594085,-6.8775919],[112.2594401,-6.8775991],[112.2594694,-6.8776036],[112.2595021,-6.8776069],[112.2595354,-6.8776092],[112.2595752,-6.8776113],[112.2596157,-6.8776127],[112.2596564,-6.8776132],[112.2596995,-6.8776123],[112.2597419,-6.8776099],[112.2597821,-6.8776049],[112.2598136,-6.8775877],[112.2598422,-6.87755],[112.2598601,-6.8774745],[112.2598743,-6.8774001],[112.2598841,-6.8772968],[112.2599067,-6.8772953],[112.2598913,-6.8773854],[112.2598864,-6.8774636],[112.2598842,-6.8775389],[112.2598891,-6.8775839],[112.2599059,-6.8776069],[112.2599264,-6.877616],[112.259957,-6.8776239],[112.2599815,-6.8776307],[112.2600028,-6.8776349],[112.2600202,-6.8776372],[112.2600421,-6.8776385],[112.2600674,-6.8776392],[112.2601032,-6.8776395],[112.2601453,-6.8776386],[112.2601958,-6.8776352],[112.2602362,-6.8776292],[112.2602785,-6.8776193],[112.2603252,-6.8776072],[112.2603727,-6.8775956],[112.2604221,-6.8775854],[112.2604705,-6.8775746],[112.2605401,-6.877552],[112.2605412,-6.8774902],[112.260529,-6.8773606],[112.2605545,-6.8773503],[112.2605703,-6.87749],[112.2605741,-6.8775496],[112.2606335,-6.8775461],[112.2606629,-6.8775436],[112.2606922,-6.8775415],[112.2607192,-6.8775405],[112.2607539,-6.8775401],[112.26079,-6.8775395],[112.2608398,-6.8775379],[112.2608885,-6.8775342],[112.2609414,-6.8775287],[112.260994,-6.8775202],[112.2610366,-6.8775131],[112.2610702,-6.8775065],[112.2611009,-6.8774997],[112.2611266,-6.8774927],[112.2611565,-6.8774832],[112.2611923,-6.8774704],[112.2612409,-6.8774542],[112.2612926,-6.8774391],[112.2613408,-6.8774261],[112.2613871,-6.8774155],[112.2614333,-6.8774053],[112.2614771,-6.8773942],[112.261526,-6.8773799],[112.2616028,-6.8773463],[112.2616558,-6.877314],[112.2616435,-6.8771859],[112.2616382,-6.8770977],[112.2616205,-6.8769799],[112.261757,-6.8769797],[112.2618844,-6.8769717],[112.262025,-6.8769674],[112.262168,-6.8769615],[112.2623364,-6.8769527],[112.2625131,-6.8769433],[112.2627032,-6.8769324],[112.26288,-6.8769233],[112.2630581,-6.8769158],[112.2632374,-6.8769082],[112.2634021,-6.8769014],[112.2635643,-6.8768941],[112.2637213,-6.8768869],[112.2638929,-6.8768777],[112.2640544,-6.8768704],[112.2641938,-6.8768644],[112.2642899,-6.8768572],[112.2643538,-6.876844],[112.2643662,-6.8769123],[112.2643842,-6.8770138],[112.2644014,-6.8771109],[112.2644192,-6.8771905],[112.2644394,-6.8772249],[112.2644578,-6.8772409],[112.264478,-6.8772477],[112.2645039,-6.8772517],[112.2645377,-6.8772497],[112.2645788,-6.8772463],[112.2646273,-6.877242],[112.2646836,-6.8772377],[112.2647514,-6.8772307],[112.2648122,-6.8772249],[112.2648651,-6.8772215],[112.2649158,-6.8772201],[112.2649624,-6.8772196],[112.2650136,-6.8772184],[112.2650641,-6.8772159],[112.265117,-6.8772098],[112.2651749,-6.8772008],[112.2652262,-6.8771951],[112.265268,-6.8771917],[112.2653081,-6.8771891],[112.2653491,-6.8771842],[112.2653844,-6.8771775],[112.2654214,-6.8771671],[112.2654621,-6.877155],[112.2655221,-6.8771395],[112.2655849,-6.8771264],[112.2656555,-6.8771139],[112.2657041,-6.8771051],[112.2657382,-6.8770938],[112.2657636,-6.8770799],[112.2657895,-6.8770631],[112.2658136,-6.8770463],[112.2658387,-6.8770281],[112.2658634,-6.8770095],[112.2658948,-6.8769854],[112.2659217,-6.8769624],[112.2659459,-6.8769399],[112.2659645,-6.8769197],[112.2659824,-6.8769009],[112.2660005,-6.8768838],[112.2660201,-6.876867],[112.2660404,-6.8768506],[112.266066,-6.8768331],[112.2661081,-6.8768091],[112.2661559,-6.8767866],[112.2662019,-6.8767658],[112.2662338,-6.8767499],[112.2662569,-6.876735],[112.2662747,-6.8767175],[112.2662891,-6.8766975],[112.2663012,-6.8766755],[112.2663126,-6.8766499],[112.2663237,-6.8766304],[112.2675424,-6.8761469],[112.2671998,-6.8753117],[112.2669386,-6.8747208],[112.2667453,-6.8741557],[112.266559,-6.8736418],[112.2664371,-6.8733087],[112.2662163,-6.8727167],[112.265965,-6.87202],[112.2658622,-6.8717078],[112.2657499,-6.8714051],[112.26563,-6.8711025],[112.2655329,-6.8708512],[112.2654958,-6.8707541],[112.2654444,-6.8705961],[112.2654311,-6.8705942],[112.2654206,-6.8705895],[112.2654149,-6.8705723],[112.2653719,-6.8704467],[112.2653924,-6.8704387],[112.2654043,-6.8704356],[112.2654145,-6.8704378],[112.2654265,-6.8704467],[112.2654375,-6.8704636],[112.265451,-6.8704912],[112.2654637,-6.8705243],[112.2654746,-6.8705559],[112.2654856,-6.8705887],[112.2654949,-6.8706226],[112.2655044,-6.8706505],[112.2655168,-6.8706798],[112.2655291,-6.8707053],[112.2655408,-6.8707297],[112.2655507,-6.870752],[112.2655587,-6.8707735],[112.2655685,-6.8708006],[112.2655815,-6.8708315],[112.2656008,-6.8708752],[112.2656146,-6.8709086],[112.2656254,-6.8709368],[112.2656323,-6.8709618],[112.2656398,-6.870986],[112.2656469,-6.8710128],[112.2656538,-6.8710423],[112.265662,-6.8710808],[112.2656735,-6.8711194],[112.2656897,-6.8711633],[112.2657098,-6.8712079],[112.2657358,-6.8712659],[112.2657501,-6.8713065],[112.265759,-6.8713398],[112.2657648,-6.8713637],[112.2657716,-6.8713874],[112.2657801,-6.8714096],[112.2657916,-6.8714324],[112.2658042,-6.8714504],[112.2658177,-6.8714647],[112.2658337,-6.8714763],[112.265855,-6.8714845],[112.2658762,-6.8714966],[112.2659003,-6.8714868],[112.2659546,-6.8716443],[112.2659648,-6.8716708],[112.2660092,-6.87179],[112.2660565,-6.8719174],[112.2661102,-6.872064],[112.2661665,-6.8722176],[112.2662247,-6.8723769],[112.2662921,-6.872559],[112.2663618,-6.8727555],[112.2664359,-6.872966],[112.2665048,-6.8731687],[112.2665617,-6.8733387],[112.2666111,-6.8734872],[112.266664,-6.8736449],[112.2667263,-6.8738202],[112.2667897,-6.8739969],[112.2668533,-6.8741684],[112.2669191,-6.8743323],[112.2669782,-6.8744792],[112.2670254,-6.8745773],[112.2670606,-6.8746238],[112.2671047,-6.8746296],[112.2671856,-6.874599],[112.2673086,-6.8745416],[112.2674568,-6.8744696],[112.2676065,-6.8743965],[112.2677375,-6.8743305],[112.2678473,-6.874274],[112.2679254,-6.8742217],[112.2679701,-6.8741752],[112.2679492,-6.8740972],[112.2680725,-6.8740604],[112.2681775,-6.874003],[112.2683066,-6.8739478],[112.2684445,-6.8738869],[112.268596,-6.8738206],[112.2687672,-6.8737456],[112.2689243,-6.8736902],[112.269061,-6.8736543],[112.269182,-6.873649],[112.2693333,-6.873606],[112.2694952,-6.8735473],[112.2696333,-6.8734871],[112.2697385,-6.8734426],[112.2698012,-6.8734217],[112.2698378,-6.8734208],[112.2698601,-6.8734401],[112.269871,-6.8734671],[112.2698704,-6.87349],[112.2698597,-6.8735054],[112.26984,-6.8735132],[112.2698161,-6.8735199],[112.2697835,-6.8735305],[112.2697461,-6.8735454],[112.2697064,-6.873564],[112.2696654,-6.8735839],[112.2696244,-6.873603],[112.2695839,-6.8736209],[112.2695475,-6.8736395],[112.2695305,-6.8736566],[112.2695252,-6.8736794],[112.2695274,-6.8737064],[112.2695227,-6.8737336],[112.269507,-6.873758],[112.2694791,-6.8737804],[112.2694383,-6.873801],[112.2693924,-6.8738241],[112.2693479,-6.8738451],[112.269297,-6.8738688],[112.2692493,-6.8738894],[112.2691966,-6.873912],[112.2691512,-6.8739335],[112.2691084,-6.8739554],[112.2690677,-6.8739763],[112.2690274,-6.8739962],[112.268976,-6.874019],[112.2689183,-6.8740436],[112.2688519,-6.8740709],[112.2687843,-6.8740981],[112.2687249,-6.8741223],[112.2686673,-6.8741467],[112.2686214,-6.8741689],[112.268592,-6.8741913],[112.2685789,-6.8742128],[112.2685765,-6.8742368],[112.2685811,-6.8742599],[112.2685898,-6.8742822],[112.2686002,-6.8743042],[112.2686115,-6.8743285],[112.2686232,-6.8743555],[112.2686376,-6.874385],[112.2686483,-6.8744103],[112.2686587,-6.8744331],[112.2686687,-6.8744546],[112.2686789,-6.8744758],[112.2686875,-6.8744953],[112.2686974,-6.8745179],[112.2687081,-6.8745437],[112.2687201,-6.8745753],[112.2687322,-6.8746046],[112.2687431,-6.8746305],[112.268753,-6.8746531],[112.2687621,-6.8746735],[112.2687734,-6.8746978],[112.2687879,-6.8747277],[112.2688027,-6.8747645],[112.2688153,-6.8747976],[112.2688253,-6.8748212],[112.2688361,-6.874839],[112.2688483,-6.8748534],[112.2688618,-6.87486],[112.2688813,-6.8748609],[112.2689048,-6.874856],[112.2689268,-6.8748505],[112.2689449,-6.8748461],[112.2689635,-6.8748445],[112.2689799,-6.8748478],[112.2689954,-6.8748589],[112.2690085,-6.8748791],[112.2690182,-6.8749019],[112.2690249,-6.8749269],[112.2690313,-6.874952],[112.2690387,-6.8749794],[112.269048,-6.8750056],[112.2690584,-6.8750297],[112.2690701,-6.8750515],[112.2690838,-6.8750763],[112.2690978,-6.8751031],[112.2691138,-6.8751365],[112.2691315,-6.8751736],[112.2691498,-6.8752124],[112.2691689,-6.875258],[112.2691813,-6.8752911],[112.2691931,-6.8753211],[112.2692039,-6.875347],[112.2692174,-6.8753778],[112.2692305,-6.8754044],[112.2692453,-6.8754314],[112.2692598,-6.8754558],[112.2692722,-6.8754779],[112.2692817,-6.8754957],[112.2692937,-6.87552],[112.2693065,-6.8755464],[112.2693211,-6.8755779],[112.2693328,-6.8756056],[112.2693448,-6.8756317],[112.2693544,-6.8756532],[112.2693599,-6.8756725],[112.2693564,-6.8756948],[112.2693435,-6.8757199],[112.2693191,-6.8757495],[112.2692965,-6.8757691],[112.2692722,-6.8757833],[112.2692471,-6.8758015],[112.2692166,-6.8758304],[112.2691915,-6.8758603],[112.2691683,-6.8758911],[112.2691488,-6.8759206],[112.2691295,-6.8759509],[112.269106,-6.8759848],[112.2690717,-6.8760229],[112.2690147,-6.8760688],[112.2689374,-6.8761125],[112.2688503,-6.8761495],[112.268769,-6.8761729],[112.2686995,-6.8761809],[112.2686317,-6.8761776],[112.2685508,-6.8761738],[112.2684712,-6.876176],[112.2683871,-6.8761864],[112.2683232,-6.8761978],[112.2682661,-6.8762121],[112.2682209,-6.876229],[112.2681806,-6.8762467],[112.2681378,-6.8762655],[112.2680833,-6.8762835],[112.2680323,-6.8763003],[112.2679719,-6.8763185],[112.2679254,-6.8763338],[112.2678779,-6.8763502],[112.2678483,-6.8763637],[112.2678236,-6.8763812],[112.2678112,-6.8763994],[112.2678088,-6.8764195],[112.2678221,-6.8764375],[112.267846,-6.8764612],[112.2678728,-6.8764918],[112.2678923,-6.876533],[112.2679074,-6.8765695],[112.2679227,-6.8766078],[112.2679373,-6.8766455],[112.2679479,-6.8766787],[112.267959,-6.8767107],[112.2679705,-6.876741],[112.2679841,-6.8767738],[112.2679994,-6.8768081],[112.2680173,-6.8768451],[112.2680377,-6.8768819],[112.2680577,-6.87692],[112.2680723,-6.8769542],[112.2680868,-6.8769972],[112.2680994,-6.8770298],[112.2681181,-6.8770602],[112.2681381,-6.8770782],[112.2681635,-6.8770891],[112.2681892,-6.8770941],[112.2682168,-6.8770965],[112.2682493,-6.8770987],[112.2682852,-6.8770993],[112.2683245,-6.8770993],[112.2683636,-6.8771009],[112.2684049,-6.8771064],[112.2684467,-6.8771154],[112.2684888,-6.8771266],[112.2685277,-6.8771381],[112.2685651,-6.8771507],[112.2685985,-6.8771627],[112.2686231,-6.8771656],[112.2686742,-6.8771711],[112.2687245,-6.8771717],[112.2687469,-6.8771774],[112.2687833,-6.8771807],[112.2688238,-6.8771859],[112.2688574,-6.8771958],[112.2688858,-6.8772135],[112.2689091,-6.8772371],[112.2689287,-6.8772644],[112.2689432,-6.877295],[112.2689544,-6.8773303],[112.2689635,-6.877371],[112.2689689,-6.8774049],[112.2689766,-6.8774525],[112.2689864,-6.8775189],[112.2690091,-6.8776245],[112.2690348,-6.8777366],[112.2690663,-6.8778395],[112.2690985,-6.8779212],[112.2691333,-6.8779836],[112.2691579,-6.8780227],[112.2691819,-6.878057],[112.2692008,-6.8780849],[112.2692199,-6.8781147],[112.2692363,-6.8781439],[112.2692519,-6.8781767],[112.269265,-6.8782085],[112.2692817,-6.8782391],[112.269305,-6.8782692],[112.269343,-6.8783033],[112.269396,-6.87834],[112.2694646,-6.8783728],[112.2695215,-6.8783927],[112.2695797,-6.8784026],[112.2696303,-6.8784059],[112.2696801,-6.8784064],[112.2697164,-6.8784056],[112.2697443,-6.8784048],[112.2697692,-6.8784034],[112.2697952,-6.8784001],[112.2698244,-6.8783938],[112.2698561,-6.8783837],[112.2698917,-6.878364],[112.2699316,-6.8783359],[112.2699885,-6.8782935],[112.2700295,-6.8782634],[112.2700642,-6.8782377],[112.270091,-6.8782158],[112.2701159,-6.8781923],[112.2701408,-6.8781633],[112.2701574,-6.8781379],[112.2701706,-6.8781114],[112.2701823,-6.8780884],[112.2701965,-6.878063],[112.2702116,-6.878048],[112.270228,-6.8780395],[112.2702463,-6.8780318],[112.2702687,-6.8780173],[112.2702969,-6.8779922],[112.270322,-6.8779684],[112.2703433,-6.8779463],[112.270366,-6.8779241],[112.2703898,-6.8778998],[112.2704172,-6.8778735],[112.2704483,-6.8778476],[112.270485,-6.8778219],[112.2705298,-6.877794],[112.270579,-6.8777675],[112.2706315,-6.8777418],[112.2706821,-6.8777221],[112.2707329,-6.8777068],[112.2707816,-6.8776961],[112.2708281,-6.8776824],[112.270859,-6.8776655],[112.2708743,-6.8776431],[112.2708727,-6.8776204],[112.2708601,-6.8775958],[112.2708429,-6.8775744],[112.2708218,-6.8775537],[112.2707986,-6.8775337],[112.2707704,-6.8775072],[112.2707428,-6.8774749],[112.2707182,-6.877435],[112.2707124,-6.8773956],[112.2707409,-6.8773478],[112.270829,-6.8772954],[112.2709532,-6.877245],[112.2710651,-6.8772081],[112.2711223,-6.8771983],[112.2711462,-6.8772019],[112.2711559,-6.877212],[112.2711685,-6.8772208],[112.2711849,-6.8772269],[112.2712073,-6.8772287],[112.2712319,-6.8772253],[112.2712592,-6.8772186],[112.271284,-6.8772101],[112.2713111,-6.8772001],[112.2713405,-6.8771881],[112.2713696,-6.877176],[112.271396,-6.8771644],[112.2714138,-6.8771558],[112.2714224,-6.8771448],[112.2714223,-6.8771298],[112.271414,-6.8771054],[112.2714116,-6.8770883],[112.2714151,-6.8770745],[112.271424,-6.8770655],[112.2714349,-6.877058],[112.2714479,-6.8770523],[112.2714714,-6.8770399],[112.271457,-6.8770175],[112.2714359,-6.8769602],[112.2714003,-6.8768865],[112.2714749,-6.8768553],[112.2714922,-6.8769004],[112.2715351,-6.8768952],[112.271559,-6.876898],[112.2715832,-6.8768622],[112.2715529,-6.8767808],[112.2715884,-6.8767695],[112.271617,-6.8768319],[112.2716439,-6.8768224],[112.2716265,-6.8767565],[112.271675,-6.8767374],[112.2717071,-6.876812],[112.2717712,-6.8768133],[112.2718052,-6.8768034],[112.2717938,-6.8767721],[112.2718839,-6.8767288],[112.2718683,-6.8766941],[112.2719246,-6.8766508],[112.2719108,-6.8766213],[112.2719714,-6.876591],[112.2719333,-6.8765208],[112.2719775,-6.8765017],[112.2719446,-6.876435],[112.271987,-6.8764168],[112.2720252,-6.8764948],[112.2721274,-6.8764515],[112.2721248,-6.8764341],[112.2722349,-6.876396],[112.2722349,-6.8763839],[112.2723536,-6.8763483],[112.2723449,-6.8763189],[112.2724351,-6.8762747],[112.2723935,-6.8761464],[112.2725477,-6.8761014],[112.2725659,-6.8761525],[112.2727401,-6.87611],[112.2728554,-6.8760624],[112.2728692,-6.876104],[112.2729308,-6.876084],[112.2729134,-6.8760286],[112.273001,-6.8759904],[112.2730417,-6.8761265],[112.2731201,-6.8761406],[112.2731543,-6.8761741],[112.2732167,-6.8761542],[112.2732384,-6.8762322],[112.2733675,-6.8762053],[112.2733831,-6.8762435],[112.2734734,-6.8762202],[112.2735302,-6.8761854],[112.2736336,-6.876123],[112.2736778,-6.8760901],[112.2736604,-6.8760702],[112.273722,-6.8760364],[112.2736986,-6.87598],[112.2737714,-6.875915],[112.2736882,-6.8757478],[112.2737774,-6.8757053],[112.2738364,-6.8758006],[112.2738658,-6.8757866],[112.2738845,-6.8757781],[112.2739035,-6.8757549],[112.2739048,-6.8757374],[112.2739906,-6.8756828],[112.274023,-6.8757265],[112.2740676,-6.875721],[112.2741145,-6.8757101],[112.2741716,-6.8756874],[112.274237,-6.8756558],[112.274313,-6.8756161],[112.2743069,-6.8755883],[112.2743581,-6.8755589],[112.274372,-6.8755646],[112.2743932,-6.8755426],[112.2744022,-6.8755228],[112.2744244,-6.8755046],[112.2744435,-6.8754916],[112.2744724,-6.8754479],[112.2744473,-6.8753942],[112.2745851,-6.8753162],[112.2746119,-6.875364],[112.2746631,-6.8753318],[112.2747342,-6.8752902],[112.274846,-6.875233],[112.2749118,-6.8752001],[112.2749361,-6.8752469],[112.2750461,-6.875188],[112.2750687,-6.8752313],[112.2750888,-6.8752591],[112.275106,-6.8752669],[112.2751253,-6.8752659],[112.275149,-6.8752619],[112.2751729,-6.8752558],[112.2752003,-6.8752458],[112.2752233,-6.875234],[112.2752459,-6.8752197],[112.2752671,-6.8752044],[112.2752887,-6.8751886],[112.2753159,-6.8751688],[112.2753475,-6.875146],[112.2753844,-6.8751196],[112.275415,-6.8750982],[112.2754438,-6.875079],[112.275483,-6.8750535],[112.2755364,-6.8750164],[112.2756019,-6.8749685],[112.2756471,-6.8749349],[112.2756815,-6.874909],[112.2757099,-6.8748875],[112.2757395,-6.8748659],[112.2757703,-6.8748446],[112.2758041,-6.8748234],[112.2758383,-6.8748022],[112.2758737,-6.8747806],[112.2759059,-6.8747597],[112.2759324,-6.8747424],[112.2759524,-6.8747297],[112.2759766,-6.8747156],[112.2760055,-6.8746991],[112.2760392,-6.8746782],[112.2760731,-6.8746551],[112.2761042,-6.8746337],[112.2761443,-6.8746088],[112.2761907,-6.8745825],[112.2762441,-6.8745519],[112.276281,-6.8745296],[112.2763156,-6.8745079],[112.27635,-6.8744859],[112.2763945,-6.8744581],[112.2764376,-6.8744304],[112.2764798,-6.8744039],[112.2765074,-6.8743875],[112.2765308,-6.8743757],[112.2765562,-6.8743651],[112.2765877,-6.8743531],[112.276628,-6.8743388],[112.2766743,-6.8743231],[112.2767204,-6.8743065],[112.2767606,-6.8742891],[112.2767858,-6.8742768],[112.2768054,-6.8742661],[112.2768257,-6.8742564],[112.276855,-6.8742427],[112.2768955,-6.8742235],[112.2769504,-6.8741966],[112.2770005,-6.8741734],[112.277044,-6.8741559],[112.2770776,-6.8741438],[112.2771125,-6.874132],[112.2771482,-6.8741188],[112.2771874,-6.8741024],[112.2772216,-6.8740868],[112.2772499,-6.8740719],[112.2772723,-6.8740577],[112.2772916,-6.8740417],[112.2773055,-6.8740269],[112.2773169,-6.8740115],[112.2773282,-6.873993],[112.277341,-6.8739705],[112.2773563,-6.87394],[112.2773717,-6.8739036],[112.2773846,-6.8738646],[112.2773938,-6.8738369],[112.2774058,-6.8738112],[112.2774247,-6.8737886],[112.2774453,-6.8737688],[112.2774623,-6.8737504],[112.2774723,-6.8737318],[112.2774756,-6.8737118],[112.2774721,-6.8736914],[112.2774596,-6.873668],[112.2774387,-6.8736397],[112.2774112,-6.8736048],[112.2773799,-6.8735631],[112.2773574,-6.8735345],[112.277405,-6.8735041],[112.277441,-6.8734738],[112.2774752,-6.873448],[112.277495,-6.8734327],[112.2775084,-6.8734226],[112.2775198,-6.8734152],[112.2775359,-6.8734091],[112.2775498,-6.8734097],[112.2775645,-6.8734177],[112.277578,-6.873431],[112.2775915,-6.8734457],[112.2776035,-6.8734617],[112.2776156,-6.8734755],[112.2776455,-6.8734573],[112.2776639,-6.8734504],[112.2776833,-6.8734415],[112.2777017,-6.8734313],[112.2777251,-6.8734166],[112.2777501,-6.8733991],[112.2777749,-6.8733819],[112.2778008,-6.8733635],[112.2778218,-6.8733487],[112.277844,-6.8733334],[112.2778629,-6.8733222],[112.277883,-6.8733132],[112.2779025,-6.8733074],[112.2779195,-6.8733018],[112.2779333,-6.8732939],[112.2779445,-6.8732832],[112.2779553,-6.8732696],[112.2779663,-6.8732567],[112.2779774,-6.8732437],[112.27799,-6.8732288],[112.2780043,-6.8732119],[112.2780191,-6.8731923],[112.278032,-6.8731706],[112.2780427,-6.8731487],[112.278054,-6.8731288],[112.2780665,-6.8731144],[112.2780824,-6.8731039],[112.2780968,-6.873095],[112.2781088,-6.8730859],[112.2781182,-6.873075],[112.2781237,-6.8730636],[112.2781248,-6.8730533],[112.2781209,-6.8730443],[112.2781117,-6.8730369],[112.2780979,-6.8730291],[112.2780793,-6.8730188],[112.278071,-6.8730042],[112.278071,-6.8729859],[112.2780788,-6.8729665],[112.2780884,-6.8729479],[112.2780985,-6.8729293],[112.2781069,-6.8729115],[112.2781179,-6.8728936],[112.278131,-6.8728794],[112.2781517,-6.8728653],[112.2781723,-6.8728557],[112.2781967,-6.8728484],[112.2782177,-6.8728455],[112.278238,-6.8728419],[112.2782542,-6.8728358],[112.2782721,-6.8728241],[112.2782899,-6.8728142],[112.2783106,-6.8728048],[112.2783302,-6.8727984],[112.2783502,-6.8727925],[112.2783699,-6.8727884],[112.2783878,-6.8727835],[112.2784078,-6.8727751],[112.2784285,-6.8727642],[112.2784518,-6.8727496],[112.2784699,-6.8727355],[112.2784837,-6.8727182],[112.2784935,-6.8726954],[112.2785007,-6.8726689],[112.2785057,-6.8726428],[112.2785086,-6.8726179],[112.2785088,-6.8725914],[112.2785083,-6.8725652],[112.2785081,-6.8725411],[112.2785089,-6.8725211],[112.278512,-6.8725014],[112.2785174,-6.872481],[112.2785258,-6.8724588],[112.2785354,-6.8724423],[112.2785473,-6.8724304],[112.2785617,-6.8724212],[112.2785799,-6.8724116],[112.2785996,-6.872402],[112.2786219,-6.8723902],[112.2786428,-6.8723782],[112.278663,-6.8723644],[112.2786772,-6.8723522],[112.2786883,-6.8723388],[112.2786989,-6.8723231],[112.27871,-6.8723078],[112.2787216,-6.8722954],[112.2787352,-6.8722875],[112.2787499,-6.8722847],[112.2787658,-6.872284],[112.2787689,-6.872271],[112.2787478,-6.872225],[112.278692,-6.8721375],[112.2785885,-6.8719739],[112.2786557,-6.8719509],[112.2786999,-6.872041],[112.2787426,-6.8721169],[112.278775,-6.8721683],[112.2787893,-6.8721834],[112.2788221,-6.872171],[112.2788316,-6.8721604],[112.2788348,-6.8721466],[112.2788388,-6.8721326],[112.2788526,-6.872121],[112.2788749,-6.8721141],[112.2789006,-6.8721095],[112.2789194,-6.8721054],[112.2789345,-6.8720967],[112.278948,-6.8720881],[112.2789629,-6.8720792],[112.2789773,-6.8720722],[112.2789934,-6.8720656],[112.279003,-6.8720586],[112.2790059,-6.8720213],[112.2790604,-6.8720094],[112.2791211,-6.8719901],[112.2792083,-6.8719628],[112.2792968,-6.871932],[112.2793996,-6.8718948],[112.2794083,-6.8719177],[112.2794842,-6.8718861],[112.2795957,-6.8718553],[112.2797356,-6.8718086],[112.2797585,-6.871864],[112.2798747,-6.8718284],[112.2798834,-6.8718426],[112.2799902,-6.8718118],[112.2800795,-6.8717833],[112.2800661,-6.8717209],[112.2801364,-6.8717153],[112.2802242,-6.8717064],[112.2802914,-6.8717051],[112.2803629,-6.871679],[112.2804621,-6.8716433],[112.2805694,-6.8715983],[112.2806833,-6.8715537],[112.2807748,-6.8715137],[112.2808402,-6.8714883],[112.2808975,-6.8714667],[112.280946,-6.8714513],[112.2809919,-6.8714361],[112.2810317,-6.8714232],[112.2810687,-6.8714112],[112.2811036,-6.8713997],[112.2811406,-6.8713877],[112.2811793,-6.8713767],[112.2812203,-6.8713664],[112.2812619,-6.8713568],[112.2812991,-6.8713459],[112.2813355,-6.8713336],[112.2813746,-6.8713194],[112.2814079,-6.8713073],[112.2814413,-6.8712937],[112.2814689,-6.87128],[112.281501,-6.8712615],[112.2815369,-6.8712403],[112.2815843,-6.8712151],[112.2816332,-6.8711931],[112.2816864,-6.871172],[112.2817278,-6.8711546],[112.2817661,-6.871139],[112.2818001,-6.8711258],[112.2818383,-6.871113],[112.2818735,-6.8711015],[112.2819154,-6.8710872],[112.2819602,-6.8710714],[112.2820097,-6.8710548],[112.2820604,-6.8710366],[112.2821033,-6.8710185],[112.2821427,-6.8709984],[112.2821734,-6.8709829],[112.2821988,-6.8709719],[112.2822235,-6.8709644],[112.2822517,-6.8709573],[112.2822839,-6.8709488],[112.2823138,-6.8709399],[112.282349,-6.8709279],[112.2823874,-6.8709142],[112.2824322,-6.8708969],[112.2824719,-6.8708819],[112.2825112,-6.8708668],[112.2825432,-6.8708556],[112.2825653,-6.8708464],[112.2825799,-6.8708375],[112.2825884,-6.8708253],[112.2825968,-6.8708139],[112.2826076,-6.8708023],[112.2826234,-6.8707945],[112.2826417,-6.8707923],[112.2826612,-6.8707986],[112.2826751,-6.8708037],[112.2826928,-6.8708042],[112.2827193,-6.8707963],[112.2827522,-6.8707844],[112.282788,-6.8707705],[112.2828248,-6.8707573],[112.28286,-6.8707444],[112.2828961,-6.8707317],[112.2829284,-6.8707201],[112.2829573,-6.8707093],[112.2829814,-6.8707002],[112.2830063,-6.870691],[112.2830331,-6.8706816],[112.2830743,-6.8706681],[112.2831173,-6.8706522],[112.2831586,-6.8706372],[112.2831962,-6.8706229],[112.2832345,-6.8706087],[112.2832708,-6.8705942],[112.2833046,-6.8705798],[112.2833353,-6.8705647],[112.2833656,-6.8705482],[112.283399,-6.8705282],[112.2834223,-6.8705087],[112.2834362,-6.8704855],[112.2834376,-6.8704574],[112.2834335,-6.8704301],[112.2834277,-6.8704097],[112.2834222,-6.8703954],[112.2834181,-6.8703821],[112.2834165,-6.870368],[112.2834164,-6.870353],[112.2834175,-6.8703416],[112.2834182,-6.8703305],[112.2834178,-6.8703147],[112.283415,-6.8702928],[112.283409,-6.8702609],[112.2834017,-6.8702279],[112.2833933,-6.8701859],[112.2833799,-6.8701229],[112.2833617,-6.8700369],[112.2833408,-6.8699426],[112.2833169,-6.8698496],[112.2832955,-6.869734],[112.283404,-6.8697162],[112.2835392,-6.8696995],[112.2836485,-6.8696818],[112.2837515,-6.8696647],[112.2838401,-6.8696482],[112.2839191,-6.8696425],[112.2840195,-6.8696219],[112.2840444,-6.8697482],[112.2840606,-6.8698899],[112.2840787,-6.8700264],[112.284092,-6.8701048],[112.2841012,-6.8701403],[112.2841148,-6.8701507],[112.2841366,-6.8701545],[112.284169,-6.8701531],[112.284209,-6.8701482],[112.2842514,-6.8701412],[112.2842975,-6.8701325],[112.2843439,-6.8701224],[112.2843904,-6.8701108],[112.2844309,-6.8700993],[112.2844647,-6.8700867],[112.2844837,-6.8700598],[112.284493,-6.8700051],[112.2844905,-6.8698944],[112.2844853,-6.8697727],[112.284482,-6.8696379],[112.2844802,-6.8695472],[112.2845336,-6.8695454],[112.2845794,-6.8695508],[112.2846147,-6.8695501],[112.2846422,-6.8695482],[112.284666,-6.8695474],[112.2846947,-6.8695487],[112.2847167,-6.8695532],[112.2847352,-6.8695594],[112.2847472,-6.8695621],[112.2847545,-6.8695595],[112.2847585,-6.8695516],[112.2847599,-6.8695427],[112.2847621,-6.869535],[112.2847678,-6.8695294],[112.2847777,-6.869525],[112.2847902,-6.8695194],[112.2847991,-6.8695111],[112.2848024,-6.8694975],[112.2848011,-6.8694817],[112.2847994,-6.8694629],[112.284798,-6.8694419],[112.2847964,-6.8694211],[112.2847974,-6.8694055],[112.2848033,-6.869394],[112.2848147,-6.8693855],[112.2848245,-6.8693756],[112.2848305,-6.8693635],[112.2848315,-6.8693475],[112.2848296,-6.8693317],[112.2848269,-6.8693176],[112.2848281,-6.8693026],[112.2848348,-6.8692868],[112.2848491,-6.8692672],[112.284863,-6.8692552],[112.2848753,-6.8692488],[112.2848857,-6.8692474],[112.2848958,-6.869247],[112.2849077,-6.8692481],[112.2849188,-6.8692504],[112.2849298,-6.8692549],[112.2849406,-6.869261],[112.2849529,-6.8692692],[112.2849674,-6.8692792],[112.2849805,-6.8692893],[112.2849911,-6.8692984],[112.2850007,-6.8693101],[112.2850083,-6.8693233],[112.2850169,-6.8693428],[112.2850293,-6.8693633],[112.2850533,-6.8693876],[112.2850968,-6.8694062],[112.2851555,-6.8694242],[112.2852208,-6.8694409],[112.2852822,-6.8694569],[112.2853336,-6.869469],[112.2853892,-6.8694867],[112.2853833,-6.8695086],[112.2853908,-6.8695529],[112.2854103,-6.8695995],[112.285467,-6.8696343],[112.285529,-6.8696569],[112.2855878,-6.869669],[112.2856231,-6.8696694],[112.2856519,-6.8696576],[112.2856751,-6.8696448],[112.2857003,-6.8696337],[112.2857252,-6.8696267],[112.2857448,-6.8696236],[112.2857588,-6.8696273],[112.2857678,-6.8696412],[112.2857687,-6.8696705],[112.2857681,-6.8697015],[112.285772,-6.8697248],[112.2857797,-6.8697384],[112.2857877,-6.8697497],[112.2857924,-6.8697623],[112.285793,-6.8697771],[112.2857912,-6.8697914],[112.2857905,-6.8698044],[112.2857935,-6.8698158],[112.285805,-6.8698258],[112.2858268,-6.8698348],[112.2858599,-6.86984],[112.2858978,-6.8698411],[112.2859373,-6.8698378],[112.2859752,-6.8698336],[112.2860135,-6.8698283],[112.2860548,-6.8698225],[112.2861032,-6.8698134],[112.2861499,-6.8698017],[112.2861999,-6.869786],[112.2862367,-6.869773],[112.28627,-6.8697611],[112.2863012,-6.8697502],[112.2863312,-6.8697394],[112.2863589,-6.8697284],[112.2863869,-6.8697175],[112.2864142,-6.8697067],[112.2864362,-6.8697006],[112.2864549,-6.8697001],[112.2864654,-6.8697091],[112.2864682,-6.8697244],[112.2864713,-6.8697428],[112.2864795,-6.8697628],[112.2865075,-6.869772],[112.2865339,-6.8697749],[112.286567,-6.8697713],[112.2865941,-6.8697644],[112.2866225,-6.8697547],[112.2866501,-6.8697424],[112.2866761,-6.8697299],[112.2867009,-6.8697167],[112.2867229,-6.8697044],[112.2867409,-6.8696925],[112.2867552,-6.8696802],[112.2867644,-6.8696685],[112.2867721,-6.8696557],[112.2867783,-6.8696421],[112.2867853,-6.869626],[112.286793,-6.8696052],[112.2868001,-6.8695796],[112.2868036,-6.8695524],[112.2868022,-6.8695212],[112.2867978,-6.869488],[112.2867919,-6.8694457],[112.2867874,-6.8694137],[112.2867814,-6.8693861],[112.2867761,-6.8693646],[112.2867721,-6.869343],[112.2867697,-6.8693194],[112.2867681,-6.8692959],[112.286766,-6.8692734],[112.2867652,-6.8692559],[112.2867637,-6.8692399],[112.2867615,-6.8692211],[112.2867564,-6.8691993],[112.2867532,-6.86918],[112.2867522,-6.8691612],[112.2867537,-6.8691417],[112.2867588,-6.8691182],[112.2867672,-6.8690924],[112.2867796,-6.8690627],[112.2867896,-6.8690385],[112.2867987,-6.8690167],[112.2868078,-6.8689956],[112.2868189,-6.8689697],[112.2868304,-6.8689409],[112.2868426,-6.8689091],[112.2868546,-6.8688754],[112.2868673,-6.8688399],[112.28688,-6.8688039],[112.2868947,-6.8687616],[112.2869087,-6.8687217],[112.286923,-6.8686823],[112.2869347,-6.8686498],[112.2869449,-6.8686225],[112.2869531,-6.8686039],[112.2869622,-6.8685866],[112.2869721,-6.8685671],[112.2869825,-6.8685435],[112.2869934,-6.8685155],[112.2870045,-6.8684866],[112.2870155,-6.8684573],[112.287028,-6.8684249],[112.2870429,-6.8683873],[112.2870626,-6.8683375],[112.2870844,-6.8682911],[112.2871049,-6.8682488],[112.2871233,-6.8682099],[112.2871387,-6.868172],[112.2871512,-6.8681372],[112.2871602,-6.868101],[112.287163,-6.8680768],[112.2871607,-6.8680557],[112.2871553,-6.8680359],[112.2871494,-6.8680141],[112.2871446,-6.8679903],[112.2871417,-6.8679669],[112.2871394,-6.8679422],[112.2871359,-6.8679147],[112.2871313,-6.8678897],[112.2871263,-6.8678625],[112.2871214,-6.8678373],[112.2871181,-6.8678123],[112.2871152,-6.8677861],[112.2871135,-6.8677565],[112.2871144,-6.8677249],[112.2871208,-6.8676941],[112.287132,-6.8676664],[112.2871471,-6.8676413],[112.2871631,-6.8676208],[112.2871774,-6.8676048],[112.2871891,-6.8675913],[112.2871924,-6.8675761],[112.2871824,-6.8675625],[112.2871519,-6.8675455],[112.2871173,-6.8675312],[112.2870796,-6.867517],[112.2870395,-6.8675021],[112.286998,-6.8674869],[112.2869584,-6.8674726],[112.2869309,-6.867464],[112.2869099,-6.8674594],[112.2868901,-6.8674581],[112.2868686,-6.8674571],[112.2868466,-6.8674541],[112.2868254,-6.8674455],[112.2868094,-6.8674332],[112.2867959,-6.8674195],[112.2867836,-6.867408],[112.2867678,-6.8673981],[112.2867492,-6.8673891],[112.2867283,-6.8673792],[112.2867057,-6.8673693],[112.2866845,-6.8673609],[112.2866647,-6.8673554],[112.2866457,-6.8673501],[112.2866226,-6.8673412],[112.2865984,-6.8673282],[112.2865778,-6.8673145],[112.2865617,-6.8673046],[112.2865478,-6.8673013],[112.2865298,-6.8673028],[112.2865102,-6.8673067],[112.2864888,-6.8673089],[112.2864698,-6.8673055],[112.2864537,-6.8672942],[112.2864397,-6.8672803],[112.2864244,-6.8672662],[112.2864044,-6.8672529],[112.2863818,-6.8672403],[112.286355,-6.8672267],[112.2863262,-6.867213],[112.2862944,-6.8671994],[112.2862649,-6.8671874],[112.2862395,-6.8671758],[112.2862216,-6.8671655],[112.2862078,-6.8671548],[112.2861988,-6.8671456],[112.2861919,-6.8671357],[112.2861894,-6.8671221],[112.2861912,-6.8671031],[112.2861995,-6.8670753],[112.2862095,-6.8670527],[112.2862227,-6.8670279],[112.2862338,-6.8670073],[112.2862456,-6.8669826],[112.2862546,-6.8669589],[112.2862639,-6.8669346],[112.2862735,-6.866912],[112.2862844,-6.8668858],[112.2862965,-6.8668546],[112.2863096,-6.8668189],[112.2863258,-6.8667819],[112.2863464,-6.8667403],[112.2863667,-6.8666955],[112.2863847,-6.8666463],[112.2864015,-6.8665989],[112.2864142,-6.8665646],[112.2864259,-6.8665344],[112.2864357,-6.8665068],[112.286447,-6.8664789],[112.2864638,-6.8664397],[112.2864849,-6.8663886],[112.2865119,-6.8663181],[112.2865267,-6.8662738],[112.286538,-6.8662405],[112.2865475,-6.8662157],[112.2865602,-6.8661849],[112.2865743,-6.8661505],[112.286591,-6.8661106],[112.2866072,-6.8660727],[112.2866224,-6.8660373],[112.286634,-6.8660078],[112.2866444,-6.8659793],[112.2866555,-6.8659456],[112.2866672,-6.8659099],[112.2866818,-6.8658678],[112.2866998,-6.8658193],[112.2867252,-6.8657639],[112.2867467,-6.8657181],[112.2867647,-6.8656764],[112.2867779,-6.8656374],[112.2867888,-6.8656017],[112.2868001,-6.8655665],[112.2868145,-6.8655304],[112.2868294,-6.865495],[112.2868435,-6.8654617],[112.2868564,-6.8654269],[112.2868663,-6.8653968],[112.286877,-6.8653625],[112.2868896,-6.8653295],[112.2869023,-6.8652947],[112.286914,-6.8652594],[112.2869228,-6.8652218],[112.2869291,-6.8651815],[112.2869342,-6.8651409],[112.2869426,-6.8651058],[112.2869545,-6.8650732],[112.2869712,-6.8650384],[112.2869856,-6.8650068],[112.2869991,-6.8649792],[112.2870119,-6.864957],[112.2870245,-6.8649404],[112.2870378,-6.8649322],[112.287052,-6.8649333],[112.2870666,-6.8649453],[112.287074,-6.8649636],[112.2870729,-6.8649863],[112.2870642,-6.8650119],[112.2870538,-6.8650394],[112.2870421,-6.8650705],[112.2870312,-6.8651032],[112.2870192,-6.8651349],[112.2870077,-6.8651655],[112.2869957,-6.8651974],[112.2869847,-6.865234],[112.2869773,-6.8652692],[112.2869736,-6.8653046],[112.2869711,-6.8653345],[112.286968,-6.8653645],[112.2869643,-6.8653968],[112.286968,-6.8654247],[112.286986,-6.8654521],[112.2870139,-6.8654775],[112.2870525,-6.8655033],[112.2870835,-6.8655228],[112.2871125,-6.8655384],[112.2871408,-6.8655506],[112.2871728,-6.8655618],[112.2872126,-6.8655742],[112.2872574,-6.8655878],[112.2873072,-6.8656017],[112.2873615,-6.8656152],[112.2874204,-6.8656279],[112.2874776,-6.8656378],[112.2875299,-6.8656452],[112.2875793,-6.8656523],[112.28763,-6.8656611],[112.2876852,-6.8656724],[112.2877477,-6.8656828],[112.2878135,-6.8656897],[112.2878642,-6.865691],[112.2879087,-6.8656881],[112.287955,-6.8656821],[112.2879945,-6.8656722],[112.2880218,-6.8656604],[112.2880386,-6.8656443],[112.2880512,-6.8656234],[112.2880652,-6.8655944],[112.2880829,-6.865561],[112.2881066,-6.8655198],[112.2881349,-6.8654717],[112.2881677,-6.8654125],[112.2881937,-6.8653635],[112.288215,-6.8653215],[112.2882324,-6.8652916],[112.2882473,-6.865269],[112.2882648,-6.8652515],[112.2882865,-6.8652382],[112.288316,-6.8652344],[112.288345,-6.865239],[112.2883698,-6.8652565],[112.2883804,-6.8652833],[112.2883767,-6.8653263],[112.2883676,-6.8653605],[112.2883589,-6.8653908],[112.2883519,-6.8654136],[112.2883452,-6.8654365],[112.2883363,-6.865463],[112.288325,-6.8654938],[112.2883107,-6.8655288],[112.2882974,-6.8655605],[112.2882874,-6.8655875],[112.2882808,-6.8656097],[112.2882748,-6.8656314],[112.2882674,-6.8656589],[112.2882541,-6.8657006],[112.288236,-6.8657607],[112.288214,-6.8658241],[112.288201,-6.865865],[112.2881946,-6.8658915],[112.2881926,-6.8659106],[112.2881899,-6.8659312],[112.288185,-6.865952],[112.2881782,-6.8659742],[112.2881697,-6.8659979],[112.2881595,-6.8660227],[112.2881458,-6.8660486],[112.2881296,-6.8660767],[112.2881121,-6.8661064],[112.2880946,-6.8661396],[112.2880767,-6.8661733],[112.2880594,-6.8662068],[112.2880428,-6.8662438],[112.2880293,-6.8662817],[112.2880162,-6.8663238],[112.2880062,-6.8663597],[112.2879952,-6.8663956],[112.287989,-6.8664248],[112.2879865,-6.8664523],[112.2879861,-6.8664782],[112.2879828,-6.8665108],[112.2879721,-6.8665517],[112.2879571,-6.8666031],[112.2879427,-6.8666492],[112.2879291,-6.8666931],[112.2879163,-6.8667341],[112.2879001,-6.8667801],[112.2878819,-6.8668287],[112.2878633,-6.8668785],[112.2878445,-6.8669284],[112.2878265,-6.8669756],[112.2878035,-6.8670306],[112.2877834,-6.8670809],[112.287763,-6.8671352],[112.2877497,-6.8671715],[112.287738,-6.867202],[112.2877282,-6.8672239],[112.2877175,-6.8672459],[112.2877065,-6.8672676],[112.2876952,-6.8672911],[112.2876843,-6.8673152],[112.2876721,-6.8673414],[112.2876588,-6.8673697],[112.2876453,-6.8674003],[112.2876351,-6.8674264],[112.2876267,-6.8674501],[112.2876181,-6.8674736],[112.2876079,-6.8675009],[112.2875935,-6.867537],[112.2875782,-6.8675744],[112.2875592,-6.867619],[112.287539,-6.867665],[112.2875191,-6.86771],[112.2875026,-6.8677464],[112.2874898,-6.8677772],[112.2874769,-6.8678088],[112.2874657,-6.8678405],[112.2874546,-6.8678748],[112.2874375,-6.8679356],[112.287417,-6.8679842],[112.2873979,-6.8680266],[112.2873838,-6.8680599],[112.287371,-6.8680926],[112.2873606,-6.8681235],[112.2873511,-6.8681543],[112.2873414,-6.8681854],[112.2873308,-6.8682167],[112.287319,-6.8682476],[112.2873063,-6.8682783],[112.2872926,-6.8683104],[112.2872772,-6.8683456],[112.2872598,-6.8683859],[112.2872408,-6.868431],[112.2872217,-6.8684787],[112.2872047,-6.8685247],[112.2871911,-6.8685651],[112.2871809,-6.8685984],[112.2871728,-6.8686266],[112.2871654,-6.8686526],[112.2871578,-6.8686793],[112.2871496,-6.868707],[112.2871413,-6.8687351],[112.2871329,-6.8687623],[112.2871246,-6.8687882],[112.2871162,-6.8688126],[112.2871075,-6.8688353],[112.2870987,-6.8688561],[112.2870899,-6.8688756],[112.2870812,-6.8688946],[112.2870726,-6.8689147],[112.2870636,-6.868937],[112.287054,-6.868962],[112.2870435,-6.8689894],[112.2870325,-6.8690179],[112.2870218,-6.8690459],[112.2870121,-6.8690722],[112.2870036,-6.8690963],[112.2869965,-6.8691185],[112.2869904,-6.8691395],[112.286985,-6.8691604],[112.2869801,-6.8691818],[112.2869757,-6.8692049],[112.2869719,-6.8692307],[112.2869688,-6.8692606],[112.2869667,-6.8692955],[112.2869657,-6.8693348],[112.2869657,-6.869376],[112.2869664,-6.8694149],[112.2869676,-6.869449],[112.2869697,-6.8694782],[112.2869731,-6.8695045],[112.2869785,-6.8695308],[112.2869861,-6.8695583],[112.2869956,-6.8695879],[112.2870064,-6.8696192],[112.2870183,-6.869652],[112.2870315,-6.8696858],[112.2870462,-6.8697206],[112.2870624,-6.8697558],[112.2870797,-6.8697904],[112.2870976,-6.8698233],[112.2871158,-6.8698536],[112.2871344,-6.86988],[112.2871537,-6.8699021],[112.2871734,-6.8699196],[112.2871938,-6.8699327],[112.2872143,-6.8699419],[112.2872355,-6.8699475],[112.2872582,-6.8699497],[112.2872834,-6.8699483],[112.2873114,-6.8699433],[112.2873417,-6.869935],[112.2873727,-6.869924],[112.2874022,-6.8699111],[112.287428,-6.8698974],[112.2874487,-6.8698829],[112.2874642,-6.8698674],[112.2874759,-6.8698501],[112.2874855,-6.8698308],[112.2874946,-6.86981],[112.2875036,-6.8697889],[112.2875127,-6.8697679],[112.287522,-6.8697467],[112.2875316,-6.8697241],[112.287542,-6.8696991],[112.2875536,-6.8696708],[112.2875667,-6.869639],[112.2875812,-6.8696042],[112.2875966,-6.869567],[112.2876125,-6.8695282],[112.2876287,-6.8694874],[112.2876453,-6.8694441],[112.2876626,-6.8693973],[112.2876804,-6.8693486],[112.2876982,-6.869301],[112.2877149,-6.8692586],[112.2877302,-6.8692225],[112.2877445,-6.869191],[112.2877583,-6.8691609],[112.2877719,-6.8691301],[112.287785,-6.8690983],[112.2877973,-6.8690657],[112.2878084,-6.869033],[112.2878184,-6.8690011],[112.2878271,-6.8689721],[112.287835,-6.8689462],[112.2878423,-6.8689226],[112.2878499,-6.8688975],[112.2878585,-6.8688687],[112.2878685,-6.8688353],[112.2878799,-6.8687993],[112.2878919,-6.8687632],[112.287904,-6.8687293],[112.287916,-6.8686979],[112.2879279,-6.8686684],[112.2879398,-6.8686393],[112.2879518,-6.8686093],[112.2879635,-6.8685781],[112.2879752,-6.868546],[112.2879867,-6.8685141],[112.2879983,-6.8684847],[112.2880098,-6.8684579],[112.2880296,-6.8684151],[112.2880492,-6.8683733],[112.2881125,-6.8682389],[112.2881179,-6.8682275],[112.2881308,-6.8682008],[112.2881452,-6.8681731],[112.2881616,-6.8681449],[112.2881806,-6.8681141],[112.2882008,-6.868084],[112.2882191,-6.8680554],[112.2882375,-6.8680301],[112.2882566,-6.8680073],[112.2882812,-6.8679867],[112.2883102,-6.8679674],[112.2883503,-6.8679453],[112.2883871,-6.8679271],[112.2884254,-6.8679101],[112.2884673,-6.8678966],[112.2885169,-6.8678852],[112.2885646,-6.867879],[112.2886011,-6.867876],[112.288633,-6.8678746],[112.2886663,-6.8678737],[112.2887072,-6.8678737],[112.2887509,-6.8678749],[112.288806,-6.867878],[112.2888566,-6.8678831],[112.288915,-6.8678904],[112.2889695,-6.8678963],[112.2890203,-6.8679006],[112.2890662,-6.8679045],[112.28911,-6.8679088],[112.2891543,-6.867913],[112.2892061,-6.8679171],[112.2892545,-6.8679196],[112.2893019,-6.867922],[112.2893455,-6.8679242],[112.2893949,-6.8679276],[112.2894435,-6.86793],[112.2894988,-6.8679324],[112.2895564,-6.8679358],[112.2896289,-6.8679413],[112.2896962,-6.8679466],[112.2897578,-6.8679503],[112.2898265,-6.8679541],[112.289895,-6.8679587],[112.2899534,-6.8679629],[112.2900011,-6.8679666],[112.290047,-6.8679683],[112.2900937,-6.8679692],[112.290142,-6.867969],[112.2901836,-6.8679695],[112.2902249,-6.8679712],[112.290265,-6.8679737],[112.2902997,-6.8679761],[112.2903338,-6.8679777],[112.2903722,-6.8679796],[112.2904222,-6.8679832],[112.2904801,-6.8679876],[112.2905383,-6.8679934],[112.2905906,-6.8679982],[112.2906474,-6.8680025],[112.2907019,-6.8680036],[112.2907522,-6.8680049],[112.2907996,-6.8680075],[112.2908476,-6.8680115],[112.2909012,-6.8680162],[112.2909573,-6.86802],[112.2910184,-6.8680222],[112.2910809,-6.868024],[112.2911396,-6.868024],[112.2911913,-6.8680255],[112.2912391,-6.8680288],[112.2912899,-6.8680346],[112.2913541,-6.8680403],[112.2914277,-6.8680465],[112.2915098,-6.8680514],[112.2915675,-6.868055],[112.2916071,-6.8680559],[112.2916377,-6.8680567],[112.2916745,-6.8680581],[112.2917175,-6.8680616],[112.2917662,-6.8680656],[112.2918118,-6.8680692],[112.2918572,-6.8680727],[112.2919075,-6.8680756],[112.2919649,-6.8680769],[112.2920414,-6.8680769],[112.2921092,-6.8680771],[112.2921789,-6.8680767],[112.2922556,-6.8680773],[112.2923161,-6.8680782],[112.2923695,-6.8680811],[112.2924189,-6.8680856],[112.2924632,-6.8680902],[112.292506,-6.8680955],[112.2925491,-6.8680999],[112.2925904,-6.868103],[112.2926367,-6.8681052],[112.2926777,-6.8681074],[112.292726,-6.86811],[112.2927603,-6.8681127],[112.2927944,-6.8681146],[112.2928305,-6.868115],[112.2928748,-6.868113],[112.2929194,-6.8681095],[112.2929646,-6.868109],[112.2929994,-6.8681137],[112.2930282,-6.8681243],[112.2930494,-6.868125],[112.2930714,-6.8680993],[112.2930966,-6.8680204],[112.2931314,-6.8679016],[112.2931721,-6.8677581],[112.2932162,-6.8676004],[112.2932679,-6.8674139],[112.293327,-6.8672006],[112.2933809,-6.8670149],[112.2934278,-6.866851],[112.2934712,-6.8666991],[112.2935153,-6.8665426],[112.2935634,-6.8663762],[112.2936039,-6.8662366],[112.2936379,-6.866124],[112.2936615,-6.866054],[112.2936806,-6.8660218],[112.2937021,-6.8660111],[112.2937338,-6.8660129],[112.2937714,-6.8660238],[112.2938113,-6.866044],[112.293843,-6.8660621],[112.2938707,-6.8660779],[112.2938949,-6.8660903],[112.2939226,-6.8661026],[112.2939564,-6.8661164],[112.2939983,-6.8661341],[112.2940532,-6.8661594],[112.2941104,-6.866186],[112.2941698,-6.8662136],[112.2942227,-6.8662358],[112.2942739,-6.8662575],[112.2943238,-6.866279],[112.29438,-6.8663044],[112.2944408,-6.866331],[112.294513,-6.8663609],[112.2945584,-6.8663812],[112.2945921,-6.8663944],[112.2946153,-6.8664029],[112.2946479,-6.8664161],[112.2946818,-6.8664341],[112.2947228,-6.8664613],[112.2947525,-6.8664837],[112.2947788,-6.8665056],[112.2948006,-6.8665256],[112.294822,-6.866546],[112.2948418,-6.8665653],[112.2948599,-6.8665823],[112.2948788,-6.8665998],[112.2949007,-6.8666186],[112.2949257,-6.866639],[112.2949561,-6.8666632],[112.2949915,-6.8666922],[112.2950329,-6.8667287],[112.2950662,-6.866758],[112.2950976,-6.866785],[112.2951258,-6.8668088],[112.295155,-6.8668344],[112.2951849,-6.8668612],[112.2952177,-6.8668903],[112.2952539,-6.8669217],[112.2952933,-6.8669565],[112.295323,-6.8669844],[112.2953478,-6.8670093],[112.2953695,-6.8670327],[112.2953943,-6.8670582],[112.2954191,-6.8670823],[112.2954444,-6.8671054],[112.2954696,-6.8671276],[112.2954985,-6.8671509],[112.2955321,-6.8671765],[112.2955656,-6.8672012],[112.2955897,-6.8672194],[112.2956072,-6.8672341],[112.2956236,-6.8672491],[112.2956418,-6.8672648],[112.2956608,-6.8672802],[112.2956799,-6.8672946],[112.2957005,-6.867311],[112.2957209,-6.8673289],[112.295741,-6.867347],[112.2957605,-6.8673657],[112.2957798,-6.8673843],[112.2958009,-6.8674044],[112.295823,-6.8674244],[112.2958456,-6.8674452],[112.2958675,-6.8674665],[112.2958908,-6.8674897],[112.2959139,-6.8675126],[112.2959365,-6.8675354],[112.2959582,-6.8675564],[112.2959799,-6.8675764],[112.296004,-6.8675979],[112.2960273,-6.8676198],[112.2960508,-6.8676426],[112.2960738,-6.8676647],[112.2960975,-6.8676874],[112.2961226,-6.8677095],[112.2961483,-6.8677319],[112.2961764,-6.8677552],[112.2962063,-6.8677795],[112.2962404,-6.8678065],[112.2962785,-6.8678353],[112.2963111,-6.8678633],[112.2963432,-6.8678905],[112.2963764,-6.8679182],[112.2964057,-6.8679428],[112.2964341,-6.8679665],[112.2964609,-6.8679898],[112.2964885,-6.8680146],[112.2965147,-6.8680396],[112.2965384,-6.8680624],[112.2965625,-6.868085],[112.2965849,-6.8681056],[112.296614,-6.8681325],[112.2966439,-6.8681612],[112.2966724,-6.8681879],[112.2966966,-6.8682102],[112.2967198,-6.8682297],[112.2967431,-6.8682496],[112.2967661,-6.8682703],[112.2967876,-6.8682913],[112.2968074,-6.8683126],[112.2968237,-6.8683341],[112.2968344,-6.8683582],[112.2968393,-6.8683801],[112.2968386,-6.8684018],[112.2968291,-6.86842],[112.2968093,-6.8684347],[112.2967757,-6.8684431],[112.2967442,-6.8684464],[112.296703,-6.8684466],[112.2966552,-6.8684453],[112.296596,-6.8684422],[112.2965497,-6.8684391],[112.29651,-6.8684357],[112.2964737,-6.8684336],[112.2964382,-6.8684326],[112.2964033,-6.868432],[112.2963647,-6.8684313],[112.296321,-6.8684307],[112.2962705,-6.8684298],[112.2962245,-6.8684273],[112.2961764,-6.8684222],[112.2961217,-6.8684145],[112.2960588,-6.8684072],[112.2960014,-6.8684032],[112.2959482,-6.868401],[112.295897,-6.8683992],[112.2958347,-6.8683959],[112.2957703,-6.8683934],[112.2957098,-6.8683915],[112.2956589,-6.8683899],[112.2956096,-6.8683894],[112.2955567,-6.8683897],[112.2954949,-6.8683895],[112.2954196,-6.8683881],[112.2953199,-6.8683822],[112.2952372,-6.8683788],[112.295167,-6.8683761],[112.2950996,-6.8683746],[112.2950305,-6.8683724],[112.2949561,-6.8683682],[112.2948697,-6.8683609],[112.2947786,-6.868352],[112.2946732,-6.8683409],[112.2945867,-6.8683314],[112.2944977,-6.8683239],[112.294429,-6.8683214],[112.2943743,-6.8683214],[112.294336,-6.8683226],[112.294303,-6.8683239],[112.2942733,-6.8683265],[112.2942482,-6.8683318],[112.2942278,-6.8683418],[112.2942112,-6.868358],[112.2941968,-6.8683833],[112.2941847,-6.8684152],[112.2941707,-6.8684567],[112.2941603,-6.8684922],[112.2941456,-6.8685436],[112.2941359,-6.8685961],[112.2941017,-6.8686765],[112.2941515,-6.8687192],[112.2941076,-6.8688377],[112.2940778,-6.8689528],[112.2940373,-6.869088],[112.2939934,-6.8692341],[112.2939452,-6.8693894],[112.2938878,-6.869572],[112.2938311,-6.8697587],[112.2937957,-6.869911],[112.2937388,-6.8700924],[112.2934898,-6.8700106],[112.2931786,-6.8699284],[112.2929025,-6.8698491],[112.2926457,-6.8697731],[112.292416,-6.8697067],[112.2921887,-6.8696367],[112.2918889,-6.8695659],[112.291896,-6.8695196],[112.2916886,-6.86946],[112.2914875,-6.8693968],[112.291277,-6.8693357],[112.2909885,-6.8692546],[112.2907358,-6.8691822],[112.2904546,-6.8691001],[112.2901748,-6.8690166],[112.2898032,-6.8689091],[112.2894979,-6.8688216],[112.2892093,-6.868739],[112.2889682,-6.8686695],[112.288756,-6.8686059],[112.2885849,-6.868555],[112.2884131,-6.8684986],[112.2883064,-6.8684772],[112.2882495,-6.868616],[112.2881788,-6.8688033],[112.288104,-6.8689876],[112.2880275,-6.8691762],[112.2879473,-6.8693755],[112.2878662,-6.8695753],[112.2878115,-6.8697587],[112.2877567,-6.8698683],[112.2879168,-6.8699163],[112.2879094,-6.8700887],[112.2879836,-6.870159],[112.2880434,-6.8701993],[112.2881066,-6.8702173],[112.2881575,-6.870239],[112.2882103,-6.8702598],[112.2882997,-6.8703061],[112.288332,-6.8702617],[112.2884074,-6.870294],[112.2883791,-6.8703438],[112.2884644,-6.870379],[112.2885245,-6.870404],[112.2885821,-6.8704078],[112.2886248,-6.8704361],[112.2886558,-6.870466],[112.2886833,-6.8704997],[112.2887061,-6.8705299],[112.2887424,-6.8705577],[112.2887182,-6.8706062],[112.2887352,-6.8706349],[112.2887595,-6.8706699],[112.2888062,-6.8707025],[112.2888716,-6.8707363],[112.2889292,-6.8707621],[112.2889831,-6.8707873],[112.2890303,-6.8708099],[112.2890859,-6.8708354],[112.2891432,-6.8708526],[112.2891898,-6.87086],[112.2892328,-6.8708582],[112.289272,-6.8708502],[112.2893114,-6.8708336],[112.2893541,-6.8707931],[112.2894086,-6.8707184],[112.2894634,-6.8706151],[112.289508,-6.8704972],[112.2895389,-6.8704824],[112.2896964,-6.8705411],[112.2898321,-6.8705937],[112.289974,-6.8706606],[112.2901282,-6.8707394],[112.290221,-6.8708376],[112.2903462,-6.8710085],[112.2903098,-6.8711053],[112.2903245,-6.8711449],[112.2903396,-6.8711724],[112.2903605,-6.8711859],[112.2903839,-6.8712016],[112.2904096,-6.8712216],[112.2904382,-6.8712486],[112.2904637,-6.8712782],[112.2904885,-6.871313],[112.2905109,-6.8713494],[112.2905322,-6.8713888],[112.2905472,-6.871419],[112.2905607,-6.8714469],[112.2905754,-6.8714757],[112.2905955,-6.871512],[112.290619,-6.8715455],[112.2906422,-6.8715745],[112.290664,-6.8715986],[112.2906857,-6.8716217],[112.2907063,-6.871644],[112.2907273,-6.8716664],[112.290751,-6.8716861],[112.2907789,-6.8717041],[112.2908159,-6.8717223],[112.2908459,-6.8717404],[112.2908731,-6.8717582],[112.2908966,-6.8717754],[112.2909214,-6.8717929],[112.2909475,-6.8718115],[112.2909764,-6.8718317],[112.2910054,-6.8718528],[112.2910379,-6.8718753],[112.2910752,-6.8718982],[112.291119,-6.8719192],[112.2911653,-6.8719361],[112.2912158,-6.8719504],[112.2912679,-6.8719659],[112.2913231,-6.8719861],[112.2913678,-6.8720085],[112.2914075,-6.8720313],[112.2914398,-6.8720531],[112.2914684,-6.8720731],[112.2915032,-6.8720986],[112.2915283,-6.8721143],[112.2915513,-6.872127],[112.2915703,-6.8721354],[112.2915936,-6.8721459],[112.2916208,-6.8721581],[112.2916503,-6.8721718],[112.2916767,-6.8721859],[112.2917013,-6.8721992],[112.2917261,-6.8722123],[112.2917525,-6.8722243],[112.2917806,-6.8722374],[112.2918083,-6.8722509],[112.2918377,-6.8722662],[112.2918663,-6.8722826],[112.2918929,-6.8723003],[112.2919159,-6.8723165],[112.2919383,-6.8723329],[112.2919643,-6.8723519],[112.291992,-6.8723734],[112.292023,-6.8724007],[112.2920473,-6.8724244],[112.2920702,-6.8724467],[112.2920943,-6.8724696],[112.2921222,-6.872495],[112.2921534,-6.8725231],[112.2921801,-6.8725466],[112.2922051,-6.872567],[112.2922294,-6.8725848],[112.2922574,-6.872602],[112.2922895,-6.8726186],[112.2923243,-6.8726346],[112.2923588,-6.872649],[112.2923991,-6.8726629],[112.2924475,-6.872676],[112.2924989,-6.8726876],[112.2925434,-6.8726958],[112.2925764,-6.8726966],[112.2926132,-6.8726942],[112.2926606,-6.8726886],[112.2927333,-6.8727066],[112.2927871,-6.872733],[112.2928252,-6.8727536],[112.292852,-6.8727622],[112.2928846,-6.8727636],[112.2929218,-6.8727626],[112.2929628,-6.8727638],[112.2930013,-6.8727693],[112.2930459,-6.8727791],[112.2930926,-6.8727915],[112.293134,-6.8728027],[112.2931664,-6.8728114],[112.2931936,-6.8728171],[112.293218,-6.8728207],[112.2932415,-6.8728236],[112.2932654,-6.8728271],[112.2932878,-6.8728302],[112.2933095,-6.8728338],[112.2933268,-6.8728373],[112.2933465,-6.8728406],[112.2933693,-6.8728422],[112.2934035,-6.8728429],[112.2934394,-6.8728429],[112.2934847,-6.8728411],[112.2935408,-6.8728386],[112.2936246,-6.8728358],[112.2936955,-6.8728355],[112.2937588,-6.8728229],[112.2938178,-6.8727817],[112.2938706,-6.8727044],[112.2938827,-6.8725591],[112.2939735,-6.8725621],[112.2940692,-6.8725737],[112.2941689,-6.872581],[112.2942542,-6.872585],[112.2943123,-6.8725817],[112.2943592,-6.8725651],[112.2944197,-6.8725255],[112.2944962,-6.8724635],[112.2945941,-6.8723877],[112.2946849,-6.8723069],[112.2947604,-6.8722325],[112.2948008,-6.8721724],[112.2948159,-6.8721237],[112.2948085,-6.872086],[112.2947901,-6.8720603],[112.294766,-6.8720435],[112.2947188,-6.8720247],[112.2946275,-6.8719937],[112.2944764,-6.8719516],[112.2943205,-6.8719165],[112.2942201,-6.8719064],[112.2941563,-6.8719002],[112.2941282,-6.8718829],[112.2941175,-6.8718366],[112.2941268,-6.8717623],[112.2941583,-6.8716469],[112.2942157,-6.8715056],[112.294252,-6.8714269],[112.2944788,-6.8714865],[112.2946678,-6.8715293],[112.2948422,-6.8715783],[112.2949907,-6.8716237],[112.2951299,-6.871657],[112.2954872,-6.8714784],[112.2957233,-6.8715359],[112.295914,-6.8715752],[112.2960987,-6.8719203],[112.2960805,-6.872099],[112.296141,-6.8722382],[112.2962513,-6.8723433],[112.2962743,-6.872361],[112.2963067,-6.8723809],[112.2963547,-6.8724057],[112.2963973,-6.872425],[112.2964433,-6.8724419],[112.2964852,-6.8724534],[112.2965329,-6.872464],[112.2965867,-6.8724704],[112.2966481,-6.8724738],[112.2967152,-6.8724738],[112.2967819,-6.872472],[112.2968442,-6.8724693],[112.2969055,-6.8724662],[112.2969613,-6.8724658],[112.2970201,-6.8724684],[112.2970834,-6.8724722],[112.2971516,-6.8724751],[112.2972245,-6.872474],[112.2972924,-6.872472],[112.2973537,-6.8724702],[112.297414,-6.8724696],[112.2974682,-6.8724687],[112.297519,-6.8724678],[112.297562,-6.8724665],[112.2975978,-6.872464],[112.2976273,-6.8724582],[112.2976504,-6.8724489],[112.297673,-6.8724219],[112.2976965,-6.8723689],[112.2977268,-6.8722783],[112.2977487,-6.8721999],[112.2977629,-6.8721516],[112.2977709,-6.8721233],[112.2977777,-6.872098],[112.2977829,-6.8720683],[112.2977869,-6.8720369],[112.2977913,-6.8720061],[112.2977973,-6.8719792],[112.2978055,-6.8719522],[112.2978161,-6.8719254],[112.2978289,-6.8719035],[112.2978456,-6.8718919],[112.2978639,-6.8718939],[112.2978841,-6.8719063],[112.2979076,-6.8719223],[112.2979375,-6.8719347],[112.2979694,-6.8719425],[112.298,-6.8719489],[112.298033,-6.8719547],[112.2980748,-6.8719631],[112.2981201,-6.871973],[112.298169,-6.8719861],[112.2982133,-6.8719981],[112.2982545,-6.8720101],[112.2982896,-6.8720225],[112.2983188,-6.8720389],[112.2983265,-6.8720603],[112.2983181,-6.8720807],[112.2982949,-6.8720976],[112.2982596,-6.8721062],[112.2982135,-6.8721049],[112.2981633,-6.8720944],[112.2981134,-6.872081],[112.2980616,-6.8720772],[112.2980159,-6.8720914],[112.2979747,-6.8721268],[112.2979499,-6.87216],[112.2979315,-6.8721921],[112.2979176,-6.8722252],[112.2979052,-6.8722619],[112.2978958,-6.872299],[112.2978881,-6.872334],[112.2978857,-6.8723637],[112.2978908,-6.8723927],[112.2979096,-6.8724175],[112.2979402,-6.872439],[112.2979778,-6.8724565],[112.2980119,-6.8724704],[112.2980485,-6.8724839],[112.2980791,-6.8724955],[112.2981068,-6.8725066],[112.2981291,-6.8725174],[112.2981814,-6.8725167],[112.2981544,-6.8725504],[112.2981539,-6.8725755],[112.2981455,-6.8726003],[112.2981344,-6.8726248],[112.2981225,-6.8726486],[112.2981119,-6.8726723],[112.2981014,-6.8726935],[112.2980879,-6.8727112],[112.298068,-6.8727265],[112.2980399,-6.872739],[112.298008,-6.8727483],[112.297967,-6.8727553],[112.2979213,-6.8727607],[112.2978741,-6.8727646],[112.2978309,-6.8727659],[112.2977919,-6.8727661],[112.2977558,-6.8727636],[112.297727,-6.8727623],[112.2976964,-6.8727624],[112.2976623,-6.8727657],[112.2976198,-6.8727731],[112.2975711,-6.872783],[112.2975196,-6.8727919],[112.2974654,-6.8727988],[112.2974087,-6.872805],[112.2973468,-6.8728107],[112.2972948,-6.8728156],[112.2972349,-6.8728214],[112.297178,-6.872828],[112.2971195,-6.8728338],[112.2970628,-6.8728382],[112.297007,-6.8728433],[112.2969538,-6.8728513],[112.2969008,-6.8728624],[112.2968517,-6.8728743],[112.2968049,-6.8728876],[112.2967566,-6.8729013],[112.2967105,-6.8729151],[112.2966651,-6.8729295],[112.2966219,-6.8729452],[112.2965814,-6.8729627],[112.2965404,-6.8729822],[112.2965009,-6.8730035],[112.2964649,-6.8730274],[112.2964276,-6.8730615],[112.2963966,-6.8730999],[112.296364,-6.8731479],[112.2963395,-6.8731934],[112.296321,-6.8732355],[112.2963069,-6.8732784],[112.2962963,-6.8733227],[112.2962949,-6.8733604],[112.2963031,-6.8733934],[112.2963202,-6.8734202],[112.2963505,-6.8734408],[112.2963975,-6.873451],[112.2964544,-6.8734459],[112.2964923,-6.8734267],[112.2965103,-6.8733987],[112.2965187,-6.873373],[112.2965266,-6.8733533],[112.2965399,-6.8733327],[112.2965574,-6.873309],[112.2965752,-6.8732869],[112.2965996,-6.8732678],[112.2966397,-6.8732494],[112.2966997,-6.8732314],[112.2967617,-6.873217],[112.2968189,-6.8732066],[112.2968636,-6.8732036],[112.2969035,-6.8732049],[112.2969398,-6.873208],[112.2969764,-6.8732066],[112.2970149,-6.8731982],[112.2970517,-6.8731852],[112.2970832,-6.8731696],[112.2971115,-6.8731508],[112.2971408,-6.8731264],[112.2971696,-6.8731012],[112.2972015,-6.8730772],[112.2972361,-6.873058],[112.2972773,-6.8730427],[112.2973274,-6.8730294],[112.2973819,-6.8730179],[112.2974357,-6.8730099],[112.2974827,-6.8730086],[112.2975181,-6.8730132],[112.2975445,-6.8730201],[112.2975617,-6.8730292],[112.29757,-6.8730414],[112.2975711,-6.8730597],[112.2975662,-6.8730848],[112.2975609,-6.8731143],[112.2975553,-6.8731535],[112.2975546,-6.8731849],[112.2975535,-6.8732157],[112.2975504,-6.8732452],[112.2975418,-6.8732791],[112.2975294,-6.8733161],[112.2975183,-6.8733506],[112.2975099,-6.8733852],[112.2975042,-6.8734187],[112.2974966,-6.8734546],[112.2974888,-6.8734896],[112.29748,-6.8735299],[112.2974736,-6.8735682],[112.2974689,-6.8736103],[112.2974676,-6.8736453],[112.2974672,-6.8736786],[112.2974672,-6.873712],[112.2974682,-6.8737424],[112.297472,-6.873774],[112.2974827,-6.8737964],[112.2974991,-6.873811],[112.2975217,-6.8738195],[112.2975487,-6.8738208],[112.2975851,-6.8738396],[112.297616,-6.8737968],[112.2976305,-6.87377],[112.2977026,-6.87378],[112.2977534,-6.8737849],[112.2977964,-6.8737922],[112.2978413,-6.8738037],[112.2978783,-6.8738146],[112.2979153,-6.8738241],[112.2979534,-6.873831],[112.2979924,-6.873837],[112.298025,-6.8738441],[112.2980452,-6.8738572],[112.2980554,-6.8738777],[112.2980591,-6.873906],[112.2980669,-6.8739274],[112.2980789,-6.8739443],[112.2980944,-6.873956],[112.2981116,-6.873966],[112.2981292,-6.8739751],[112.2981478,-6.8739846],[112.2981699,-6.8739972],[112.2981921,-6.8740094],[112.2982156,-6.8740216],[112.2982386,-6.8740331],[112.2982627,-6.8740447],[112.2982906,-6.8740588],[112.2983221,-6.874073],[112.2983616,-6.8740898],[112.2984014,-6.8741055],[112.2984446,-6.8741237],[112.2984748,-6.8741372],[112.2984985,-6.8741475],[112.298518,-6.8741535],[112.2985408,-6.874155],[112.2985711,-6.8741504],[112.298609,-6.874139],[112.2986546,-6.8741226],[112.2986977,-6.8741058],[112.2987399,-6.8740894],[112.298786,-6.8740717],[112.2988262,-6.8740562],[112.2988616,-6.8740416],[112.2988864,-6.8740285],[112.2989032,-6.8740015],[112.2989201,-6.8739585],[112.298908,-6.8738396],[112.2989685,-6.8738427],[112.2989978,-6.8739383],[112.2990453,-6.8739695],[112.2990893,-6.8739873],[112.2991321,-6.8739928],[112.2991749,-6.8739993],[112.2992181,-6.8740097],[112.2992662,-6.8740181],[112.2993268,-6.8740201],[112.2994117,-6.8740108],[112.299495,-6.8739993],[112.2995577,-6.8739891],[112.2995863,-6.8739695],[112.2995956,-6.8739363],[112.2996071,-6.873913],[112.2996224,-6.873896],[112.2996425,-6.8738854],[112.2996696,-6.8738727],[112.2997041,-6.8738586],[112.2997507,-6.8738419],[112.2998032,-6.8738276],[112.2998588,-6.8738153],[112.299918,-6.8738041],[112.2999585,-6.8737978],[112.3000069,-6.8737942],[112.3000099,-6.873845],[112.300019,-6.8739426],[112.3000371,-6.8739698],[112.3000948,-6.8739649],[112.3001302,-6.8739642],[112.3001674,-6.8739622],[112.3002089,-6.8739589],[112.3002467,-6.8739547],[112.3002904,-6.8739492],[112.3003369,-6.8739443],[112.3003901,-6.8739394],[112.3004324,-6.8739361],[112.3004692,-6.8739332],[112.3005031,-6.8739294],[112.3005379,-6.8739228],[112.3005844,-6.873912],[112.3006318,-6.8738958],[112.3006776,-6.8738776],[112.3006789,-6.8738487],[112.3007643,-6.8738394],[112.3008084,-6.8738283],[112.3008414,-6.8738221],[112.3008655,-6.8738173],[112.3008901,-6.873812],[112.3009284,-6.8738027],[112.3009818,-6.8737903],[112.3010594,-6.8737713],[112.3011121,-6.8737586],[112.3011535,-6.8737487],[112.3011743,-6.8737313],[112.3012031,-6.8737223],[112.3012421,-6.8737136],[112.3013074,-6.8737125],[112.3013506,-6.8737225],[112.3013953,-6.873736],[112.3014343,-6.8737356],[112.301475,-6.8737312],[112.3015131,-6.8737258],[112.3015501,-6.8737194],[112.3015867,-6.8737137],[112.3016241,-6.8737079],[112.3016624,-6.873703],[112.3017016,-6.8736971],[112.3017418,-6.8736902],[112.3017827,-6.873682],[112.3018242,-6.8736747],[112.3018589,-6.8736685],[112.3018909,-6.8736603],[112.3019168,-6.8736459],[112.3019658,-6.8736317],[112.302007,-6.8736169],[112.3020728,-6.8736035],[112.3021199,-6.8735848],[112.3022168,-6.8735823],[112.3022198,-6.8735097],[112.3023348,-6.8735187],[112.3023441,-6.8735697],[112.3023832,-6.8735759],[112.3024232,-6.8735716],[112.3024773,-6.873557],[112.3025371,-6.8735424],[112.3026031,-6.8735227],[112.3026696,-6.8734992],[112.3027398,-6.873472],[112.3027977,-6.8734505],[112.3028475,-6.8734312],[112.3028921,-6.8734132],[112.3029322,-6.8733957],[112.302972,-6.8733796],[112.303011,-6.8733652],[112.3030507,-6.8733508],[112.3030903,-6.8733352],[112.3031293,-6.8733182],[112.3031705,-6.8733007],[112.3032171,-6.8732823],[112.3032683,-6.8732635],[112.3033196,-6.8732455],[112.3033666,-6.8732304],[112.3034083,-6.8732181],[112.3034431,-6.8732092],[112.3034674,-6.8731952],[112.3034902,-6.8731742],[112.3034852,-6.8731222],[112.3036002,-6.8730949],[112.3037213,-6.8730858],[112.303749,-6.8731179],[112.3038117,-6.8731097],[112.3038452,-6.8730871],[112.3038899,-6.8730627],[112.3039276,-6.8730474],[112.304012,-6.8730314],[112.3040208,-6.8730588],[112.304051,-6.8730621],[112.3040707,-6.873057],[112.3040911,-6.8730461],[112.3041135,-6.8730359],[112.3041361,-6.8730278],[112.3041607,-6.8730193],[112.3041797,-6.8730111],[112.3042012,-6.8730021],[112.304236,-6.872991],[112.304304,-6.8729755],[112.3043933,-6.8729579],[112.3044812,-6.8729298],[112.3046114,-6.8729042],[112.3045962,-6.8728255],[112.3046568,-6.8728285],[112.3046568,-6.872765],[112.3047127,-6.8727683],[112.3047577,-6.8727621],[112.3048001,-6.872761],[112.3048461,-6.8727553],[112.3048874,-6.8727443],[112.3049365,-6.8727239],[112.3049682,-6.8727077],[112.3049946,-6.872691],[112.3050169,-6.8726748],[112.3050314,-6.8726611],[112.305042,-6.8726493],[112.3050502,-6.8726265],[112.3050619,-6.8725937],[112.3050503,-6.8724986],[112.3051127,-6.8724984],[112.3051684,-6.8724592],[112.3051775,-6.8723472],[112.3052501,-6.8723411],[112.3052538,-6.8723779],[112.3052657,-6.8723954],[112.305266,-6.8724123],[112.3052662,-6.8724271],[112.3052708,-6.8724422],[112.3052881,-6.8724588],[112.3053125,-6.8724699],[112.3053493,-6.8724785],[112.3053838,-6.8724834],[112.3054195,-6.8724874],[112.3054538,-6.8724911],[112.3054868,-6.8724945],[112.3055176,-6.8724987],[112.3055445,-6.8725009],[112.305564,-6.8725013],[112.3055784,-6.8724984],[112.305591,-6.8724947],[112.3056081,-6.8724909],[112.3056267,-6.8724887],[112.3056499,-6.872488],[112.3056728,-6.8724883],[112.3056938,-6.8724896],[112.3057106,-6.8724943],[112.3057334,-6.8725006],[112.3057653,-6.8725109],[112.3058179,-6.8725106],[112.3058563,-6.8725091],[112.3058894,-6.8725055],[112.3059182,-6.8725036],[112.3059465,-6.8725018],[112.3059709,-6.8725012],[112.3059899,-6.8724996],[112.3060076,-6.8724973],[112.3060221,-6.872496],[112.3060459,-6.8724991],[112.3060692,-6.8725098],[112.3061051,-6.8725152],[112.3061376,-6.8725183],[112.3061668,-6.8725181],[112.3061839,-6.8725165],[112.3061977,-6.8725129],[112.306215,-6.8725119],[112.3062369,-6.8725128],[112.3062612,-6.8725148],[112.306346,-6.8725228],[112.306346,-6.8724229],[112.3063474,-6.8723313],[112.3063611,-6.8721383],[112.3063672,-6.8720354],[112.3065337,-6.8720505],[112.3066809,-6.8720509],[112.3068345,-6.8720578],[112.3069547,-6.8720596],[112.3070786,-6.8720747],[112.3070877,-6.8720172],[112.3071876,-6.8720233],[112.3071785,-6.8721444],[112.3071739,-6.8722347],[112.3071694,-6.8723374],[112.3071648,-6.8724463],[112.3071605,-6.8725433],[112.3071573,-6.8726286],[112.307159,-6.8726761],[112.3071693,-6.8726956],[112.3071878,-6.872699],[112.3072124,-6.8727001],[112.3072412,-6.8727027],[112.3072748,-6.8727067],[112.30731,-6.8727111],[112.3073393,-6.8727146],[112.3073669,-6.8727174],[112.3073944,-6.8727133],[112.3074214,-6.8727017],[112.3074478,-6.872677],[112.3074819,-6.8726649],[112.3075068,-6.8726592],[112.307525,-6.8726605],[112.307535,-6.872664],[112.307546,-6.8726694],[112.3075658,-6.8726763],[112.3075911,-6.8726815],[112.3076219,-6.8726845],[112.3076531,-6.8726849],[112.3076829,-6.8726835],[112.3077124,-6.8726817],[112.3077446,-6.8726802],[112.3077796,-6.8726787],[112.3078132,-6.8726778],[112.3078439,-6.8726773],[112.3078694,-6.8726772],[112.3078901,-6.8726761],[112.3079098,-6.872673],[112.3079385,-6.8726661],[112.3079732,-6.8726584],[112.3080147,-6.8726512],[112.308058,-6.8726459],[112.3081015,-6.8726413],[112.3081455,-6.8726366],[112.3081877,-6.8726315],[112.3082257,-6.8726267],[112.3082566,-6.872623],[112.3082817,-6.8726199],[112.3083029,-6.8726171],[112.3083285,-6.8726129],[112.3083565,-6.872607],[112.3083841,-6.8726019],[112.308412,-6.8725972],[112.308442,-6.8725916],[112.3084749,-6.8725836],[112.308508,-6.8725748],[112.3085387,-6.8725665],[112.3085678,-6.8725582],[112.3085946,-6.8725501],[112.3086203,-6.8725416],[112.308642,-6.8725338],[112.3086661,-6.872526],[112.3086931,-6.8725179],[112.3087317,-6.872507],[112.3087618,-6.8724978],[112.3087904,-6.8724891],[112.3088118,-6.8724827],[112.3088341,-6.8724768],[112.3088552,-6.8724719],[112.3088787,-6.8724661],[112.3089019,-6.8724601],[112.3089222,-6.8724545],[112.3089383,-6.8724508],[112.3089529,-6.8724473],[112.3089734,-6.8724428],[112.3090027,-6.8724369],[112.3090459,-6.8724292],[112.3090877,-6.8724214],[112.3091294,-6.8724125],[112.3091842,-6.8723988],[112.3092269,-6.8723886],[112.3092651,-6.8723797],[112.3092984,-6.8723731],[112.3093348,-6.8723668],[112.3093706,-6.8723616],[112.3094046,-6.8723573],[112.3094407,-6.8723531],[112.3094758,-6.8723476],[112.3095026,-6.8723428],[112.3095213,-6.8723389],[112.309532,-6.8723267],[112.3095429,-6.8723057],[112.3095462,-6.8722356],[112.3095884,-6.8722338],[112.3096373,-6.8722319],[112.3096903,-6.872231],[112.3097517,-6.8722291],[112.3097546,-6.8721934],[112.3097912,-6.8721938],[112.3098216,-6.872191],[112.3098473,-6.8721879],[112.3098491,-6.87222],[112.3098803,-6.8722145],[112.3099473,-6.8722044],[112.3099538,-6.8722384],[112.3099547,-6.8722668],[112.3100089,-6.8722604],[112.3100482,-6.872251],[112.3100916,-6.8722452],[112.3101312,-6.8722406],[112.3101674,-6.872237],[112.3101967,-6.8722302],[112.3102374,-6.8722209],[112.3102338,-6.8721925],[112.3102943,-6.8721824],[112.3102934,-6.8721585],[112.3103779,-6.8721411],[112.3103724,-6.8721071],[112.3104612,-6.8721026],[112.3105126,-6.8720979],[112.3105571,-6.8720908],[112.3105912,-6.8720843],[112.3106215,-6.8720794],[112.310647,-6.8720761],[112.3106891,-6.8720713],[112.3106891,-6.872097],[112.3107192,-6.8721059],[112.3107628,-6.8721062],[112.3107864,-6.8720851],[112.3108653,-6.8720741],[112.3108653,-6.8720548],[112.3109048,-6.8720355],[112.3109076,-6.8720071],[112.3109562,-6.8719997],[112.3110333,-6.8719896],[112.3110352,-6.871963],[112.3110746,-6.8719584],[112.3110996,-6.8719514],[112.311149,-6.87194],[112.3111491,-6.8719258],[112.3111612,-6.8719164],[112.3111757,-6.8719099],[112.3111943,-6.8719102],[112.3112041,-6.8719175],[112.3112176,-6.8719303],[112.3112273,-6.871943],[112.3112363,-6.8719498],[112.311247,-6.87195],[112.3112764,-6.8719436],[112.3113164,-6.871933],[112.311388,-6.8719165],[112.311453,-6.871904],[112.3115079,-6.8718944],[112.3115387,-6.8718912],[112.3115638,-6.87189],[112.3115867,-6.8718876],[112.3116123,-6.8718832],[112.3116391,-6.8718781],[112.3116625,-6.8718723],[112.3116835,-6.8718655],[112.3117028,-6.8718557],[112.3117229,-6.8718442],[112.3117439,-6.8718337],[112.3117672,-6.8718263],[112.3117924,-6.8718237],[112.3118196,-6.8718234],[112.3118484,-6.8718221],[112.3118822,-6.871817],[112.3119184,-6.8718093],[112.3119575,-6.8718007],[112.3120002,-6.8717935],[112.3120451,-6.8717881],[112.3120901,-6.8717869],[112.3121248,-6.8717847],[112.312162,-6.8717787],[112.3121924,-6.8717697],[112.3122214,-6.87176],[112.3122496,-6.8717493],[112.3122822,-6.8717374],[112.3123121,-6.8717255],[112.3123394,-6.8717143],[112.3123629,-6.8717038],[112.3123839,-6.8716953],[112.3124031,-6.8716888],[112.3124204,-6.8716829],[112.312436,-6.8716758],[112.3124488,-6.8716686],[112.312459,-6.8716626],[112.3124701,-6.8716569],[112.3124843,-6.8716503],[112.3125023,-6.8716436],[112.3125216,-6.8716383],[112.3125391,-6.8716347],[112.312553,-6.8716318],[112.3125646,-6.8716238],[112.3125767,-6.8716097],[112.3125985,-6.8715827],[112.312646,-6.8715608],[112.3127108,-6.8715403],[112.3127774,-6.8715249],[112.3128442,-6.871516],[112.3128831,-6.8715249],[112.3129105,-6.8715594],[112.3129277,-6.8716104],[112.3129437,-6.8716639],[112.3129555,-6.8717103],[112.3129675,-6.8717385],[112.3129813,-6.8717515],[112.3130031,-6.8717546],[112.3130322,-6.8717549],[112.3130689,-6.8717541],[112.3131142,-6.8717521],[112.3131576,-6.8717483],[112.3131978,-6.871743],[112.3132361,-6.871738],[112.3132722,-6.8717328],[112.3133074,-6.8717263],[112.3133299,-6.8717184],[112.3133459,-6.8717087],[112.3133593,-6.8716957],[112.3133733,-6.8716799],[112.3133895,-6.8716602],[112.3134002,-6.8716444],[112.3134081,-6.8716326],[112.3134158,-6.8716244],[112.3134247,-6.8716166],[112.3134349,-6.8716068],[112.3134459,-6.8715944],[112.3134567,-6.8715803],[112.3134673,-6.8715651],[112.3134778,-6.8715488],[112.313486,-6.8715337],[112.313493,-6.8715184],[112.3134989,-6.8715035],[112.3135068,-6.8714861],[112.3135169,-6.8714681],[112.3135272,-6.8714481],[112.3135365,-6.8714287],[112.3135448,-6.8714087],[112.3135525,-6.8713923],[112.3135611,-6.8713767],[112.3135717,-6.8713617],[112.3135851,-6.8713457],[112.3136012,-6.8713309],[112.3136147,-6.8713233],[112.3136277,-6.8713185],[112.3136416,-6.8713138],[112.3136518,-6.8713063],[112.3136592,-6.8712962],[112.3136645,-6.8712824],[112.3136702,-6.8712657],[112.3136753,-6.8712463],[112.3136787,-6.8712274],[112.3136798,-6.8712067],[112.3136787,-6.8711863],[112.3136767,-6.8711627],[112.3136741,-6.8711371],[112.3136708,-6.8711092],[112.3136701,-6.871079],[112.3136646,-6.8710475],[112.3136601,-6.8710187],[112.313657,-6.8709915],[112.3136501,-6.8709588],[112.3136488,-6.8709353],[112.3136526,-6.8709163],[112.3136621,-6.8709034],[112.3136865,-6.8709043],[112.3137091,-6.8709003],[112.3137376,-6.8708944],[112.313767,-6.8708876],[112.3138,-6.8708796],[112.3138349,-6.8708718],[112.313869,-6.8708644],[112.3139004,-6.870858],[112.3139257,-6.8708579],[112.3139496,-6.8708776],[112.3139713,-6.8709309],[112.3139932,-6.871016],[112.3140117,-6.8710885],[112.3140306,-6.8711332],[112.3140569,-6.8711541],[112.3140902,-6.8711606],[112.3141319,-6.8711565],[112.3141732,-6.8711468],[112.3142079,-6.8711349],[112.3142401,-6.8711217],[112.3142609,-6.8711102],[112.3142727,-6.8710904],[112.3142678,-6.8710339],[112.3142493,-6.8709268],[112.31422,-6.8707788],[112.3142059,-6.8706956],[112.3142031,-6.8706537],[112.3142107,-6.8706422],[112.3142226,-6.8706326],[112.3142389,-6.8706244],[112.3142585,-6.870619],[112.314278,-6.8706171],[112.3142993,-6.8706182],[112.3143183,-6.8706229],[112.314338,-6.8706295],[112.3143564,-6.8706456],[112.3143876,-6.8706769],[112.3144035,-6.8707572],[112.3144271,-6.8708477],[112.314448,-6.8709374],[112.3144646,-6.87098],[112.3144826,-6.8709959],[112.3145041,-6.8709946],[112.3145274,-6.8709904],[112.3145533,-6.8709847],[112.3145779,-6.870978],[112.3146041,-6.8709701],[112.3146308,-6.8709615],[112.3146612,-6.8709517],[112.3146918,-6.8709413],[112.3147204,-6.8709305],[112.3147392,-6.8709209],[112.3147502,-6.8709118],[112.3147562,-6.8709005],[112.3147578,-6.8708891],[112.3147561,-6.8708731],[112.3147527,-6.8708548],[112.3147493,-6.8708316],[112.3147458,-6.8708071],[112.3147404,-6.8707794],[112.3147318,-6.8707504],[112.3147221,-6.8707221],[112.3147129,-6.8706956],[112.3147095,-6.8706728],[112.3147138,-6.8706586],[112.3147301,-6.8706497],[112.3147532,-6.8706451],[112.3147777,-6.8706395],[112.3147986,-6.8706376],[112.3148177,-6.8706398],[112.3148329,-6.8706611],[112.314843,-6.8706807],[112.3148505,-6.8707018],[112.3148558,-6.8707172],[112.3148607,-6.8707316],[112.3148659,-6.8707468],[112.3148721,-6.8707648],[112.3148793,-6.870784],[112.314886,-6.8707992],[112.3148916,-6.8708096],[112.3148962,-6.8708157],[112.3149023,-6.8708193],[112.3149115,-6.8708207],[112.3149236,-6.8708174],[112.3149354,-6.8708089],[112.314945,-6.8707936],[112.3149497,-6.8707679],[112.3149486,-6.8707349],[112.3149415,-6.8706944],[112.3149328,-6.8706585],[112.3149228,-6.8706243],[112.314912,-6.8705958],[112.3148985,-6.870569],[112.3148867,-6.8705427],[112.3148763,-6.8705129],[112.3148664,-6.8704804],[112.3148526,-6.8704446],[112.3148397,-6.8704147],[112.3148274,-6.8703858],[112.3148171,-6.870358],[112.3148068,-6.8703281],[112.3147972,-6.8702994],[112.314784,-6.8702539],[112.3147668,-6.8701929],[112.3147396,-6.8700986],[112.3147206,-6.8700347],[112.3147094,-6.8699933],[112.3147042,-6.8699683],[112.3146999,-6.8699435],[112.3146935,-6.869916],[112.3146834,-6.8698804],[112.3146697,-6.8698348],[112.3146505,-6.869774],[112.314633,-6.8697177],[112.3146255,-6.869669],[112.314607,-6.869613],[112.3146603,-6.8696001],[112.314698,-6.8695915],[112.3147352,-6.8695793],[112.3147713,-6.8695664],[112.3148041,-6.8695555],[112.3148338,-6.8695458],[112.3148595,-6.8695375],[112.3148825,-6.8695303],[112.3149121,-6.8695216],[112.3149425,-6.8695126],[112.3149741,-6.869502],[112.314999,-6.8694923],[112.3150216,-6.8694828],[112.3150414,-6.8694742],[112.315058,-6.8694665],[112.3150753,-6.8694591],[112.3150935,-6.8694523],[112.3151133,-6.8694476],[112.3151307,-6.8694467],[112.3151475,-6.8694516],[112.3151611,-6.8694641],[112.3151724,-6.8694842],[112.3151808,-6.8695092],[112.3151879,-6.8695308],[112.3151966,-6.8695601],[112.3152054,-6.8695936],[112.3152176,-6.8696465],[112.3152267,-6.8696815],[112.3152358,-6.8697127],[112.3152449,-6.869742],[112.315255,-6.8697786],[112.3152649,-6.8698129],[112.3152735,-6.8698469],[112.3152831,-6.8698819],[112.315295,-6.8699227],[112.3153115,-6.8699737],[112.3153245,-6.8700137],[112.3153346,-6.8700435],[112.3153434,-6.8700648],[112.3153531,-6.8700841],[112.3153647,-6.8701068],[112.3153768,-6.8701315],[112.3153878,-6.8701569],[112.3153969,-6.8701833],[112.3154036,-6.8702132],[112.3154091,-6.8702452],[112.3154182,-6.8702837],[112.3154341,-6.8703286],[112.3154566,-6.8703733],[112.3154748,-6.870405],[112.3154905,-6.8704295],[112.3155036,-6.8704501],[112.3155178,-6.8704716],[112.3155316,-6.87049],[112.3155451,-6.8705058],[112.3155589,-6.8705199],[112.3155741,-6.8705321],[112.3155932,-6.8705429],[112.3156194,-6.8705496],[112.3156525,-6.8705509],[112.3156912,-6.8705442],[112.3157305,-6.8705339],[112.3157716,-6.8705215],[112.3158122,-6.8705095],[112.3158495,-6.8704973],[112.3158891,-6.8704836],[112.3159255,-6.8704699],[112.3159655,-6.8704551],[112.3160061,-6.8704399],[112.3160459,-6.8704248],[112.3160806,-6.8704114],[112.3161078,-6.8704002],[112.3161321,-6.8703911],[112.3161557,-6.8703855],[112.316182,-6.8703843],[112.316209,-6.8703863],[112.3162405,-6.870387],[112.3162729,-6.8703841],[112.3163066,-6.8703749],[112.3163359,-6.8703643],[112.3163688,-6.8703512],[112.3164033,-6.8703374],[112.3164403,-6.8703238],[112.3164761,-6.8703111],[112.316514,-6.8702985],[112.3165584,-6.8702849],[112.3165966,-6.8702722],[112.3166276,-6.8702603],[112.3166506,-6.8702495],[112.3166706,-6.8702405],[112.3166991,-6.8702295],[112.3167258,-6.8702202],[112.3167542,-6.8702109],[112.3167816,-6.8702018],[112.3168121,-6.8701916],[112.3168439,-6.8701814],[112.3168748,-6.8701712],[112.3169065,-6.870161],[112.3169359,-6.8701509],[112.3169656,-6.8701409],[112.3169963,-6.8701305],[112.3170268,-6.87012],[112.3170617,-6.8701081],[112.3170933,-6.8700968],[112.3171278,-6.8700804],[112.317164,-6.8700603],[112.317213,-6.8700308],[112.3172471,-6.8700101],[112.3172754,-6.8699932],[112.3172977,-6.8699802],[112.3173153,-6.8699686],[112.3173261,-6.8699575],[112.3173319,-6.8699442],[112.3173397,-6.869933],[112.3173562,-6.8699203],[112.3173776,-6.869911],[112.3174025,-6.869904],[112.3174296,-6.8698988],[112.3174619,-6.8698898],[112.3174909,-6.8698791],[112.3175198,-6.8698658],[112.3175457,-6.8698522],[112.3175712,-6.8698381],[112.3175957,-6.8698245],[112.3176084,-6.8697949],[112.3176131,-6.8697489],[112.3176064,-6.8696748],[112.317631,-6.8696388],[112.317666,-6.8696306],[112.3177291,-6.8696361],[112.317769,-6.8696515],[112.3178041,-6.8696836],[112.3178304,-6.8696963],[112.3178573,-6.8696981],[112.3178874,-6.8696883],[112.3179148,-6.8696768],[112.3179418,-6.8696628],[112.3179637,-6.8696495],[112.3179838,-6.8696368],[112.3180114,-6.8696228],[112.3180519,-6.8696052],[112.3181092,-6.8695823],[112.3181776,-6.8695548],[112.3182298,-6.8695347],[112.3182616,-6.8695243],[112.3182857,-6.8695184],[112.3183167,-6.86951],[112.3183452,-6.8695002],[112.3183727,-6.8694887],[112.3183941,-6.8694771],[112.3184129,-6.8694658],[112.3184334,-6.8694549],[112.3184517,-6.8694492],[112.3184711,-6.8694476],[112.3184896,-6.8694492],[112.3185085,-6.8694473],[112.3185289,-6.8694414],[112.3185512,-6.8694317],[112.3185721,-6.8694211],[112.3185948,-6.8694087],[112.3186172,-6.8693967],[112.3186421,-6.8693854],[112.3186705,-6.8693749],[112.3186985,-6.869367],[112.3187245,-6.8693605],[112.3187488,-6.8693539],[112.3187776,-6.8693449],[112.3188082,-6.8693346],[112.3188411,-6.8693238],[112.3188736,-6.8693128],[112.3189066,-6.869301],[112.3189354,-6.86929],[112.3189632,-6.8692779],[112.3189892,-6.8692656],[112.3190162,-6.8692519],[112.3190393,-6.8692413],[112.3190646,-6.8692302],[112.319092,-6.8692182],[112.3191186,-6.8692042],[112.3191411,-6.8691894],[112.3191596,-6.8691735],[112.319176,-6.8691585],[112.3191933,-6.869145],[112.3192133,-6.8691334],[112.3192398,-6.8691203],[112.3192671,-6.8691061],[112.3192965,-6.8690884],[112.3193208,-6.8690731],[112.3193466,-6.8690581],[112.3193767,-6.8690434],[112.3194078,-6.8690281],[112.3194427,-6.8690103],[112.3194763,-6.8689926],[112.3195081,-6.8689767],[112.3195375,-6.8689619],[112.3195652,-6.8689479],[112.319595,-6.8689327],[112.3196221,-6.8689194],[112.3196457,-6.8689078],[112.3196676,-6.8688977],[112.3196928,-6.8688875],[112.3197228,-6.8688746],[112.3197545,-6.8688595],[112.3197909,-6.8688401],[112.3198265,-6.8688198],[112.3198556,-6.868801],[112.3198798,-6.868783],[112.3199006,-6.8687653],[112.3199228,-6.8687478],[112.3199493,-6.868731],[112.3199824,-6.8687152],[112.3200138,-6.8687021],[112.3200426,-6.8686907],[112.3200697,-6.868678],[112.3200967,-6.8686613],[112.3201243,-6.8686407],[112.320153,-6.8686155],[112.3201733,-6.8685963],[112.3201874,-6.8685808],[112.3201953,-6.8685684],[112.3201973,-6.8685576],[112.3201931,-6.8685518],[112.3201841,-6.8685501],[112.3201725,-6.8685522],[112.3201615,-6.868552],[112.3201526,-6.8685489],[112.3201454,-6.8685421],[112.3201402,-6.8685331],[112.3201363,-6.8685225],[112.3201349,-6.8685102],[112.320138,-6.8684995],[112.3201457,-6.8684892],[112.3201532,-6.8684799],[112.3201599,-6.8684662],[112.3201633,-6.8684496],[112.3201667,-6.8684322],[112.3201724,-6.8684175],[112.3201827,-6.8684056],[112.3201943,-6.8683966],[112.3202047,-6.8683887],[112.3202102,-6.86838],[112.3202098,-6.8683709],[112.3202055,-6.8683613],[112.3202011,-6.8683498],[112.3201978,-6.8683344],[112.3201957,-6.8683152],[112.3201936,-6.8682926],[112.3201934,-6.8682744],[112.3201965,-6.868261],[112.3202023,-6.8682514],[112.3202067,-6.8682418],[112.3202041,-6.8682325],[112.3201932,-6.8682212],[112.3201763,-6.8682092],[112.3201548,-6.8681945],[112.3201282,-6.8681795],[112.3201027,-6.8681656],[112.320083,-6.8681537],[112.3200685,-6.8681434],[112.3200541,-6.8681323],[112.3200392,-6.8681231],[112.3200219,-6.8681147],[112.3200047,-6.8681083],[112.3199889,-6.8681],[112.3199775,-6.8680899],[112.3199705,-6.8680768],[112.3199681,-6.8680617],[112.3199677,-6.8680448],[112.3199668,-6.8680279],[112.319959,-6.8680146],[112.3199469,-6.8680039],[112.3199289,-6.8679949],[112.319915,-6.8679861],[112.3199023,-6.867977],[112.3198928,-6.8679695],[112.3198853,-6.8679656],[112.3198796,-6.8679671],[112.319878,-6.8679727],[112.3198804,-6.8679814],[112.3198844,-6.8679904],[112.3198869,-6.8680007],[112.3198852,-6.868013],[112.319878,-6.868027],[112.3198653,-6.8680406],[112.3198527,-6.868048],[112.3198404,-6.8680504],[112.3198291,-6.8680465],[112.3198195,-6.8680388],[112.3198124,-6.8680275],[112.319808,-6.8680162],[112.3198074,-6.8680045],[112.3198101,-6.8679953],[112.3198173,-6.8679837],[112.3198265,-6.8679714],[112.3198362,-6.8679584],[112.3198443,-6.8679462],[112.3198483,-6.8679339],[112.3198461,-6.8679204],[112.3198393,-6.8679086],[112.3198294,-6.8679011],[112.3198204,-6.867899],[112.3198114,-6.8678997],[112.3198056,-6.8678962],[112.3198009,-6.8678878],[112.3197968,-6.8678761],[112.3197915,-6.867861],[112.3197817,-6.8678419],[112.3197668,-6.8678213],[112.3197429,-6.8678055],[112.3197158,-6.8678022],[112.319686,-6.8678074],[112.3196618,-6.8678147],[112.3196424,-6.8678213],[112.3196241,-6.8678261],[112.3196028,-6.8678284],[112.3195785,-6.8678268],[112.3195562,-6.8678197],[112.3195375,-6.8678068],[112.3195211,-6.8677855],[112.3195072,-6.8677584],[112.3194936,-6.8677233],[112.3194811,-6.8676849],[112.3194682,-6.8676408],[112.3194582,-6.8675996],[112.3194487,-6.8675574],[112.3194394,-6.8675204],[112.3194313,-6.8674873],[112.3194233,-6.8674567],[112.3194161,-6.8674252],[112.3194088,-6.8673932],[112.3194014,-6.8673618],[112.3193921,-6.86733],[112.3193818,-6.8672987],[112.3193714,-6.8672678],[112.3193623,-6.8672362],[112.3193554,-6.8672046],[112.3193518,-6.8671719],[112.3193505,-6.8671407],[112.3193499,-6.8671081],[112.3193476,-6.8670817],[112.3193427,-6.8670568],[112.3193346,-6.8670297],[112.319324,-6.866996],[112.3193133,-6.8669676],[112.3193037,-6.8669415],[112.3192958,-6.8669187],[112.3192896,-6.8668946],[112.3192833,-6.8668691],[112.3192754,-6.8668448],[112.3192636,-6.8668199],[112.3192493,-6.8667962],[112.3192326,-6.8667705],[112.3192177,-6.866742],[112.3192053,-6.8667129],[112.3191961,-6.8666835],[112.3191884,-6.8666542],[112.3191827,-6.8666263],[112.3191787,-6.8666],[112.3191761,-6.8665742],[112.3191745,-6.8665458],[112.3191741,-6.866515],[112.3191753,-6.8664824],[112.319176,-6.8664514],[112.3191759,-6.8664253],[112.3191758,-6.8664043],[112.3191759,-6.8663878],[112.3191755,-6.866376],[112.3191738,-6.8663669],[112.3191707,-6.8663568],[112.3191666,-6.8663451],[112.3191636,-6.8663311],[112.3191621,-6.8663168],[112.3191635,-6.8663011],[112.3191677,-6.8662839],[112.319173,-6.8662616],[112.3191762,-6.8662378],[112.319176,-6.8662112],[112.319173,-6.8661862],[112.3191673,-6.866161],[112.3191614,-6.8661365],[112.3191557,-6.8661099],[112.3191516,-6.8660814],[112.3191485,-6.8660574],[112.3191447,-6.8660388],[112.3191387,-6.8660222],[112.3191324,-6.8660049],[112.3191275,-6.8659839],[112.3191267,-6.8659587],[112.3191303,-6.8659334],[112.3191375,-6.8659068],[112.3191436,-6.8658808],[112.3191474,-6.8658566],[112.3191498,-6.8658338],[112.3191498,-6.8658152],[112.319147,-6.8658002],[112.3191404,-6.8657861],[112.3191309,-6.865771],[112.3191179,-6.8657526],[112.3191007,-6.8657253],[112.3190832,-6.8656936],[112.3190648,-6.8656499],[112.3190552,-6.8656189],[112.319049,-6.8655893],[112.3190477,-6.8655616],[112.319048,-6.8655366],[112.3190525,-6.8655109],[112.3190593,-6.8654968],[112.3190713,-6.8654871],[112.3190854,-6.8654832],[112.3191019,-6.865487],[112.3191183,-6.8655022],[112.3191365,-6.865533],[112.3191521,-6.8655685],[112.3191665,-6.8656016],[112.3191821,-6.8656321],[112.3191961,-6.8656603],[112.3192108,-6.8656964],[112.3192242,-6.8657368],[112.3192368,-6.8657817],[112.3192439,-6.8658133],[112.3192475,-6.865841],[112.3192492,-6.8658678],[112.3192524,-6.8658978],[112.3192588,-6.865931],[112.3192694,-6.8659693],[112.3193138,-6.8661024],[112.3193367,-6.866198],[112.3193495,-6.8663208],[112.3193381,-6.8664122],[112.319331,-6.866485],[112.3193353,-6.8666049],[112.3193581,-6.8667034],[112.3193695,-6.866752],[112.3193724,-6.8668162],[112.3193781,-6.8668647],[112.3193995,-6.8669261],[112.3194152,-6.8669918],[112.3194309,-6.867086],[112.3194537,-6.8671774],[112.3194737,-6.8672673],[112.3195066,-6.867423],[112.3195308,-6.8675657],[112.3195523,-6.8676728],[112.3195751,-6.8677285],[112.319578,-6.8677328],[112.3196194,-6.8677542],[112.3196708,-6.867757],[112.3197264,-6.8677413],[112.3199834,-6.8676043],[112.3200505,-6.8675543],[112.3200619,-6.8675258],[112.3200519,-6.8674729],[112.3200434,-6.8674158],[112.3200448,-6.8673887],[112.3200477,-6.8673402],[112.3200477,-6.8673059],[112.3200134,-6.8670917],[112.3200034,-6.8670246],[112.3199848,-6.8668747],[112.319992,-6.8668319],[112.3199891,-6.8667805],[112.319972,-6.8666834],[112.3199035,-6.8665107],[112.3198549,-6.8663679],[112.3197593,-6.8661338],[112.3196865,-6.8659089],[112.3196876,-6.8658891],[112.3196939,-6.8658688],[112.3197048,-6.8658493],[112.31972,-6.8658307],[112.3197393,-6.8658142],[112.3197655,-6.8657982],[112.3198121,-6.8657904],[112.3198436,-6.8658088],[112.319868,-6.8658529],[112.3198715,-6.8658755],[112.3198545,-6.8659401],[112.3198429,-6.8659678],[112.3198385,-6.8660058],[112.3198391,-6.8660439],[112.31984,-6.8660706],[112.3198404,-6.8660902],[112.3198414,-6.8661076],[112.3198446,-6.8661278],[112.3198499,-6.8661541],[112.3198561,-6.8661848],[112.3198621,-6.8662157],[112.3198698,-6.8662474],[112.3198803,-6.8662775],[112.3198921,-6.8663074],[112.3199035,-6.8663385],[112.3199142,-6.8663697],[112.3199239,-6.8664039],[112.3199323,-6.8664359],[112.3199428,-6.8664733],[112.3199537,-6.866504],[112.3199654,-6.8665352],[112.319974,-6.8665601],[112.3199819,-6.8665885],[112.3199892,-6.8666158],[112.3199986,-6.8666484],[112.3200089,-6.8666705],[112.320021,-6.8666901],[112.3200336,-6.8667079],[112.3200451,-6.8667285],[112.3200522,-6.8667504],[112.3200559,-6.866776],[112.3200578,-6.866805],[112.3200609,-6.8668358],[112.3200655,-6.8668597],[112.3200705,-6.8668753],[112.3200759,-6.8668804],[112.3200835,-6.8668741],[112.3200899,-6.8668619],[112.3200948,-6.8668473],[112.3201,-6.8668324],[112.3201072,-6.8668194],[112.3201168,-6.8668052],[112.3201272,-6.8667892],[112.3201356,-6.8667721],[112.3201426,-6.8667519],[112.3201484,-6.8667319],[112.3201525,-6.8667115],[112.3201547,-6.8666947],[112.3201575,-6.8666781],[112.3201623,-6.8666657],[112.3201711,-6.8666529],[112.3201813,-6.8666404],[112.3201931,-6.8666253],[112.3202072,-6.8666055],[112.3202216,-6.8665823],[112.3202344,-6.8665606],[112.3202446,-6.8665416],[112.3202537,-6.8665253],[112.3202627,-6.8665092],[112.3202745,-6.8664892],[112.3202865,-6.8664705],[112.3202981,-6.8664536],[112.3203066,-6.8664386],[112.3203104,-6.8664221],[112.3203109,-6.8664004],[112.3203118,-6.8663762],[112.3203176,-6.8663498],[112.3203264,-6.8663342],[112.3203419,-6.8663234],[112.3203655,-6.8663158],[112.3203939,-6.8663087],[112.320414,-6.8663039],[112.3204275,-6.8663009],[112.3204372,-6.8662978],[112.3204445,-6.8662921],[112.3204469,-6.8662822],[112.3204403,-6.8662695],[112.3204255,-6.8662554],[112.3204054,-6.86624],[112.3203853,-6.8662286],[112.3203696,-6.8662179],[112.3203565,-6.8662045],[112.3203499,-6.8661896],[112.3203505,-6.8661676],[112.3203588,-6.8661456],[112.3203756,-6.8661208],[112.3203958,-6.8661043],[112.3204174,-6.8660945],[112.3204369,-6.8660918],[112.3204523,-6.8660924],[112.3204638,-6.8660963],[112.3204729,-6.8661026],[112.3204857,-6.8661117],[112.3205013,-6.866118],[112.3205238,-6.8661197],[112.3205473,-6.8661174],[112.32057,-6.8661145],[112.3205881,-6.8661127],[112.3206052,-6.8661114],[112.320619,-6.866111],[112.3206325,-6.8661101],[112.3206433,-6.8661068],[112.3206491,-6.8661],[112.3206511,-6.8660884],[112.3206497,-6.8660747],[112.3206524,-6.8660593],[112.3206616,-6.8660479],[112.3206812,-6.8660379],[112.3207023,-6.8660329],[112.3207199,-6.8660297],[112.3207334,-6.8660267],[112.3207415,-6.8660209],[112.3207473,-6.8660133],[112.3207531,-6.8660046],[112.3207614,-6.8659958],[112.3207703,-6.8659876],[112.3207792,-6.8659785],[112.3207884,-6.8659673],[112.3207974,-6.865957],[112.320807,-6.8659487],[112.3208201,-6.865941],[112.3208323,-6.8659342],[112.3208441,-6.8659249],[112.3208518,-6.865913],[112.3208569,-6.865896],[112.3208598,-6.865879],[112.3208636,-6.8658646],[112.3208715,-6.8658529],[112.320882,-6.8658458],[112.320895,-6.8658435],[112.3209071,-6.8658474],[112.3209173,-6.8658555],[112.3209259,-6.8658667],[112.3209347,-6.8658785],[112.3209447,-6.8658897],[112.3209545,-6.8658999],[112.3209643,-6.8659125],[112.3209708,-6.8659253],[112.3209746,-6.8659388],[112.3209783,-6.8659523],[112.3209844,-6.8659657],[112.3209947,-6.8659781],[112.3210083,-6.8659868],[112.3210265,-6.8659908],[112.3210491,-6.8659921],[112.3210721,-6.8659937],[112.3210914,-6.8659987],[112.3211021,-6.8660107],[112.3211048,-6.8660292],[112.3211026,-6.866051],[112.3211045,-6.86607],[112.3211139,-6.8660828],[112.3211311,-6.8660882],[112.321152,-6.8660873],[112.3211777,-6.8660826],[112.3212069,-6.8660779],[112.3212355,-6.8660729],[112.3212584,-6.8660631],[112.3212691,-6.8660474],[112.3212636,-6.8660269],[112.3212461,-6.8660069],[112.3212192,-6.8659869],[112.3212044,-6.8659698],[112.3212027,-6.865953],[112.3212151,-6.8659379],[112.3212308,-6.8659252],[112.3212392,-6.8659152],[112.3212375,-6.8659056],[112.3212285,-6.8658976],[112.3212167,-6.8658887],[112.3212128,-6.8658774],[112.3212183,-6.8658625],[112.3212284,-6.8658464],[112.3212372,-6.8658306],[112.3212375,-6.8658185],[112.321227,-6.8658062],[112.3212118,-6.865794],[112.3211952,-6.8657779],[112.3211843,-6.8657612],[112.3211798,-6.8657431],[112.3211845,-6.8657247],[112.3211974,-6.8657132],[112.3212184,-6.8657109],[112.3212487,-6.8657198],[112.3212787,-6.8657345],[112.3213061,-6.8657529],[112.321322,-6.8657717],[112.3213272,-6.8657923],[112.3213212,-6.8658119],[112.321315,-6.8658286],[112.3213141,-6.8658431],[112.32132,-6.865858],[112.3213269,-6.8658728],[112.3213323,-6.86589],[112.3213411,-6.8659068],[112.3213498,-6.8659243],[112.3213555,-6.8659421],[112.3213617,-6.8659543],[112.321372,-6.8659614],[112.3213868,-6.8659633],[112.3214025,-6.865966],[112.3214186,-6.8659712],[112.3214336,-6.865974],[112.3214462,-6.8659702],[112.3214532,-6.8659605],[112.3214578,-6.8659463],[112.3214659,-6.8659326],[112.3214815,-6.8659208],[112.3215047,-6.8659136],[112.32153,-6.8659145],[112.321555,-6.8659249],[112.3215758,-6.8659433],[112.3215914,-6.8659655],[112.3216008,-6.8659879],[112.3216068,-6.8660082],[112.3216142,-6.8660207],[112.3216291,-6.866026],[112.3216476,-6.8660266],[112.3216695,-6.8660263],[112.3216925,-6.8660266],[112.3217157,-6.866027],[112.3217362,-6.8660241],[112.3217558,-6.8660229],[112.3217774,-6.8660244],[112.3218009,-6.8660306],[112.3218223,-6.8660372],[112.3218435,-6.8660419],[112.3218656,-6.8660446],[112.3218928,-6.8660436],[112.3219223,-6.8660393],[112.3219563,-6.8660306],[112.3219913,-6.8660264],[112.322018,-6.8660286],[112.3220431,-6.8660312],[112.3220691,-6.8660266],[112.3220861,-6.8660159],[112.3220898,-6.865997],[112.322081,-6.8659743],[112.3220734,-6.8659482],[112.322074,-6.8659254],[112.3220861,-6.865903],[112.3221059,-6.8658869],[112.3221257,-6.8658775],[112.3221476,-6.865873],[112.3221734,-6.8658685],[112.322205,-6.8658621],[112.3222287,-6.8658628],[112.3222472,-6.8658655],[112.3222609,-6.8658645],[112.3222725,-6.865855],[112.322282,-6.8658339],[112.3222877,-6.8658083],[112.3222871,-6.865782],[112.3222836,-6.8657592],[112.3222797,-6.8657372],[112.3222762,-6.865719],[112.3222705,-6.8656995],[112.3222673,-6.8656806],[112.3222706,-6.865658],[112.3222803,-6.8656381],[112.322294,-6.8656188],[112.3223061,-6.8656038],[112.3223181,-6.865587],[112.3223301,-6.8655712],[112.3223419,-6.8655553],[112.3223549,-6.8655357],[112.3223673,-6.8655171],[112.3223815,-6.8655001],[112.3223953,-6.865488],[112.3224081,-6.8654742],[112.3224211,-6.8654543],[112.3224341,-6.8654309],[112.3224488,-6.8654092],[112.3224599,-6.8653991],[112.3224683,-6.8653969],[112.3224737,-6.8654012],[112.3224759,-6.8654096],[112.3224751,-6.8654203],[112.3224739,-6.8654308],[112.3224733,-6.8654414],[112.322474,-6.8654511],[112.3224768,-6.86546],[112.3224827,-6.8654674],[112.3224937,-6.8654697],[112.3225079,-6.8654657],[112.3225258,-6.8654554],[112.3225371,-6.8654455],[112.3225408,-6.8654338],[112.3225356,-6.8654262],[112.3225254,-6.8654211],[112.3225162,-6.8654171],[112.3225092,-6.8654102],[112.3225049,-6.8653996],[112.3225008,-6.8653881],[112.3224951,-6.8653753],[112.3224905,-6.8653622],[112.3224878,-6.8653461],[112.3224885,-6.8653278],[112.3224869,-6.8653155],[112.3224801,-6.8653033],[112.3224716,-6.8652941],[112.3224624,-6.8652803],[112.3224573,-6.8652679],[112.3224538,-6.8652521],[112.3224497,-6.8652334],[112.3224485,-6.8652141],[112.3224518,-6.8651935],[112.3224626,-6.865174],[112.3224798,-6.8651584],[112.3225016,-6.8651467],[112.3225249,-6.8651401],[112.3225406,-6.8651408],[112.3225502,-6.8651484],[112.3225516,-6.8651594],[112.3225476,-6.8651714],[112.3225409,-6.8651845],[112.3225372,-6.8651978],[112.3225371,-6.8652136],[112.322542,-6.8652313],[112.3225498,-6.8652489],[112.3225599,-6.8652622],[112.3225693,-6.865267],[112.322579,-6.8652635],[112.3225885,-6.8652543],[112.3225985,-6.8652442],[112.3226124,-6.8652351],[112.3226266,-6.8652273],[112.3226374,-6.8652188],[112.3226419,-6.8652082],[112.3226397,-6.8651958],[112.322634,-6.86518],[112.3226286,-6.86516],[112.3226283,-6.8651397],[112.3226371,-6.8651218],[112.322654,-6.8651093],[112.3226781,-6.865099],[112.322705,-6.8650912],[112.3227312,-6.8650874],[112.3227519,-6.8650889],[112.3227688,-6.865096],[112.3227841,-6.8651037],[112.3228004,-6.8651094],[112.3228168,-6.8651103],[112.32283,-6.8651066],[112.3228411,-6.8650991],[112.3228481,-6.8650893],[112.3228504,-6.8650783],[112.322847,-6.8650689],[112.3228368,-6.8650627],[112.3228241,-6.8650667],[112.3228101,-6.8650736],[112.3227964,-6.8650772],[112.3227784,-6.8650731],[112.3227634,-6.8650658],[112.3227499,-6.8650567],[112.322741,-6.8650453],[112.3227391,-6.8650328],[112.3227468,-6.8650199],[112.3227603,-6.8650092],[112.322776,-6.8650012],[112.3227924,-6.8649975],[112.3228083,-6.8649972],[112.3228253,-6.8649959],[112.3228399,-6.8649913],[112.3228483,-6.8649838],[112.3228475,-6.8649741],[112.3228422,-6.8649659],[112.3228376,-6.8649566],[112.3228416,-6.8649484],[112.3228557,-6.8649403],[112.3228757,-6.8649325],[112.3228954,-6.8649211],[112.3229062,-6.8649108],[112.3229096,-6.8648973],[112.3229095,-6.8648843],[112.3229114,-6.864867],[112.3229187,-6.8648495],[112.3229297,-6.8648341],[112.3229408,-6.8648261],[112.3229518,-6.8648239],[112.3229603,-6.8648272],[112.322967,-6.8648342],[112.3229746,-6.8648444],[112.3229842,-6.8648532],[112.3229969,-6.8648561],[112.3230127,-6.8648509],[112.3230331,-6.8648399],[112.3230579,-6.864827],[112.323087,-6.8648103],[112.3231071,-6.8647928],[112.3231207,-6.8647724],[112.3231339,-6.8647492],[112.3231484,-6.8647349],[112.3231684,-6.8647286],[112.3231902,-6.8647285],[112.3232153,-6.8647287],[112.3232394,-6.8647293],[112.3232612,-6.8647336],[112.3232774,-6.8647417],[112.3232914,-6.8647512],[112.3233078,-6.8647573],[112.3233262,-6.8647561],[112.3233469,-6.8647453],[112.323355,-6.8647291],[112.3233586,-6.8647083],[112.3233642,-6.8646814],[112.3233766,-6.8646578],[112.3233917,-6.8646391],[112.3234054,-6.8646304],[112.3234173,-6.8646291],[112.323427,-6.8646315],[112.323435,-6.8646357],[112.3234409,-6.8646431],[112.323446,-6.8646553],[112.3234506,-6.8646728],[112.3234567,-6.8646914],[112.3234625,-6.86471],[112.3234698,-6.8647303],[112.3234777,-6.8647489],[112.3234892,-6.8647657],[112.3235022,-6.8647765],[112.3235197,-6.8647844],[112.3235406,-6.8647884],[112.3235635,-6.8647878],[112.3235875,-6.8647814],[112.3236111,-6.864773],[112.3236347,-6.8647642],[112.3236547,-6.8647567],[112.3236694,-6.8647517],[112.3236815,-6.8647499],[112.3236933,-6.8647517],[112.3237067,-6.8647574],[112.323721,-6.8647669],[112.3237353,-6.864777],[112.3237529,-6.8647889],[112.3237707,-6.8648004],[112.3237888,-6.8648133],[112.3238069,-6.8648263],[112.3238249,-6.8648396],[112.3238451,-6.8648492],[112.3238629,-6.8648547],[112.3238788,-6.8648518],[112.3238886,-6.8648481],[112.3238969,-6.8648441],[112.3239059,-6.8648419],[112.3239165,-6.864842],[112.3239269,-6.8648452],[112.3239354,-6.8648516],[112.3239417,-6.8648606],[112.3239472,-6.8648718],[112.3239527,-6.8648856],[112.3239597,-6.8649032],[112.323968,-6.8649202],[112.3239782,-6.864938],[112.3239872,-6.8649541],[112.3239949,-6.8649678],[112.3240029,-6.8649772],[112.3240132,-6.8649804],[112.3240258,-6.8649789],[112.324038,-6.8649725],[112.3240467,-6.864961],[112.3240489,-6.8649465],[112.3240456,-6.8649279],[112.3240426,-6.8649131],[112.3240422,-6.8648991],[112.324047,-6.8648874],[112.324056,-6.8648786],[112.3240697,-6.8648719],[112.3240881,-6.8648662],[112.324107,-6.8648628],[112.3241216,-6.8648652],[112.3241345,-6.864875],[112.3241444,-6.8648914],[112.3241518,-6.8649113],[112.3241569,-6.8649322],[112.3241623,-6.8649516],[112.3241685,-6.8649668],[112.3241771,-6.8649753],[112.3241888,-6.8649775],[112.324204,-6.8649754],[112.3242228,-6.8649744],[112.3242443,-6.864977],[112.3242695,-6.8649836],[112.3242992,-6.8649918],[112.3243306,-6.8649992],[112.3243598,-6.8650049],[112.3243855,-6.8650083],[112.3244024,-6.8650085],[112.3244144,-6.8650034],[112.3244217,-6.8649935],[112.324426,-6.8649789],[112.3244256,-6.8649601],[112.3244218,-6.864939],[112.3244163,-6.8649145],[112.3244127,-6.8648867],[112.324413,-6.8648586],[112.3244175,-6.8648283],[112.3244227,-6.8647965],[112.3244254,-6.8647675],[112.3244243,-6.864738],[112.3244197,-6.8647151],[112.3244126,-6.8646907],[112.3244103,-6.864671],[112.3244141,-6.8646563],[112.3244256,-6.8646487],[112.3244387,-6.8646468],[112.3244547,-6.8646473],[112.3244719,-6.8646477],[112.3244903,-6.8646439],[112.3245039,-6.8646335],[112.3245116,-6.8646177],[112.324514,-6.8645982],[112.3245126,-6.8645834],[112.3245098,-6.8645698],[112.3245073,-6.8645592],[112.3245035,-6.8645506],[112.3244984,-6.8645443],[112.3244922,-6.8645378],[112.3244881,-6.8645306],[112.3244893,-6.8645223],[112.3244972,-6.8645144],[112.3245109,-6.8645076],[112.3245276,-6.8645024],[112.3245464,-6.8644998],[112.3245637,-6.8645016],[112.3245801,-6.8645078],[112.3245939,-6.8645172],[112.3246053,-6.8645292],[112.324612,-6.8645423],[112.3246151,-6.8645574],[112.3246172,-6.864571],[112.3246221,-6.8645815],[112.3246307,-6.8645858],[112.3246449,-6.8645855],[112.3246623,-6.8645826],[112.3246854,-6.864579],[112.3247069,-6.8645733],[112.3247249,-6.8645652],[112.3247373,-6.8645556],[112.3247469,-6.8645432],[112.3247532,-6.8645291],[112.3247588,-6.864511],[112.3247632,-6.8644935],[112.3247665,-6.8644771],[112.3247707,-6.8644626],[112.3247791,-6.8644499],[112.3247898,-6.8644404],[112.3248029,-6.8644321],[112.3248171,-6.8644234],[112.3248338,-6.8644124],[112.3248507,-6.8644019],[112.3248667,-6.8643937],[112.3248801,-6.8643915],[112.3248889,-6.8643948],[112.3248936,-6.8644038],[112.3248943,-6.8644149],[112.3248915,-6.8644271],[112.3248879,-6.8644389],[112.324884,-6.8644521],[112.3248829,-6.8644637],[112.3248862,-6.864471],[112.3248932,-6.8644711],[112.324901,-6.8644642],[112.3249072,-6.864457],[112.324913,-6.8644517],[112.3249199,-6.8644495],[112.3249332,-6.8644483],[112.3249543,-6.8644468],[112.3249837,-6.8644428],[112.325008,-6.8644417],[112.3250293,-6.8644428],[112.3250474,-6.8644453],[112.3250649,-6.8644449],[112.3250834,-6.8644406],[112.3250988,-6.8644335],[112.3251068,-6.8644258],[112.3251012,-6.8644179],[112.3250877,-6.8644135],[112.3250656,-6.8644112],[112.3250469,-6.8644061],[112.325031,-6.8643969],[112.3250197,-6.8643827],[112.3250125,-6.8643672],[112.3250088,-6.8643488],[112.3250077,-6.8643339],[112.3250096,-6.8643181],[112.3250148,-6.8643032],[112.325025,-6.8642872],[112.3250374,-6.8642757],[112.3250565,-6.8642663],[112.3250773,-6.8642609],[112.3251,-6.8642588],[112.3251208,-6.8642593],[112.3251412,-6.8642616],[112.3251557,-6.8642608],[112.3251583,-6.8642554],[112.3251484,-6.8642461],[112.3251294,-6.8642326],[112.3251124,-6.8642172],[112.3251015,-6.8641989],[112.3250986,-6.864185],[112.325102,-6.8641722],[112.3251091,-6.864162],[112.3251184,-6.8641524],[112.3251292,-6.8641443],[112.3251414,-6.8641379],[112.3251545,-6.8641344],[112.3251685,-6.8641339],[112.3251832,-6.8641362],[112.3251993,-6.8641403],[112.3252163,-6.8641439],[112.3252342,-6.8641433],[112.325249,-6.8641362],[112.3252596,-6.8641223],[112.3252661,-6.8641043],[112.3252729,-6.864085],[112.3252802,-6.8640688],[112.3252915,-6.864055],[112.325309,-6.8640421],[112.3253355,-6.8640279],[112.3253621,-6.8640129],[112.3253853,-6.8639992],[112.3254056,-6.8639892],[112.3254258,-6.8639841],[112.3254421,-6.8639851],[112.3254562,-6.8639922],[112.3254687,-6.864004],[112.3254817,-6.8640173],[112.3254954,-6.8640297],[112.3255117,-6.8640411],[112.3255292,-6.8640531],[112.3255477,-6.8640692],[112.3255641,-6.8640842],[112.3255835,-6.8640936],[112.3256068,-6.8640906],[112.3256303,-6.8640825],[112.3256518,-6.864078],[112.3256751,-6.8640802],[112.3256952,-6.864088],[112.3257128,-6.864098],[112.3257308,-6.8641078],[112.3257478,-6.8641113],[112.325767,-6.8641087],[112.3257811,-6.8640982],[112.3257922,-6.8640869],[112.3258026,-6.8640774],[112.3258145,-6.8640745],[112.3258303,-6.8640762],[112.3258523,-6.8640819],[112.3258742,-6.8640852],[112.3258982,-6.8640846],[112.325919,-6.864082],[112.3259395,-6.8640796],[112.3259609,-6.8640783],[112.3259782,-6.8640786],[112.325993,-6.8640816],[112.3260076,-6.864089],[112.3260251,-6.8640995],[112.3260465,-6.8641096],[112.3260701,-6.8641147],[112.3260934,-6.8641122],[112.3261121,-6.8641042],[112.3261272,-6.8640957],[112.3261398,-6.8640893],[112.3261544,-6.8640863],[112.3261733,-6.8640857],[112.3261965,-6.8640864],[112.3262235,-6.8640856],[112.3262487,-6.8640812],[112.3262707,-6.8640754],[112.3262895,-6.8640716],[112.3263089,-6.8640716],[112.3263283,-6.8640768],[112.3263422,-6.8640873],[112.3263482,-6.8641025],[112.3263494,-6.8641177],[112.326356,-6.8641315],[112.3263738,-6.8641445],[112.3263986,-6.864156],[112.3264209,-6.8641677],[112.3264401,-6.8641749],[112.3264594,-6.8641734],[112.3264758,-6.8641627],[112.3264913,-6.8641558],[112.3265119,-6.8641596],[112.3265393,-6.8641742],[112.3265747,-6.8641965],[112.3266003,-6.8642084],[112.3266178,-6.8642079],[112.3266291,-6.8641952],[112.3266417,-6.8641773],[112.3266585,-6.8641627],[112.3266797,-6.8641547],[112.3267042,-6.8641534],[112.3267272,-6.8641568],[112.3267496,-6.8641626],[112.3267723,-6.8641661],[112.3267994,-6.8641656],[112.3268268,-6.8641579],[112.3268543,-6.864146],[112.3268831,-6.8641328],[112.3269103,-6.864122],[112.3269356,-6.8641144],[112.3269582,-6.8641087],[112.3269765,-6.8641042],[112.3269951,-6.8640993],[112.3270053,-6.8640936],[112.3270112,-6.8640882],[112.3270155,-6.864083],[112.3270228,-6.8640803],[112.3270381,-6.8640802],[112.3270561,-6.8640831],[112.3270757,-6.8640902],[112.3270906,-6.8641027],[112.3271028,-6.8641202],[112.3271153,-6.8641403],[112.3271292,-6.8641621],[112.3271434,-6.8641797],[112.3271583,-6.864194],[112.3271738,-6.8641996],[112.3271862,-6.8641943],[112.3271917,-6.8641766],[112.3271898,-6.8641505],[112.3271826,-6.864122],[112.3271752,-6.8640966],[112.3271699,-6.8640728],[112.3271667,-6.8640486],[112.3271649,-6.8640191],[112.3271648,-6.8639897],[112.3271685,-6.8639616],[112.3271804,-6.8639391],[112.3272015,-6.8639235],[112.3272328,-6.8639122],[112.3272746,-6.8639067],[112.3273086,-6.8639088],[112.327338,-6.8639155],[112.3273631,-6.8639134],[112.3273835,-6.863895],[112.3273939,-6.8638602],[112.3273987,-6.8638275],[112.3274037,-6.8638014],[112.3274146,-6.8637805],[112.3274342,-6.8637616],[112.3274633,-6.863747],[112.3274965,-6.8637374],[112.3275297,-6.8637342],[112.3275582,-6.8637365],[112.3275822,-6.8637456],[112.3276004,-6.8637604],[112.3276166,-6.8637797],[112.3276316,-6.8638033],[112.3276443,-6.8638289],[112.327654,-6.8638571],[112.3276608,-6.8638858],[112.3276669,-6.8639131],[112.3276723,-6.8639367],[112.3276803,-6.8639592],[112.3276918,-6.8639806],[112.3277048,-6.8639943],[112.327717,-6.8639982],[112.3277285,-6.8639895],[112.3277372,-6.8639756],[112.3277489,-6.8639671],[112.3277659,-6.8639673],[112.3277864,-6.8639785],[112.3278043,-6.863994],[112.3278203,-6.8640122],[112.3278369,-6.864031],[112.327855,-6.8640519],[112.3278738,-6.8640711],[112.3278915,-6.8640862],[112.3279077,-6.864094],[112.3279201,-6.8640932],[112.3279301,-6.8640848],[112.3279359,-6.864072],[112.3279381,-6.8640452],[112.3279372,-6.8639994],[112.327935,-6.8639345],[112.3279466,-6.863883],[112.3279834,-6.8638508],[112.328044,-6.8638303],[112.3280966,-6.8638129],[112.3281264,-6.8637961],[112.328129,-6.8637801],[112.3281262,-6.8637647],[112.3281303,-6.8637502],[112.3281417,-6.8637367],[112.3281466,-6.8637249],[112.3281431,-6.8637142],[112.3281323,-6.8637033],[112.3281202,-6.8636927],[112.3281115,-6.8636783],[112.3281131,-6.8636684],[112.3281265,-6.8636625],[112.3281472,-6.8636611],[112.328167,-6.8636582],[112.3281815,-6.8636498],[112.3281906,-6.8636309],[112.3281935,-6.8636071],[112.3281901,-6.8635802],[112.3281845,-6.8635547],[112.3281798,-6.8635311],[112.3281827,-6.8635111],[112.3281981,-6.8634996],[112.32822,-6.8634974],[112.3282459,-6.8635047],[112.3282697,-6.8635191],[112.3282923,-6.8635385],[112.3283114,-6.8635591],[112.3283268,-6.8635774],[112.3283455,-6.8635908],[112.3283686,-6.8635962],[112.328399,-6.8635919],[112.3284176,-6.8635814],[112.3284241,-6.8635699],[112.3284244,-6.8635587],[112.3284269,-6.8635461],[112.3284337,-6.8635315],[112.3284422,-6.8635146],[112.3284529,-6.8634953],[112.3284653,-6.8634765],[112.3284791,-6.8634625],[112.3284935,-6.8634512],[112.3285093,-6.8634451],[112.3285256,-6.8634414],[112.328543,-6.8634369],[112.3285524,-6.8634284],[112.3285556,-6.8634153],[112.3285568,-6.8634016],[112.3285624,-6.8633875],[112.3285714,-6.863374],[112.3285805,-6.8633603],[112.3285907,-6.8633449],[112.3286034,-6.8633319],[112.3286249,-6.8633207],[112.3286484,-6.8633132],[112.3286765,-6.8633064],[112.3286964,-6.863301],[112.3287156,-6.8632937],[112.3287333,-6.863285],[112.3287514,-6.8632775],[112.3287653,-6.8632752],[112.3287759,-6.8632801],[112.328786,-6.8632903],[112.3288,-6.863301],[112.3288181,-6.8633081],[112.3288328,-6.8633058],[112.3288402,-6.8632923],[112.3288413,-6.8632708],[112.3288443,-6.8632509],[112.3288521,-6.8632334],[112.3288641,-6.863224],[112.3288771,-6.8632211],[112.3288933,-6.8632248],[112.3289118,-6.863229],[112.3289378,-6.8632299],[112.3289643,-6.8632219],[112.3289914,-6.8632065],[112.3290123,-6.8631889],[112.329033,-6.8631694],[112.3290559,-6.8631497],[112.3290784,-6.8631333],[112.3290994,-6.8631204],[112.3291153,-6.8631133],[112.3291298,-6.8631104],[112.3291413,-6.8631115],[112.329152,-6.863117],[112.3291601,-6.8631261],[112.3291652,-6.8631392],[112.3291673,-6.8631537],[112.3291714,-6.8631692],[112.3291818,-6.8631788],[112.3291968,-6.8631803],[112.3292137,-6.8631684],[112.3292306,-6.8631598],[112.3292491,-6.8631571],[112.3292673,-6.8631643],[112.3292857,-6.8631781],[112.3293036,-6.8631966],[112.3293213,-6.8632193],[112.3293358,-6.8632411],[112.3293481,-6.8632626],[112.329357,-6.8632825],[112.3293644,-6.8633018],[112.3293679,-6.8633222],[112.3293672,-6.8633422],[112.3293609,-6.8633662],[112.3293526,-6.8633904],[112.3293429,-6.8634125],[112.3293362,-6.8634296],[112.3293326,-6.8634446],[112.3293338,-6.8634583],[112.3293423,-6.8634671],[112.3293547,-6.863466],[112.3293701,-6.8634496],[112.3293784,-6.8634303],[112.3293858,-6.8634111],[112.3293923,-6.8633978],[112.3294029,-6.8633861],[112.3294149,-6.8633773],[112.3294296,-6.8633693],[112.3294427,-6.8633628],[112.3294518,-6.8633559],[112.3294561,-6.8633458],[112.3294555,-6.8633321],[112.3294507,-6.8633152],[112.3294452,-6.8632979],[112.3294458,-6.8632855],[112.329454,-6.8632807],[112.3294712,-6.8632843],[112.3294899,-6.8632927],[112.3295085,-6.8633041],[112.329525,-6.8633188],[112.329539,-6.8633373],[112.3295474,-6.863359],[112.3295507,-6.8633841],[112.3295513,-6.8634083],[112.329553,-6.8634316],[112.3295591,-6.863443],[112.3295694,-6.8634447],[112.3295807,-6.8634377],[112.3295924,-6.8634282],[112.3296065,-6.8634204],[112.3296226,-6.8634164],[112.3296408,-6.8634175],[112.3296569,-6.8634251],[112.3296715,-6.863438],[112.3296893,-6.8634553],[112.3297129,-6.8634748],[112.3297478,-6.8634954],[112.3297738,-6.863515],[112.3297939,-6.8635352],[112.3298046,-6.8635542],[112.3298101,-6.8635741],[112.3298107,-6.8635936],[112.3298062,-6.8636145],[112.3297965,-6.8636366],[112.3297817,-6.8636615],[112.3297682,-6.8636828],[112.3297526,-6.8637029],[112.3297355,-6.8637188],[112.3297153,-6.8637318],[112.3296952,-6.8637453],[112.3296794,-6.8637622],[112.3296694,-6.8637836],[112.3296656,-6.8638099],[112.3296679,-6.8638339],[112.3296771,-6.8638538],[112.3296921,-6.8638687],[112.329719,-6.863879],[112.3297572,-6.8638842],[112.329806,-6.8638851],[112.3298429,-6.8638876],[112.3298741,-6.8638959],[112.3299018,-6.8639099],[112.3299382,-6.8639299],[112.329967,-6.8639446],[112.3299929,-6.8639557],[112.3300145,-6.8639649],[112.3300322,-6.8639757],[112.3300479,-6.8639886],[112.3300598,-6.8640029],[112.3300701,-6.8640185],[112.3300805,-6.8640336],[112.3300938,-6.8640469],[112.3301143,-6.8640559],[112.3301424,-6.8640638],[112.3301774,-6.8640742],[112.3302072,-6.8640901],[112.3302302,-6.8641116],[112.3302489,-6.8641378],[112.3302631,-6.8641595],[112.3302721,-6.8641762],[112.3302766,-6.8641919],[112.3302796,-6.8642136],[112.3302869,-6.8642406],[112.3303015,-6.8642663],[112.3303411,-6.8642855],[112.3303932,-6.8642794],[112.3304697,-6.8642524],[112.3305204,-6.8642298],[112.3305652,-6.8642096],[112.330592,-6.8641952],[112.3306189,-6.8641799],[112.3306417,-6.864163],[112.3306628,-6.8641386],[112.3306799,-6.8641102],[112.3306998,-6.8640692],[112.330715,-6.8640353],[112.3307275,-6.8640015],[112.3307366,-6.8639698],[112.3307436,-6.8639339],[112.3307498,-6.8638946],[112.3307541,-6.8638531],[112.3307585,-6.8638119],[112.330763,-6.8637735],[112.3307682,-6.8637318],[112.3307736,-6.8636947],[112.3307798,-6.8636598],[112.3307866,-6.8636265],[112.3307936,-6.8635917],[112.3308018,-6.8635557],[112.3308092,-6.8635216],[112.3308167,-6.863482],[112.3308241,-6.8634353],[112.3308331,-6.8633683],[112.3308408,-6.8633189],[112.3308488,-6.8632769],[112.330855,-6.8632445],[112.3308594,-6.8632096],[112.3308634,-6.8631712],[112.330867,-6.8631397],[112.3308714,-6.863111],[112.330877,-6.8630786],[112.3308843,-6.8630391],[112.3308919,-6.8629872],[112.330898,-6.8629494],[112.3309049,-6.8629192],[112.3309122,-6.8628929],[112.3309188,-6.8628629],[112.3309237,-6.8628286],[112.3309278,-6.8627913],[112.3309322,-6.8627522],[112.330937,-6.8627132],[112.3309418,-6.8626715],[112.330948,-6.8626291],[112.3309562,-6.862579],[112.3309635,-6.8625424],[112.3309701,-6.8625085],[112.330976,-6.8624831],[112.3309826,-6.8624552],[112.33099,-6.8624283],[112.3309969,-6.8623965],[112.331006,-6.8623496],[112.3310172,-6.8622871],[112.3310329,-6.8621955],[112.3310436,-6.8621397],[112.3310526,-6.8621002],[112.3310595,-6.8620756],[112.3310653,-6.8620493],[112.3310712,-6.862022],[112.3310782,-6.8619898],[112.331087,-6.861955],[112.3310967,-6.8619088],[112.3311043,-6.8618599],[112.3311063,-6.8618037],[112.3311048,-6.8617648],[112.3311009,-6.861733],[112.3310979,-6.8617072],[112.3310977,-6.8616811],[112.3311012,-6.8616529],[112.3311086,-6.8616247],[112.331119,-6.8615987],[112.3311303,-6.8615797],[112.3311454,-6.8615656],[112.3311649,-6.8615547],[112.3311922,-6.8615438],[112.331222,-6.8615338],[112.3312522,-6.8615258],[112.3312788,-6.8615214],[112.3313056,-6.8615207],[112.3313308,-6.8615233],[112.3313568,-6.8615292],[112.3313867,-6.861536],[112.3314176,-6.8615411],[112.3314539,-6.8615441],[112.3314871,-6.8615467],[112.3315172,-6.8615482],[112.3315422,-6.8615472],[112.3315688,-6.8615452],[112.3315947,-6.8615438],[112.3316256,-6.8615434],[112.3316564,-6.8615438],[112.3316888,-6.8615446],[112.3317156,-6.8615462],[112.3317418,-6.8615498],[112.3317659,-6.8615535],[112.3317958,-6.8615577],[112.3318299,-6.8615604],[112.3318718,-6.8615633],[112.3319148,-6.8615666],[112.331962,-6.8615698],[112.3320101,-6.8615704],[112.3320594,-6.8615668],[112.3321173,-6.8615542],[112.3321619,-6.8615397],[112.3322022,-6.8615197],[112.3322359,-6.8614995],[112.3322751,-6.8614758],[112.3323186,-6.8614506],[112.3323622,-6.8614247],[112.3324036,-6.8613982],[112.3324364,-6.8613755],[112.3324646,-6.8613552],[112.3324946,-6.8613315],[112.3325185,-6.861312],[112.3325432,-6.8612923],[112.3325796,-6.8612724],[112.332636,-6.861252],[112.3327112,-6.8612403],[112.3327801,-6.8612321],[112.3328383,-6.8612259],[112.3328803,-6.8612183],[112.3329244,-6.8612084],[112.3329647,-6.861208],[112.333007,-6.8612073],[112.3330397,-6.8612063],[112.3330682,-6.8612032],[112.3330944,-6.8611984],[112.3331221,-6.8611931],[112.3331507,-6.8611886],[112.3331798,-6.8611886],[112.3332049,-6.8611938],[112.3332265,-6.8612063],[112.3332465,-6.8612175],[112.3332691,-6.8612245],[112.3332932,-6.8612228],[112.3333145,-6.8612159],[112.3333323,-6.8612077],[112.3333506,-6.8611936],[112.3333738,-6.8611767],[112.3334104,-6.8611567],[112.33348,-6.8611589],[112.3335726,-6.8611774],[112.3336781,-6.8612068]]]]}}]}