{"type":"FeatureCollection","name":"batas_administrasi_wgs84","crs":{"type":"name","properties":{"name":"urn:ogc:def:crs:OGC:1.3:CRS84"}},"features":[{"type":"Feature","properties":{"Kabupaten":"Tuban"},"geometry":{"type":"MultiPolygon","coordinates":[[[[112.1706837,-6.8972577],[112.1706976,-6.8973495],[112.1706093,-6.8973633],[112.1708941,-6.8991007],[112.1708962,-6.8991117],[112.1709022,-6.899143],[112.1709205,-6.8992395],[112.1709264,-6.8992705],[112.1710186,-6.899756],[112.1711,-6.9000112],[112.1711584,-6.9001514],[112.1712058,-6.9002653],[112.171251,-6.9003738],[112.1714309,-6.9005683],[112.1715713,-6.9007201],[112.171702,-6.9009216],[112.1718024,-6.9010762],[112.1718062,-6.9010821],[112.1718298,-6.901213],[112.1718692,-6.9014316],[112.1718722,-6.9014544],[112.1718913,-6.9015987],[112.1719136,-6.9017675],[112.1719868,-6.9023207],[112.1720006,-6.9023566],[112.1721392,-6.902717],[112.1721562,-6.9027267],[112.1723562,-6.9028089],[112.1725173,-6.9028752],[112.1727421,-6.9029017],[112.1730031,-6.9029325],[112.1731099,-6.9029322],[112.1735398,-6.902794],[112.1736583,-6.9027123],[112.1741019,-6.9024063],[112.1742479,-6.9023462],[112.1743718,-6.9022952],[112.1747479,-6.9021403],[112.1750429,-6.9021125],[112.1750915,-6.9021161],[112.1752238,-6.9021259],[112.1753516,-6.9021355],[112.1754463,-6.9021691],[112.1757498,-6.902277],[112.1757708,-6.9022844],[112.1759543,-6.9023824],[112.1760866,-6.9024531],[112.1765591,-6.9028729],[112.1768461,-6.9031279],[112.1768755,-6.9031519],[112.1775513,-6.9037034],[112.1775862,-6.90373],[112.1781358,-6.9041493],[112.1787321,-6.9046706],[112.1788723,-6.9049066],[112.1789774,-6.9050834],[112.1790266,-6.9052598],[112.1790536,-6.9053565],[112.1791008,-6.9055258],[112.1791463,-6.9058217],[112.179156,-6.9058849],[112.1792097,-6.9063982],[112.1792707,-6.9069811],[112.1793095,-6.9073459],[112.1793772,-6.9079838],[112.1793785,-6.9079959],[112.1793985,-6.9080627],[112.1795423,-6.9085445],[112.1795539,-6.9085836],[112.179568,-6.9086048],[112.1799318,-6.909152],[112.1801289,-6.9092904],[112.1804077,-6.9095507],[112.1806069,-6.9098992],[112.1807124,-6.9101513],[112.1807411,-6.9102198],[112.1807478,-6.9102358],[112.1807578,-6.9102752],[112.1808203,-6.9105202],[112.1808377,-6.9105885],[112.1808285,-6.9106436],[112.1808042,-6.9107899],[112.1806879,-6.9109428],[112.1801345,-6.9113545],[112.1799313,-6.9115287],[112.1799244,-6.9115388],[112.1797366,-6.9118143],[112.1796842,-6.9120603],[112.179721,-6.9123006],[112.1798066,-6.9124634],[112.1798212,-6.9124911],[112.1798731,-6.9125477],[112.1799531,-6.9126349],[112.1801233,-6.912857],[112.1803457,-6.9131316],[112.1803583,-6.9131472],[112.1803911,-6.9131325],[112.1805532,-6.9130598],[112.1810581,-6.9126698],[112.1813674,-6.912491],[112.1821744,-6.9122003],[112.182541,-6.9120723],[112.1826458,-6.9120581],[112.1829688,-6.9120142],[112.1830338,-6.9120054],[112.1831185,-6.9120272],[112.1832376,-6.9120578],[112.1834153,-6.9122342],[112.1834447,-6.9122634],[112.1835449,-6.9124496],[112.1835793,-6.9126581],[112.1835609,-6.912923],[112.1835187,-6.9130145],[112.1834507,-6.9131617],[112.1833071,-6.9134121],[112.1829407,-6.9137508],[112.182908,-6.9137894],[112.1828547,-6.9138521],[112.1828307,-6.9138804],[112.182825,-6.9139029],[112.1827825,-6.9140698],[112.1830617,-6.9145968],[112.1832094,-6.9147214],[112.1832445,-6.9147511],[112.1832811,-6.9147693],[112.1833961,-6.9148268],[112.1834725,-6.914865],[112.1835433,-6.9148724],[112.1837484,-6.914894],[112.1839213,-6.914877],[112.1839477,-6.9148744],[112.1839608,-6.9148684],[112.1841287,-6.9147911],[112.1841839,-6.9147326],[112.184279,-6.9146318],[112.1844122,-6.9144577],[112.184473,-6.9143638],[112.1847044,-6.9140066],[112.1847162,-6.9139934],[112.1848858,-6.9138043],[112.1848948,-6.9137942],[112.1848985,-6.9137915],[112.1850218,-6.9137028],[112.1851533,-6.9136416],[112.1851777,-6.9136303],[112.1852881,-6.9136745],[112.1856575,-6.9138134],[112.1857403,-6.9137691],[112.1857529,-6.9137623],[112.1857757,-6.913696],[112.1857874,-6.913662],[112.1858245,-6.9135545],[112.18587,-6.913314],[112.1858777,-6.9132738],[112.1858975,-6.9132426],[112.1859152,-6.9132148],[112.1859388,-6.9131775],[112.1861109,-6.9130512],[112.1863989,-6.9128552],[112.1864461,-6.9127476],[112.1864543,-6.9127292],[112.1864378,-6.9124021],[112.1864317,-6.9120279],[112.1864315,-6.9120175],[112.1864375,-6.9120073],[112.1864958,-6.9119071],[112.1865044,-6.9118984],[112.1865619,-6.9118396],[112.1868013,-6.9117853],[112.1870785,-6.9117937],[112.1873843,-6.911803],[112.1880188,-6.9118054],[112.1880257,-6.9118054],[112.1880408,-6.9118106],[112.1881433,-6.9118459],[112.1882334,-6.9119576],[112.1884537,-6.9122309],[112.1885766,-6.9122873],[112.1886251,-6.9123095],[112.1886834,-6.9122803],[112.1893016,-6.9119698],[112.1895005,-6.9119334],[112.1896158,-6.911981],[112.189721,-6.9121141],[112.1897527,-6.9121828],[112.1898056,-6.9122977],[112.1898605,-6.9124168],[112.1898658,-6.9124284],[112.189946,-6.9124865],[112.1901143,-6.9126084],[112.1903289,-6.9127534],[112.1903727,-6.9127831],[112.1904003,-6.9127953],[112.1906585,-6.91291],[112.1910481,-6.9130201],[112.1912669,-6.9130405],[112.1912821,-6.913042],[112.1913219,-6.9130262],[112.191521,-6.912947],[112.1916264,-6.912921],[112.1916878,-6.9129058],[112.1917233,-6.912897],[112.1917903,-6.9129184],[112.1918086,-6.9129243],[112.1919673,-6.9130499],[112.1919733,-6.9130547],[112.1923517,-6.9137157],[112.1923931,-6.913788],[112.192416,-6.9138177],[112.1924651,-6.9138811],[112.1925152,-6.9139459],[112.1925838,-6.9139884],[112.1928075,-6.9141271],[112.1928719,-6.914167],[112.1929421,-6.9141964],[112.1934496,-6.9144089],[112.1937663,-6.9144811],[112.1939185,-6.9144746],[112.1941386,-6.9143425],[112.1941678,-6.914325],[112.1943739,-6.9141584],[112.1944183,-6.9141225],[112.1947499,-6.91407],[112.194838,-6.9139633],[112.1948588,-6.9137991],[112.1948494,-6.9137174],[112.1948247,-6.9135032],[112.1948066,-6.9134499],[112.1947327,-6.9132328],[112.1946833,-6.9129005],[112.1947059,-6.9128462],[112.1947378,-6.9127696],[112.194838,-6.9126903],[112.1948895,-6.9126688],[112.1949627,-6.9126382],[112.195214,-6.9126432],[112.1953018,-6.912645],[112.1955076,-6.912649],[112.1960882,-6.9127817],[112.1971373,-6.9128126],[112.1975715,-6.9128211],[112.1976883,-6.9128234],[112.1979421,-6.9127996],[112.1982107,-6.9127743],[112.19825,-6.9127706],[112.1984814,-6.9128035],[112.1987189,-6.9128394],[112.1987317,-6.9128386],[112.1988194,-6.912833],[112.198835,-6.9128566],[112.1988751,-6.9129172],[112.1989523,-6.913034],[112.1989706,-6.9130617],[112.1989735,-6.9130661],[112.1990171,-6.913132],[112.1990507,-6.9131827],[112.1990829,-6.9132315],[112.1991682,-6.913331],[112.1992234,-6.9133954],[112.1992542,-6.9134395],[112.1994682,-6.9137458],[112.1995306,-6.9138217],[112.1996728,-6.9139946],[112.1998347,-6.9142345],[112.1999015,-6.9143199],[112.2000319,-6.9144865],[112.2000946,-6.9145667],[112.200423,-6.9149851],[112.2004598,-6.915032],[112.2005007,-6.9150829],[112.2005643,-6.9151619],[112.2010581,-6.9158021],[112.201715,-6.9166688],[112.2017699,-6.9167438],[112.2019464,-6.9169853],[112.2020074,-6.9170821],[112.2020716,-6.917184],[112.2020806,-6.9171982],[112.202136,-6.9172512],[112.202216,-6.9173277],[112.2022354,-6.9173467],[112.2022448,-6.917356],[112.2023172,-6.9174029],[112.2025529,-6.9176976],[112.2025982,-6.917758],[112.2027147,-6.9179134],[112.2027336,-6.9179389],[112.2029319,-6.918207],[112.2029718,-6.918261],[112.2029784,-6.9182698],[112.202982,-6.9182748],[112.2029839,-6.9182773],[112.2029865,-6.9182808],[112.2030001,-6.9182992],[112.2030033,-6.9183035],[112.2030174,-6.9184565],[112.2030179,-6.9184623],[112.2030255,-6.9185448],[112.203125,-6.9196252],[112.2031292,-6.9204693],[112.2031326,-6.921133],[112.2031707,-6.9218062],[112.2033691,-6.92282],[112.203376,-6.9229236],[112.2034032,-6.9233284],[112.2034378,-6.9238433],[112.2033996,-6.9246868],[112.2032852,-6.9260515],[112.2032921,-6.9271606],[112.2032928,-6.9272813],[112.203247,-6.9291576],[112.2032089,-6.9301452],[112.2031311,-6.931044],[112.2030792,-6.9316443],[112.2030078,-6.9328127],[112.2029979,-6.9329755],[112.2029945,-6.9330304],[112.2029904,-6.9330977],[112.2029886,-6.9331283],[112.2029886,-6.9331285],[112.2029885,-6.9331309],[112.2029883,-6.9331358],[112.202988,-6.933144],[112.202949,-6.934741],[112.202866,-6.936196],[112.2029314,-6.9381122],[112.2028855,-6.9400848],[112.2026291,-6.9427632],[112.2026286,-6.9428242],[112.2026144,-6.9429072],[112.2026234,-6.9429735],[112.2025903,-6.9431546],[112.2025426,-6.9432599],[112.2024758,-6.9434671],[112.2024364,-6.9436983],[112.2024016,-6.9438663],[112.2023964,-6.9439399],[112.2023678,-6.9441821],[112.2023949,-6.9445074],[112.2023882,-6.9447833],[112.2024033,-6.944946],[112.202454,-6.9455637],[112.2024599,-6.9455831],[112.2024777,-6.945635],[112.2024833,-6.9456514],[112.2024958,-6.9456879],[112.2025234,-6.9457685],[112.2025307,-6.9459224],[112.2025358,-6.9460297],[112.2025268,-6.9464074],[112.2025164,-6.9468452],[112.202516,-6.9469583],[112.2025555,-6.947324],[112.2026126,-6.9478522],[112.2028699,-6.9483886],[112.2029718,-6.9486606],[112.2030276,-6.9488095],[112.2031214,-6.949458],[112.2031796,-6.9497572],[112.2031829,-6.9497663],[112.2032529,-6.949962],[112.2034677,-6.9501702],[112.2035969,-6.9502954],[112.2037215,-6.9504268],[112.2038184,-6.9506862],[112.2038404,-6.9507596],[112.2038514,-6.9509589],[112.2038535,-6.9509985],[112.2039724,-6.9512033],[112.2039606,-6.9512397],[112.2038718,-6.9515131],[112.2038877,-6.9516837],[112.2039024,-6.9518409],[112.2039417,-6.9520571],[112.2040415,-6.9526061],[112.2040786,-6.9528172],[112.2040999,-6.9529384],[112.2041377,-6.953153],[112.2041561,-6.9534114],[112.2042004,-6.9540347],[112.2042073,-6.9543516],[112.2041905,-6.9544437],[112.2041392,-6.954725],[112.2040881,-6.9550306],[112.2040617,-6.9551886],[112.204,-6.9554649],[112.2039533,-6.9555919],[112.2039129,-6.9557018],[112.2039117,-6.9557142],[112.2038992,-6.9558487],[112.2038876,-6.9559731],[112.2038743,-6.956115],[112.2038614,-6.956253],[112.2038516,-6.9563579],[112.203856,-6.9563975],[112.2038715,-6.9565381],[112.2038894,-6.9567008],[112.2039055,-6.9568471],[112.2039068,-6.9568584],[112.2039077,-6.9568718],[112.2039151,-6.9569759],[112.2039246,-6.9571109],[112.203929,-6.957174],[112.2039296,-6.9571816],[112.2039299,-6.957187],[112.2039304,-6.9571928],[112.2039395,-6.9573219],[112.2039438,-6.9573835],[112.2039538,-6.9574738],[112.2039695,-6.9576145],[112.2039851,-6.9577543],[112.204003,-6.9579153],[112.2040195,-6.9580636],[112.2040268,-6.9581293],[112.2040301,-6.9581902],[112.2040376,-6.9583295],[112.2040435,-6.9584407],[112.2040487,-6.958536],[112.2040503,-6.9585456],[112.2040504,-6.9585457],[112.204054,-6.9585671],[112.2040579,-6.9585899],[112.2040581,-6.9585907],[112.2040583,-6.9585921],[112.2040583,-6.9585921],[112.2040629,-6.9586184],[112.2040662,-6.9586376],[112.2040668,-6.9586413],[112.2040687,-6.9586522],[112.2040704,-6.9586623],[112.2040716,-6.9586691],[112.2040716,-6.9586692],[112.2040718,-6.9586704],[112.2040733,-6.9586793],[112.204074,-6.9586831],[112.2040742,-6.9586844],[112.2040747,-6.9586875],[112.2040749,-6.9586885],[112.2040764,-6.9586971],[112.2040787,-6.9587103],[112.2040798,-6.9587169],[112.2040827,-6.958734],[112.2040885,-6.9587672],[112.2040941,-6.9587999],[112.2040995,-6.9588316],[112.204105,-6.9588631],[112.2041104,-6.9588945],[112.2041156,-6.958925],[112.2041201,-6.9589512],[112.2041206,-6.9589537],[112.2041209,-6.9589557],[112.2041303,-6.9590105],[112.2041582,-6.9590764],[112.2042173,-6.959216],[112.2042717,-6.9593446],[112.2043329,-6.9594893],[112.2043868,-6.9596167],[112.2044275,-6.9597128],[112.2044356,-6.959732],[112.2044555,-6.959779],[112.2044638,-6.9597984],[112.2045108,-6.9599096],[112.2046147,-6.9601552],[112.2046164,-6.9601591],[112.2046165,-6.9601593],[112.2046181,-6.9601632],[112.2046182,-6.9601634],[112.2046228,-6.9601743],[112.2046282,-6.960187],[112.2046337,-6.9602001],[112.2046371,-6.9602079],[112.2046432,-6.9602223],[112.2046465,-6.9602302],[112.2046543,-6.9602488],[112.2046551,-6.9602506],[112.2046558,-6.9602522],[112.2046563,-6.9602533],[112.2046569,-6.9602547],[112.2046572,-6.9602555],[112.2046574,-6.960256],[112.2046577,-6.9602568],[112.2046581,-6.9602575],[112.2046581,-6.9602576],[112.2046581,-6.9602576],[112.2046581,-6.9602576],[112.2046584,-6.9602584],[112.2046594,-6.9602606],[112.2046603,-6.9602629],[112.2046613,-6.9602652],[112.2046623,-6.9602677],[112.2046633,-6.96027],[112.2046634,-6.9602702],[112.2046654,-6.9602748],[112.2046675,-6.9602798],[112.2046696,-6.9602847],[112.204671,-6.9602881],[112.204671,-6.9602882],[112.2046715,-6.9602893],[112.2046767,-6.9603016],[112.2046812,-6.9603123],[112.2046813,-6.9603125],[112.2046832,-6.9603169],[112.2046854,-6.9603221],[112.2046877,-6.9603275],[112.2046903,-6.9603337],[112.2046925,-6.960339],[112.2046927,-6.9603394],[112.2046944,-6.9603452],[112.204696,-6.9603507],[112.204698,-6.960357],[112.2046997,-6.9603629],[112.2047001,-6.9603642],[112.2047031,-6.9603741],[112.2047048,-6.9603798],[112.2047086,-6.9603924],[112.2047125,-6.9604052],[112.204716,-6.9604169],[112.2047196,-6.9604286],[112.204721,-6.9604334],[112.2047214,-6.9604347],[112.2047222,-6.9604374],[112.2047223,-6.9604375],[112.2047223,-6.9604378],[112.2047232,-6.9604406],[112.2047234,-6.9604414],[112.2047252,-6.9604474],[112.2047277,-6.9604555],[112.2047299,-6.9604629],[112.2047311,-6.9604669],[112.204732,-6.9604698],[112.2047333,-6.9604741],[112.2047345,-6.9604782],[112.2047349,-6.9604794],[112.2047355,-6.9604814],[112.2047366,-6.9604852],[112.2047378,-6.9604891],[112.204739,-6.960493],[112.2047401,-6.9604968],[112.2047414,-6.9605011],[112.2047418,-6.9605023],[112.2047421,-6.9605033],[112.2047426,-6.9605049],[112.2047439,-6.9605093],[112.204745,-6.9605131],[112.2047453,-6.9605139],[112.2047454,-6.9605144],[112.2047457,-6.9605152],[112.2047462,-6.9605169],[112.204747,-6.9605195],[112.2047471,-6.96052],[112.2047475,-6.9605213],[112.2047479,-6.9605226],[112.2047483,-6.9605239],[112.2047487,-6.960525],[112.204749,-6.9605262],[112.2047493,-6.9605272],[112.2047497,-6.9605285],[112.2047501,-6.9605297],[112.2047505,-6.9605311],[112.2047509,-6.9605323],[112.2047513,-6.9605337],[112.2047517,-6.9605351],[112.2047521,-6.9605364],[112.2047522,-6.9605366],[112.2047524,-6.9605373],[112.2047526,-6.960538],[112.2047528,-6.9605388],[112.2047531,-6.9605397],[112.2047533,-6.9605405],[112.2047536,-6.9605414],[112.2047538,-6.960542],[112.2047541,-6.9605431],[112.2047541,-6.9605431],[112.2047557,-6.9605484],[112.2047558,-6.9605485],[112.2047767,-6.960618],[112.2047913,-6.9606663],[112.204798,-6.960694],[112.2048066,-6.9607294],[112.2048079,-6.9607349],[112.204808,-6.9607353],[112.2048092,-6.9607404],[112.2048108,-6.9607466],[112.2048126,-6.9607542],[112.2048147,-6.9607629],[112.2048149,-6.9607636],[112.2048199,-6.9607842],[112.2048262,-6.9608104],[112.2048326,-6.9608366],[112.2048381,-6.9608593],[112.204844,-6.9608836],[112.2048506,-6.960911],[112.2048566,-6.9609357],[112.2048632,-6.960963],[112.2048696,-6.9609891],[112.2048746,-6.9610098],[112.2048813,-6.9610374],[112.2048874,-6.9610628],[112.2048928,-6.9610851],[112.2048998,-6.9611139],[112.204906,-6.9611392],[112.2049118,-6.9611635],[112.2049182,-6.9611896],[112.204923,-6.9612094],[112.2049285,-6.9612324],[112.204935,-6.961259],[112.2049405,-6.9612816],[112.2049467,-6.9613074],[112.204953,-6.9613331],[112.2049594,-6.9613598],[112.2049658,-6.9613862],[112.2049695,-6.9614012],[112.2049695,-6.9614014],[112.2049696,-6.9614016],[112.2049696,-6.9614018],[112.2049705,-6.9614054],[112.2049708,-6.9614065],[112.2049856,-6.9614679],[112.205013,-6.9615806],[112.2050404,-6.9616938],[112.2050453,-6.9617141],[112.2050457,-6.9617156],[112.205047,-6.961721],[112.2050471,-6.9617214],[112.2050533,-6.9617469],[112.205054,-6.9617498],[112.2050574,-6.9617729],[112.2050626,-6.9618079],[112.2050628,-6.9618089],[112.2050785,-6.9619148],[112.205081,-6.9619316],[112.2050866,-6.9619693],[112.2050878,-6.9619776],[112.2050891,-6.9619859],[112.2050891,-6.9619865],[112.2050893,-6.9619922],[112.2050894,-6.9619935],[112.205093,-6.9621043],[112.2050957,-6.9621899],[112.2050983,-6.9622697],[112.205102,-6.9623832],[112.2051021,-6.9623859],[112.2051022,-6.9623917],[112.2051028,-6.9624082],[112.2051029,-6.9624118],[112.2051041,-6.9624132],[112.2051042,-6.9624133],[112.2051061,-6.9624154],[112.2051071,-6.9624167],[112.2051073,-6.9624169],[112.2051085,-6.9624183],[112.2051116,-6.9624218],[112.205112,-6.9624222],[112.2051202,-6.9624317],[112.205122,-6.9624337],[112.2051239,-6.9624359],[112.2051261,-6.9624385],[112.2051284,-6.9624411],[112.2051306,-6.9624437],[112.2051323,-6.9624456],[112.2051325,-6.9624458],[112.2051377,-6.9624518],[112.2051422,-6.962457],[112.2051478,-6.9624635],[112.2051526,-6.9624689],[112.2051581,-6.9624752],[112.2051647,-6.9624828],[112.2051708,-6.9624898],[112.2051764,-6.9624963],[112.2051773,-6.9624973],[112.2051776,-6.9624977],[112.205178,-6.9624981],[112.2051786,-6.9624988],[112.2051791,-6.9624994],[112.2051792,-6.9624997],[112.2051795,-6.9625005],[112.2051797,-6.9625012],[112.2051799,-6.9625018],[112.2051807,-6.9625039],[112.2051844,-6.9625146],[112.2051892,-6.9625284],[112.2051937,-6.9625414],[112.205196,-6.9625481],[112.2052258,-6.9626336],[112.2052378,-6.962668],[112.2052378,-6.9626681],[112.2052385,-6.9626731],[112.2052386,-6.9626743],[112.2052468,-6.9627353],[112.205248,-6.9627438],[112.2052485,-6.9627481],[112.2052486,-6.9627487],[112.2052487,-6.9627494],[112.2052507,-6.9627641],[112.2052526,-6.9627781],[112.2052544,-6.962792],[112.2052566,-6.962808],[112.2052569,-6.9628106],[112.2052662,-6.9628797],[112.2052776,-6.9629645],[112.2052898,-6.9630554],[112.2053005,-6.9631351],[112.2053119,-6.9632195],[112.2053195,-6.9632763],[112.2053236,-6.9632906],[112.2053476,-6.9633746],[112.2053704,-6.9634541],[112.2053944,-6.963538],[112.2053968,-6.9635463],[112.2055179,-6.9639693],[112.2055411,-6.9640502],[112.2056503,-6.9643607],[112.2056571,-6.9643801],[112.2057699,-6.9648014],[112.2057747,-6.9648356],[112.2057943,-6.964977],[112.2058119,-6.9655358],[112.2057986,-6.96573],[112.2057952,-6.9657798],[112.2057578,-6.9662771],[112.205599,-6.9667888],[112.205537,-6.9669894],[112.2055378,-6.9670404],[112.20554,-6.9671778],[112.2055691,-6.9673547],[112.205585,-6.9674508],[112.2055954,-6.9675142],[112.2055897,-6.9676933],[112.2055895,-6.9676942],[112.2055877,-6.9677013],[112.2057629,-6.968097],[112.2057667,-6.9681056],[112.2057789,-6.9681596],[112.2057978,-6.9682426],[112.2057985,-6.9682446],[112.2058767,-6.968453],[112.2059064,-6.9687413],[112.2059138,-6.9688138],[112.2059226,-6.9689298],[112.2059264,-6.9689807],[112.2061044,-6.9692528],[112.2061539,-6.9693285],[112.2062953,-6.9697114],[112.2063875,-6.9699612],[112.2065072,-6.9704822],[112.2065825,-6.9708099],[112.2066602,-6.9711446],[112.2067492,-6.9713232],[112.2067493,-6.9713234],[112.2071736,-6.971739],[112.2073114,-6.971874],[112.2075171,-6.9720623],[112.2076178,-6.9723437],[112.2076263,-6.9723672],[112.2076264,-6.9723672],[112.2076663,-6.9723756],[112.2076664,-6.9723756],[112.2076667,-6.9723759],[112.2077686,-6.9724663],[112.2080209,-6.9726587],[112.2081419,-6.9727523],[112.2083528,-6.9729154],[112.2084261,-6.9729721],[112.208769,-6.9732972],[112.2091516,-6.9736303],[112.2091905,-6.9736642],[112.2091906,-6.9736643],[112.2092706,-6.9736984],[112.2094146,-6.97376],[112.2095816,-6.9738672],[112.2096544,-6.9739498],[112.2097003,-6.9740019],[112.2097507,-6.974079],[112.2098272,-6.9741961],[112.2100248,-6.9744985],[112.2100624,-6.974585],[112.2100908,-6.9746505],[112.2101999,-6.9747927],[112.2102623,-6.9748741],[112.210329,-6.9749495],[112.2104747,-6.9751144],[112.2105232,-6.9751692],[112.2105258,-6.9752534],[112.2105269,-6.9752903],[112.2105016,-6.9753262],[112.2104594,-6.9753861],[112.2104387,-6.9754452],[112.2104229,-6.9754902],[112.2104395,-6.9755406],[112.2104423,-6.9755491],[112.2104424,-6.9755494],[112.2104585,-6.9755755],[112.2106861,-6.9760036],[112.2106978,-6.9760256],[112.2107618,-6.9761743],[112.2107969,-6.9762558],[112.2108006,-6.9762593],[112.2109416,-6.9763962],[112.2117253,-6.9771421],[112.2120146,-6.9775126],[112.212076,-6.9777116],[112.2120792,-6.977722],[112.2121292,-6.9778434],[112.2122283,-6.9779313],[112.2123674,-6.9780503],[112.2123686,-6.9780518],[112.2125531,-6.9782937],[112.2126852,-6.9785142],[112.2130251,-6.9790812],[112.2130378,-6.9791277],[112.2128967,-6.9791298],[112.2122587,-6.979493],[112.2119985,-6.9796083],[112.2114748,-6.9795729],[112.2111762,-6.9795181],[112.2111718,-6.9795173],[112.2109346,-6.9794442],[112.2099549,-6.9795979],[112.2096094,-6.9796522],[112.2095669,-6.9796666],[112.2098084,-6.9797017],[112.2098156,-6.9797428],[112.2097914,-6.9801123],[112.2098339,-6.980372],[112.2099141,-6.9810064],[112.2099155,-6.981216],[112.209916,-6.9812959],[112.2099177,-6.9815461],[112.2100418,-6.9826586],[112.2100469,-6.9827043],[112.2100499,-6.9827366],[112.2100537,-6.9827785],[112.2100598,-6.9828453],[112.2100671,-6.9829246],[112.2100797,-6.9830621],[112.2100932,-6.9831924],[112.2100995,-6.9832543],[112.210137,-6.9835723],[112.2101501,-6.9835993],[112.2102094,-6.9837214],[112.2103668,-6.9839277],[112.2103735,-6.9839365],[112.2103976,-6.9839722],[112.2105627,-6.984217],[112.2105844,-6.9843055],[112.2106245,-6.984469],[112.2106247,-6.9844703],[112.2106264,-6.984484],[112.210632,-6.984528],[112.210665,-6.984787],[112.210804,-6.9853267],[112.2108771,-6.9856104],[112.2108737,-6.9856209],[112.2102289,-6.9883303],[112.2101524,-6.9886515],[112.2101524,-6.9886515],[112.2101524,-6.9886516],[112.210152,-6.988655],[112.210022,-6.989727],[112.21003,-6.99058],[112.210098,-6.991695],[112.210014,-6.992636],[112.209747,-6.993336],[112.209686,-6.99408],[112.2098225,-6.9946191],[112.2098225,-6.9946191],[112.2098236,-6.9946256],[112.2098243,-6.994626],[112.2098351,-6.9946334],[112.2100624,-6.9947887],[112.2100666,-6.9947916],[112.2100907,-6.9948081],[112.2101888,-6.9949306],[112.2102188,-6.9950017],[112.2102677,-6.9951179],[112.2103289,-6.9953848],[112.2103211,-6.9955409],[112.2102984,-6.9955992],[112.2102627,-6.9956909],[112.2101793,-6.9958394],[112.2100787,-6.9960186],[112.2098404,-6.9963434],[112.209766,-6.996522],[112.2097559,-6.9966814],[112.2097546,-6.9967023],[112.2097838,-6.996906],[112.2098678,-6.997197],[112.2099591,-6.9973166],[112.2100232,-6.9973547],[112.2100863,-6.9973923],[112.2101873,-6.9974267],[112.2103338,-6.9974766],[112.2105701,-6.9974925],[112.2116869,-6.9975705],[112.2120194,-6.9976165],[112.2125648,-6.9976918],[112.2127093,-6.9977635],[112.2128659,-6.997841],[112.2131689,-6.9980462],[112.2131731,-6.998049],[112.2131731,-6.9980491],[112.213173,-6.9980516],[112.2132099,-6.9981021],[112.2137422,-6.9988009],[112.2139802,-6.9992396],[112.2140941,-6.9995577],[112.2140092,-7.0000002],[112.214001,-7.0000299],[112.2138746,-7.0003198],[112.2138261,-7.0003739],[112.2137684,-7.0004383],[112.2136112,-7.0005457],[112.2131315,-7.0008383],[112.2130347,-7.0008973],[112.2128301,-7.0010028],[112.2127543,-7.001024],[112.2125857,-7.001071],[112.2125164,-7.001089],[112.2120171,-7.0012187],[112.211804,-7.0013557],[112.2117169,-7.0014475],[112.2116793,-7.0014873],[112.2116639,-7.0015405],[112.2116366,-7.0016351],[112.211639,-7.0017841],[112.2116392,-7.0017974],[112.2117014,-7.0020041],[112.2117925,-7.002185],[112.2118375,-7.0022745],[112.2120323,-7.0026318],[112.2121287,-7.0028086],[112.2121452,-7.0028438],[112.2122476,-7.0030619],[112.2122667,-7.0031454],[112.212299,-7.0032867],[112.2122706,-7.003391],[112.2122126,-7.0036048],[112.2120821,-7.0038571],[112.2118991,-7.0041041],[112.2118248,-7.0042543],[112.2118224,-7.0044121],[112.2118689,-7.0046955],[112.2118868,-7.0047335],[112.2119576,-7.0048833],[112.2120809,-7.0050498],[112.2122701,-7.0052152],[112.2124233,-7.0052864],[112.2126627,-7.0054045],[112.2127857,-7.0054652],[112.212999,-7.0056365],[112.213098,-7.0057918],[112.2131185,-7.0058685],[112.2131563,-7.0060098],[112.213163,-7.0061725],[112.2131657,-7.0062356],[112.2131513,-7.0069339],[112.2132341,-7.0070898],[112.213398,-7.0072607],[112.2137005,-7.0074911],[112.2139167,-7.007661],[112.213983,-7.0077746],[112.2140167,-7.0079171],[112.2140268,-7.0079595],[112.2141708,-7.0085569],[112.2142327,-7.0088141],[112.2142449,-7.0088492],[112.2143815,-7.0092421],[112.2144582,-7.0093627],[112.2145725,-7.0094441],[112.2143799,-7.0095789],[112.2142583,-7.0097283],[112.2141291,-7.0099902],[112.2140498,-7.0103166],[112.2140104,-7.0105129],[112.2139572,-7.0106258],[112.2139142,-7.0107502],[112.213897,-7.010798],[112.2137528,-7.0112847],[112.213592,-7.01176],[112.2131722,-7.013237],[112.212768,-7.01472],[112.212158,-7.016428],[112.211647,-7.01814],[112.211266,-7.019688],[112.210793,-7.020567],[112.210403,-7.021149],[112.209871,-7.022149],[112.209869,-7.022153],[112.20974,-7.022402],[112.208153,-7.023395],[112.205925,-7.02452],[112.204758,-7.02522],[112.204086,-7.025887],[112.203865,-7.026505],[112.203974,-7.0273023],[112.2039761,-7.0273186],[112.203977,-7.0273392],[112.2039765,-7.0273412],[112.2039612,-7.027414],[112.2039442,-7.0274564],[112.203726,-7.0280016],[112.2035829,-7.0284183],[112.2035353,-7.0285569],[112.2034989,-7.0286414],[112.2034695,-7.0287097],[112.203341,-7.0289349],[112.2033312,-7.0293469],[112.2033296,-7.0294166],[112.2033355,-7.0294309],[112.2033481,-7.0294613],[112.203362,-7.0294949],[112.2033778,-7.0295331],[112.2033805,-7.0295396],[112.2033871,-7.0295556],[112.2034589,-7.029647],[112.2035112,-7.0297135],[112.2035209,-7.0297279],[112.2035321,-7.0297446],[112.2035368,-7.0297516],[112.2035439,-7.0297621],[112.203546,-7.0297653],[112.2035846,-7.0298228],[112.2035883,-7.0298284],[112.2036041,-7.0298519],[112.203618,-7.0298727],[112.2036402,-7.0299058],[112.2036452,-7.0299132],[112.2036527,-7.0299378],[112.2036624,-7.0299697],[112.2036686,-7.0299899],[112.2036805,-7.0300288],[112.2036927,-7.0300687],[112.2037054,-7.0301106],[112.2037088,-7.0301216],[112.20374,-7.0301506],[112.2037881,-7.0301953],[112.2038258,-7.0302302],[112.2038512,-7.0302538],[112.2038654,-7.0302669],[112.2039091,-7.0303076],[112.2039515,-7.0303469],[112.2039558,-7.0303526],[112.2039876,-7.0303958],[112.2040241,-7.0304454],[112.2040586,-7.0304922],[112.2040604,-7.0304969],[112.2040623,-7.0305018],[112.2041344,-7.0306895],[112.2041355,-7.0307553],[112.2041367,-7.030836],[112.2041361,-7.0309773],[112.2041359,-7.0310193],[112.2041353,-7.0311504],[112.2041353,-7.0311525],[112.2041351,-7.0312065],[112.2041341,-7.0312097],[112.2041179,-7.0312674],[112.2040751,-7.0312879],[112.2042232,-7.0314026],[112.204234,-7.0314163],[112.204445,-7.031683],[112.204498,-7.031833],[112.204582,-7.032025],[112.204735,-7.032245],[112.204926,-7.03244],[112.205086,-7.032519],[112.205574,-7.032708],[112.205719,-7.032847],[112.205902,-7.033003],[112.206314,-7.033306],[112.206528,-7.033561],[112.206802,-7.033843],[112.207001,-7.033927],[112.207169,-7.034031],[112.207352,-7.034128],[112.207649,-7.034219],[112.207985,-7.034313],[112.208115,-7.034241],[112.208473,-7.034044],[112.208618,-7.034043],[112.208954,-7.034085],[112.209282,-7.034211],[112.209465,-7.034315],[112.209778,-7.034511],[112.210037,-7.034593],[112.211075,-7.034844],[112.212563,-7.035078],[112.213188,-7.035108],[112.214477,-7.035196],[112.21524,-7.035388],[112.215691,-7.035516],[112.216133,-7.035583],[112.217766,-7.035685],[112.218315,-7.035828],[112.218483,-7.035873],[112.218643,-7.035931],[112.218788,-7.036039],[112.2195841,-7.0366615],[112.2197816,-7.0367462],[112.2202736,-7.0368752],[112.2205668,-7.0369151],[112.2208289,-7.036965],[112.2209561,-7.036995],[112.221054,-7.037018],[112.221916,-7.0372],[112.2221379,-7.0372569],[112.2224645,-7.0373381],[112.222,-7.038486],[112.220879,-7.039276],[112.219864,-7.039672],[112.219284,-7.039819],[112.21928,-7.03982],[112.218063,-7.040127],[112.217194,-7.040551],[112.216515,-7.041142],[112.216095,-7.041734],[112.215759,-7.042943],[112.215706,-7.044095],[112.215797,-7.047523],[112.215858,-7.049238],[112.215752,-7.050334],[112.215653,-7.050961],[112.215652,-7.050962],[112.215393,-7.052554],[112.215256,-7.054719],[112.215286,-7.05484],[112.215286,-7.054841],[112.215401,-7.055252],[112.215996,-7.058932],[112.216286,-7.060253],[112.216682,-7.06101],[112.217415,-7.062385],[112.218124,-7.063873],[112.218506,-7.0648],[112.218512,-7.064811],[112.218521,-7.064827],[112.218803,-7.065923],[112.218918,-7.066821],[112.218811,-7.068676],[112.218201,-7.070786],[112.21772,-7.072108],[112.217279,-7.073349],[112.217278,-7.073352],[112.217247,-7.07343],[112.217026,-7.074105],[112.216942,-7.074527],[112.216606,-7.074837],[112.215904,-7.075063],[112.214943,-7.075178],[112.21373,-7.075013],[112.212067,-7.074371],[112.210533,-7.073985],[112.210529,-7.073983],[112.210411,-7.073954],[112.208321,-7.073678],[112.206749,-7.07371],[112.203651,-7.074477],[112.20089,-7.075987],[112.200888,-7.075988],[112.199776,-7.076595],[112.197304,-7.078652],[112.194687,-7.080429],[112.19252,-7.081756],[112.191231,-7.082799],[112.191032,-7.083023],[112.191031,-7.083024],[112.189835,-7.084381],[112.1894784,-7.0841953],[112.189456,-7.0841803],[112.189449,-7.0841752],[112.189342,-7.0840968],[112.1893231,-7.0840829],[112.1893218,-7.0840715],[112.1893175,-7.0840326],[112.1892992,-7.0838672],[112.1892541,-7.083771],[112.1891966,-7.0836481],[112.1891457,-7.0835928],[112.1891156,-7.0835602],[112.1890624,-7.0835642],[112.1887095,-7.0835908],[112.188513,-7.0836232],[112.1884757,-7.0836294],[112.1883532,-7.0834521],[112.1882267,-7.0832692],[112.1881632,-7.0831984],[112.1881404,-7.0831731],[112.1881137,-7.083172],[112.1878902,-7.0831626],[112.1876447,-7.083158],[112.1876429,-7.083158],[112.1875205,-7.0831413],[112.1873312,-7.0831155],[112.1865918,-7.0832581],[112.1864464,-7.0832861],[112.1847358,-7.0835752],[112.1847353,-7.0835752],[112.1842031,-7.0836032],[112.1839949,-7.0835579],[112.1839151,-7.083506],[112.1838474,-7.0834619],[112.183689,-7.0831674],[112.1835804,-7.0829189],[112.1835588,-7.0826357],[112.1836395,-7.0821135],[112.1836983,-7.0819693],[112.1838286,-7.0816496],[112.184119,-7.0810825],[112.1845988,-7.0799952],[112.1847265,-7.0796391],[112.1847537,-7.0795634],[112.1849315,-7.0787303],[112.1849227,-7.0787279],[112.1849157,-7.0787025],[112.1849083,-7.0786757],[112.1848885,-7.0786032],[112.1848795,-7.0785706],[112.1848806,-7.0785299],[112.1848824,-7.0784608],[112.1848871,-7.0782829],[112.1849652,-7.078049],[112.1849717,-7.0780295],[112.1849829,-7.0779959],[112.1849856,-7.0779903],[112.1850024,-7.077955],[112.1850145,-7.0779295],[112.1850293,-7.0778983],[112.1850494,-7.0778561],[112.1850494,-7.077856],[112.1851148,-7.0777185],[112.1851365,-7.0776128],[112.1851473,-7.0775601],[112.1851711,-7.0774438],[112.1850357,-7.0768104],[112.1849304,-7.0763176],[112.1844893,-7.0756747],[112.1843365,-7.075507],[112.1841245,-7.0752743],[112.1836863,-7.0748654],[112.1835264,-7.0747163],[112.1834925,-7.0746935],[112.1833848,-7.0746212],[112.182533,-7.0744471],[112.1820935,-7.0743984],[112.1819072,-7.0743777],[112.1814655,-7.0743767],[112.1813124,-7.0743763],[112.1812829,-7.0743763],[112.1812579,-7.0743762],[112.1812298,-7.0743761],[112.1812231,-7.0743761],[112.1812171,-7.0743774],[112.181185,-7.0743843],[112.18074,-7.0744801],[112.1806362,-7.07452],[112.1798435,-7.0748244],[112.1793172,-7.0750968],[112.1789478,-7.0753773],[112.1788653,-7.0754619],[112.1786089,-7.0757249],[112.1783367,-7.0761219],[112.1780433,-7.0765497],[112.1779822,-7.0766388],[112.1775753,-7.077324],[112.1771126,-7.0783905],[112.1768641,-7.0789634],[112.1768128,-7.0790992],[112.1766157,-7.0796211],[112.1765024,-7.0799278],[112.1764979,-7.07994],[112.1763149,-7.080247],[112.1760993,-7.0805963],[112.1760844,-7.0806272],[112.1760845,-7.0806299],[112.1760846,-7.0806347],[112.1760165,-7.0809988],[112.1759863,-7.0811726],[112.1758494,-7.0815563],[112.1757424,-7.0818299],[112.1757215,-7.0818788],[112.1755461,-7.0822909],[112.1754522,-7.0825228],[112.1753884,-7.0826806],[112.1752605,-7.0830077],[112.1750821,-7.0834509],[112.1749963,-7.0836822],[112.1748981,-7.0839469],[112.1748297,-7.0842294],[112.1747775,-7.0844786],[112.1747057,-7.0847602],[112.1746372,-7.0850362],[112.17458,-7.085316],[112.1745363,-7.0855178],[112.1745153,-7.0856396],[112.174502,-7.0857424],[112.1744849,-7.0858852],[112.1744713,-7.086012],[112.1744677,-7.0860451],[112.1744601,-7.0861879],[112.174462,-7.0863078],[112.1744811,-7.0864182],[112.1745134,-7.0865591],[112.1745553,-7.0866961],[112.1746219,-7.0869074],[112.1746886,-7.0870578],[112.1747495,-7.0871511],[112.1748713,-7.0873148],[112.1750674,-7.0874766],[112.1752349,-7.087625],[112.1753986,-7.0877583],[112.175587,-7.0878763],[112.1757322,-7.0879631],[112.1759582,-7.0880821],[112.1762271,-7.088182],[112.176477,-7.0882534],[112.1767554,-7.0883462],[112.1769885,-7.0884247],[112.1772193,-7.0884723],[112.1772293,-7.0884729],[112.177476,-7.0884866],[112.1777794,-7.088433],[112.1781685,-7.0883081],[112.178636,-7.0881832],[112.1789572,-7.0880904],[112.1792512,-7.0880055],[112.1793035,-7.0879905],[112.1796283,-7.0879155],[112.1799816,-7.0878584],[112.1803385,-7.087812],[112.1807062,-7.0877727],[112.1811023,-7.0877585],[112.1816175,-7.0877513],[112.1821767,-7.0877751],[112.1827239,-7.0878584],[112.1830927,-7.0879595],[112.1833128,-7.0880844],[112.1835294,-7.0883165],[112.1835627,-7.0883521],[112.1838344,-7.0886825],[112.1838661,-7.088721],[112.1835632,-7.0892262],[112.1833744,-7.0894997],[112.1826818,-7.0905034],[112.1825882,-7.0906391],[112.1822129,-7.091183],[112.1816787,-7.091957],[112.1814446,-7.0923197],[112.1812829,-7.0925704],[112.1811459,-7.0927667],[112.1807981,-7.0932652],[112.1807257,-7.0934338],[112.1805343,-7.0937304],[112.1805135,-7.0937738],[112.179497,-7.095897],[112.1793191,-7.0961837],[112.1790588,-7.0966033],[112.178345,-7.097754],[112.177505,-7.098628],[112.176521,-7.099102],[112.176041,-7.099334],[112.175255,-7.099471],[112.17525,-7.09947],[112.174492,-7.099394],[112.172943,-7.098836],[112.171867,-7.097996],[112.170349,-7.09755],[112.168655,-7.097413],[112.167252,-7.097445],[112.166183,-7.097813],[112.165001,-7.098575],[112.164925,-7.098676],[112.164921,-7.098681],[112.164329,-7.099436],[112.164329,-7.099437],[112.164299,-7.099476],[112.164047,-7.100151],[112.1639088,-7.1019812],[112.163856,-7.102681],[112.163666,-7.105014],[112.163078,-7.106786],[112.162376,-7.107828],[112.160973,-7.109376],[112.159256,-7.110392],[112.157936,-7.110536],[112.156418,-7.110484],[112.1545436,-7.1101185],[112.1545409,-7.1101185],[112.1522003,-7.1094194],[112.1513253,-7.109118],[112.1500051,-7.1086753],[112.1477049,-7.1074927],[112.1475221,-7.1073976],[112.1462306,-7.1067254],[112.1463791,-7.106163],[112.1465669,-7.1058973],[112.1466566,-7.1057967],[112.146768,-7.1057129],[112.1468401,-7.1056597],[112.146934,-7.1055947],[112.1469721,-7.1055684],[112.1470099,-7.1055415],[112.1470532,-7.1055187],[112.1471272,-7.1054918],[112.1471943,-7.1054622],[112.1473014,-7.1053788],[112.1475494,-7.1052332],[112.148,-7.1049727],[112.1481207,-7.1049375],[112.1485166,-7.1048043],[112.1486579,-7.1047549],[112.1492633,-7.1045599],[112.150086,-7.1042795],[112.1503706,-7.1041554],[112.1507085,-7.1040115],[112.1507967,-7.1039696],[112.150854,-7.1039425],[112.1510132,-7.1038311],[112.1511248,-7.103744],[112.1511552,-7.103717],[112.1511856,-7.1036899],[112.1512198,-7.1036386],[112.1513021,-7.1035561],[112.1513402,-7.1035303],[112.1515456,-7.1032388],[112.1516298,-7.1030035],[112.1516881,-7.1028625],[112.1517606,-7.1026823],[112.1517749,-7.1026512],[112.1517932,-7.1026207],[112.1518466,-7.1024957],[112.1518739,-7.1024321],[112.1519239,-7.102086],[112.1518204,-7.1016584],[112.1516983,-7.1014428],[112.1515711,-7.1012031],[112.1514547,-7.1010383],[112.1513904,-7.100925],[112.1512956,-7.1008383],[112.1512049,-7.1007651],[112.1508185,-7.1005642],[112.1507501,-7.1005402],[112.1505985,-7.1005112],[112.1505746,-7.100494],[112.1500852,-7.1004946],[112.1497094,-7.1004898],[112.1493429,-7.1005373],[112.1492207,-7.100551],[112.1488373,-7.1006188],[112.1487508,-7.1006737],[112.1486124,-7.1007119],[112.1485311,-7.1007711],[112.14847,-7.1008244],[112.1483929,-7.100857],[112.1482816,-7.100893],[112.1482442,-7.1009122],[112.1479731,-7.1010398],[112.147727,-7.1011651],[112.1476674,-7.101196],[112.1474738,-7.101283],[112.1474002,-7.1013175],[112.1470777,-7.101469],[112.1469971,-7.1015123],[112.1469453,-7.1015812],[112.1468813,-7.1016575],[112.1467673,-7.1017782],[112.1465935,-7.101946],[112.1463569,-7.1021978],[112.1461883,-7.1023638],[112.1460717,-7.1024794],[112.1458604,-7.1028913],[112.1458183,-7.1029806],[112.1457369,-7.1031498],[112.1456929,-7.1032432],[112.1455918,-7.1035485],[112.1455614,-7.1036461],[112.145532,-7.103745],[112.1454958,-7.1038749],[112.1454875,-7.1039575],[112.1454523,-7.1040756],[112.1454144,-7.1041937],[112.1453653,-7.1043242],[112.145303,-7.104469],[112.145049,-7.1048518],[112.1448628,-7.1052107],[112.1447244,-7.1054306],[112.1442913,-7.1062759],[112.1441932,-7.1062362],[112.1438927,-7.1061144],[112.1436415,-7.1060127],[112.1416855,-7.1047848],[112.1396756,-7.1034873],[112.1394298,-7.1033286],[112.1394189,-7.1033212],[112.1382675,-7.1025404],[112.1381877,-7.1024863],[112.1368314,-7.1012728],[112.135117,-7.0994688],[112.1349183,-7.0992597],[112.1336334,-7.0980177],[112.1326738,-7.0974442],[112.1324627,-7.0973181],[112.1323472,-7.0972885],[112.1312921,-7.0970183],[112.1304069,-7.0969897],[112.1301874,-7.0970336],[112.1293361,-7.0972039],[112.1281797,-7.0979606],[112.1275944,-7.0986458],[112.1272352,-7.0994298],[112.1272305,-7.0994398],[112.1271178,-7.0995276],[112.1270731,-7.0997835],[112.1270376,-7.1018296],[112.1272518,-7.1029687],[112.1273517,-7.1034999],[112.1275944,-7.1049562],[112.1275373,-7.1058271],[112.1272463,-7.1065707],[112.1271518,-7.1068121],[112.126181,-7.1077544],[112.1248818,-7.1083398],[112.123458,-7.1083647],[112.1234416,-7.108365],[112.1232542,-7.1083683],[112.1230956,-7.1082906],[112.1220469,-7.107777],[112.1218551,-7.107683],[112.1208557,-7.1065837],[112.1200277,-7.1054987],[112.1194994,-7.1045707],[112.1190711,-7.1034143],[112.1185162,-7.1018155],[112.1184715,-7.1016868],[112.1179147,-7.1003876],[112.1175578,-7.099017],[112.1175308,-7.0987443],[112.117415,-7.0975751],[112.1175537,-7.0971591],[112.1179147,-7.096076],[112.1185286,-7.0952908],[112.1193852,-7.0949339],[112.1203703,-7.0945912],[112.1213983,-7.0942486],[112.1221692,-7.0937489],[112.1229536,-7.0932259],[112.1230258,-7.0931778],[112.1235878,-7.0926324],[112.1239966,-7.0922356],[112.1245249,-7.0914646],[112.1246769,-7.0908649],[112.1247155,-7.0907129],[112.1247818,-7.090451],[112.1245677,-7.0894373],[112.1237539,-7.0887378],[112.1229116,-7.0883951],[112.1216124,-7.0883808],[112.1203703,-7.0886235],[112.1181582,-7.089202],[112.117124,-7.0893054],[112.1152389,-7.0895339],[112.113825,-7.0890558],[112.112875,-7.0884951],[112.111533,-7.0877669],[112.1110116,-7.0875783],[112.1100339,-7.0872244],[112.1087633,-7.0870246],[112.1075783,-7.0870531],[112.1065361,-7.0872815],[112.1057624,-7.0875414],[112.1052389,-7.0877172],[112.1046231,-7.087924],[112.1035095,-7.0881952],[112.1026243,-7.0884237],[112.1020446,-7.0884444],[112.1014251,-7.0884665],[112.1001401,-7.0884237],[112.0982859,-7.0880754],[112.0958,-7.0873672],[112.0938155,-7.0867676],[112.0927383,-7.0865413],[112.0921166,-7.0864107],[112.0908031,-7.0864535],[112.0889472,-7.0865391],[112.0876051,-7.0864107],[112.0866058,-7.0861251],[112.085635,-7.0855683],[112.0848162,-7.0845096],[112.0848069,-7.0844976],[112.0843643,-7.0834411],[112.0840645,-7.0822847],[112.0840719,-7.0811963],[112.084075,-7.0807471],[112.0840788,-7.080186],[112.0843072,-7.0770451],[112.0842668,-7.0755238],[112.0842644,-7.0754318],[112.0841889,-7.0745906],[112.0840645,-7.0732046],[112.0840074,-7.0712344],[112.0841502,-7.069921],[112.0842501,-7.0687931],[112.0842644,-7.0678366],[112.0840502,-7.0671085],[112.0837929,-7.0667898],[112.0834506,-7.0663661],[112.0834466,-7.0663635],[112.0827653,-7.0659235],[112.0819658,-7.0658236],[112.0814065,-7.0658088],[112.0808808,-7.065795],[112.0798386,-7.0661234],[112.0774544,-7.0673369],[112.0769564,-7.0676252],[112.0755556,-7.0684362],[112.0744277,-7.0691643],[112.0726145,-7.0699924],[112.0706872,-7.0707776],[112.0690596,-7.0713772],[112.065776,-7.0723338],[112.0644649,-7.072574],[112.0641491,-7.0726318],[112.0639057,-7.0726764],[112.0618784,-7.0725907],[112.0598848,-7.0721663],[112.0581236,-7.0720768],[112.056339,-7.0722338],[112.054706,-7.0728015],[112.0540373,-7.0735653],[112.0537407,-7.0739042],[112.0526842,-7.0757316],[112.0519703,-7.0767453],[112.0513136,-7.0772021],[112.0505697,-7.0773615],[112.0505141,-7.0773735],[112.0498679,-7.0772658],[112.0495718,-7.0772164],[112.049015,-7.0769309],[112.0488418,-7.0767711],[112.0487879,-7.0767351],[112.0485209,-7.0765562],[112.0480908,-7.0762681],[112.0476395,-7.0766466],[112.0474487,-7.0768066],[112.0474007,-7.0768469],[112.0473214,-7.0769134],[112.0469247,-7.07736],[112.0465867,-7.0777406],[112.0458517,-7.0784781],[112.0451408,-7.0793533],[112.0449559,-7.0795809],[112.0447627,-7.0797907],[112.0445198,-7.0800545],[112.0439428,-7.0805697],[112.0438465,-7.080624],[112.0435792,-7.0807746],[112.0429292,-7.0811409],[112.0424087,-7.0813874],[112.0420915,-7.0814599],[112.0416784,-7.0815386],[112.0413371,-7.0815394],[112.0413061,-7.0817403],[112.0407804,-7.0816662],[112.0402769,-7.081464],[112.0401516,-7.0813659],[112.0399949,-7.0812432],[112.0397607,-7.0809745],[112.039607,-7.0806505],[112.0394659,-7.080353],[112.0394048,-7.0798087],[112.0395175,-7.079306],[112.0398391,-7.0785395],[112.0401516,-7.0782707],[112.0402426,-7.0781924],[112.0403148,-7.0781303],[112.0405923,-7.0778917],[112.0406969,-7.0778257],[112.0415922,-7.0772613],[112.0416745,-7.0772173],[112.0424989,-7.0767769],[112.0424989,-7.0767769],[112.0424989,-7.0767769],[112.0428309,-7.0767407],[112.0432401,-7.0766598],[112.0438017,-7.0764932],[112.0442633,-7.0762838],[112.0446535,-7.0760506],[112.044901,-7.0756937],[112.0449927,-7.0755054],[112.0450819,-7.0753225],[112.0452579,-7.0749418],[112.0453341,-7.0745278],[112.0453198,-7.0742803],[112.0453293,-7.0739615],[112.0453531,-7.0733238],[112.0453341,-7.0729193],[112.045315,-7.0725623],[112.0452906,-7.0719958],[112.0452932,-7.0719924],[112.0452163,-7.0719343],[112.0442894,-7.0712344],[112.0428222,-7.0705449],[112.0425168,-7.0704892],[112.0416991,-7.0703402],[112.0408806,-7.0704259],[112.0399041,-7.0707686],[112.0396195,-7.0708685],[112.0387153,-7.0713539],[112.0382109,-7.0720201],[112.0376921,-7.0727768],[112.037221,-7.0738904],[112.0365976,-7.0748898],[112.0357886,-7.0763222],[112.0352651,-7.0772026],[112.0347226,-7.0776737],[112.0335852,-7.0784209],[112.0327333,-7.0788492],[112.0318672,-7.0790824],[112.0313247,-7.0790538],[112.0308345,-7.0788778],[112.030767,-7.0788274],[112.0305537,-7.0786684],[112.0303351,-7.0784583],[112.03025,-7.0783765],[112.0300683,-7.078202],[112.0297962,-7.077715],[112.0297067,-7.0775548],[112.0296623,-7.0773227],[112.0295591,-7.0767838],[112.0294877,-7.0756988],[112.0294068,-7.0747613],[112.0293212,-7.0739618],[112.0289643,-7.0726959],[112.0286787,-7.0721296],[112.0282552,-7.0714586],[112.0277886,-7.0709273],[112.0276365,-7.0707543],[112.0269037,-7.0700262],[112.0261422,-7.0693361],[112.0255987,-7.0689153],[112.0251095,-7.0685366],[112.0248148,-7.0684161],[112.0242482,-7.0681845],[112.0233012,-7.0678418],[112.0221209,-7.0676562],[112.0212596,-7.0676134],[112.0204601,-7.0676372],[112.0189107,-7.0678078],[112.017891,-7.0680327],[112.0177856,-7.068056],[112.0170289,-7.0683653],[112.0170011,-7.0683863],[112.0169943,-7.0683914],[112.0166006,-7.0686889],[112.0160105,-7.0693789],[112.0156631,-7.0699072],[112.015506,-7.0704402],[112.0154204,-7.0715292],[112.0154061,-7.0717108],[112.0153579,-7.0726446],[112.0153442,-7.0729101],[112.0153966,-7.0743877],[112.0157249,-7.0756084],[112.0163246,-7.0772573],[112.0167488,-7.0778937],[112.0169778,-7.0782371],[112.017067,-7.0783709],[112.0182234,-7.0799057],[112.019337,-7.0812049],[112.0198652,-7.0819758],[112.0199576,-7.0821737],[112.020265,-7.0828324],[112.0206147,-7.0838889],[112.0206871,-7.0844468],[112.0207646,-7.0850453],[112.0207646,-7.0858805],[112.0206861,-7.0864873],[112.0204077,-7.0873582],[112.0197581,-7.0888287],[112.0189872,-7.0899637],[112.017845,-7.090963],[112.0158177,-7.0922551],[112.0143649,-7.0930033],[112.0129624,-7.0937256],[112.0118702,-7.0941039],[112.0110493,-7.0942039],[112.0106499,-7.094104],[112.0103355,-7.0940254],[112.0096002,-7.093747],[112.0090611,-7.0934979],[112.0085651,-7.0932687],[112.0082939,-7.0930474],[112.0081388,-7.093002],[112.0078799,-7.0929261],[112.0073088,-7.0929618],[112.0067663,-7.0931402],[112.0063023,-7.0934258],[112.0062779,-7.0934711],[112.0061873,-7.0936393],[112.0060524,-7.0938898],[112.0059382,-7.0944394],[112.0059097,-7.0950105],[112.0062809,-7.09581],[112.0071446,-7.0966369],[112.0082296,-7.0971508],[112.0101427,-7.0977861],[112.0113134,-7.098193],[112.0126483,-7.0989426],[112.0133978,-7.0995779],[112.0140046,-7.1001704],[112.0144043,-7.1007486],[112.0145685,-7.1014124],[112.0144258,-7.102162],[112.0140403,-7.102833],[112.0138357,-7.1029993],[112.0135049,-7.1032684],[112.012684,-7.1035611],[112.0122188,-7.1035999],[112.0118274,-7.1036325],[112.0103854,-7.103661],[112.0091933,-7.1037824],[112.0079724,-7.1040559],[112.0070135,-7.1044509],[112.0055171,-7.1053957],[112.0048236,-7.1060531],[112.0047811,-7.1060933],[112.0045636,-7.1062996],[112.0044177,-7.1064379],[112.0039323,-7.107166],[112.0036938,-7.1076922],[112.0034469,-7.1082367],[112.0033613,-7.1086423],[112.0032328,-7.1092504],[112.0032756,-7.1106281],[112.0033825,-7.1111356],[112.0034662,-7.1115334],[112.0034755,-7.1115775],[112.0038538,-7.1124769],[112.0039772,-7.1127117],[112.0043678,-7.1134549],[112.0045414,-7.1140127],[112.0047033,-7.1145328],[112.0051173,-7.1153894],[112.0051844,-7.1154953],[112.0059311,-7.1166743],[112.0076157,-7.1193012],[112.0090791,-7.1212429],[112.0098144,-7.1224207],[112.0105782,-7.1241482],[112.0109494,-7.1251547],[112.0111242,-7.1261338],[112.0111635,-7.1263539],[112.0111607,-7.1265714],[112.0111492,-7.1274675],[112.0111241,-7.1276741],[112.0109636,-7.1289952],[112.0106666,-7.1299392],[112.0105639,-7.1302658],[112.0100928,-7.1308511],[112.0092718,-7.131308],[112.0084438,-7.1315221],[112.0083178,-7.1315211],[112.0075586,-7.131515],[112.006545,-7.1312794],[112.0060044,-7.1310168],[112.0055313,-7.1307869],[112.0050815,-7.1304817],[112.0043107,-7.1299588],[112.0043043,-7.1299531],[112.0041002,-7.1297698],[112.0031899,-7.1289523],[112.002054,-7.1277228],[112.0019764,-7.1276389],[112.0018991,-7.1275678],[112.0008414,-7.1265967],[112.0002561,-7.1260613],[111.9996422,-7.125533],[111.9989712,-7.1249834],[111.9982859,-7.1239983],[111.9978576,-7.1231988],[111.9975506,-7.1222779],[111.9974792,-7.1212928],[111.9975007,-7.1206575],[111.9975868,-7.1203863],[111.9976434,-7.1202078],[111.9979718,-7.1197295],[111.99855,-7.1192013],[111.9991139,-7.1186945],[111.9994994,-7.1181591],[111.9997207,-7.1174096],[111.999735,-7.1165458],[111.9995494,-7.1157392],[111.9991639,-7.1148897],[111.9985357,-7.1142544],[111.9977862,-7.1139546],[111.9967868,-7.113926],[111.9958374,-7.1141259],[111.9950665,-7.1144543],[111.9945906,-7.1149571],[111.9944383,-7.1151181],[111.9939886,-7.1160533],[111.99391,-7.1171883],[111.9940956,-7.1189372],[111.9942486,-7.1200575],[111.9944026,-7.1211858],[111.9945168,-7.1227062],[111.9945097,-7.1234415],[111.9942384,-7.1254474],[111.9940028,-7.1263896],[111.9936602,-7.1277602],[111.9936223,-7.1278504],[111.9933215,-7.1285662],[111.9928322,-7.1297304],[111.9923111,-7.130637],[111.9915564,-7.1321392],[111.9915472,-7.1321575],[111.9915335,-7.132172],[111.9907549,-7.1329926],[111.9896838,-7.1343115],[111.9896127,-7.1343989],[111.9894002,-7.134652],[111.9887133,-7.1354697],[111.987457,-7.1369259],[111.9868716,-7.1378039],[111.9867007,-7.1380651],[111.9858722,-7.1393315],[111.9853654,-7.1407235],[111.9847658,-7.1426009],[111.9844588,-7.1443641],[111.9842875,-7.1460773],[111.983803,-7.1485981],[111.9837593,-7.1488256],[111.9837592,-7.1488261],[111.9836608,-7.1492923],[111.9834595,-7.1502461],[111.9832224,-7.1517027],[111.9830314,-7.1528765],[111.9830202,-7.1529457],[111.9831768,-7.1560266],[111.9835951,-7.157206],[111.9843874,-7.1590477],[111.9846896,-7.1599543],[111.98483,-7.1609323],[111.984692,-7.1620744],[111.9843256,-7.1630119],[111.9842647,-7.163074],[111.9835975,-7.1637543],[111.9828313,-7.1643825],[111.9820417,-7.1647696],[111.9818509,-7.1648631],[111.9808101,-7.1650079],[111.9805851,-7.1650392],[111.9796142,-7.1648251],[111.9788195,-7.1643206],[111.9783246,-7.1636591],[111.9778392,-7.1626265],[111.9776678,-7.1615557],[111.9777535,-7.1605611],[111.9778013,-7.1603021],[111.9779819,-7.1593238],[111.9783484,-7.1581293],[111.9788607,-7.156935],[111.9790955,-7.1563875],[111.9796285,-7.154246],[111.9797618,-7.1534703],[111.9799569,-7.1520093],[111.9800235,-7.1509671],[111.9799945,-7.1505365],[111.9799664,-7.15012],[111.9797237,-7.149073],[111.9793715,-7.1481403],[111.9788195,-7.1469601],[111.9782913,-7.145975],[111.9778812,-7.145393],[111.9777626,-7.1452248],[111.977349,-7.1446377],[111.9766732,-7.1437288],[111.9764565,-7.1435015],[111.9755977,-7.1426009],[111.9751677,-7.1421585],[111.9746079,-7.1415825],[111.9729898,-7.1400501],[111.9718474,-7.139081],[111.9717668,-7.1390127],[111.9717624,-7.139009],[111.9709673,-7.1383512],[111.9700821,-7.1378134],[111.9692779,-7.137566],[111.9684784,-7.1374803],[111.9684125,-7.1374834],[111.96736,-7.1375327],[111.9659799,-7.1375993],[111.9650519,-7.1375802],[111.9643476,-7.1374327],[111.9641225,-7.1373593],[111.9634577,-7.1371424],[111.9623108,-7.1363905],[111.9617493,-7.135829],[111.9604834,-7.1347154],[111.9597267,-7.1341253],[111.9588633,-7.1335705],[111.9584751,-7.133321],[111.9576471,-7.1329213],[111.9564383,-7.1324834],[111.9544824,-7.1319362],[111.9537478,-7.1317774],[111.9535354,-7.1317315],[111.9527216,-7.1318172],[111.9520268,-7.1322407],[111.9518264,-7.1324959],[111.9517258,-7.132624],[111.9514176,-7.1330164],[111.9514023,-7.1330301],[111.9508561,-7.1335161],[111.950404,-7.1341633],[111.9499804,-7.1350628],[111.9497425,-7.1359099],[111.9491952,-7.1374042],[111.9489668,-7.1380371],[111.9488193,-7.1388033],[111.9485575,-7.1399502],[111.9484678,-7.140404],[111.9484005,-7.1407449],[111.9482636,-7.1411339],[111.9480388,-7.1417729],[111.9478389,-7.1421964],[111.947226,-7.1442924],[111.9466121,-7.1464768],[111.9460374,-7.1480266],[111.9458269,-7.1485945],[111.9448941,-7.1510406],[111.9446264,-7.1515713],[111.944416,-7.1519886],[111.9443421,-7.1521351],[111.9441928,-7.1523821],[111.9436663,-7.1532535],[111.9434614,-7.1535586],[111.942567,-7.1548905],[111.9414106,-7.1561707],[111.9407496,-7.1567992],[111.9406349,-7.1569083],[111.9391882,-7.1579505],[111.9387094,-7.1582509],[111.9381412,-7.1586073],[111.937009,-7.1593073],[111.9366326,-7.15954],[111.9364461,-7.1596146],[111.9356332,-7.1599398],[111.9351685,-7.1600388],[111.9348628,-7.160104],[111.9344054,-7.1602015],[111.9337362,-7.1601954],[111.9335107,-7.1601934],[111.9333585,-7.160192],[111.933156,-7.1601262],[111.9326113,-7.1599493],[111.9320117,-7.1595067],[111.9317432,-7.1592228],[111.9314755,-7.1589396],[111.9311027,-7.1585454],[111.9306697,-7.1577411],[111.9304818,-7.1571547],[111.9302747,-7.1565086],[111.9302319,-7.1551523],[111.9302455,-7.154643],[111.9302722,-7.1536495],[111.9302747,-7.153558],[111.9303141,-7.1532104],[111.9304196,-7.1522815],[111.930427,-7.152216],[111.9306316,-7.1508597],[111.9308075,-7.1501733],[111.9311646,-7.1487801],[111.9315203,-7.1476041],[111.9315691,-7.1474428],[111.9318832,-7.1461103],[111.9319118,-7.1450586],[111.9322133,-7.1432851],[111.9322734,-7.1429314],[111.9323292,-7.1423846],[111.9324257,-7.1414371],[111.9324117,-7.140985],[111.9323781,-7.1398999],[111.9323591,-7.1382962],[111.9323583,-7.1380649],[111.9323543,-7.1369637],[111.9321497,-7.136088],[111.9319356,-7.135241],[111.931754,-7.1344716],[111.9316738,-7.1341321],[111.9314501,-7.1336324],[111.9313123,-7.1334933],[111.9312519,-7.1334322],[111.93096,-7.1331375],[111.9304317,-7.1327758],[111.929618,-7.1324713],[111.9291112,-7.1323495],[111.9289398,-7.1323084],[111.9287661,-7.1322666],[111.927229,-7.1319383],[111.9258537,-7.1317432],[111.9238835,-7.1316956],[111.9224939,-7.1318241],[111.9221614,-7.1318693],[111.9215198,-7.1319566],[111.9211112,-7.1320123],[111.9209857,-7.1320293],[111.9206759,-7.1320715],[111.9204286,-7.1321497],[111.9196171,-7.132406],[111.9186724,-7.1327045],[111.9178396,-7.1330756],[111.9171972,-7.1335849],[111.9163548,-7.1344748],[111.9156456,-7.1350545],[111.915321,-7.1353198],[111.9148177,-7.1357311],[111.9135756,-7.1365687],[111.9121289,-7.13753],[111.9111629,-7.1380059],[111.910263,-7.138109],[111.9100826,-7.1381296],[111.9090737,-7.1381249],[111.9089196,-7.1381116],[111.9081885,-7.1380487],[111.9074747,-7.137806],[111.9068975,-7.1376551],[111.905909,-7.1373968],[111.9045194,-7.1370446],[111.9039824,-7.1369061],[111.9028776,-7.136621],[111.9015165,-7.1364212],[111.90111,-7.1364044],[111.9001317,-7.1363641],[111.8992079,-7.1363289],[111.8991943,-7.1357117],[111.8991646,-7.1352477],[111.8991914,-7.1352091],[111.899236,-7.1351912],[111.8993163,-7.1351645],[111.8993341,-7.1351317],[111.8994829,-7.134641],[111.899468,-7.1345696],[111.8994442,-7.1345488],[111.8993698,-7.1345993],[111.8992925,-7.1346142],[111.8992181,-7.1346172],[111.8991349,-7.1345934],[111.8990664,-7.1345369],[111.899001,-7.1344596],[111.8989564,-7.1343822],[111.8989415,-7.1343019],[111.8989475,-7.1342246],[111.8989713,-7.1341413],[111.8990873,-7.1339153],[111.899117,-7.1338528],[111.8988017,-7.1332044],[111.8988315,-7.1331687],[111.898882,-7.13313],[111.8989534,-7.1330854],[111.899007,-7.1330616],[111.8990694,-7.1330705],[111.899123,-7.1331211],[111.8991795,-7.1331746],[111.8992479,-7.1331865],[111.8993222,-7.1331657],[111.8993907,-7.1331181],[111.8994115,-7.1330378],[111.8994323,-7.1329843],[111.8994858,-7.1329486],[111.8995632,-7.1329456],[111.8996375,-7.1329575],[111.8996851,-7.1330021],[111.8997386,-7.1330081],[111.8998071,-7.1329962],[111.8998665,-7.1329694],[111.8999439,-7.1329486],[111.9000093,-7.1329575],[111.9000718,-7.1329754],[111.9001402,-7.1330051],[111.9002235,-7.1330259],[111.9003157,-7.1330259],[111.9007856,-7.1329992],[111.9008808,-7.1329724],[111.9009492,-7.1329486],[111.9009968,-7.1329099],[111.9010355,-7.1328772],[111.9010711,-7.1328237],[111.9011009,-7.1327761],[111.9011336,-7.1327434],[111.9011693,-7.1327255],[111.9012347,-7.1327225],[111.9012972,-7.1327255],[111.9013745,-7.1327166],[111.9014191,-7.1326869],[111.9014429,-7.1326482],[111.9014519,-7.1326006],[111.9014519,-7.1325143],[111.90144,-7.1323775],[111.901434,-7.1323032],[111.9014459,-7.1322377],[111.9014905,-7.1321782],[111.9015619,-7.1321277],[111.9016244,-7.1320325],[111.9016482,-7.131976],[111.9016392,-7.1319076],[111.9016006,-7.1314644],[111.9015768,-7.1312711],[111.9016006,-7.1311729],[111.901597,-7.130976],[111.9015589,-7.1307208],[111.9016154,-7.1304442],[111.901672,-7.130331],[111.90158,-7.130275],[111.9014221,-7.1301706],[111.901306,-7.130112],[111.9012347,-7.1301022],[111.9011931,-7.1300843],[111.90115,-7.130023],[111.901103,-7.129916],[111.900941,-7.129589],[111.900858,-7.129478],[111.9008124,-7.12943],[111.9005744,-7.1290879],[111.900308,-7.128757],[111.9002145,-7.1286537],[111.9000926,-7.1285912],[111.899946,-7.128554],[111.899471,-7.128511],[111.899409,-7.128508],[111.899146,-7.128362],[111.898942,-7.128274],[111.8988553,-7.1282432],[111.8987452,-7.1281807],[111.898444,-7.127997],[111.898052,-7.127759],[111.897844,-7.1275978],[111.8977875,-7.127571],[111.8977399,-7.1275561],[111.8976417,-7.1275472],[111.8975704,-7.1275561],[111.897502,-7.127502],[111.8974792,-7.1274704],[111.8974621,-7.1274639],[111.896868,-7.127409],[111.8967854,-7.1274297],[111.8966312,-7.1274254],[111.8966012,-7.1274147],[111.896601,-7.127378],[111.8965605,-7.1273055],[111.8963142,-7.1271791],[111.896083,-7.1270271],[111.895998,-7.126989],[111.8958881,-7.1269821],[111.8958602,-7.1269735],[111.895853,-7.126939],[111.895829,-7.126869],[111.89571,-7.126837],[111.8957103,-7.1267915],[111.8957082,-7.126753],[111.8956932,-7.1267294],[111.89552,-7.126656],[111.895122,-7.126395],[111.894919,-7.126195],[111.8947938,-7.1261255],[111.8947616,-7.1260998],[111.8946824,-7.1260398],[111.894567,-7.125969],[111.8944121,-7.1258855],[111.893914,-7.125597],[111.893392,-7.12529],[111.893098,-7.125073],[111.8929993,-7.1250051],[111.8926126,-7.1247523],[111.892499,-7.124656],[111.8924847,-7.1246125],[111.8924758,-7.1245471],[111.8924639,-7.1245262],[111.8923063,-7.1243894],[111.8922557,-7.124321],[111.8922319,-7.1242913],[111.89222,-7.1242526],[111.8922051,-7.1242258],[111.891917,-7.124049],[111.8918898,-7.12397],[111.8918125,-7.1238422],[111.8917441,-7.1237499],[111.891705,-7.123721],[111.8916341,-7.1237262],[111.8915032,-7.123747],[111.891182,-7.1236637],[111.891001,-7.123586],[111.8908191,-7.1235536],[111.8906079,-7.1234674],[111.8905336,-7.1234257],[111.89048,-7.1234109],[111.8901558,-7.1234228],[111.8899208,-7.1234257],[111.8895223,-7.1233663],[111.8893736,-7.1233395],[111.8893349,-7.1233216],[111.8892962,-7.1232889],[111.8892665,-7.1232532],[111.8892308,-7.1232086],[111.8891862,-7.1231819],[111.8891237,-7.1231729],[111.8890613,-7.123164],[111.8890047,-7.1231432],[111.8889691,-7.1231194],[111.8889155,-7.1230569],[111.8887341,-7.1228279],[111.8886895,-7.1227714],[111.8886657,-7.1227298],[111.8886508,-7.1226941],[111.8886657,-7.1226465],[111.8887222,-7.122584],[111.8887609,-7.1225364],[111.88878,-7.122446],[111.8886734,-7.1224032],[111.8886199,-7.1224032],[111.8885842,-7.1224032],[111.8883843,-7.1222997],[111.888334,-7.122251],[111.8883236,-7.1221962],[111.8883236,-7.1221569],[111.8883129,-7.1221319],[111.8882665,-7.1221391],[111.8880845,-7.1221319],[111.8879846,-7.1221355],[111.88777,-7.122115],[111.8875277,-7.1220998],[111.8872993,-7.1220427],[111.8868567,-7.1218999],[111.8865604,-7.1217964],[111.886346,-7.121732],[111.8861429,-7.1217679],[111.8859001,-7.1217893],[111.8856503,-7.1218035],[111.8854005,-7.1218143],[111.8853362,-7.1218428],[111.8852898,-7.1218714],[111.885197,-7.1219035],[111.885122,-7.121893],[111.8850685,-7.1219071],[111.8849936,-7.1219178],[111.88494,-7.1219356],[111.8849043,-7.121957],[111.8848615,-7.121982],[111.8847651,-7.1219963],[111.8845224,-7.122032],[111.8842333,-7.1220712],[111.8840263,-7.1221069],[111.883705,-7.12212],[111.8836801,-7.1221676],[111.8836551,-7.1222426],[111.8836587,-7.1223711],[111.8836587,-7.1224817],[111.8836658,-7.1225459],[111.8837015,-7.1227066],[111.883755,-7.122967],[111.8837515,-7.123092],[111.8837658,-7.1231456],[111.8837872,-7.1232241],[111.8838015,-7.1232598],[111.8838193,-7.1233097],[111.8838514,-7.1233561],[111.8838693,-7.123399],[111.8838907,-7.1234989],[111.8839085,-7.1235846],[111.8839085,-7.1236274],[111.8838943,-7.1236631],[111.8838657,-7.1236917],[111.88382,-7.123737],[111.8838193,-7.123788],[111.8838264,-7.1238273],[111.88383,-7.123888],[111.8838336,-7.1239486],[111.8838479,-7.1239915],[111.8838693,-7.1240343],[111.88388,-7.1240878],[111.883905,-7.1241378],[111.8839335,-7.1241806],[111.88398,-7.124292],[111.8840239,-7.1245216],[111.8840644,-7.1245597],[111.8840644,-7.124574],[111.8840644,-7.1246049],[111.8840573,-7.1246572],[111.8840477,-7.1246953],[111.8840311,-7.1247548],[111.8840216,-7.1248286],[111.8840001,-7.1248785],[111.883974,-7.1249166],[111.883924,-7.1249523],[111.883874,-7.1249785],[111.8838383,-7.1249999],[111.8837622,-7.1250237],[111.8837075,-7.1250332],[111.883667,-7.1250261],[111.8836337,-7.125007],[111.8836052,-7.1249808],[111.8835695,-7.1249428],[111.8835195,-7.1249333],[111.8834886,-7.1249428],[111.8834505,-7.1249642],[111.8834148,-7.1249904],[111.8833767,-7.125007],[111.8833339,-7.1250261],[111.8833006,-7.1250498],[111.8832673,-7.1250951],[111.8832221,-7.1251593],[111.8832078,-7.1252275],[111.8832363,-7.1253322],[111.8832792,-7.1254845],[111.8834077,-7.1256701],[111.88346,-7.12577],[111.8834886,-7.1258414],[111.8834886,-7.1259271],[111.88346,-7.1260127],[111.8833981,-7.1260984],[111.8833172,-7.126146],[111.8832125,-7.1262031],[111.8830841,-7.1262792],[111.8829365,-7.1263887],[111.8828604,-7.126441],[111.8827271,-7.1265029],[111.8826558,-7.126579],[111.8825653,-7.126698],[111.8825273,-7.1267694],[111.8824987,-7.1268884],[111.8825035,-7.1270121],[111.8824749,-7.1271644],[111.8824273,-7.1272786],[111.8823464,-7.1274166],[111.8822655,-7.1275737],[111.8821799,-7.1277212],[111.8821323,-7.1278306],[111.8820847,-7.1279639],[111.8820466,-7.1280876],[111.8820419,-7.1282494],[111.8820466,-7.1283779],[111.8820847,-7.1284921],[111.882137,-7.1285683],[111.8822037,-7.1286349],[111.8823036,-7.128711],[111.8825511,-7.1288633],[111.8826415,-7.1289633],[111.8827271,-7.1290632],[111.8828176,-7.1292012],[111.8828842,-7.129344],[111.8828985,-7.1294677],[111.8828985,-7.1295581],[111.8828937,-7.129639],[111.882789,-7.1300388],[111.8826843,-7.1304338],[111.8825891,-7.130567],[111.8825463,-7.1306432],[111.8824939,-7.1306717],[111.8823893,-7.130667],[111.8823369,-7.1306574],[111.8822703,-7.1306099],[111.8822322,-7.1305575],[111.8821608,-7.1304338],[111.8821323,-7.1303719],[111.8821085,-7.1303481],[111.881999,-7.13031],[111.8818515,-7.1303053],[111.8817468,-7.1303243],[111.8816231,-7.1303243],[111.8815326,-7.1303434],[111.8814613,-7.1303529],[111.8814089,-7.1303957],[111.8813946,-7.1304576],[111.8813756,-7.1305242],[111.8813756,-7.1306051],[111.8813613,-7.1306622],[111.8813042,-7.1307098],[111.8812852,-7.1308097],[111.881309,-7.1308859],[111.8813518,-7.1309382],[111.8814375,-7.1309953],[111.8815231,-7.1310477],[111.8815993,-7.1310905],[111.8816802,-7.1311476],[111.8817563,-7.1312095],[111.8817706,-7.1312856],[111.8817563,-7.1313856],[111.881723,-7.1314617],[111.8816516,-7.1315283],[111.8815755,-7.1315616],[111.8814613,-7.131595],[111.8813661,-7.1316045],[111.8812757,-7.131595],[111.8811995,-7.1315759],[111.8811091,-7.1315474],[111.8810282,-7.1315521],[111.8809616,-7.1315616],[111.8809092,-7.131614],[111.8808426,-7.1317234],[111.8807665,-7.1317805],[111.8806332,-7.1318234],[111.8805238,-7.1318329],[111.8804095,-7.1318234],[111.8802906,-7.1318043],[111.8801954,-7.131771],[111.8801002,-7.131733],[111.8800003,-7.1316425],[111.8799479,-7.131495],[111.8798908,-7.1314094],[111.8798385,-7.1313713],[111.879729,-7.1313427],[111.8796338,-7.1313522],[111.8795862,-7.1313665],[111.8795577,-7.1314236],[111.8795339,-7.1315188],[111.8794482,-7.1317805],[111.8794054,-7.1318662],[111.879334,-7.1319899],[111.8792864,-7.1320994],[111.8792579,-7.1321755],[111.8791913,-7.132304],[111.8791151,-7.1324468],[111.8790723,-7.1324849],[111.8789961,-7.1324849],[111.8789486,-7.1324611],[111.878901,-7.1324182],[111.8788439,-7.1323421],[111.8787772,-7.132266],[111.8787058,-7.1321946],[111.8786678,-7.132166],[111.8785631,-7.1321565],[111.8784489,-7.1321851],[111.8782537,-7.1321708],[111.8780539,-7.132128],[111.877873,-7.1320375],[111.8777636,-7.1319852],[111.8776541,-7.131909],[111.8774828,-7.1317805],[111.8773591,-7.1316854],[111.8772829,-7.1316187],[111.8772211,-7.1315236],[111.8771782,-7.1314189],[111.8771306,-7.1313142],[111.8770783,-7.1312238],[111.8770069,-7.1311571],[111.876945,-7.1311191],[111.8768737,-7.1311143],[111.8768166,-7.1311191],[111.8767357,-7.1311429],[111.8766881,-7.1311762],[111.8766548,-7.1312571],[111.87665,-7.1313618],[111.8766881,-7.1315236],[111.8767499,-7.1316996],[111.8770474,-7.132166],[111.8773519,-7.1326324],[111.8779303,-7.1332731],[111.8778162,-7.1332977],[111.8768066,-7.1328042],[111.8765991,-7.1326856],[111.8760119,-7.1323498],[111.8755407,-7.1321594],[111.8750141,-7.1318821],[111.8748512,-7.1317963],[111.8745556,-7.1316407],[111.8742558,-7.1315169],[111.8741036,-7.1313456],[111.8739655,-7.1313171],[111.8734897,-7.1309221],[111.873166,-7.1307032],[111.8726283,-7.1303891],[111.8724237,-7.1303225],[111.8721476,-7.1302987],[111.8718621,-7.1302225],[111.8714671,-7.1301273],[111.8711768,-7.1300464],[111.8709817,-7.1299179],[111.8708056,-7.1297323],[111.8707315,-7.1295316],[111.8706914,-7.129423],[111.870556,-7.1293007],[111.8705439,-7.1292898],[111.8704297,-7.1291946],[111.8703297,-7.1290613],[111.8701822,-7.128771],[111.8699157,-7.1283618],[111.869811,-7.1280524],[111.869654,-7.1279097],[111.8695393,-7.1278287],[111.8694922,-7.1277955],[111.8693541,-7.1275813],[111.8691781,-7.127429],[111.8691563,-7.1273999],[111.8691067,-7.1273339],[111.8689592,-7.1272482],[111.8687117,-7.1271768],[111.8685499,-7.1271007],[111.8678123,-7.1265344],[111.8674458,-7.1263297],[111.8673122,-7.1263018],[111.867127,-7.1262631],[111.86687,-7.1262393],[111.8667177,-7.1262774],[111.866594,-7.1264249],[111.8665939,-7.1265743],[111.8665321,-7.12672],[111.8665226,-7.1268294],[111.8665706,-7.1269143],[111.8666463,-7.1270483],[111.8667424,-7.1271565],[111.8668747,-7.1273053],[111.8669829,-7.1273279],[111.8671936,-7.1273719],[111.8673293,-7.1274034],[111.867522,-7.1274481],[111.8678075,-7.1275385],[111.8681263,-7.1278478],[111.86835,-7.1280905],[111.8685071,-7.1283761],[111.8685642,-7.1286283],[111.8685023,-7.1288995],[111.8683167,-7.1290661],[111.8679265,-7.1291898],[111.8670582,-7.129237],[111.8668747,-7.1292469],[111.8666892,-7.129166],[111.8666588,-7.1291437],[111.8661704,-7.1287853],[111.8661604,-7.1287744],[111.8659968,-7.1285959],[111.865804,-7.1283856],[111.8657053,-7.1282123],[111.8655898,-7.1280096],[111.8653757,-7.1273862],[111.8652805,-7.1271007],[111.8651425,-7.1265534],[111.8650997,-7.1259395],[111.8652567,-7.1256159],[111.8652853,-7.1254731],[111.8652424,-7.1253161],[111.8651949,-7.125021],[111.8650616,-7.1248069],[111.8649141,-7.1245546],[111.8648046,-7.1244024],[111.8647748,-7.1242616],[111.8647713,-7.1242453],[111.8646714,-7.1241406],[111.8645191,-7.1241025],[111.864362,-7.1241882],[111.8642098,-7.1243357],[111.8641764,-7.1245594],[111.8641875,-7.1247102],[111.8642193,-7.1251447],[111.8642098,-7.1257682],[111.8641336,-7.1259871],[111.8639861,-7.126187],[111.8638624,-7.1263773],[111.8638814,-7.1265581],[111.8638338,-7.1267771],[111.8637529,-7.1268627],[111.8637434,-7.1271387],[111.8637243,-7.1275052],[111.8635673,-7.1279858],[111.8635245,-7.1281286],[111.8634959,-7.1282428],[111.8633769,-7.1284284],[111.8631818,-7.128771],[111.8628629,-7.1291179],[111.8628418,-7.1291408],[111.8628044,-7.1291815],[111.8628011,-7.1291851],[111.8624775,-7.1295182],[111.8622253,-7.1296848],[111.8620353,-7.1297],[111.8619873,-7.1297038],[111.8617951,-7.1295986],[111.8617351,-7.1295658],[111.8615495,-7.1294325],[111.8615309,-7.1293839],[111.8615165,-7.1293465],[111.8614401,-7.129147],[111.8613925,-7.1287853],[111.8613639,-7.1282571],[111.8611783,-7.1275861],[111.861145,-7.1275579],[111.8609927,-7.127429],[111.8608214,-7.1271673],[111.8606639,-7.1270561],[111.8605787,-7.126996],[111.8603693,-7.1268675],[111.8600267,-7.1265772],[111.8597031,-7.1258205],[111.8596793,-7.1256111],[111.8597411,-7.1253779],[111.8598837,-7.1252397],[111.8598982,-7.1252256],[111.8601361,-7.1249496],[111.8603074,-7.1246165],[111.8603741,-7.1243215],[111.8603217,-7.1240835],[111.8601552,-7.1238789],[111.8599553,-7.1237551],[111.8597584,-7.1236916],[111.8594984,-7.1236076],[111.8592176,-7.1234839],[111.8588659,-7.1233666],[111.8588607,-7.1233649],[111.8588518,-7.1233655],[111.8586482,-7.1233788],[111.8585704,-7.1233839],[111.8582325,-7.1234696],[111.8580089,-7.1236267],[111.857976,-7.1236682],[111.8577757,-7.1239217],[111.8576186,-7.1241501],[111.8575187,-7.1244309],[111.8574775,-7.1248066],[111.8574759,-7.1248211],[111.8575139,-7.125297],[111.8574188,-7.1255302],[111.8572712,-7.1257253],[111.8570856,-7.1258443],[111.8569143,-7.1259395],[111.8566526,-7.1259157],[111.8564717,-7.1258158],[111.8563381,-7.1256821],[111.85621,-7.125554],[111.856167,-7.1254907],[111.8560482,-7.1253161],[111.8559102,-7.1248973],[111.8558007,-7.1242786],[111.8556199,-7.1236552],[111.8554343,-7.1231555],[111.8551584,-7.1226579],[111.8549489,-7.1222799],[111.854868,-7.1219515],[111.8547347,-7.1217564],[111.8547114,-7.1215112],[111.8547062,-7.1214566],[111.8547347,-7.1212186],[111.8548299,-7.1209807],[111.8549792,-7.1207816],[111.8550583,-7.1206761],[111.8552344,-7.1203953],[111.8553391,-7.1201955],[111.8553443,-7.1201685],[111.8554676,-7.1195245],[111.8554391,-7.1191723],[111.8554347,-7.1190677],[111.8554316,-7.1189936],[111.8554248,-7.1188297],[111.8554426,-7.1187161],[111.8554771,-7.1184965],[111.8556047,-7.1182895],[111.8556913,-7.1181491],[111.8560863,-7.1178208],[111.8562433,-7.1176637],[111.8563004,-7.1175305],[111.8563263,-7.1172638],[111.8563337,-7.1171878],[111.8563337,-7.116888],[111.8564337,-7.1164645],[111.8564998,-7.1162238],[111.856511,-7.1161832],[111.856605,-7.1158411],[111.8566387,-7.1156684],[111.8566811,-7.1154508],[111.8565717,-7.1151177],[111.8564574,-7.1150734],[111.8563385,-7.1150273],[111.8560672,-7.115132],[111.855915,-7.1152034],[111.8555343,-7.1152633],[111.8554717,-7.1151194],[111.8552551,-7.1149115],[111.8549728,-7.1150007],[111.8545794,-7.1150516],[111.8544209,-7.1150721],[111.8539144,-7.1152034],[111.8534147,-7.114894],[111.8528674,-7.1143943],[111.8520664,-7.1140216],[111.8508766,-7.1134505],[111.8501505,-7.1130544],[111.8493062,-7.1125939],[111.848009,-7.1117481],[111.8473722,-7.1113329],[111.8445948,-7.1095006],[111.8435955,-7.1088819],[111.8432508,-7.1085742],[111.842263,-7.1076922],[111.8405498,-7.1064549],[111.83936,-7.105741],[111.8381703,-7.1047417],[111.8370757,-7.1044085],[111.8362191,-7.1041706],[111.8347439,-7.104123],[111.8339705,-7.1041468],[111.8327808,-7.1039089],[111.8318588,-7.1036709],[111.8312169,-7.1032725],[111.8309962,-7.1031355],[111.8301634,-7.1026299],[111.8291819,-7.1024217],[111.8283193,-7.1020945],[111.8276055,-7.1018566],[111.8264455,-7.1015591],[111.8255829,-7.1011725],[111.8247802,-7.1007265],[111.8242445,-7.1004289],[111.8235604,-7.0998638],[111.8227871,-7.098674],[111.821984,-7.0968894],[111.8213999,-7.0956533],[111.8210382,-7.0947586],[111.8207336,-7.093883],[111.820429,-7.0932358],[111.8201646,-7.0926031],[111.819896,-7.0919604],[111.8196105,-7.091199],[111.8194392,-7.0903424],[111.8191156,-7.0896951],[111.8189633,-7.0892764],[111.8189044,-7.0889624],[111.8188491,-7.0886672],[111.8185445,-7.0880961],[111.8181067,-7.0878487],[111.817726,-7.0876964],[111.8171739,-7.0874299],[111.8165458,-7.0871634],[111.8159937,-7.0870111],[111.8155178,-7.0868588],[111.8149848,-7.0866685],[111.8145089,-7.0864781],[111.814014,-7.0862878],[111.8132145,-7.0860403],[111.8120724,-7.085888],[111.811368,-7.0856215],[111.8107779,-7.0854883],[111.8103021,-7.085336],[111.8096739,-7.0851837],[111.8091409,-7.0850314],[111.8084175,-7.0849172],[111.8078274,-7.084803],[111.8075419,-7.0846888],[111.8068661,-7.0845555],[111.8059714,-7.0843176],[111.805724,-7.0842985],[111.8052195,-7.0841843],[111.8047389,-7.0841486],[111.8041202,-7.0840653],[111.8035967,-7.0839821],[111.8032874,-7.0839226],[111.8029186,-7.0838988],[111.8026212,-7.0838607],[111.8023834,-7.0837931],[111.8020858,-7.0837441],[111.8018359,-7.0837084],[111.8014909,-7.0838631],[111.8010269,-7.0841605],[111.8006938,-7.084339],[111.8004201,-7.0845174],[111.7996706,-7.0849695],[111.7992423,-7.0853146],[111.7989092,-7.085612],[111.7985761,-7.0858856],[111.7981993,-7.0860941],[111.7980169,-7.086195],[111.7977671,-7.0862069],[111.7973625,-7.0862069],[111.7970889,-7.0861831],[111.7968272,-7.0861117],[111.7965535,-7.0859213],[111.7963632,-7.0856834],[111.796149,-7.0854692],[111.7958992,-7.0851123],[111.7955898,-7.0845888],[111.7953519,-7.0841248],[111.7950545,-7.0837679],[111.7946856,-7.0832682],[111.7944239,-7.0830303],[111.7941503,-7.0827209],[111.793829,-7.0824711],[111.7935554,-7.0821856],[111.7933273,-7.0819749],[111.792681,-7.0819268],[111.7921813,-7.0820458],[111.7918243,-7.0821647],[111.7913485,-7.0824027],[111.7908726,-7.0825931],[111.7903967,-7.0827834],[111.7900398,-7.08295],[111.7897304,-7.0829976],[111.7893973,-7.0831165],[111.7890642,-7.0832117],[111.7887802,-7.0833296],[111.7885407,-7.0834972],[111.7882076,-7.0834497],[111.7878031,-7.0833307],[111.7874221,-7.0828075],[111.7871093,-7.0828566],[111.7866363,-7.0830707],[111.78653,-7.0831333],[111.7865295,-7.0831336],[111.7863312,-7.0831932],[111.7859954,-7.0832638],[111.785614,-7.08325],[111.7852859,-7.0831937],[111.784996,-7.0830974],[111.7843475,-7.0829138],[111.7838974,-7.0827865],[111.7835083,-7.0827254],[111.7829666,-7.0827426],[111.782341,-7.0828046],[111.7823366,-7.0828051],[111.7817764,-7.08287],[111.7816543,-7.0828685],[111.7812652,-7.0828652],[111.7806003,-7.0829113],[111.779869,-7.082962],[111.7795639,-7.0829253],[111.7793503,-7.0828151],[111.7791824,-7.0827326],[111.7788315,-7.0826439],[111.7786712,-7.0825481],[111.7784347,-7.0823898],[111.778305,-7.0823254],[111.7779922,-7.0823521],[111.7773056,-7.0823521],[111.7771148,-7.0823731],[111.7768097,-7.0824594],[111.7766495,-7.0824689],[111.776474,-7.0824241],[111.7763137,-7.0823096],[111.7760543,-7.0821194],[111.7759247,-7.0820465],[111.7755966,-7.0820317],[111.7748731,-7.0819803],[111.7742485,-7.0821291],[111.7734901,-7.0827059],[111.7723746,-7.0826942],[111.7716013,-7.0825752],[111.7706971,-7.0825217],[111.7699833,-7.0823551],[111.7692456,-7.0824979],[111.7685318,-7.0833545],[111.7675324,-7.0835924],[111.7666044,-7.0836162],[111.7660096,-7.0838304],[111.7650816,-7.0848773],[111.7645819,-7.0854008],[111.764106,-7.0856864],[111.7636777,-7.0860909],[111.7635587,-7.0868761],[111.7634398,-7.0874709],[111.7630115,-7.0877327],[111.7624642,-7.0878517],[111.7616552,-7.0871616],[111.7610365,-7.0864954],[111.7602989,-7.0855912],[111.7595136,-7.0849249],[111.7587998,-7.0847584],[111.7577291,-7.0847822],[111.75623,-7.0847584],[111.7555979,-7.0847889],[111.7547547,-7.0848297],[111.7533508,-7.0849725],[111.7530692,-7.0849936],[111.7523991,-7.0850439],[111.7517328,-7.0850439],[111.7509952,-7.0848297],[111.749972,-7.0841635],[111.7489726,-7.0833545],[111.7479971,-7.0825693],[111.7470691,-7.0820696],[111.7462125,-7.0815937],[111.7452131,-7.081094],[111.7445706,-7.0805943],[111.7436188,-7.0801184],[111.7425719,-7.0798091],[111.7413584,-7.0794284],[111.7404542,-7.0792142],[111.7398117,-7.0790714],[111.7391718,-7.0788658],[111.7384792,-7.0786431],[111.7371467,-7.0782148],[111.7362425,-7.0778341],[111.7356477,-7.0778817],[111.7353383,-7.0780959],[111.7348624,-7.0786194],[111.7341486,-7.0792142],[111.733292,-7.0800946],[111.7327923,-7.0807371],[111.7313646,-7.081903],[111.7304604,-7.0826644],[111.7298656,-7.0829262],[111.7294373,-7.0830689],[111.7284567,-7.0833364],[111.7278668,-7.0834972],[111.7266533,-7.0839493],[111.726568,-7.0839426],[111.7257491,-7.083878],[111.7253105,-7.0834143],[111.7249163,-7.0829976],[111.72425,-7.0822599],[111.72356,-7.0821172],[111.7228224,-7.0819506],[111.7226269,-7.0818459],[111.7221561,-7.0815937],[111.7210378,-7.0808085],[111.7203001,-7.0803802],[111.7195863,-7.0797139],[111.7194191,-7.0794798],[111.7192294,-7.0792142],[111.7186821,-7.0793808],[111.7185288,-7.0789488],[111.7183728,-7.0783814],[111.7178493,-7.0781435],[111.7170879,-7.07831],[111.7164454,-7.0786194],[111.7159933,-7.0791666],[111.7153271,-7.0801184],[111.7148274,-7.0808085],[111.7145521,-7.080992],[111.7142563,-7.0811892],[111.7133283,-7.0813081],[111.7126621,-7.0811892],[111.711853,-7.0809512],[111.7115035,-7.0806228],[111.711163,-7.080047],[111.7108537,-7.0794046],[111.7104016,-7.0786431],[111.7101794,-7.0782634],[111.7096639,-7.077382],[111.7091643,-7.0767396],[111.7086408,-7.0764778],[111.707808,-7.0762399],[111.7060472,-7.0755736],[111.7051192,-7.0752643],[111.7040484,-7.0751691],[111.7028825,-7.0754547],[111.7022162,-7.0751691],[111.7020973,-7.0745029],[111.7019545,-7.0735987],[111.7017641,-7.0728135],[111.7012644,-7.0721472],[111.7006458,-7.0715048],[111.7001461,-7.0709337],[111.6998073,-7.070689],[111.6995988,-7.0705384],[111.6992895,-7.070315],[111.6989088,-7.0705768],[111.6984329,-7.0708861],[111.6976952,-7.0708623],[111.6965055,-7.070553],[111.6955612,-7.06995],[111.6946257,-7.0691491],[111.6941257,-7.0686483],[111.6941194,-7.0685883],[111.694056,-7.067983],[111.6940031,-7.0674775],[111.6939139,-7.0667637],[111.6935819,-7.0662596],[111.6932298,-7.0656037],[111.6930216,-7.065217],[111.6926944,-7.0648601],[111.6923672,-7.0644735],[111.6917724,-7.0638786],[111.6912965,-7.0634324],[111.6912073,-7.0628376],[111.6912073,-7.062094],[111.6913964,-7.0616823],[111.6917923,-7.0611086],[111.6923185,-7.0604629],[111.6923779,-7.0593921],[111.692368,-7.0583154],[111.6924544,-7.0579699],[111.692606,-7.0573636],[111.6928439,-7.0564118],[111.6928915,-7.0555076],[111.693177,-7.0549842],[111.6940337,-7.0545083],[111.6938433,-7.0541276],[111.6933005,-7.0539815],[111.6923487,-7.0543384],[111.6913374,-7.0546954],[111.6908277,-7.0548283],[111.6907426,-7.054279],[111.6908762,-7.0537709],[111.69104,-7.0531487],[111.690921,-7.0523159],[111.6901477,-7.05184],[111.6894933,-7.051721],[111.6884821,-7.052078],[111.6874113,-7.0524349],[111.6863406,-7.0525538],[111.6849129,-7.0521969],[111.6832473,-7.05184],[111.682117,-7.0514831],[111.6803324,-7.0504123],[111.6796926,-7.0501021],[111.6783694,-7.0494605],[111.6765253,-7.0486872],[111.6750405,-7.0482256],[111.6746979,-7.0470835],[111.6745265,-7.04577],[111.6741839,-7.0439426],[111.6732702,-7.0428004],[111.6724136,-7.0417725],[111.6714999,-7.0408588],[111.6696724,-7.0402877],[111.6692418,-7.0402132],[111.6667029,-7.0397738],[111.6637333,-7.039374],[111.6615632,-7.0392598],[111.6591076,-7.0389743],[111.6583081,-7.0377179],[111.6575657,-7.0369755],[111.6574515,-7.0358334],[111.6573373,-7.0347483],[111.6571254,-7.0333182],[111.6571089,-7.0332064],[111.6568233,-7.0321785],[111.655661,-7.0308068],[111.6553041,-7.0300929],[111.6552446,-7.0291709],[111.6552919,-7.0282267],[111.6553029,-7.0280076],[111.6549103,-7.0264728],[111.6547705,-7.0248934],[111.6549192,-7.0232278],[111.6550646,-7.0222099],[111.6551274,-7.0217704],[111.6552761,-7.0208186],[111.655305,-7.0197796],[111.6553058,-7.0197479],[111.6554248,-7.017993],[111.6557223,-7.0167438],[111.6560792,-7.0158217],[111.6562967,-7.014803],[111.6563873,-7.0143786],[111.6562981,-7.0134863],[111.6552571,-7.0125643],[111.654335,-7.0119991],[111.6536472,-7.0114154],[111.6530561,-7.0100658],[111.6528014,-7.0094587],[111.6526694,-7.0091438],[111.6525504,-7.0081028],[111.6525802,-7.0069725],[111.6525439,-7.0066942],[111.6524909,-7.0062884],[111.652253,-7.0052772],[111.6518663,-7.0041469],[111.6515986,-7.0031059],[111.6514759,-7.0023203],[111.6514499,-7.0021541],[111.6524612,-7.0019162],[111.6521935,-7.0010834],[111.6518961,-7.0004588],[111.6513904,-6.9998044],[111.6508848,-6.9996854],[111.6502602,-6.9996854],[111.6498438,-6.9988824],[111.6491894,-6.9981685],[111.6483269,-6.9977224],[111.6483042,-6.9977102],[111.6475536,-6.997306],[111.646691,-6.9969788],[111.6455829,-6.9964705],[111.6447133,-6.9963432],[111.6441164,-6.996281],[111.6437214,-6.9962501],[111.643305,-6.9962203],[111.6427697,-6.9961906],[111.6422938,-6.9961609],[111.641532,-6.9961609],[111.6414907,-6.9961609],[111.6403307,-6.9960716],[111.6389328,-6.9959527],[111.6379473,-6.9956402],[111.6377133,-6.995566],[111.6368805,-6.9949711],[111.6360774,-6.9946142],[111.6353933,-6.9942573],[111.6344713,-6.9938706],[111.633341,-6.9928891],[111.632538,-6.9919373],[111.6318857,-6.9911919],[111.6314672,-6.9911937],[111.631259,-6.9915804],[111.6307236,-6.9921158],[111.630099,-6.9927404],[111.6298611,-6.9922942],[111.6297718,-6.9910748],[111.6295339,-6.9908368],[111.6286416,-6.9913424],[111.6278683,-6.9918183],[111.6272734,-6.9916399],[111.6263811,-6.9909855],[111.6256078,-6.9903312],[111.6250427,-6.989885],[111.6242396,-6.9896471],[111.6240727,-6.9895856],[111.6236745,-6.9894389],[111.6230796,-6.9888143],[111.6226335,-6.9874461],[111.6221478,-6.9863547],[111.6227962,-6.9862565],[111.6228605,-6.9857815],[111.6227068,-6.9841198],[111.6225533,-6.9825229],[111.6225963,-6.9822854],[111.6232327,-6.9816473],[111.6232891,-6.9815908],[111.6232604,-6.9814925],[111.6228483,-6.980081],[111.6224495,-6.9795217],[111.6221418,-6.9790405],[111.6218337,-6.9783186],[111.6215041,-6.9778156],[111.6209991,-6.977466],[111.6202963,-6.9768321],[111.6194839,-6.9762422],[111.6190226,-6.9757175],[111.6187589,-6.9754113],[111.6180702,-6.9744324],[111.6174551,-6.9737765],[111.6169058,-6.9731206],[111.6162689,-6.9725085],[111.615544,-6.9716995],[111.6146878,-6.9711096],[111.613854,-6.9709356],[111.6129643,-6.9709498],[111.6119468,-6.9703252],[111.6113412,-6.9703044],[111.6101679,-6.970218],[111.6097325,-6.9700987],[111.6090738,-6.9696398],[111.6086349,-6.9694653],[111.6082621,-6.9695096],[111.6078889,-6.9693349],[111.6074719,-6.9691603],[111.6067694,-6.9686578],[111.6060229,-6.9681553],[111.6054303,-6.9678277],[111.6048598,-6.9676971],[111.6038286,-6.9675671],[111.6033019,-6.9673489],[111.6029725,-6.9670428],[111.6024453,-6.9664306],[111.6018743,-6.9659498],[111.6013693,-6.9655345],[111.6004695,-6.9651635],[111.5989111,-6.9643775],[111.5978407,-6.963835],[111.5972306,-6.9636564],[111.5966461,-6.9633118],[111.5961478,-6.9626218],[111.5960171,-6.9619313],[111.5955621,-6.9613275],[111.5949775,-6.9608102],[111.5943708,-6.9605779],[111.593939,-6.9605957],[111.5936366,-6.9609414],[111.5932699,-6.9617189],[111.592618,-6.9621123],[111.5909845,-6.9622596],[111.590033,-6.9624119],[111.5877696,-6.9614836],[111.5875011,-6.9614869],[111.5862891,-6.9609273],[111.5850797,-6.9606251],[111.5838508,-6.9601012],[111.5829945,-6.9594675],[111.5821164,-6.9588995],[111.5814352,-6.9578715],[111.5806012,-6.9574785],[111.5791963,-6.9566265],[111.5787445,-6.9565577],[111.57749,-6.9566941],[111.5766382,-6.9561225],[111.5756934,-6.9555955],[111.5753659,-6.9560365],[111.5750156,-6.9565404],[111.5744895,-6.9568475],[111.5740289,-6.9568699],[111.5735682,-6.9568267],[111.5722699,-6.9569361],[111.5719019,-6.956656],[111.5713608,-6.9563545],[111.570863,-6.9561393],[111.5707114,-6.9559236],[111.5702956,-6.955241],[111.5698842,-6.9549177],[111.5673288,-6.9523308],[111.5675663,-6.9519636],[111.5672198,-6.9516186],[111.5675214,-6.9506038],[111.5674554,-6.9496542],[111.5676312,-6.9492926],[111.5676522,-6.9488178],[111.568004,-6.9484663],[111.5679326,-6.9481483],[111.567889,-6.9478031],[111.5679316,-6.9473066],[111.5679526,-6.9467454],[111.5681327,-6.9460583],[111.5682419,-6.9456423],[111.5684828,-6.9453574],[111.568862,-6.9450539],[111.568921,-6.9450066],[111.5690748,-6.9446936],[111.5692909,-6.9444775],[111.5695121,-6.9440209],[111.5699217,-6.9437065],[111.570592,-6.943533],[111.5715856,-6.9424095],[111.5718661,-6.941848],[111.571563,-6.9416541],[111.5716921,-6.9410928],[111.5721242,-6.9407038],[111.571757,-6.9401559],[111.572081,-6.9397454],[111.5720999,-6.9392043],[111.572729,-6.9390755],[111.5728886,-6.938481],[111.5729538,-6.9379775],[111.5733761,-6.9376071],[111.5735231,-6.9371887],[111.5738074,-6.936549],[111.574141,-6.9362944],[111.5746533,-6.9360622],[111.5748859,-6.9355493],[111.5749335,-6.9352417],[111.5746951,-6.9348535],[111.5746294,-6.9341413],[111.5750371,-6.9336009],[111.5751257,-6.933191],[111.5752334,-6.9328456],[111.5752758,-6.9321117],[111.575491,-6.9312697],[111.5756477,-6.9307108],[111.5758443,-6.9298628],[111.5757116,-6.9289873],[111.575799,-6.9286589],[111.5759738,-6.9281114],[111.576039,-6.9276517],[111.5761913,-6.9266446],[111.5760593,-6.9262945],[111.5760589,-6.92601],[111.57619,-6.9255501],[111.5764966,-6.9251557],[111.5767592,-6.9246957],[111.5768905,-6.9243743],[111.5768468,-6.9240291],[111.5765869,-6.9237056],[111.5767805,-6.9228636],[111.5769314,-6.9224534],[111.5770409,-6.9218816],[111.5771284,-6.9211509],[111.5771498,-6.9206912],[111.5769309,-6.9203493],[111.576779,-6.9198963],[111.5770271,-6.9197876],[111.5772747,-6.9184496],[111.5771011,-6.9179534],[111.577187,-6.9174568],[111.5774744,-6.917079],[111.5781322,-6.9169031],[111.5786932,-6.9166092],[111.5790876,-6.9162366],[111.5797892,-6.9160606],[111.5803375,-6.9160162],[111.5809514,-6.9158841],[111.5814776,-6.9156646],[111.5826176,-6.9152911],[111.5839331,-6.9148954],[111.5852925,-6.9145654],[111.585775,-6.914521],[111.5864109,-6.9144108],[111.5870189,-6.9140451],[111.5876027,-6.9139365],[111.5882515,-6.9139573],[111.589181,-6.913546],[111.590046,-6.913437],[111.590714,-6.9134072],[111.5910408,-6.9133926],[111.5915166,-6.9134136],[111.5924464,-6.9132398],[111.5938087,-6.9130223],[111.5943924,-6.9128489],[111.5951062,-6.9129343],[111.595763,-6.9131021],[111.5963691,-6.9135546],[111.597126,-6.9134673],[111.5979257,-6.9130778],[111.5985091,-6.9126454],[111.5989941,-6.9125282],[111.5994982,-6.9122649],[111.6000682,-6.9120672],[111.6006495,-6.9120599],[111.601082,-6.9120162],[111.6015793,-6.9118645],[111.602336,-6.9117125],[111.6025236,-6.9111666],[111.6032123,-6.91047],[111.6035625,-6.9099442],[111.6037812,-6.9093967],[111.6041097,-6.9090679],[111.6046357,-6.9087389],[111.6052494,-6.9083879],[111.6054899,-6.9077966],[111.6052698,-6.9072496],[111.6056423,-6.9068989],[111.6062555,-6.9061758],[111.6068466,-6.9053651],[111.6068239,-6.9047741],[111.6069552,-6.9045332],[111.6075037,-6.9041205],[111.6077226,-6.9037481],[111.6079846,-6.9028503],[111.6080717,-6.9023467],[111.6080267,-6.9014493],[111.6076958,-6.8999612],[111.6074091,-6.8987577],[111.6069906,-6.898444],[111.6065957,-6.898357],[111.605894,-6.8984892],[111.6053237,-6.8984243],[111.6047095,-6.8982937],[111.6043146,-6.8982066],[111.604095,-6.8980099],[111.603897,-6.8975286],[111.6038305,-6.8969377],[111.6038302,-6.896675],[111.6039395,-6.8963903],[111.6042023,-6.8961492],[111.6044654,-6.8960832],[111.6048821,-6.8960608],[111.605233,-6.8960384],[111.60543,-6.8957755],[111.6055174,-6.8954689],[111.6056928,-6.8954468],[111.6062191,-6.8954024],[111.6068331,-6.8952921],[111.6072715,-6.8951165],[111.6075998,-6.8946126],[111.6076014,-6.894068],[111.6075129,-6.8935209],[111.607052,-6.8932588],[111.6070295,-6.892821],[111.6071165,-6.8921861],[111.6071151,-6.8911135],[111.6070486,-6.8905664],[111.6063684,-6.8903483],[111.6060173,-6.8901518],[111.6056001,-6.8897583],[111.606192,-6.8895605],[111.6063018,-6.8896917],[111.6064773,-6.8896915],[111.6067185,-6.8896693],[111.6069159,-6.8896691],[111.6070456,-6.8897059],[111.6070694,-6.8897126],[111.6071793,-6.8898438],[111.6073325,-6.889581],[111.6074454,-6.8882743],[111.6075784,-6.8878893],[111.608292,-6.8878236],[111.6097185,-6.8871743],[111.6098908,-6.8866561],[111.6102583,-6.8854191],[111.6105386,-6.8847496],[111.6108836,-6.8839722],[111.6114013,-6.8828924],[111.6121683,-6.8815876],[111.6115079,-6.881662],[111.6115518,-6.8808458],[111.6117669,-6.879939],[111.6121115,-6.8788378],[111.6124559,-6.877564],[111.612649,-6.8763335],[111.6125181,-6.8754919],[111.613326,-6.8740766],[111.6135404,-6.8735217],[111.6135576,-6.872967],[111.6128208,-6.8714652],[111.6117071,-6.8695523],[111.6111845,-6.8683406],[111.6104853,-6.8681983],[111.6105564,-6.8677331],[111.6108419,-6.8666951],[111.6110738,-6.865836],[111.6112872,-6.8645118],[111.6120069,-6.8642139],[111.612419,-6.864106],[111.6129388,-6.8641053],[111.6134588,-6.8643194],[111.61414,-6.8643722],[111.6149089,-6.8629936],[111.6150873,-6.8623672],[111.6149068,-6.8613656],[111.6145124,-6.8613303],[111.614082,-6.8611519],[111.6137015,-6.8604446],[111.613145,-6.8597834],[111.6133411,-6.8589244],[111.6128385,-6.8583883],[111.6133394,-6.8575647],[111.6131952,-6.8569924],[111.6126029,-6.8563133],[111.6119019,-6.8548313],[111.6118296,-6.8543662],[111.612528,-6.8538465],[111.6127603,-6.8533274],[111.6126159,-6.8525404],[111.6133489,-6.8511082],[111.6136701,-6.8499986],[111.6137789,-6.8490363],[111.6135983,-6.8474125],[111.6133692,-6.8462767],[111.6134142,-6.8458677],[111.6137322,-6.845322],[111.614641,-6.844003],[111.614868,-6.8435483],[111.6148674,-6.8430939],[111.6142285,-6.8418223],[111.6145011,-6.841413],[111.6150913,-6.8401853],[111.6150906,-6.8395946],[111.6149073,-6.8386405],[111.6147691,-6.8374138],[111.6149046,-6.8365502],[111.6149033,-6.8355505],[111.6144924,-6.8346422],[111.614127,-6.8336429],[111.6139896,-6.8330069],[111.6147014,-6.8325711],[111.6191956,-6.8216655],[111.6193157,-6.8217062],[111.6301811,-6.8253923],[111.6355315,-6.8287872],[111.6411665,-6.8277877],[111.6427382,-6.8278612],[111.6438918,-6.8283442],[111.6450611,-6.8286717],[111.6472768,-6.8292139],[111.6489758,-6.8295124],[111.6496116,-6.8282554],[111.6502535,-6.8272502],[111.6509676,-6.8264615],[111.6516335,-6.8263213],[111.6518831,-6.8259882],[111.6527169,-6.8262485],[111.6537056,-6.8265702],[111.6548287,-6.8269624],[111.6554964,-6.8270827],[111.6556362,-6.8269177],[111.6560519,-6.8265571],[111.656436,-6.8263242],[111.6564971,-6.825689],[111.6560515,-6.824471],[111.6562169,-6.8236954],[111.6566319,-6.8228363],[111.6569915,-6.8220327],[111.6576009,-6.8213118],[111.6581376,-6.8214193],[111.6588351,-6.8212064],[111.6591988,-6.8208727],[111.6594107,-6.8205696],[111.659592,-6.8199939],[111.6597127,-6.8195394],[111.659803,-6.8189638],[111.6599236,-6.8183882],[111.6599839,-6.8181458],[111.6602566,-6.8178729],[111.6606507,-6.8176603],[111.6613473,-6.8167205],[111.6619833,-6.8158716],[111.6627706,-6.8147499],[111.663654,-6.8125726],[111.6641988,-6.8116329],[111.6648343,-6.8104206],[111.6653792,-6.8095415],[111.6658631,-6.8084505],[111.6662561,-6.8073899],[111.6666492,-6.8064202],[111.6672317,-6.8052253],[111.6672845,-6.805117],[111.6673442,-6.80439],[111.6675542,-6.8036062],[111.6681281,-6.8017276],[111.6673688,-6.8011532],[111.6662755,-6.800337],[111.6657589,-6.7997925],[111.6656359,-6.7985812],[111.6654815,-6.7966431],[111.6653584,-6.7953409],[111.6651456,-6.795008],[111.6642652,-6.7946458],[111.6641433,-6.7942219],[111.6641687,-6.7936799],[111.6642582,-6.7925592],[111.6640756,-6.7921354],[111.6636805,-6.7916514],[111.6631642,-6.7912886],[111.6624965,-6.7911078],[111.662041,-6.7907753],[111.6617669,-6.7900185],[111.6616444,-6.7892009],[111.6616435,-6.7885346],[111.6615215,-6.7880805],[111.6612781,-6.7875659],[111.6612471,-6.7870814],[111.6613676,-6.7864452],[111.6615186,-6.7859301],[111.6612757,-6.785779],[111.6609417,-6.7855674],[111.6602438,-6.7854775],[111.6594851,-6.7854045],[111.6599536,-6.784115],[111.6599762,-6.7834558],[111.6599393,-6.782666],[111.6599983,-6.7814544],[111.6601186,-6.7806668],[111.6604198,-6.7790915],[111.6607506,-6.7769104],[111.6613876,-6.7768792],[111.6623589,-6.7772413],[111.6632085,-6.777331],[111.6640278,-6.7774208],[111.664422,-6.7772688],[111.6646944,-6.7768444],[111.6646933,-6.7760267],[111.6646617,-6.7751181],[111.6642795,-6.7739407],[111.6641268,-6.7732443],[111.6643083,-6.7728201],[111.6644596,-6.772517],[111.6648234,-6.772365],[111.6651872,-6.7722131],[111.6653991,-6.7718191],[111.665459,-6.7713041],[111.6653672,-6.7706682],[111.6654273,-6.7702744],[111.6655176,-6.7697897],[111.6656687,-6.7693049],[111.6660017,-6.7687896],[111.6663044,-6.7683046],[111.6664252,-6.7679107],[111.6666371,-6.7675469],[111.6669706,-6.767395],[111.667395,-6.7671824],[111.6677587,-6.7669094],[111.6677887,-6.766667],[111.6674546,-6.7663949],[111.6672418,-6.766062],[111.6672719,-6.7659106],[111.6677569,-6.7656373],[111.6679387,-6.7654856],[111.6680596,-6.7651523],[111.6683927,-6.7646975],[111.668877,-6.7639094],[111.6691497,-6.7636667],[111.6694528,-6.763424],[111.6698779,-6.763696],[111.670242,-6.7637258],[111.6708184,-6.7637856],[111.6716984,-6.7639055],[111.6721839,-6.764026],[111.6721847,-6.7645712],[111.6723973,-6.7647526],[111.6727008,-6.7648128],[111.6729733,-6.7644792],[111.6733675,-6.7643272],[111.6734891,-6.7644785],[111.6734896,-6.7648419],[111.6739143,-6.7648414],[111.6743394,-6.7651134],[111.6748553,-6.7652035],[111.6752801,-6.7652938],[111.675432,-6.7654753],[111.675311,-6.7657177],[111.6750686,-6.7659301],[111.6747357,-6.766506],[111.6744331,-6.7670819],[111.674343,-6.7676877],[111.6740711,-6.7685059],[111.673738,-6.7689909],[111.6737387,-6.7694452],[111.6738302,-6.7698085],[111.6738916,-6.7703233],[111.674256,-6.7705954],[111.674529,-6.770595],[111.6748323,-6.770534],[111.675105,-6.7702611],[111.6764382,-6.7691083],[111.6765899,-6.7691081],[111.6768327,-6.7691986],[111.6769276,-6.7695778],[111.6768676,-6.7700928],[111.6768379,-6.7705168],[111.6767174,-6.7711227],[111.6769604,-6.7713647],[111.6774764,-6.7715154],[111.6775679,-6.771909],[111.6772949,-6.7719094],[111.6770522,-6.7719097],[111.6768402,-6.7721826],[111.676446,-6.7723346],[111.6756274,-6.7726689],[111.6754759,-6.7728205],[111.6752943,-6.7731539],[111.6752645,-6.7735174],[111.6752652,-6.7740323],[111.6752656,-6.7742746],[111.6752051,-6.7744564],[111.6749631,-6.774911],[111.6751456,-6.7752439],[111.6755098,-6.7753949],[111.6759042,-6.775364],[111.6759646,-6.7751519],[111.6760247,-6.7747581],[111.6762065,-6.7746367],[111.6763884,-6.7745153],[111.67657,-6.7742425],[111.6765692,-6.773667],[111.6767203,-6.7731822],[111.6768416,-6.7731821],[111.6770844,-6.7732726],[111.6776308,-6.7734838],[111.6780253,-6.7735439],[111.6784193,-6.7732404],[111.6784488,-6.772665],[111.678448,-6.7721198],[111.6781139,-6.7718477],[111.6779011,-6.7714845],[111.6781884,-6.7714961],[111.678431,-6.7714352],[111.678461,-6.7711928],[111.6785211,-6.7708293],[111.6785506,-6.7702235],[111.6786411,-6.7698297],[111.6790962,-6.769829],[111.6795818,-6.7700101],[111.6804618,-6.7701603],[111.6810989,-6.7701897],[111.68207,-6.7703397],[111.6825252,-6.7704905],[111.6828899,-6.770914],[111.6833756,-6.7711254],[111.6836486,-6.771125],[111.6839217,-6.7711852],[111.6844984,-6.7713661],[111.6848016,-6.7712142],[111.6850438,-6.7708504],[111.6850429,-6.770275],[111.6851028,-6.7696692],[111.6854051,-6.7689419],[111.6856164,-6.7681844],[111.6859799,-6.7677901],[111.6864645,-6.767214],[111.6869791,-6.7664561],[111.6874634,-6.7656074],[111.6877055,-6.7652436],[111.6877051,-6.764971],[111.6865241,-6.7639796],[111.686645,-6.7636766],[111.6868574,-6.7636763],[111.6873128,-6.7639179],[111.6873962,-6.7636822],[111.6875298,-6.7633964],[111.6877887,-6.763155],[111.6881367,-6.7626458],[111.6884305,-6.7618331],[111.6883833,-6.760471],[111.6884901,-6.7601317],[111.6886677,-6.7593281],[111.6888096,-6.7585719],[111.688925,-6.7580452],[111.689023,-6.7577594],[111.689139,-6.7576075],[111.6892148,-6.7574339],[111.6894571,-6.7571609],[111.6900321,-6.7570885],[111.6908722,-6.7569713],[111.6911328,-6.7566363],[111.6911056,-6.7563596],[111.6908506,-6.7557658],[111.690801,-6.7554643],[111.6909075,-6.7549643],[111.6912999,-6.7542943],[111.6913937,-6.7541709],[111.6913937,-6.7541709],[111.6914535,-6.7542397],[111.6914788,-6.7542671],[111.6915091,-6.7543001],[111.6915415,-6.7543316],[111.6915703,-6.754364],[111.6916044,-6.7543974],[111.6916395,-6.7544291],[111.6916768,-6.7544622],[111.6917135,-6.7544933],[111.6917573,-6.754528],[111.6917955,-6.7545609],[111.6918313,-6.7545913],[111.6918683,-6.7546204],[111.6918971,-6.7546476],[111.6919284,-6.7546765],[111.6919657,-6.7547048],[111.6920015,-6.754732],[111.6920415,-6.7547641],[111.6920784,-6.754791],[111.6921057,-6.7548309],[111.692146,-6.7548652],[111.6921779,-6.754897],[111.6922076,-6.7549238],[111.6922347,-6.7549508],[111.6922708,-6.7549869],[111.6923073,-6.7550222],[111.6923401,-6.7550571],[111.6923703,-6.7550877],[111.6924063,-6.7551223],[111.6924377,-6.755153],[111.6924687,-6.7551815],[111.6925154,-6.7552136],[111.692556,-6.7552413],[111.6925876,-6.7552756],[111.6926086,-6.755304],[111.6926394,-6.7553334],[111.6926722,-6.7553709],[111.6927051,-6.7554011],[111.692753,-6.7554334],[111.6928041,-6.7554577],[111.6931589,-6.7555958],[111.6934404,-6.7556891],[111.6935693,-6.7557498],[111.6935896,-6.7557613],[111.6936324,-6.7557971],[111.6936625,-6.7558224],[111.6937026,-6.7558566],[111.6937376,-6.7558898],[111.6937689,-6.7559202],[111.6938132,-6.7559632],[111.6938358,-6.7559831],[111.6938722,-6.7560152],[111.6939023,-6.756044],[111.6939276,-6.7560733],[111.6939558,-6.7560986],[111.6939892,-6.7561265],[111.6940237,-6.756151],[111.6940569,-6.7561848],[111.6940886,-6.756207],[111.6941195,-6.7562368],[111.6941522,-6.7562629],[111.6941854,-6.7562946],[111.6942105,-6.7563287],[111.6942429,-6.7563572],[111.6942794,-6.756389],[111.6943109,-6.7564176],[111.6943396,-6.7564414],[111.6943701,-6.7564686],[111.6944011,-6.756496],[111.6944328,-6.7565231],[111.6944704,-6.7565517],[111.694509,-6.7565761],[111.694535,-6.7566038],[111.6945811,-6.7566398],[111.6946104,-6.7566705],[111.6946497,-6.7566995],[111.6946826,-6.7567272],[111.6947197,-6.7567543],[111.6947507,-6.7567772],[111.6947875,-6.7568095],[111.6948186,-6.7568359],[111.6948501,-6.7568591],[111.6948847,-6.7568878],[111.6949437,-6.7569368],[111.694958,-6.7569473],[111.6949865,-6.7569688],[111.6950154,-6.7569935],[111.6950466,-6.7570146],[111.6950829,-6.7570388],[111.6951253,-6.7570672],[111.6951703,-6.7570933],[111.6952164,-6.7571177],[111.6952686,-6.757138],[111.6953137,-6.7571535],[111.6953712,-6.7571529],[111.6955352,-6.7571536],[111.6957018,-6.7571816],[111.6959109,-6.7572804],[111.6961555,-6.7574073],[111.6962963,-6.7574837],[111.6963373,-6.7575181],[111.6963726,-6.7575459],[111.6964042,-6.7575667],[111.6964437,-6.7575917],[111.6964824,-6.7576185],[111.6965118,-6.7576435],[111.6965455,-6.7576671],[111.6965823,-6.7576963],[111.6966179,-6.7577244],[111.696648,-6.7577499],[111.6966808,-6.7577753],[111.6967095,-6.7578009],[111.6967501,-6.7578319],[111.6967923,-6.7578585],[111.6968336,-6.7578802],[111.6968847,-6.7579001],[111.6969296,-6.7579307],[111.6969672,-6.757954],[111.6969987,-6.7579657],[111.6970369,-6.757986],[111.6970712,-6.7580029],[111.6971151,-6.7580129],[111.6971412,-6.7580321],[111.6971734,-6.7580549],[111.6971986,-6.7580785],[111.6972321,-6.7581073],[111.6972622,-6.7581348],[111.6972922,-6.7581587],[111.6973206,-6.7581807],[111.6973535,-6.7582058],[111.6973822,-6.7582325],[111.6974152,-6.7582649],[111.6974433,-6.7582865],[111.6974676,-6.758307],[111.6975075,-6.7583363],[111.6975651,-6.7583657],[111.6976077,-6.758376],[111.6976502,-6.7583755],[111.697689,-6.7583876],[111.697743,-6.7583875],[111.6977846,-6.7583899],[111.6978142,-6.7584011],[111.6978567,-6.758415],[111.6978933,-6.7584318],[111.6979323,-6.7584531],[111.6979674,-6.7584723],[111.6979988,-6.758483],[111.6980421,-6.7584939],[111.6980831,-6.7584939],[111.6981127,-6.758488],[111.6981509,-6.7584871],[111.6981872,-6.7584855],[111.6982247,-6.7584867],[111.698264,-6.7584923],[111.6982974,-6.7584963],[111.6983416,-6.7585051],[111.6983689,-6.7585233],[111.6983959,-6.7585334],[111.6984213,-6.7585497],[111.6984512,-6.7585716],[111.6984756,-6.7585913],[111.6985075,-6.7586081],[111.6985393,-6.7586329],[111.6985659,-6.7586483],[111.6985904,-6.7586663],[111.6986241,-6.7586911],[111.6986582,-6.7587033],[111.6986885,-6.7587191],[111.6987126,-6.7587377],[111.6987348,-6.7587612],[111.6987616,-6.7587818],[111.6987886,-6.7588048],[111.6988146,-6.7588315],[111.6988431,-6.7588537],[111.6988782,-6.7588781],[111.6989125,-6.758901],[111.6989432,-6.7589315],[111.6989807,-6.758954],[111.699013,-6.758976],[111.6990467,-6.7589963],[111.6990794,-6.7590225],[111.6991092,-6.7590413],[111.6991429,-6.7590625],[111.6991772,-6.7590847],[111.6992124,-6.7591092],[111.6992401,-6.7591276],[111.6992758,-6.7591525],[111.6993102,-6.7591773],[111.699339,-6.7591973],[111.6993712,-6.7592183],[111.6994012,-6.7592398],[111.699431,-6.759262],[111.6994676,-6.7592899],[111.6995054,-6.7593159],[111.6995409,-6.7593408],[111.699569,-6.7593635],[111.6996039,-6.7593895],[111.6996389,-6.7594178],[111.6996665,-6.7594459],[111.6996945,-6.759471],[111.6997177,-6.7594889],[111.6997464,-6.7595145],[111.699773,-6.7595419],[111.6997987,-6.7595758],[111.6998264,-6.7596062],[111.6998526,-6.759638],[111.6998827,-6.7596687],[111.699912,-6.7596969],[111.6999367,-6.7597244],[111.6999641,-6.7597494],[111.6999971,-6.7597762],[111.7000312,-6.7598027],[111.7000676,-6.7598272],[111.7001,-6.759849],[111.7001361,-6.7598758],[111.7001663,-6.759904],[111.7002013,-6.7599363],[111.7002407,-6.7599605],[111.7002745,-6.7599871],[111.7003046,-6.7600107],[111.7003357,-6.7600381],[111.7003642,-6.7600638],[111.7003944,-6.7600884],[111.7004291,-6.760118],[111.7004654,-6.7601491],[111.700502,-6.7601823],[111.7005435,-6.7602212],[111.7005766,-6.7602544],[111.7006198,-6.760292],[111.7006529,-6.7603238],[111.7006878,-6.7603533],[111.7007214,-6.7603836],[111.7007555,-6.7604151],[111.7007937,-6.7604473],[111.7008372,-6.7604828],[111.7008734,-6.7605141],[111.7009097,-6.7605448],[111.7009439,-6.7605742],[111.7012189,-6.7607203],[111.7012569,-6.7607605],[111.7012932,-6.7607897],[111.7013312,-6.7608135],[111.70137,-6.760839],[111.7013999,-6.7608585],[111.7014262,-6.7608721],[111.7014561,-6.7608858],[111.7014838,-6.7609075],[111.7015101,-6.7609314],[111.701532,-6.7609541],[111.7015516,-6.7609694],[111.7015757,-6.7609826],[111.7016036,-6.7610002],[111.7016299,-6.7610209],[111.7016541,-6.7610286],[111.7016804,-6.7610403],[111.7017112,-6.7610577],[111.7017467,-6.7610816],[111.7017686,-6.7611032],[111.7018063,-6.7611287],[111.7018407,-6.7611536],[111.701886,-6.7611733],[111.7019234,-6.7611941],[111.7021201,-6.7609939],[111.7021621,-6.761015],[111.7021919,-6.7610375],[111.7022265,-6.761065],[111.7022605,-6.7610886],[111.7022955,-6.7611099],[111.702319,-6.7611326],[111.7023576,-6.7611545],[111.7023975,-6.7611809],[111.7024319,-6.7612055],[111.7024674,-6.7612301],[111.7025068,-6.761261],[111.7025512,-6.7612896],[111.7025959,-6.7613181],[111.7026348,-6.7613476],[111.7026802,-6.7613798],[111.7027173,-6.7614134],[111.702754,-6.761436],[111.7027568,-6.7615107],[111.7027858,-6.7615312],[111.7028238,-6.7615696],[111.7028671,-6.7616088],[111.7029071,-6.7616457],[111.7029503,-6.7616856],[111.7029911,-6.7617213],[111.7030303,-6.7617598],[111.7030749,-6.7617933],[111.7031079,-6.7618214],[111.7031464,-6.7618562],[111.7031804,-6.7618883],[111.7032271,-6.7619228],[111.7032732,-6.7619576],[111.7033089,-6.7619871],[111.7033529,-6.7620247],[111.7033919,-6.7620546],[111.7034321,-6.7620814],[111.703476,-6.7621061],[111.7035226,-6.7621336],[111.7035689,-6.7621644],[111.7036118,-6.7621884],[111.7036572,-6.7622188],[111.7037066,-6.762252],[111.7037505,-6.7622822],[111.7038113,-6.7623167],[111.7038694,-6.7623396],[111.7046456,-6.7627061],[111.7046457,-6.7627061],[111.7049988,-6.7628729],[111.7050426,-6.7629112],[111.7050998,-6.7629479],[111.7051482,-6.7629697],[111.7052037,-6.7630042],[111.7052456,-6.7630305],[111.7052911,-6.7630668],[111.7053335,-6.7630896],[111.7053733,-6.7631238],[111.7054253,-6.7631522],[111.7054678,-6.7631773],[111.705514,-6.763203],[111.705553,-6.7632314],[111.7056012,-6.7632546],[111.7056394,-6.7632755],[111.7056833,-6.7633005],[111.7057198,-6.7633227],[111.705762,-6.7633497],[111.7058048,-6.7633827],[111.7058452,-6.7633996],[111.7058846,-6.7634251],[111.7059214,-6.7634544],[111.7059498,-6.7634804],[111.7059895,-6.7635119],[111.7060381,-6.7635496],[111.7060687,-6.7635769],[111.7060962,-6.7636134],[111.70613,-6.763649],[111.7061684,-6.7636839],[111.706207,-6.7637227],[111.706244,-6.7637524],[111.7062839,-6.7637825],[111.7063248,-6.7638106],[111.7063643,-6.7638383],[111.7064039,-6.7638676],[111.7064516,-6.7639027],[111.7064949,-6.7639256],[111.7065268,-6.7639483],[111.7065612,-6.7639772],[111.7065957,-6.7640085],[111.7066379,-6.7640379],[111.7066793,-6.764072],[111.7067223,-6.7641051],[111.7067642,-6.7641363],[111.7068126,-6.7641703],[111.7068543,-6.7641911],[111.7068967,-6.7642185],[111.7069375,-6.764265],[111.7069737,-6.7642984],[111.7070153,-6.764332],[111.7070559,-6.7643652],[111.7070948,-6.7643996],[111.7071428,-6.7644381],[111.7071842,-6.7644773],[111.7072253,-6.7645163],[111.7072667,-6.7645521],[111.7073034,-6.7645907],[111.7073465,-6.7646281],[111.7073839,-6.7646591],[111.7074267,-6.7646889],[111.7074692,-6.7647216],[111.7075162,-6.7647601],[111.7075594,-6.7647942],[111.707597,-6.7648257],[111.7076398,-6.7648638],[111.7076811,-6.7648999],[111.7077169,-6.7649336],[111.7077589,-6.7649652],[111.7078044,-6.7649967],[111.7078439,-6.7650309],[111.7078919,-6.7650582],[111.7079336,-6.7650868],[111.7079908,-6.765121],[111.70804,-6.765145],[111.7080853,-6.765171],[111.7081349,-6.765204],[111.7081847,-6.7652315],[111.7082323,-6.7652582],[111.7082778,-6.7652833],[111.7083228,-6.7653092],[111.708361,-6.7653297],[111.7084036,-6.7653556],[111.7084473,-6.7653818],[111.7084908,-6.7654085],[111.7085264,-6.7654306],[111.7085724,-6.7654569],[111.7086103,-6.7654828],[111.7086541,-6.7655058],[111.7087023,-6.765535],[111.7087458,-6.7655624],[111.7087812,-6.7655822],[111.708827,-6.7656044],[111.708866,-6.7656262],[111.7089147,-6.7656509],[111.7089658,-6.7656771],[111.7090146,-6.7657029],[111.7090685,-6.7657327],[111.709118,-6.7657577],[111.7091606,-6.7657802],[111.7092199,-6.7658089],[111.7092707,-6.765837],[111.7093111,-6.7658584],[111.7093715,-6.7658865],[111.7094188,-6.765917],[111.7094585,-6.7659379],[111.7095071,-6.7659618],[111.7095532,-6.7659881],[111.7095996,-6.7660139],[111.7096436,-6.7660362],[111.7096934,-6.7660622],[111.7096991,-6.7660629],[111.7097049,-6.7660631],[111.7097107,-6.7660628],[111.7097183,-6.7660619],[111.7097259,-6.7660601],[111.7097333,-6.7660578],[111.7097393,-6.7660553],[111.7097453,-6.7660524],[111.7097511,-6.7660492],[111.7097673,-6.7660399],[111.7097783,-6.7660342],[111.7097839,-6.7660316],[111.7097992,-6.7660252],[111.7098061,-6.7660221],[111.7098128,-6.7660188],[111.7098192,-6.766015],[111.7098256,-6.7660106],[111.7098315,-6.7660057],[111.7098375,-6.7660001],[111.7098694,-6.7659679],[111.7098934,-6.7659451],[111.7099014,-6.7659368],[111.7099059,-6.7659319],[111.7099137,-6.7659229],[111.7099216,-6.7659131],[111.7099254,-6.765908],[111.7099288,-6.7659031],[111.7099319,-6.7658981],[111.7099349,-6.765893],[111.7099378,-6.7658873],[111.7099404,-6.7658816],[111.7099475,-6.7658633],[111.7099492,-6.7658595],[111.7099514,-6.7658556],[111.7099539,-6.765852],[111.7099571,-6.7658488],[111.7099609,-6.7658462],[111.7099655,-6.7658441],[111.7099705,-6.7658427],[111.7099759,-6.7658419],[111.7099814,-6.7658415],[111.709993,-6.7658409],[111.7100159,-6.7658388],[111.7100228,-6.7658384],[111.7100298,-6.7658384],[111.7100368,-6.7658386],[111.7100438,-6.7658392],[111.7100508,-6.7658402],[111.7100582,-6.7658418],[111.7100656,-6.7658439],[111.7100729,-6.7658463],[111.7100801,-6.765849],[111.7100873,-6.7658519],[111.7100944,-6.7658551],[111.7101014,-6.7658585],[111.7101087,-6.7658624],[111.7101158,-6.7658664],[111.7101372,-6.7658788],[111.7101505,-6.7658863],[111.710163,-6.7658929],[111.7101851,-6.7659044],[111.7101929,-6.7659087],[111.7102006,-6.7659132],[111.7102073,-6.7659173],[111.7102203,-6.7659263],[111.7102459,-6.7659448],[111.7102734,-6.7659642],[111.7103011,-6.7659843],[111.7103066,-6.765988],[111.7103122,-6.7659915],[111.7103195,-6.7659956],[111.7103487,-6.7660103],[111.7103616,-6.7660174],[111.7103824,-6.7660295],[111.7103895,-6.7660333],[111.7103965,-6.7660366],[111.7104037,-6.7660397],[111.7104109,-6.7660425],[111.7104183,-6.7660449],[111.7104262,-6.7660471],[111.7104342,-6.7660489],[111.7104423,-6.7660504],[111.7104505,-6.7660517],[111.710458,-6.7660526],[111.7104807,-6.7660548],[111.7104882,-6.7660556],[111.7104957,-6.7660567],[111.7105035,-6.7660583],[111.7105113,-6.7660602],[111.7105189,-6.7660624],[111.7105265,-6.766065],[111.7105339,-6.7660679],[111.7105407,-6.766071],[111.7105473,-6.7660744],[111.7105538,-6.766078],[111.7105602,-6.766082],[111.7105665,-6.7660861],[111.7105725,-6.7660905],[111.710579,-6.7660956],[111.7105853,-6.766101],[111.7105914,-6.7661066],[111.7106033,-6.7661182],[111.7106142,-6.7661294],[111.7106293,-6.7661455],[111.7106399,-6.7661563],[111.7106513,-6.766167],[111.7106572,-6.7661722],[111.7106632,-6.7661771],[111.7106694,-6.7661818],[111.7106757,-6.7661861],[111.7106828,-6.7661903],[111.71069,-6.7661942],[111.7107047,-6.7662017],[111.7107118,-6.7662056],[111.7107188,-6.7662099],[111.7107257,-6.7662148],[111.7107324,-6.7662201],[111.7107388,-6.7662257],[111.7107641,-6.7662491],[111.7107706,-6.7662548],[111.7107772,-6.7662603],[111.7107832,-6.7662647],[111.7107893,-6.766269],[111.7107956,-6.766273],[111.710802,-6.7662768],[111.710809,-6.7662807],[111.7108162,-6.7662842],[111.7108235,-6.7662876],[111.7108309,-6.7662907],[111.7108392,-6.7662938],[111.7108644,-6.7663026],[111.7108726,-6.7663058],[111.7108808,-6.7663092],[111.710888,-6.7663127],[111.7108951,-6.7663165],[111.7109091,-6.7663247],[111.710952,-6.7663512],[111.7109849,-6.7663712],[111.7109981,-6.7663799],[111.7110254,-6.7663989],[111.7110323,-6.7664035],[111.7110502,-6.766415],[111.7110781,-6.7664334],[111.7110851,-6.7664379],[111.7110919,-6.766442],[111.7110988,-6.7664459],[111.7111057,-6.7664496],[111.7111128,-6.7664531],[111.7111267,-6.7664594],[111.711157,-6.766472],[111.711165,-6.7664755],[111.7111729,-6.7664791],[111.7111792,-6.7664823],[111.7111853,-6.7664856],[111.7111913,-6.7664892],[111.711198,-6.7664936],[111.7112045,-6.7664982],[111.7112238,-6.7665127],[111.7112365,-6.7665217],[111.711243,-6.766526],[111.7112496,-6.7665301],[111.7112565,-6.7665342],[111.7112636,-6.7665381],[111.7112779,-6.7665455],[111.711292,-6.7665522],[111.7112992,-6.7665554],[111.7113064,-6.7665584],[111.7113136,-6.7665612],[111.7113214,-6.7665639],[111.7113449,-6.7665718],[111.7113529,-6.7665748],[111.7113607,-6.766578],[111.7113685,-6.7665813],[111.7113762,-6.7665849],[111.7113838,-6.7665887],[111.7113912,-6.7665927],[111.7113985,-6.7665969],[111.7114058,-6.7666013],[111.7114398,-6.7666227],[111.711453,-6.7666307],[111.7114598,-6.7666345],[111.7114729,-6.7666414],[111.7115006,-6.7666554],[111.7115242,-6.7666684],[111.7115577,-6.7666861],[111.7115711,-6.7666929],[111.7115847,-6.7666991],[111.7115985,-6.7667047],[111.7116193,-6.7667124],[111.7116261,-6.7667151],[111.7116336,-6.7667182],[111.7116409,-6.7667216],[111.7116481,-6.7667253],[111.7116552,-6.7667292],[111.7116613,-6.7667329],[111.7116673,-6.7667369],[111.7116799,-6.7667453],[111.7116927,-6.7667545],[111.7116989,-6.7667593],[111.7117048,-6.7667642],[111.71171,-6.7667689],[111.7117147,-6.7667738],[111.7117189,-6.766779],[111.7117229,-6.7667851],[111.7117259,-6.7667916],[111.7117281,-6.7667984],[111.7117292,-6.7668053],[111.7117295,-6.7668123],[111.711729,-6.7668187],[111.7117282,-6.7668251],[111.7117269,-6.7668316],[111.7117254,-6.7668384],[111.7117236,-6.7668452],[111.7117214,-6.7668519],[111.7117193,-6.766858],[111.7117169,-6.7668639],[111.711714,-6.7668705],[111.7117078,-6.7668834],[111.7116975,-6.7669035],[111.7116946,-6.7669097],[111.7116922,-6.7669157],[111.7116903,-6.7669214],[111.7116891,-6.7669269],[111.7116888,-6.7669313],[111.7116892,-6.7669352],[111.7116905,-6.7669386],[111.7116921,-6.7669409],[111.7117362,-6.7669723],[111.7117879,-6.7670058],[111.7118374,-6.7670347],[111.7118856,-6.7670675],[111.7119303,-6.7670993],[111.7119664,-6.767136],[111.7120151,-6.7671762],[111.7120609,-6.7672084],[111.7121098,-6.7672331],[111.7121703,-6.7672688],[111.7122028,-6.7672921],[111.7122475,-6.7673176],[111.7122754,-6.7673304],[111.7122977,-6.767313],[111.7123089,-6.7673048],[111.7123145,-6.7673011],[111.7123202,-6.7672978],[111.712326,-6.7672949],[111.712332,-6.7672928],[111.7123395,-6.7672912],[111.7123473,-6.7672907],[111.7123551,-6.7672911],[111.7123596,-6.7672918],[111.7123641,-6.7672927],[111.7123714,-6.7672948],[111.7123785,-6.7672975],[111.7123856,-6.7673008],[111.7123925,-6.7673044],[111.7123998,-6.7673087],[111.7124069,-6.7673133],[111.7124139,-6.7673181],[111.7124208,-6.7673232],[111.7124276,-6.7673285],[111.7124385,-6.7673378],[111.7124663,-6.7673632],[111.7124793,-6.7673747],[111.7124863,-6.7673806],[111.7124928,-6.7673858],[111.7124995,-6.7673907],[111.7125063,-6.7673955],[111.7125129,-6.7673998],[111.7125262,-6.7674079],[111.7125398,-6.7674157],[111.7125603,-6.7674268],[111.7125669,-6.7674306],[111.7125745,-6.7674352],[111.7125817,-6.7674401],[111.7126246,-6.7674653],[111.7126595,-6.7674924],[111.7127011,-6.7675154],[111.7127441,-6.7675381],[111.7127917,-6.7675564],[111.7127987,-6.7675587],[111.7128051,-6.7675596],[111.7128114,-6.7675601],[111.7128176,-6.76756],[111.7128237,-6.7675591],[111.7128284,-6.7675578],[111.712833,-6.7675559],[111.7128391,-6.7675523],[111.7128449,-6.7675478],[111.7128494,-6.7675436],[111.7128539,-6.7675392],[111.7128582,-6.7675345],[111.712873,-6.7675178],[111.7128779,-6.7675125],[111.7128826,-6.7675079],[111.7128876,-6.7675038],[111.712893,-6.7675005],[111.7128987,-6.7674979],[111.7129052,-6.767496],[111.7129118,-6.7674949],[111.7129176,-6.7674947],[111.7129235,-6.7674949],[111.7129294,-6.7674957],[111.7129369,-6.7674972],[111.7129445,-6.7674991],[111.7129522,-6.7675015],[111.7129598,-6.767504],[111.7129829,-6.7675124],[111.7130064,-6.7675213],[111.7130218,-6.7675276],[111.7130321,-6.767532],[111.7130384,-6.7675349],[111.7130446,-6.767538],[111.7130506,-6.7675412],[111.7130578,-6.7675454],[111.713079,-6.7675588],[111.7130863,-6.767563],[111.7130931,-6.7675666],[111.7131,-6.7675697],[111.7131071,-6.7675724],[111.7131145,-6.7675746],[111.7131221,-6.7675766],[111.7131447,-6.767582],[111.7131521,-6.767584],[111.7131594,-6.7675862],[111.7131667,-6.7675886],[111.7131739,-6.7675913],[111.7131883,-6.7675971],[111.713226,-6.7676134],[111.7132551,-6.7676256],[111.7132715,-6.7676322],[111.7132866,-6.7676377],[111.7133005,-6.7676422],[111.7133163,-6.7676464],[111.7133322,-6.7676502],[111.7133531,-6.767655],[111.7133668,-6.7676584],[111.7133734,-6.7676603],[111.71338,-6.7676624],[111.7133862,-6.7676646],[111.7133923,-6.7676671],[111.7133984,-6.7676698],[111.7134043,-6.7676728],[111.7134113,-6.7676765],[111.7134321,-6.7676883],[111.7134392,-6.7676921],[111.7134465,-6.7676956],[111.7134533,-6.7676987],[111.7134602,-6.7677015],[111.7134673,-6.7677042],[111.7134744,-6.7677065],[111.7134816,-6.7677086],[111.7135106,-6.7677165],[111.7135179,-6.7677187],[111.7135399,-6.7677261],[111.7135559,-6.7677313],[111.7135721,-6.7677361],[111.7135948,-6.7677424],[111.713611,-6.7677474],[111.7136459,-6.7677593],[111.7136772,-6.7677692],[111.7136917,-6.7677739],[111.7137049,-6.7677788],[111.7137114,-6.7677815],[111.7137178,-6.7677844],[111.7137245,-6.7677878],[111.7137309,-6.7677915],[111.7137372,-6.7677954],[111.7137432,-6.7677997],[111.7137499,-6.767805],[111.7137563,-6.7678107],[111.7137753,-6.7678283],[111.7137818,-6.7678343],[111.7137885,-6.76784],[111.7137947,-6.7678451],[111.7138011,-6.76785],[111.7138081,-6.7678552],[111.7138152,-6.7678601],[111.7138225,-6.7678649],[111.7138298,-6.7678695],[111.7138362,-6.7678732],[111.7138491,-6.76788],[111.7138629,-6.7678866],[111.7138847,-6.7678966],[111.7139089,-6.7679083],[111.7139167,-6.7679118],[111.7139246,-6.7679151],[111.7139325,-6.7679182],[111.7139405,-6.7679211],[111.7139486,-6.7679238],[111.7139551,-6.7679257],[111.7139617,-6.7679274],[111.7139682,-6.767929],[111.7139749,-6.7679303],[111.713995,-6.7679338],[111.7140098,-6.7679367],[111.7140172,-6.7679385],[111.7140244,-6.7679405],[111.7140316,-6.7679428],[111.7140391,-6.7679458],[111.7140465,-6.7679491],[111.7140538,-6.7679526],[111.7140611,-6.7679564],[111.7140889,-6.7679723],[111.7141007,-6.7679785],[111.7141211,-6.7679884],[111.7141356,-6.7679948],[111.7141432,-6.7679978],[111.7141509,-6.7680007],[111.7141587,-6.7680034],[111.7141742,-6.7680084],[111.7141821,-6.7680107],[111.7141973,-6.7680148],[111.7142286,-6.7680221],[111.7142366,-6.7680246],[111.7142441,-6.7680275],[111.7142667,-6.7680377],[111.7142903,-6.7680482],[111.7143059,-6.7680555],[111.7143193,-6.7680625],[111.7143528,-6.7680816],[111.7143592,-6.7680851],[111.7143658,-6.7680884],[111.7143724,-6.7680914],[111.7143799,-6.7680944],[111.7143875,-6.768097],[111.7143953,-6.7680993],[111.7144031,-6.7681012],[111.7144111,-6.7681027],[111.7144188,-6.7681038],[111.7144266,-6.7681047],[111.7144344,-6.7681053],[111.7144501,-6.7681062],[111.7144652,-6.7681066],[111.7144961,-6.7681072],[111.714504,-6.7681075],[111.7145119,-6.7681081],[111.7145205,-6.7681092],[111.714529,-6.7681107],[111.7145374,-6.7681126],[111.7145457,-6.7681149],[111.7145538,-6.7681178],[111.7145598,-6.7681202],[111.7145864,-6.7681326],[111.7145939,-6.7681359],[111.7146015,-6.7681389],[111.7146091,-6.7681418],[111.7146282,-6.7681482],[111.7146344,-6.7681507],[111.7146415,-6.7681541],[111.7146485,-6.768158],[111.714669,-6.7681702],[111.7146826,-6.7681777],[111.7146895,-6.7681813],[111.7146966,-6.7681847],[111.7147037,-6.7681879],[111.7147104,-6.7681906],[111.7147172,-6.7681931],[111.7147241,-6.7681955],[111.7147322,-6.7681979],[111.7147404,-6.7681999],[111.7147486,-6.7682016],[111.7147564,-6.7682028],[111.7147721,-6.7682046],[111.7147875,-6.7682059],[111.7147951,-6.7682064],[111.7148026,-6.7682067],[111.7148101,-6.7682066],[111.7148166,-6.7682061],[111.7148231,-6.7682052],[111.7148302,-6.768204],[111.7148372,-6.7682023],[111.7148437,-6.7682004],[111.71485,-6.7681979],[111.7148562,-6.7681951],[111.7148629,-6.7681913],[111.7148763,-6.7681832],[111.7148833,-6.7681792],[111.7148903,-6.7681755],[111.7148976,-6.7681722],[111.7149042,-6.7681696],[111.7149109,-6.7681674],[111.7149177,-6.7681658],[111.714923,-6.768165],[111.7149284,-6.7681645],[111.7149363,-6.7681643],[111.7149443,-6.7681646],[111.7149522,-6.7681654],[111.7149602,-6.7681667],[111.714968,-6.7681684],[111.7149757,-6.7681707],[111.7149836,-6.7681735],[111.7149914,-6.7681769],[111.7149989,-6.7681806],[111.7150064,-6.7681847],[111.7150137,-6.7681891],[111.7150193,-6.7681928],[111.7150248,-6.7681967],[111.715031,-6.7682013],[111.7150612,-6.7682254],[111.7150673,-6.76823],[111.7150736,-6.7682345],[111.7150799,-6.7682388],[111.7150864,-6.7682429],[111.715094,-6.7682471],[111.7151017,-6.768251],[111.7151163,-6.7682578],[111.7151298,-6.7682635],[111.7151715,-6.7682795],[111.7152023,-6.768292],[111.7152101,-6.768295],[111.7152408,-6.7683061],[111.7152484,-6.7683091],[111.7152564,-6.7683125],[111.7152721,-6.7683196],[111.7152932,-6.7683295],[111.7153078,-6.7683365],[111.7153228,-6.7683439],[111.7153455,-6.7683558],[111.7153814,-6.7683756],[111.7153953,-6.7683832],[111.7154164,-6.7683938],[111.7154442,-6.7684071],[111.715458,-6.7684131],[111.7154916,-6.7684261],[111.7155195,-6.7684375],[111.7155393,-6.7684459],[111.7155661,-6.7684579],[111.7155727,-6.7684607],[111.7156,-6.768471],[111.715614,-6.7684766],[111.7156377,-6.7684872],[111.7156604,-6.768497],[111.7156679,-6.7685006],[111.7156753,-6.7685045],[111.7157018,-6.7685187],[111.7157135,-6.7685252],[111.7157272,-6.7685335],[111.715745,-6.768545],[111.7157512,-6.7685486],[111.7157575,-6.768552],[111.7157639,-6.7685552],[111.7157704,-6.7685583],[111.7157906,-6.768567],[111.7157961,-6.7685697],[111.7158003,-6.7685719],[111.7158044,-6.7685743],[111.7158096,-6.7685778],[111.7158147,-6.7685816],[111.7158195,-6.7685858],[111.7158252,-6.7685912],[111.7158416,-6.7686081],[111.7158474,-6.7686137],[111.7158533,-6.768619],[111.7158595,-6.768624],[111.715866,-6.7686284],[111.7158723,-6.768632],[111.7158789,-6.768635],[111.7158857,-6.7686376],[111.7158926,-6.7686398],[111.7158999,-6.7686415],[111.7159074,-6.7686429],[111.7159283,-6.7686459],[111.7159401,-6.7686479],[111.7159482,-6.7686497],[111.7159562,-6.7686519],[111.715964,-6.7686544],[111.7159717,-6.7686573],[111.7159792,-6.7686605],[111.7159865,-6.7686641],[111.7160018,-6.7686728],[111.7160089,-6.7686767],[111.7160163,-6.7686802],[111.7160238,-6.7686836],[111.7160315,-6.7686868],[111.7160375,-6.7686892],[111.7160498,-6.7686938],[111.7160662,-6.7686993],[111.7160745,-6.7687018],[111.7160959,-6.7687079],[111.7161029,-6.7687101],[111.7161096,-6.7687126],[111.716116,-6.7687155],[111.7161221,-6.7687188],[111.7161278,-6.7687227],[111.7161328,-6.7687272],[111.716137,-6.768732],[111.7161405,-6.7687372],[111.7161433,-6.7687427],[111.7161451,-6.7687485],[111.7161459,-6.7687544],[111.7161454,-6.768761],[111.7161439,-6.7687677],[111.7161416,-6.7687745],[111.7161388,-6.7687813],[111.7161299,-6.7688004],[111.7161274,-6.7688063],[111.7161249,-6.7688126],[111.716123,-6.7688187],[111.7161222,-6.7688236],[111.716122,-6.7688284],[111.7161232,-6.7688349],[111.7161255,-6.7688398],[111.7161287,-6.7688442],[111.7161317,-6.7688472],[111.7161351,-6.7688499],[111.7161392,-6.7688524],[111.7161454,-6.7688555],[111.716152,-6.768858],[111.7161588,-6.7688598],[111.7161644,-6.7688606],[111.7161698,-6.7688607],[111.7161739,-6.7688601],[111.7161777,-6.7688588],[111.7161826,-6.7688556],[111.7161858,-6.7688524],[111.7161885,-6.7688485],[111.7161907,-6.7688441],[111.7161925,-6.7688384],[111.7161938,-6.7688323],[111.7161947,-6.7688259],[111.7161952,-6.7688206],[111.7161967,-6.7688004],[111.7161975,-6.7687929],[111.7161985,-6.7687864],[111.7161997,-6.7687799],[111.7162013,-6.7687735],[111.7162036,-6.7687663],[111.7162063,-6.7687594],[111.7162095,-6.7687528],[111.7162131,-6.7687464],[111.7162171,-6.7687403],[111.7162218,-6.7687339],[111.7162269,-6.7687278],[111.7162321,-6.7687218],[111.7162363,-6.7687175],[111.7162405,-6.7687133],[111.7162455,-6.7687086],[111.7162506,-6.7687041],[111.7162557,-6.7686998],[111.716261,-6.7686956],[111.7162708,-6.7686885],[111.7162799,-6.7686826],[111.7162875,-6.7686784],[111.7162953,-6.7686748],[111.7163004,-6.7686729],[111.7163056,-6.7686712],[111.7163131,-6.7686695],[111.7163209,-6.7686684],[111.7163287,-6.7686679],[111.7163365,-6.7686678],[111.716342,-6.7686681],[111.7163498,-6.7686688],[111.7163575,-6.76867],[111.7163651,-6.7686716],[111.7163712,-6.7686732],[111.7164109,-6.7686912],[111.716463,-6.7687089],[111.7164995,-6.7687188],[111.7165412,-6.7687386],[111.7165888,-6.768765],[111.71664,-6.7687823],[111.7166913,-6.7688042],[111.7167397,-6.7688193],[111.7167875,-6.7688396],[111.7168357,-6.7688643],[111.7168784,-6.7688823],[111.7169238,-6.7689055],[111.7169596,-6.7689255],[111.717,-6.7689491],[111.7170522,-6.7689743],[111.7170977,-6.7689945],[111.7171442,-6.7690148],[111.7171863,-6.7690336],[111.7172304,-6.7690523],[111.7172743,-6.7690682],[111.7173126,-6.7690874],[111.7173569,-6.7691061],[111.7174049,-6.7691236],[111.7174506,-6.7691437],[111.7174987,-6.7691658],[111.7175456,-6.7691858],[111.7175926,-6.7692049],[111.7176409,-6.7692256],[111.7176803,-6.7692412],[111.7177267,-6.7692589],[111.717778,-6.7692864],[111.717828,-6.7693082],[111.717875,-6.7693332],[111.7179279,-6.7693557],[111.7179778,-6.769373],[111.7180284,-6.7693925],[111.7180704,-6.7694082],[111.7181214,-6.7694352],[111.7181686,-6.7694524],[111.7182126,-6.7694701],[111.7182542,-6.7694873],[111.7183014,-6.7695057],[111.7183483,-6.7695248],[111.7183912,-6.7695424],[111.7184397,-6.7695543],[111.7184756,-6.7695763],[111.7185186,-6.7695934],[111.7185672,-6.7696068],[111.7186133,-6.7696273],[111.7186622,-6.7696475],[111.7187051,-6.769661],[111.7187478,-6.7696817],[111.7187943,-6.7696996],[111.7188375,-6.7697158],[111.7188742,-6.7697342],[111.7191876,-6.7698226],[111.7192331,-6.769829],[111.7192796,-6.7698375],[111.7193314,-6.7698468],[111.7193853,-6.7698526],[111.7194358,-6.7698607],[111.7194873,-6.7698704],[111.7195342,-6.7698776],[111.7195814,-6.7698916],[111.7196257,-6.7699034],[111.7196786,-6.7699176],[111.7197242,-6.7699321],[111.7197757,-6.7699491],[111.7198218,-6.7699641],[111.719868,-6.7699776],[111.7199186,-6.7699828],[111.7199683,-6.7700028],[111.7200079,-6.770006],[111.7200585,-6.7700334],[111.7201015,-6.7700404],[111.7201427,-6.7700597],[111.720193,-6.7700793],[111.7202415,-6.7700925],[111.720286,-6.7701063],[111.7203273,-6.7701175],[111.7203726,-6.7701422],[111.7204167,-6.7701332],[111.7204553,-6.7701436],[111.7205032,-6.7701689],[111.7205799,-6.770196],[111.720629,-6.770207],[111.7206653,-6.77022],[111.7207325,-6.7702346],[111.7208034,-6.770262],[111.7208544,-6.7702693],[111.7209016,-6.7702899],[111.7209491,-6.7703031],[111.7209973,-6.7703111],[111.7210437,-6.7703233],[111.7210891,-6.770335],[111.721147,-6.7703507],[111.7211918,-6.7703628],[111.7212392,-6.7703767],[111.7212838,-6.770389],[111.7213317,-6.7704096],[111.721371,-6.7704197],[111.721403,-6.7704287],[111.7214653,-6.7704378],[111.7215156,-6.7704491],[111.7215571,-6.7704633],[111.7215988,-6.7704773],[111.7216433,-6.7704898],[111.7216791,-6.7704969],[111.7217278,-6.7705139],[111.7217587,-6.7705227],[111.7218296,-6.7705442],[111.72187,-6.7705514],[111.7219159,-6.7705614],[111.7219668,-6.7705733],[111.7220417,-6.7705853],[111.7220837,-6.7705926],[111.7221323,-6.7706003],[111.7221823,-6.7706108],[111.7222151,-6.7706159],[111.7222665,-6.7706252],[111.7223108,-6.7706338],[111.7223554,-6.77064],[111.7224028,-6.7706479],[111.722438,-6.7706523],[111.7224849,-6.7706581],[111.7225263,-6.7706654],[111.722557,-6.7706704],[111.7226503,-6.7706841],[111.7226868,-6.7706881],[111.7227246,-6.7706952],[111.7227559,-6.7707027],[111.7228097,-6.7707055],[111.722859,-6.7707145],[111.7229166,-6.7707143],[111.7229616,-6.7707222],[111.7230029,-6.7707147],[111.7230262,-6.770707],[111.7231253,-6.7706918],[111.7231707,-6.770689],[111.7232288,-6.7706937],[111.7232465,-6.77069],[111.7232642,-6.7706859],[111.7233518,-6.7706647],[111.7233689,-6.7706603],[111.7233774,-6.770658],[111.7233858,-6.7706554],[111.7233941,-6.7706525],[111.7234019,-6.7706494],[111.7234095,-6.770646],[111.723417,-6.7706423],[111.7234243,-6.7706383],[111.7234314,-6.770634],[111.7234382,-6.7706293],[111.7234442,-6.7706246],[111.72345,-6.7706195],[111.7234554,-6.7706141],[111.7234605,-6.7706083],[111.7234653,-6.7706019],[111.7234698,-6.7705953],[111.723474,-6.7705883],[111.7234782,-6.7705805],[111.7234827,-6.7705716],[111.7234872,-6.7705619],[111.7234916,-6.7705519],[111.7234959,-6.7705415],[111.7234999,-6.7705315],[111.72351,-6.7705045],[111.7235136,-6.7704959],[111.7235141,-6.7704947],[111.7235147,-6.7704913],[111.7235156,-6.7704814],[111.7235161,-6.7704687],[111.7235167,-6.7704436],[111.7235172,-6.7704354],[111.7235179,-6.7704274],[111.7235189,-6.7704193],[111.7235242,-6.7703828],[111.7235264,-6.77037],[111.723528,-6.7703627],[111.72353,-6.7703554],[111.723532,-6.7703488],[111.7235387,-6.7703287],[111.7235428,-6.7703147],[111.7235446,-6.7703076],[111.7235461,-6.7703],[111.7235518,-6.7702654],[111.7235552,-6.7702477],[111.7235572,-6.770239],[111.7235607,-6.7702259],[111.72357,-6.7701963],[111.7235718,-6.7701896],[111.7235796,-6.7701577],[111.7235841,-6.77014],[111.7235856,-6.7701325],[111.7235868,-6.7701249],[111.7235878,-6.7701173],[111.7235886,-6.7701097],[111.7235898,-6.7700941],[111.7235907,-6.7700855],[111.7235915,-6.7700793],[111.7235927,-6.7700731],[111.7235948,-6.7700654],[111.7235976,-6.7700579],[111.7236003,-6.7700522],[111.7236034,-6.7700467],[111.7236132,-6.7700308],[111.7236162,-6.7700258],[111.7236189,-6.7700207],[111.7236213,-6.7700154],[111.7236236,-6.7700095],[111.7236295,-6.7699915],[111.7236315,-6.7699858],[111.7236338,-6.7699802],[111.7236364,-6.7699749],[111.7236392,-6.7699697],[111.7236425,-6.7699642],[111.723646,-6.7699589],[111.7236498,-6.7699537],[111.7236541,-6.7699482],[111.7236587,-6.769943],[111.7236636,-6.7699379],[111.7236687,-6.7699332],[111.723685,-6.7699193],[111.7236909,-6.769914],[111.7237162,-6.7698911],[111.7237219,-6.7698855],[111.7237267,-6.7698806],[111.7237314,-6.7698755],[111.7237405,-6.769865],[111.723749,-6.769854],[111.7237571,-6.7698427],[111.7237609,-6.769837],[111.7237658,-6.7698293],[111.7237703,-6.7698215],[111.7237746,-6.7698136],[111.7237807,-6.7698008],[111.7237865,-6.7697874],[111.7237893,-6.7697805],[111.7237917,-6.7697734],[111.7237939,-6.769766],[111.7237958,-6.7697585],[111.7237994,-6.7697422],[111.7238047,-6.769716],[111.7238133,-6.769672],[111.7238331,-6.7695643],[111.7238382,-6.7695374],[111.7238418,-6.7695195],[111.7238496,-6.7694836],[111.7238758,-6.7693698],[111.7238849,-6.7693287],[111.7238959,-6.7692753],[111.7239355,-6.7690795],[111.7239429,-6.7690439],[111.7239489,-6.7690174],[111.7239532,-6.7690002],[111.7239602,-6.7689746],[111.7239767,-6.7689148],[111.7239829,-6.7688909],[111.7239867,-6.7688746],[111.7239937,-6.7688397],[111.7239974,-6.7688224],[111.7239994,-6.7688138],[111.7240017,-6.7688053],[111.7240039,-6.7687982],[111.7240063,-6.7687913],[111.724009,-6.7687844],[111.7240119,-6.7687776],[111.7240155,-6.7687701],[111.7240194,-6.7687627],[111.7240236,-6.7687554],[111.724028,-6.7687483],[111.7240332,-6.7687406],[111.7240386,-6.7687332],[111.7240443,-6.7687259],[111.7240502,-6.7687188],[111.7240563,-6.7687119],[111.7240627,-6.7687053],[111.7240693,-6.768699],[111.7240761,-6.7686929],[111.7240903,-6.7686813],[111.7241047,-6.76867],[111.7241193,-6.7686588],[111.7242071,-6.768592],[111.7242365,-6.76857],[111.7242514,-6.7685594],[111.7242661,-6.7685493],[111.7242957,-6.7685294],[111.7243031,-6.7685244],[111.7243147,-6.768516],[111.7243204,-6.7685116],[111.7243316,-6.7685027],[111.7243627,-6.7684769],[111.7243762,-6.7684659],[111.7243893,-6.7684556],[111.7244021,-6.7684461],[111.7244151,-6.7684369],[111.7244218,-6.7684326],[111.7244285,-6.7684284],[111.7244471,-6.7684175],[111.7244533,-6.7684138],[111.7244601,-6.7684092],[111.7244668,-6.7684044],[111.7244868,-6.7683895],[111.7244999,-6.7683802],[111.724513,-6.7683716],[111.7245522,-6.7683473],[111.724566,-6.7683381],[111.7245734,-6.7683329],[111.724588,-6.7683223],[111.7246024,-6.7683114],[111.7246576,-6.7682686],[111.7246718,-6.7682581],[111.7246861,-6.7682478],[111.7247222,-6.7682224],[111.7247656,-6.7681922],[111.7247875,-6.7681772],[111.7248464,-6.7681376],[111.7248682,-6.7681225],[111.7248824,-6.7681119],[111.7249167,-6.7680846],[111.7249229,-6.7680799],[111.7249552,-6.7680562],[111.7249885,-6.7680307],[111.7250032,-6.7680199],[111.725018,-6.7680092],[111.725033,-6.7679989],[111.7250406,-6.7679939],[111.7250482,-6.767989],[111.7250637,-6.7679796],[111.725095,-6.7679614],[111.7252208,-6.7678897],[111.7252445,-6.7678765],[111.7252604,-6.7678678],[111.7254923,-6.7677439],[111.7255164,-6.7677312],[111.7255325,-6.767723],[111.7255489,-6.7677153],[111.7255571,-6.7677117],[111.7255656,-6.7677083],[111.7255741,-6.7677051],[111.7255828,-6.7677021],[111.7256001,-6.7676964],[111.7256787,-6.7676718],[111.7257047,-6.7676632],[111.7257217,-6.7676569],[111.7257302,-6.7676535],[111.7257584,-6.7676408],[111.7257649,-6.767638],[111.725778,-6.7676328],[111.725798,-6.7676255],[111.7258198,-6.7676178],[111.7258369,-6.7676118],[111.725854,-6.7676061],[111.7258626,-6.7676034],[111.7258803,-6.7675983],[111.7259515,-6.7675796],[111.7259692,-6.7675745],[111.725978,-6.7675718],[111.7259865,-6.767569],[111.7260033,-6.7675629],[111.7260452,-6.7675471],[111.7260621,-6.767541],[111.7260854,-6.7675334],[111.7261089,-6.7675264],[111.7261247,-6.7675221],[111.7261333,-6.76752],[111.7261507,-6.767516],[111.7261682,-6.7675125],[111.7261769,-6.767511],[111.7261857,-6.7675096],[111.7261945,-6.7675085],[111.7262033,-6.7675078],[111.7262122,-6.7675074],[111.726221,-6.7675074],[111.7262389,-6.767508],[111.7262924,-6.7675113],[111.7263107,-6.7675121],[111.7263289,-6.7675126],[111.7263653,-6.7675133],[111.7265111,-6.7675153],[111.7265382,-6.7675159],[111.7266094,-6.767518],[111.7266272,-6.7675182],[111.7266547,-6.7675181],[111.7266884,-6.7675185],[111.7267065,-6.7675184],[111.7267336,-6.7675177],[111.7268602,-6.767513],[111.7268963,-6.7675118],[111.7269235,-6.7675113],[111.7269508,-6.7675115],[111.7269874,-6.7675121],[111.7270696,-6.767514],[111.7271153,-6.7675154],[111.7271507,-6.7675171],[111.7271952,-6.7675197],[111.7272131,-6.7675209],[111.7272308,-6.7675225],[111.7272395,-6.7675236],[111.7272482,-6.767525],[111.7272569,-6.7675269],[111.7272653,-6.7675293],[111.7272733,-6.7675324],[111.7272788,-6.7675351],[111.7272839,-6.7675384],[111.7272885,-6.7675422],[111.7272917,-6.7675456],[111.7272945,-6.7675493],[111.7272977,-6.7675548],[111.7273003,-6.7675606],[111.7273023,-6.7675667],[111.7273039,-6.767573],[111.7273049,-6.7675785],[111.7273056,-6.7675841],[111.7273061,-6.7675916],[111.727306,-6.7675991],[111.7273054,-6.7676056],[111.7273042,-6.767612],[111.7273025,-6.7676179],[111.7273006,-6.7676227],[111.7272984,-6.7676273],[111.7272954,-6.7676323],[111.7272919,-6.7676371],[111.727288,-6.7676415],[111.7272838,-6.7676455],[111.7272799,-6.7676486],[111.7272758,-6.7676515],[111.7272695,-6.7676551],[111.7272629,-6.767658],[111.7272564,-6.7676601],[111.7272497,-6.7676618],[111.7272429,-6.767663],[111.7272359,-6.767664],[111.7272271,-6.7676649],[111.7272182,-6.7676655],[111.7272003,-6.7676663],[111.7271824,-6.7676668],[111.7271376,-6.7676677],[111.7271106,-6.767668],[111.7270737,-6.767668],[111.727037,-6.7676678],[111.7270186,-6.7676674],[111.7270003,-6.7676666],[111.726982,-6.7676652],[111.7269362,-6.7676608],[111.7269177,-6.7676594],[111.7268929,-6.7676578],[111.7268682,-6.7676567],[111.7268158,-6.7676556],[111.7267984,-6.7676547],[111.7267814,-6.7676531],[111.7267561,-6.7676501],[111.7267392,-6.7676483],[111.7267307,-6.7676476],[111.7267219,-6.7676471],[111.726713,-6.7676468],[111.7266952,-6.7676467],[111.7266774,-6.767647],[111.7265973,-6.7676489],[111.726561,-6.7676496],[111.7265056,-6.7676502],[111.7264686,-6.7676502],[111.7264502,-6.7676498],[111.7264248,-6.7676487],[111.7263995,-6.7676469],[111.7263791,-6.7676448],[111.7263691,-6.7676439],[111.7263602,-6.7676435],[111.7263422,-6.7676431],[111.7263242,-6.7676432],[111.7263061,-6.7676436],[111.7262067,-6.7676467],[111.7261886,-6.7676474],[111.7261707,-6.7676484],[111.7261617,-6.7676491],[111.7261526,-6.76765],[111.7261435,-6.7676513],[111.7261359,-6.7676526],[111.7261207,-6.767656],[111.7260973,-6.7676621],[111.726064,-6.7676713],[111.7260308,-6.7676807],[111.7260059,-6.7676881],[111.7259977,-6.7676906],[111.7259801,-6.7676964],[111.7259365,-6.7677117],[111.7258844,-6.7677306],[111.7258671,-6.7677372],[111.7258509,-6.7677437],[111.7258281,-6.7677535],[111.7257575,-6.7677848],[111.7256917,-6.7678133],[111.7256497,-6.7678309],[111.7255485,-6.7678728],[111.7255233,-6.7678835],[111.7255066,-6.7678909],[111.7254983,-6.7678948],[111.7254821,-6.7679028],[111.725458,-6.7679155],[111.7254341,-6.7679284],[111.7253944,-6.7679503],[111.7253708,-6.7679636],[111.7252389,-6.76804],[111.7252162,-6.7680537],[111.725209,-6.7680583],[111.725202,-6.768063],[111.7251958,-6.7680675],[111.7251901,-6.7680721],[111.725185,-6.768077],[111.7251807,-6.7680823],[111.7251774,-6.7680877],[111.7251748,-6.7680938],[111.7251716,-6.7681022],[111.7251699,-6.7681059],[111.725168,-6.7681096],[111.7251657,-6.7681135],[111.725163,-6.7681173],[111.7251579,-6.7681235],[111.7251523,-6.7681295],[111.7251463,-6.7681353],[111.7251399,-6.768141],[111.7251334,-6.7681465],[111.7251266,-6.7681518],[111.7251197,-6.7681569],[111.7251128,-6.7681616],[111.7251057,-6.7681659],[111.7250987,-6.7681697],[111.7250915,-6.7681726],[111.7250843,-6.7681744],[111.7250796,-6.768175],[111.7250723,-6.7681747],[111.7250675,-6.7681741],[111.7250568,-6.7681724],[111.7250527,-6.7681719],[111.7250485,-6.7681718],[111.7250416,-6.7681728],[111.7250346,-6.7681749],[111.7250276,-6.7681779],[111.7250205,-6.7681816],[111.7250133,-6.7681858],[111.7250061,-6.7681903],[111.7249917,-6.7682002],[111.7249777,-6.7682106],[111.7249709,-6.768216],[111.7249645,-6.7682215],[111.7249584,-6.7682271],[111.724953,-6.7682329],[111.7249484,-6.7682389],[111.724945,-6.7682451],[111.7249436,-6.7682495],[111.7249429,-6.768254],[111.724943,-6.7682578],[111.7249443,-6.7682638],[111.7249467,-6.7682699],[111.7249499,-6.768276],[111.724961,-6.7682939],[111.7249641,-6.7682993],[111.7249661,-6.7683032],[111.7249678,-6.7683068],[111.7249691,-6.7683104],[111.7249699,-6.7683137],[111.72497,-6.7683175],[111.7249688,-6.7683201],[111.724967,-6.768321],[111.7249645,-6.7683209],[111.7249606,-6.7683191],[111.7249561,-6.7683159],[111.7249512,-6.7683115],[111.724935,-6.7682955],[111.7249292,-6.7682901],[111.7249232,-6.7682851],[111.724917,-6.7682808],[111.7249102,-6.7682774],[111.7249064,-6.7682761],[111.7249025,-6.7682753],[111.7248972,-6.7682751],[111.7248918,-6.7682758],[111.7248844,-6.7682777],[111.7248768,-6.7682806],[111.7248692,-6.7682842],[111.7248615,-6.7682883],[111.7248538,-6.7682927],[111.7248461,-6.7682974],[111.7248306,-6.7683071],[111.7248151,-6.7683171],[111.7247998,-6.7683272],[111.724785,-6.7683374],[111.7247779,-6.7683425],[111.7247712,-6.7683478],[111.7247651,-6.7683531],[111.7247598,-6.7683586],[111.7247556,-6.7683643],[111.7247529,-6.7683702],[111.7247522,-6.7683737],[111.7247522,-6.7683773],[111.7247538,-6.7683834],[111.7247569,-6.7683895],[111.7247611,-6.7683956],[111.7247661,-6.7684017],[111.7247716,-6.7684077],[111.7247775,-6.7684137],[111.7247994,-6.768435],[111.7248064,-6.7684423],[111.7248096,-6.7684462],[111.7248119,-6.7684496],[111.7248129,-6.7684518],[111.724813,-6.7684537],[111.7248119,-6.7684552],[111.7248094,-6.7684558],[111.7248064,-6.7684553],[111.7248028,-6.768454],[111.7247973,-6.7684511],[111.7247912,-6.7684471],[111.7247848,-6.7684424],[111.7247573,-6.7684208],[111.7247502,-6.7684155],[111.724743,-6.7684106],[111.7247357,-6.7684062],[111.7247283,-6.7684027],[111.7247224,-6.7684008],[111.7247163,-6.7683997],[111.7247096,-6.7683997],[111.7247022,-6.7684011],[111.7246948,-6.7684036],[111.7246874,-6.7684071],[111.7246801,-6.7684111],[111.7246728,-6.7684155],[111.7246582,-6.7684253],[111.7246436,-6.7684357],[111.7246218,-6.7684517],[111.7246002,-6.768468],[111.7245864,-6.7684789],[111.724577,-6.7684869],[111.7245714,-6.768492],[111.7245662,-6.7684971],[111.7245617,-6.768502],[111.7245582,-6.7685069],[111.724556,-6.7685115],[111.7245555,-6.768516],[111.7245561,-6.7685185],[111.7245575,-6.7685208],[111.7245611,-6.7685243],[111.7245661,-6.7685273],[111.724572,-6.7685301],[111.7245786,-6.7685326],[111.7245859,-6.7685348],[111.7246168,-6.7685433],[111.7246243,-6.7685455],[111.7246353,-6.7685493],[111.7246402,-6.7685513],[111.7246451,-6.7685536],[111.7246492,-6.768556],[111.724652,-6.7685583],[111.7246532,-6.7685599],[111.7246532,-6.7685622],[111.7246511,-6.7685634],[111.7246468,-6.7685637],[111.7246411,-6.7685631],[111.7246342,-6.7685619],[111.7246186,-6.7685584],[111.7245929,-6.7685518],[111.7245842,-6.7685498],[111.7245756,-6.768548],[111.7245671,-6.7685466],[111.724559,-6.7685458],[111.7245514,-6.7685459],[111.7245443,-6.7685471],[111.7245382,-6.7685498],[111.724533,-6.7685542],[111.7245288,-6.76856],[111.7245251,-6.7685667],[111.724522,-6.7685742],[111.7245192,-6.7685821],[111.7245168,-6.7685904],[111.7245146,-6.7685989],[111.7245126,-6.7686075],[111.724511,-6.7686161],[111.7245097,-6.7686247],[111.724509,-6.7686331],[111.7245088,-6.7686413],[111.7245094,-6.768649],[111.724511,-6.7686562],[111.7245138,-6.7686625],[111.7245162,-6.7686658],[111.7245192,-6.7686688],[111.7245247,-6.7686726],[111.7245312,-6.7686755],[111.7245385,-6.7686776],[111.7245462,-6.7686791],[111.7245542,-6.7686802],[111.7245623,-6.768681],[111.7245858,-6.768683],[111.7245927,-6.7686839],[111.7245987,-6.7686849],[111.7246026,-6.768686],[111.7246055,-6.7686873],[111.7246073,-6.7686895],[111.7246065,-6.7686918],[111.7246035,-6.7686934],[111.7245986,-6.7686946],[111.7245923,-6.7686954],[111.7245851,-6.768696],[111.7245773,-6.7686964],[111.7245517,-6.7686973],[111.7245431,-6.7686977],[111.7245345,-6.7686985],[111.7245262,-6.7686996],[111.7245183,-6.7687013],[111.724511,-6.7687038],[111.7245045,-6.7687073],[111.7245018,-6.7687094],[111.7244968,-6.7687149],[111.7244927,-6.7687213],[111.7244891,-6.7687285],[111.7244861,-6.7687362],[111.7244834,-6.7687442],[111.724481,-6.7687525],[111.7244789,-6.768761],[111.7244771,-6.7687695],[111.7244755,-6.7687779],[111.7244744,-6.7687863],[111.7244738,-6.7687945],[111.7244739,-6.7688023],[111.7244749,-6.7688097],[111.7244764,-6.7688146],[111.7244786,-6.7688191],[111.7244814,-6.7688231],[111.7244865,-6.7688277],[111.7244927,-6.7688314],[111.7244997,-6.7688345],[111.7245072,-6.7688372],[111.7245152,-6.7688395],[111.7245234,-6.7688416],[111.724556,-6.7688492],[111.7245629,-6.768851],[111.7245692,-6.768853],[111.7245747,-6.7688553],[111.724579,-6.7688578],[111.7245816,-6.7688606],[111.7245826,-6.7688632],[111.7245822,-6.7688657],[111.724581,-6.7688674],[111.7245791,-6.7688687],[111.7245749,-6.7688703],[111.7245696,-6.7688712],[111.7245635,-6.7688714],[111.7245556,-6.7688711],[111.7245472,-6.7688701],[111.7245384,-6.7688688],[111.7245111,-6.768864],[111.7245022,-6.7688627],[111.7244935,-6.7688618],[111.7244852,-6.7688615],[111.7244774,-6.768862],[111.7244704,-6.7688639],[111.7244651,-6.7688669],[111.7244604,-6.7688717],[111.7244566,-6.7688777],[111.7244535,-6.7688846],[111.7244508,-6.7688921],[111.7244486,-6.7689001],[111.7244465,-6.7689085],[111.7244447,-6.7689171],[111.7244414,-6.7689347],[111.7244385,-6.7689524],[111.7244373,-6.7689612],[111.7244363,-6.76897],[111.7244356,-6.7689785],[111.7244354,-6.7689868],[111.7244357,-6.7689948],[111.7244366,-6.7690007],[111.7244381,-6.7690062],[111.7244403,-6.7690113],[111.7244431,-6.7690154],[111.7244467,-6.7690189],[111.7244508,-6.7690216],[111.7244555,-6.7690236],[111.7244606,-6.769025],[111.7244685,-6.7690263],[111.7244769,-6.7690268],[111.7244857,-6.7690268],[111.7244947,-6.7690265],[111.7245397,-6.7690236],[111.7245479,-6.7690234],[111.7245554,-6.7690235],[111.724562,-6.769024],[111.7245673,-6.7690252],[111.7245705,-6.769027],[111.7245719,-6.7690296],[111.724571,-6.7690325],[111.7245676,-6.769035],[111.7245623,-6.7690371],[111.7245557,-6.7690389],[111.7245481,-6.7690405],[111.7245398,-6.7690418],[111.7245311,-6.7690431],[111.7244849,-6.7690486],[111.7244757,-6.7690498],[111.7244667,-6.7690512],[111.724458,-6.7690528],[111.7244496,-6.7690548],[111.7244418,-6.7690574],[111.7244348,-6.7690606],[111.7244314,-6.7690628],[111.7244284,-6.7690653],[111.7244241,-6.7690706],[111.7244206,-6.7690768],[111.7244179,-6.7690838],[111.7244156,-6.7690913],[111.7244137,-6.7690992],[111.7244121,-6.7691073],[111.7244061,-6.7691411],[111.7244029,-6.769158],[111.7243977,-6.7691834],[111.7243889,-6.7692249],[111.7243859,-6.7692402],[111.7243847,-6.7692476],[111.7243837,-6.7692548],[111.7243831,-6.7692609],[111.7243829,-6.7692667],[111.7243831,-6.769272],[111.724384,-6.7692768],[111.7243854,-6.7692807],[111.7243877,-6.7692834],[111.7243903,-6.7692847],[111.7243943,-6.7692849],[111.7243991,-6.7692839],[111.7244043,-6.769282],[111.7244304,-6.7692712],[111.7244359,-6.7692686],[111.7244418,-6.7692655],[111.7244472,-6.769262],[111.7244524,-6.7692583],[111.7244674,-6.7692467],[111.7244729,-6.7692425],[111.7244785,-6.7692386],[111.7244849,-6.7692345],[111.7244903,-6.7692315],[111.7244959,-6.7692288],[111.7245155,-6.7692203],[111.7245339,-6.7692118],[111.724539,-6.7692097],[111.7245438,-6.7692079],[111.7245484,-6.7692067],[111.7245526,-6.769206],[111.7245565,-6.7692058],[111.7245595,-6.7692064],[111.7245602,-6.7692068],[111.7245614,-6.7692079],[111.7245619,-6.7692093],[111.7245607,-6.7692121],[111.724558,-6.769215],[111.7245541,-6.7692181],[111.7245502,-6.7692208],[111.7245409,-6.7692265],[111.7245282,-6.7692336],[111.7245214,-6.769237],[111.724489,-6.7692522],[111.7244785,-6.7692576],[111.7244733,-6.7692605],[111.7244667,-6.7692646],[111.7244603,-6.7692689],[111.7244564,-6.7692718],[111.7244421,-6.7692828],[111.7244201,-6.7692992],[111.7244138,-6.7693042],[111.7243929,-6.7693212],[111.7243865,-6.7693268],[111.7243804,-6.7693326],[111.7243762,-6.7693373],[111.7243716,-6.7693439],[111.7243676,-6.7693511],[111.7243642,-6.7693588],[111.7243611,-6.7693667],[111.7243583,-6.7693748],[111.7243531,-6.7693915],[111.7243435,-6.7694251],[111.7243413,-6.7694336],[111.7243372,-6.7694509],[111.7243277,-6.7694945],[111.7243217,-6.7695206],[111.7243173,-6.7695379],[111.7243119,-6.7695575],[111.7243099,-6.7695654],[111.7243081,-6.7695733],[111.724305,-6.7695894],[111.7243037,-6.7695974],[111.7243027,-6.7696055],[111.7243018,-6.7696143],[111.7243012,-6.7696231],[111.7243009,-6.7696311],[111.724301,-6.769639],[111.7243016,-6.7696465],[111.7243027,-6.7696538],[111.7243044,-6.7696609],[111.724307,-6.7696686],[111.7243106,-6.7696756],[111.7243139,-6.7696803],[111.7243177,-6.7696846],[111.7243221,-6.7696884],[111.7243277,-6.7696921],[111.7243337,-6.7696953],[111.7243404,-6.7696983],[111.7243473,-6.7697011],[111.724355,-6.7697039],[111.7243628,-6.7697065],[111.7243709,-6.769709],[111.7243875,-6.7697134],[111.7244278,-6.7697228],[111.7244349,-6.7697243],[111.724442,-6.7697256],[111.7244676,-6.7697297],[111.7244949,-6.7697348],[111.7245028,-6.7697359],[111.7245107,-6.7697365],[111.7245183,-6.7697367],[111.7245243,-6.7697364],[111.7245301,-6.7697355],[111.7245353,-6.7697341],[111.7245402,-6.769732],[111.7245428,-6.7697305],[111.7245467,-6.7697277],[111.7245503,-6.7697244],[111.7245555,-6.7697183],[111.7245604,-6.7697114],[111.7245648,-6.7697041],[111.7245691,-6.7696963],[111.7245772,-6.7696801],[111.7246009,-6.7696294],[111.7246093,-6.7696123],[111.7246136,-6.7696039],[111.724618,-6.7695958],[111.7246227,-6.7695879],[111.724627,-6.7695813],[111.7246315,-6.769575],[111.724636,-6.7695694],[111.7246406,-6.7695645],[111.7246447,-6.7695609],[111.7246487,-6.7695584],[111.7246519,-6.7695572],[111.7246547,-6.7695572],[111.7246573,-6.7695587],[111.7246586,-6.7695618],[111.7246587,-6.7695646],[111.7246582,-6.7695678],[111.7246571,-6.7695719],[111.7246554,-6.7695764],[111.7246523,-6.7695832],[111.7246486,-6.7695905],[111.7246445,-6.769598],[111.7246312,-6.7696218],[111.7246229,-6.7696371],[111.7246117,-6.769659],[111.724595,-6.7696929],[111.7245888,-6.7697059],[111.7245845,-6.7697163],[111.7245829,-6.7697205],[111.7245807,-6.769728],[111.72458,-6.7697318],[111.7245795,-6.7697353],[111.7245793,-6.7697386],[111.7245797,-6.7697435],[111.7245816,-6.7697484],[111.7245841,-6.7697514],[111.724589,-6.7697548],[111.7245951,-6.7697575],[111.7245999,-6.7697592],[111.7246051,-6.7697607],[111.7246106,-6.7697621],[111.7246179,-6.7697637],[111.7246435,-6.7697686],[111.7246602,-6.769772],[111.724684,-6.7697766],[111.7247286,-6.7697865],[111.7247426,-6.7697891],[111.7247494,-6.7697898],[111.7247531,-6.7697899],[111.7247566,-6.7697897],[111.7247619,-6.7697883],[111.7247666,-6.7697856],[111.7247709,-6.769781],[111.7247744,-6.769775],[111.7247773,-6.7697682],[111.7247798,-6.7697608],[111.7247819,-6.7697528],[111.7247838,-6.7697445],[111.7247853,-6.769736],[111.7247886,-6.7697128],[111.7247898,-6.7697055],[111.7247912,-6.7696988],[111.7247928,-6.7696927],[111.7247946,-6.7696873],[111.7247966,-6.7696828],[111.7247987,-6.7696795],[111.7248009,-6.7696778],[111.724803,-6.769678],[111.7248046,-6.76968],[111.7248056,-6.7696833],[111.7248062,-6.7696875],[111.7248065,-6.7696921],[111.7248067,-6.7697029],[111.7248066,-6.7697109],[111.7248056,-6.7697449],[111.7248057,-6.7697531],[111.724806,-6.7697607],[111.7248067,-6.7697676],[111.7248078,-6.7697726],[111.7248092,-6.7697766],[111.7248099,-6.7697777],[111.7248114,-6.7697795],[111.7248131,-6.7697804],[111.7248149,-6.7697804],[111.7248167,-6.7697794],[111.7248193,-6.7697764],[111.7248217,-6.7697719],[111.7248235,-6.7697677],[111.7248288,-6.769753],[111.7248313,-6.7697471],[111.7248343,-6.7697416],[111.7248379,-6.7697368],[111.7248422,-6.7697329],[111.7248477,-6.7697301],[111.7248539,-6.7697285],[111.7248605,-6.7697278],[111.7248675,-6.7697278],[111.7248748,-6.7697283],[111.7248823,-6.7697292],[111.7248908,-6.7697304],[111.7249082,-6.7697337],[111.7249214,-6.7697365],[111.7249302,-6.7697386],[111.7249555,-6.7697454],[111.7249617,-6.769747],[111.7249742,-6.7697496],[111.7249922,-6.7697528],[111.7250283,-6.7697585],[111.7250577,-6.769764],[111.725079,-6.7697683],[111.7250929,-6.7697715],[111.7250989,-6.7697732],[111.7251048,-6.769775],[111.7251229,-6.7697811],[111.7251298,-6.7697833],[111.7251393,-6.769786],[111.7251476,-6.769788],[111.7251559,-6.7697899],[111.7251688,-6.7697923],[111.7251955,-6.7697968],[111.7252218,-6.769801],[111.7252287,-6.7698023],[111.7252519,-6.7698074],[111.7252651,-6.7698101],[111.7252867,-6.7698152],[111.7253377,-6.7698285],[111.7253549,-6.7698328],[111.7253806,-6.7698388],[111.7254063,-6.7698444],[111.7254321,-6.7698497],[111.7254579,-6.7698547],[111.7254752,-6.7698576],[111.7254994,-6.769861],[111.7255125,-6.769863],[111.7255262,-6.7698656],[111.7255435,-6.7698691],[111.7255952,-6.7698801],[111.7256389,-6.7698896],[111.7258887,-6.7699461],[111.7259334,-6.769956],[111.7259603,-6.7699615],[111.7259771,-6.7699644],[111.7260007,-6.7699682],[111.7260165,-6.7699711],[111.7260489,-6.7699779],[111.7260856,-6.7699849],[111.7260929,-6.7699865],[111.7261098,-6.7699906],[111.7261347,-6.7699962],[111.7261559,-6.7700021],[111.7261618,-6.7700037],[111.7261694,-6.7700054],[111.7261769,-6.7700067],[111.7261843,-6.7700077],[111.7261915,-6.7700082],[111.7261985,-6.7700081],[111.7262051,-6.7700073],[111.7262067,-6.770007],[111.7262112,-6.7700057],[111.7262161,-6.7700032],[111.7262214,-6.7699987],[111.726226,-6.7699928],[111.7262299,-6.7699859],[111.7262334,-6.7699783],[111.7262366,-6.7699702],[111.7262397,-6.7699618],[111.7262453,-6.7699443],[111.726259,-6.769899],[111.7262645,-6.7698811],[111.7262703,-6.7698638],[111.7262732,-6.7698556],[111.7262763,-6.769848],[111.7262794,-6.7698412],[111.7262826,-6.7698355],[111.7262857,-6.7698314],[111.7262874,-6.76983],[111.7262891,-6.7698292],[111.7262913,-6.7698293],[111.7262926,-6.7698305],[111.7262936,-6.7698325],[111.7262942,-6.7698372],[111.7262938,-6.7698433],[111.7262927,-6.7698504],[111.7262911,-6.7698581],[111.7262868,-6.7698749],[111.726279,-6.7699014],[111.7262678,-6.7699373],[111.7262507,-6.7699908],[111.7262431,-6.7700157],[111.7262393,-6.77003],[111.7262377,-6.770037],[111.7262365,-6.7700437],[111.7262359,-6.7700493],[111.7262358,-6.7700546],[111.7262366,-6.7700608],[111.7262383,-6.7700665],[111.7262412,-6.7700716],[111.726245,-6.7700758],[111.7262503,-6.7700792],[111.7262565,-6.7700818],[111.7262614,-6.7700835],[111.726272,-6.770087],[111.7262978,-6.7700959],[111.7263135,-6.7701008],[111.7263225,-6.7701034],[111.7263293,-6.7701051],[111.7263361,-6.7701067],[111.726343,-6.770108],[111.7263512,-6.7701094],[111.7263733,-6.7701126],[111.7263922,-6.7701156],[111.7264002,-6.7701166],[111.7264079,-6.770117],[111.7264155,-6.7701166],[111.7264227,-6.7701154],[111.7264295,-6.7701132],[111.7264337,-6.7701114],[111.7264377,-6.7701092],[111.726442,-6.770106],[111.7264473,-6.7701004],[111.7264519,-6.7700939],[111.726456,-6.7700866],[111.7264597,-6.7700788],[111.7264631,-6.7700706],[111.7264664,-6.7700622],[111.7264725,-6.7700448],[111.7264846,-6.7700099],[111.7264907,-6.7699933],[111.7264938,-6.7699856],[111.7264969,-6.7699785],[111.7265001,-6.7699724],[111.7265033,-6.7699676],[111.7265065,-6.7699645],[111.726509,-6.7699637],[111.7265106,-6.769964],[111.7265119,-6.7699651],[111.7265133,-6.7699685],[111.7265137,-6.7699733],[111.7265133,-6.7699788],[111.7265122,-6.769985],[111.7265107,-6.7699917],[111.7265086,-6.7699996],[111.7265036,-6.7700163],[111.7264894,-6.7700594],[111.726484,-6.7700765],[111.7264815,-6.7700848],[111.7264794,-6.7700928],[111.7264777,-6.7701006],[111.7264766,-6.7701079],[111.7264763,-6.7701132],[111.7264768,-6.770118],[111.7264778,-6.7701215],[111.7264795,-6.7701246],[111.7264832,-6.7701283],[111.726488,-6.7701312],[111.7264937,-6.7701335],[111.7264998,-6.7701352],[111.7265062,-6.7701367],[111.7265295,-6.7701416],[111.7265782,-6.7701511],[111.7265962,-6.7701541],[111.7266239,-6.7701583],[111.7266374,-6.7701609],[111.7266626,-6.7701659],[111.7266752,-6.770168],[111.7267036,-6.7701723],[111.7267119,-6.7701733],[111.7267202,-6.7701741],[111.7267283,-6.7701747],[111.7267363,-6.7701749],[111.726744,-6.7701747],[111.7267519,-6.7701739],[111.7267593,-6.7701722],[111.7267642,-6.7701704],[111.7267687,-6.7701679],[111.7267728,-6.7701646],[111.7267763,-6.7701605],[111.7267794,-6.7701559],[111.726782,-6.7701511],[111.7267843,-6.7701459],[111.7267871,-6.7701391],[111.7267954,-6.7701174],[111.7267984,-6.7701101],[111.7268041,-6.7700967],[111.7268069,-6.7700907],[111.7268101,-6.7700851],[111.7268133,-6.7700802],[111.726817,-6.7700757],[111.7268211,-6.7700718],[111.7268256,-6.7700682],[111.7268303,-6.7700651],[111.7268375,-6.7700614],[111.7268442,-6.7700587],[111.7268512,-6.7700565],[111.7268714,-6.7700512],[111.7268772,-6.7700495],[111.7268828,-6.7700474],[111.726888,-6.7700451],[111.726892,-6.7700426],[111.7268955,-6.7700396],[111.7268998,-6.7700342],[111.726903,-6.7700278],[111.7269055,-6.7700206],[111.7269074,-6.7700128],[111.726909,-6.7700047],[111.7269103,-6.7699962],[111.7269157,-6.7699532],[111.726917,-6.7699452],[111.7269184,-6.7699385],[111.7269199,-6.7699325],[111.7269216,-6.7699272],[111.7269237,-6.769923],[111.726926,-6.7699201],[111.7269275,-6.7699192],[111.7269291,-6.7699192],[111.7269309,-6.7699205],[111.7269327,-6.7699243],[111.7269337,-6.76993],[111.7269343,-6.769937],[111.7269345,-6.769945],[111.7269344,-6.7699536],[111.7269342,-6.7699626],[111.7269326,-6.7700003],[111.7269324,-6.7700096],[111.7269324,-6.7700188],[111.7269328,-6.7700277],[111.7269336,-6.7700361],[111.7269352,-6.770044],[111.7269378,-6.7700511],[111.7269403,-6.7700552],[111.7269434,-6.7700587],[111.7269486,-6.7700625],[111.7269547,-6.7700654],[111.7269586,-6.7700668],[111.7269697,-6.7700703],[111.726977,-6.7700723],[111.7270069,-6.7700792],[111.7270209,-6.7700827],[111.7270333,-6.7700864],[111.7270576,-6.7700942],[111.7270772,-6.7700999],[111.7270928,-6.7701046],[111.7271011,-6.770107],[111.7271076,-6.7701086],[111.7271141,-6.7701099],[111.7271207,-6.7701108],[111.7271282,-6.7701115],[111.7271356,-6.7701118],[111.7271424,-6.7701116],[111.7271491,-6.7701112],[111.7271541,-6.7701105],[111.7271588,-6.7701095],[111.7271646,-6.7701075],[111.7271699,-6.7701046],[111.7271746,-6.7701005],[111.7271788,-6.7700955],[111.7271825,-6.7700898],[111.7271858,-6.7700835],[111.7271888,-6.7700769],[111.7271919,-6.7700692],[111.7271975,-6.7700534],[111.7272072,-6.7700233],[111.7272091,-6.7700179],[111.727211,-6.7700132],[111.7272128,-6.7700095],[111.7272149,-6.7700066],[111.7272161,-6.7700059],[111.7272173,-6.7700058],[111.7272189,-6.7700075],[111.7272198,-6.7700116],[111.7272199,-6.7700174],[111.7272194,-6.7700245],[111.7272185,-6.7700324],[111.7272148,-6.7700591],[111.7272135,-6.7700683],[111.7272125,-6.7700775],[111.7272119,-6.7700866],[111.7272118,-6.7700954],[111.7272126,-6.7701039],[111.7272141,-6.7701106],[111.7272165,-6.7701167],[111.7272188,-6.7701204],[111.7272216,-6.7701237],[111.7272261,-6.7701276],[111.7272314,-6.7701308],[111.7272372,-6.7701335],[111.7272435,-6.7701357],[111.7272503,-6.7701374],[111.7272573,-6.7701387],[111.7272636,-6.7701394],[111.72727,-6.7701398],[111.7272764,-6.7701399],[111.7272835,-6.7701396],[111.7272906,-6.7701389],[111.7272976,-6.7701379],[111.7273036,-6.7701367],[111.7273095,-6.7701353],[111.7273153,-6.7701334],[111.7273216,-6.770131],[111.7273278,-6.7701281],[111.7273338,-6.7701251],[111.7273459,-6.7701186],[111.7273519,-6.7701151],[111.7273577,-6.7701111],[111.7273632,-6.7701066],[111.7273671,-6.7701027],[111.7273708,-6.7700985],[111.7273748,-6.7700931],[111.7273785,-6.7700872],[111.7273818,-6.7700811],[111.7273849,-6.770075],[111.7273879,-6.7700687],[111.7273935,-6.7700559],[111.7274026,-6.7700338],[111.7274054,-6.7700264],[111.7274116,-6.770009],[111.7274261,-6.7699653],[111.7274408,-6.7699229],[111.7274459,-6.7699071],[111.7274482,-6.7698991],[111.7274503,-6.7698911],[111.7274538,-6.769876],[111.7274585,-6.7698529],[111.7274602,-6.769845],[111.7274637,-6.7698312],[111.7274675,-6.7698149],[111.7274709,-6.7697981],[111.7274754,-6.7697718],[111.7274767,-6.7697651],[111.7274783,-6.7697584],[111.72748,-6.7697518],[111.7274881,-6.7697244],[111.7274915,-6.7697121],[111.7274946,-6.7696982],[111.727501,-6.7696654],[111.7275033,-6.7696515],[111.7275041,-6.7696447],[111.7275045,-6.7696382],[111.7275044,-6.769632],[111.7275036,-6.769626],[111.7275024,-6.7696216],[111.7275006,-6.7696174],[111.7274966,-6.7696119],[111.7274912,-6.769607],[111.727485,-6.7696026],[111.727478,-6.7695985],[111.7274708,-6.7695947],[111.7274487,-6.7695841],[111.727442,-6.7695807],[111.7274361,-6.7695774],[111.7274314,-6.7695741],[111.7274282,-6.7695708],[111.7274271,-6.7695681],[111.7274275,-6.7695659],[111.7274288,-6.7695647],[111.7274307,-6.7695639],[111.7274351,-6.7695635],[111.7274407,-6.769564],[111.7274605,-6.7695672],[111.7274673,-6.7695679],[111.7274737,-6.7695677],[111.7274796,-6.7695664],[111.7274819,-6.7695653],[111.7274865,-6.7695616],[111.7274902,-6.7695566],[111.7274934,-6.7695505],[111.7274961,-6.7695436],[111.7274984,-6.7695362],[111.7275006,-6.7695285],[111.7275043,-6.7695123],[111.7275061,-6.7695034],[111.7275076,-6.7694946],[111.7275087,-6.769486],[111.7275091,-6.7694775],[111.7275087,-6.7694695],[111.7275076,-6.769464],[111.7275059,-6.7694589],[111.7275033,-6.7694537],[111.7275,-6.769449],[111.7274905,-6.7694372],[111.7274889,-6.7694349],[111.7274878,-6.7694327],[111.7274873,-6.7694306],[111.7274877,-6.7694289],[111.7274898,-6.7694273],[111.7274935,-6.769427],[111.7274985,-6.7694277],[111.7275049,-6.7694293],[111.7275226,-6.7694346],[111.727528,-6.769436],[111.7275348,-6.7694372],[111.7275413,-6.7694376],[111.7275452,-6.7694373],[111.7275488,-6.7694363],[111.7275517,-6.7694349],[111.7275542,-6.7694329],[111.7275568,-6.7694292],[111.7275584,-6.7694247],[111.7275594,-6.7694184],[111.7275593,-6.7694115],[111.7275583,-6.7694045],[111.7275571,-6.7693997],[111.7275554,-6.7693951],[111.7275534,-6.7693912],[111.7275487,-6.7693829],[111.7275464,-6.7693783],[111.7275444,-6.7693727],[111.7275432,-6.7693664],[111.7275426,-6.7693598],[111.7275425,-6.7693522],[111.7275427,-6.7693442],[111.7275432,-6.7693361],[111.7275449,-6.7693153],[111.7275452,-6.7693066],[111.7275453,-6.7692979],[111.7275451,-6.7692891],[111.7275438,-6.7692542],[111.7275437,-6.7692457],[111.7275438,-6.7692374],[111.7275442,-6.7692294],[111.7275452,-6.7692219],[111.7275467,-6.7692149],[111.7275492,-6.7692087],[111.7275515,-6.7692049],[111.7275549,-6.7692007],[111.7275627,-6.7691927],[111.7275645,-6.76919],[111.7275652,-6.7691879],[111.7275649,-6.7691856],[111.7275638,-6.7691837],[111.7275619,-6.7691818],[111.7275597,-6.7691802],[111.7275572,-6.7691787],[111.7275523,-6.769176],[111.7275479,-6.769174],[111.7275416,-6.7691719],[111.7275225,-6.7691671],[111.7275175,-6.7691654],[111.7275139,-6.7691634],[111.7275127,-6.7691617],[111.7275125,-6.7691595],[111.7275137,-6.7691576],[111.7275154,-6.7691561],[111.7275177,-6.7691548],[111.7275223,-6.7691529],[111.7275327,-6.7691493],[111.7275377,-6.7691473],[111.7275417,-6.769145],[111.727545,-6.7691421],[111.7275465,-6.7691402],[111.7275484,-6.7691364],[111.7275495,-6.7691319],[111.72755,-6.7691271],[111.7275501,-6.769122],[111.72755,-6.7691166],[111.7275496,-6.7691112],[111.7275485,-6.7691029],[111.7275473,-6.769097],[111.7275459,-6.7690927],[111.727543,-6.7690869],[111.7275399,-6.7690827],[111.7275352,-6.7690788],[111.72753,-6.7690756],[111.7275199,-6.7690707],[111.7275163,-6.7690683],[111.7275145,-6.769066],[111.7275143,-6.769064],[111.7275159,-6.769061],[111.7275175,-6.7690596],[111.7275194,-6.7690582],[111.7275216,-6.7690569],[111.7275289,-6.769053],[111.7275319,-6.7690511],[111.7275345,-6.7690491],[111.7275366,-6.7690467],[111.7275375,-6.7690446],[111.7275375,-6.7690423],[111.7275365,-6.7690402],[111.7275338,-6.7690381],[111.7275295,-6.7690365],[111.7275244,-6.7690354],[111.7275137,-6.7690334],[111.7275092,-6.7690321],[111.727506,-6.7690303],[111.7275053,-6.7690294],[111.7275047,-6.7690281],[111.7275048,-6.7690262],[111.7275067,-6.769023],[111.7275085,-6.7690212],[111.7275108,-6.7690194],[111.7275191,-6.7690132],[111.7275221,-6.7690105],[111.727526,-6.7690057],[111.7275279,-6.769002],[111.7275293,-6.7689979],[111.7275303,-6.7689924],[111.7275307,-6.7689865],[111.7275305,-6.7689803],[111.7275301,-6.768976],[111.7275285,-6.7689653],[111.727527,-6.7689573],[111.7275252,-6.7689492],[111.7275233,-6.7689413],[111.727521,-6.7689336],[111.7275184,-6.7689264],[111.7275153,-6.7689197],[111.7275116,-6.7689139],[111.7275089,-6.7689109],[111.7275059,-6.7689084],[111.7275,-6.7689055],[111.7274935,-6.7689037],[111.7274869,-6.7689027],[111.7274747,-6.7689015],[111.7274701,-6.7689005],[111.7274681,-6.7688996],[111.7274669,-6.7688985],[111.7274666,-6.7688967],[111.7274674,-6.7688954],[111.7274687,-6.7688939],[111.7274725,-6.7688914],[111.7274831,-6.7688859],[111.727489,-6.7688826],[111.7274946,-6.7688789],[111.7274994,-6.7688744],[111.7275028,-6.7688696],[111.7275051,-6.7688635],[111.7275061,-6.7688568],[111.727506,-6.7688497],[111.7275052,-6.7688436],[111.7275038,-6.7688374],[111.7275022,-6.7688323],[111.7275004,-6.7688272],[111.7274971,-6.7688198],[111.7274933,-6.7688127],[111.7274891,-6.7688061],[111.7274846,-6.7688001],[111.7274796,-6.7687952],[111.7274755,-6.7687922],[111.7274702,-6.7687894],[111.727461,-6.7687854],[111.7274582,-6.7687831],[111.7274575,-6.7687814],[111.7274575,-6.7687796],[111.7274584,-6.7687771],[111.7274601,-6.7687745],[111.727466,-6.768767],[111.7274692,-6.7687618],[111.7274706,-6.7687581],[111.7274716,-6.7687542],[111.7274719,-6.7687476],[111.7274711,-6.7687406],[111.7274695,-6.7687332],[111.7274673,-6.7687256],[111.7274646,-6.7687179],[111.7274617,-6.7687099],[111.7274523,-6.768686],[111.7274328,-6.7686379],[111.7274259,-6.7686214],[111.7274185,-6.7686045],[111.7273997,-6.7685624],[111.7273844,-6.7685288],[111.7273727,-6.7685037],[111.7273605,-6.7684793],[111.7273396,-6.7684389],[111.7273316,-6.7684226],[111.7273279,-6.7684143],[111.7273244,-6.7684059],[111.7273214,-6.7683975],[111.7273192,-6.7683903],[111.7273175,-6.768383],[111.7273163,-6.7683759],[111.7273155,-6.7683687],[111.7273153,-6.7683622],[111.7273154,-6.7683557],[111.727316,-6.7683494],[111.7273177,-6.7683413],[111.7273204,-6.7683337],[111.7273232,-6.7683284],[111.7273267,-6.7683235],[111.7273308,-6.7683192],[111.7273347,-6.7683161],[111.7273388,-6.7683135],[111.7273454,-6.7683104],[111.7273523,-6.7683082],[111.727358,-6.7683072],[111.7273638,-6.7683066],[111.7273712,-6.7683068],[111.7273786,-6.7683078],[111.7273828,-6.768309],[111.7273869,-6.7683105],[111.7273913,-6.7683126],[111.7273954,-6.7683151],[111.7274,-6.7683186],[111.7274042,-6.7683225],[111.7274081,-6.768327],[111.7274116,-6.7683319],[111.727415,-6.768337],[111.7274187,-6.7683434],[111.7274222,-6.7683501],[111.7274256,-6.7683569],[111.7274326,-6.7683721],[111.7274398,-6.768389],[111.7274682,-6.7684566],[111.7275002,-6.7685319],[111.7275106,-6.768557],[111.7275173,-6.7685736],[111.7275334,-6.7686154],[111.7275719,-6.7687157],[111.7275814,-6.7687408],[111.7275905,-6.7687661],[111.727596,-6.7687831],[111.7275985,-6.7687916],[111.7276031,-6.7688088],[111.7276094,-6.7688348],[111.7276334,-6.7689391],[111.7276519,-6.7690174],[111.7276534,-6.7690243],[111.727656,-6.7690388],[111.72766,-6.7690642],[111.7276641,-6.7690915],[111.7276667,-6.7691097],[111.7276689,-6.7691279],[111.7276702,-6.7691411],[111.7276712,-6.769155],[111.7276717,-6.7691693],[111.727672,-6.7691919],[111.7276727,-6.7692177],[111.7276759,-6.7692957],[111.7276771,-6.7693328],[111.7276775,-6.7693605],[111.7276775,-6.7693697],[111.7276772,-6.7693789],[111.7276767,-6.7693881],[111.7276759,-6.7693972],[111.7276748,-6.7694063],[111.7276735,-6.7694154],[111.7276707,-6.7694335],[111.7276643,-6.7694696],[111.7276543,-6.7695238],[111.7276509,-6.7695418],[111.7276471,-6.7695598],[111.727643,-6.7695778],[111.7276364,-6.7696047],[111.727591,-6.7697835],[111.7275753,-6.7698459],[111.7275138,-6.7700937],[111.727503,-6.770138],[111.7274988,-6.7701558],[111.7274928,-6.7701829],[111.7274677,-6.7703007],[111.7274578,-6.770346],[111.7274537,-6.7703639],[111.7274473,-6.7703903],[111.7274298,-6.7704608],[111.7274258,-6.7704784],[111.727424,-6.7704872],[111.7274224,-6.770496],[111.7274212,-6.7705047],[111.7274205,-6.7705134],[111.7274206,-6.770522],[111.7274214,-6.7705299],[111.727423,-6.7705376],[111.7274255,-6.7705454],[111.7274288,-6.7705528],[111.7274325,-6.7705589],[111.7274369,-6.7705646],[111.7274408,-6.770569],[111.727445,-6.7705732],[111.7274515,-6.770579],[111.7274585,-6.7705845],[111.7274646,-6.7705889],[111.7274709,-6.7705931],[111.7274778,-6.7705974],[111.7274846,-6.7706012],[111.7274957,-6.7706068],[111.7275069,-6.7706122],[111.7275615,-6.7706287],[111.7276047,-6.7706567],[111.7276562,-6.7706805],[111.7277003,-6.7706905],[111.727743,-6.7707119],[111.7277888,-6.7707365],[111.7278333,-6.7707646],[111.7278814,-6.7707926],[111.7279317,-6.7708231],[111.7279786,-6.7708535],[111.7280304,-6.7708728],[111.7280744,-6.7708904],[111.7281298,-6.7709068],[111.7281766,-6.7709291],[111.7282175,-6.7709319],[111.7282636,-6.7709516],[111.7283062,-6.7709779],[111.7283535,-6.7710031],[111.7284051,-6.7710193],[111.7284561,-6.7710382],[111.7285049,-6.7710576],[111.7285565,-6.7710826],[111.72861,-6.7711033],[111.7286682,-6.771123],[111.7287139,-6.7711427],[111.7287749,-6.7711605],[111.7288236,-6.7711722],[111.7288725,-6.7711841],[111.7289176,-6.7711916],[111.7289635,-6.7711988],[111.7290139,-6.7712074],[111.7290672,-6.7712152],[111.7291201,-6.7712245],[111.729171,-6.7712325],[111.7292161,-6.7712425],[111.7292653,-6.7712529],[111.729312,-6.7712576],[111.7293608,-6.7712675],[111.7293819,-6.7713116],[111.7294341,-6.7713253],[111.7294883,-6.7713314],[111.7295366,-6.7713375],[111.7295903,-6.7713476],[111.7296388,-6.7713578],[111.7297031,-6.77137],[111.7297487,-6.7713782],[111.7298019,-6.7713872],[111.7298515,-6.771398],[111.7298914,-6.7714135],[111.7299301,-6.7714269],[111.7299809,-6.771437],[111.7300292,-6.7714454],[111.7300826,-6.7714596],[111.7301348,-6.7714706],[111.7301888,-6.7714807],[111.7302345,-6.7714886],[111.7302823,-6.7714989],[111.7303303,-6.7715098],[111.7303855,-6.7715185],[111.7304463,-6.7715297],[111.7305018,-6.7715388],[111.7305584,-6.7715476],[111.7306154,-6.7715551],[111.7306646,-6.7715648],[111.7307107,-6.7715728],[111.7307657,-6.7715793],[111.7308203,-6.7715889],[111.7308676,-6.7716013],[111.7309238,-6.7716102],[111.7309656,-6.7716216],[111.7310194,-6.7716346],[111.7310677,-6.7716351],[111.7311224,-6.7716439],[111.7311605,-6.7716509],[111.7312225,-6.7716636],[111.7312692,-6.7716641],[111.7313146,-6.7716719],[111.731348,-6.7716765],[111.7313971,-6.7716709],[111.7314378,-6.7716689],[111.7314924,-6.7716774],[111.7315434,-6.7716832],[111.7315918,-6.7716855],[111.731638,-6.7716925],[111.7316891,-6.7716982],[111.7317374,-6.7717055],[111.7317852,-6.7717112],[111.731835,-6.7717157],[111.7318838,-6.771718],[111.7319347,-6.7717166],[111.7319851,-6.7717213],[111.7320232,-6.7717222],[111.7320665,-6.771726],[111.7321002,-6.7717227],[111.7321531,-6.7717266],[111.7322068,-6.7717305],[111.7322447,-6.771724],[111.7322862,-6.7717091],[111.7323272,-6.7717168],[111.732367,-6.7717179],[111.7324146,-6.7717201],[111.7324735,-6.7717163],[111.7325261,-6.7716998],[111.732574,-6.771684],[111.7326334,-6.7716742],[111.7326854,-6.7716645],[111.7327356,-6.7716511],[111.7327873,-6.7716285],[111.7328381,-6.7715987],[111.7328872,-6.7715873],[111.7329377,-6.7715781],[111.7329853,-6.7715727],[111.7330342,-6.7715689],[111.7330828,-6.7715662],[111.7331405,-6.7715618],[111.7331987,-6.7715571],[111.7332551,-6.7715575],[111.73331,-6.7715514],[111.7333666,-6.771544],[111.7334167,-6.7715372],[111.7334716,-6.7715299],[111.7335222,-6.7715192],[111.7335641,-6.771515],[111.7336153,-6.7715048],[111.7336689,-6.7715085],[111.7337197,-6.7714989],[111.7337656,-6.7714933],[111.73382,-6.7714899],[111.7338649,-6.7714854],[111.7339174,-6.7714787],[111.7339729,-6.7714718],[111.7340229,-6.7714688],[111.7340783,-6.7714619],[111.7341249,-6.7714633],[111.7341772,-6.7714605],[111.7342185,-6.771457],[111.7342663,-6.7714516],[111.7343306,-6.7714559],[111.7343795,-6.7714548],[111.7344472,-6.7714496],[111.7345,-6.7714541],[111.734549,-6.7714522],[111.7346009,-6.7714546],[111.7346513,-6.7714556],[111.7347023,-6.7714597],[111.7347552,-6.7714634],[111.7347982,-6.771457],[111.73485,-6.7714461],[111.7348875,-6.7714403],[111.7349343,-6.7714397],[111.7349775,-6.771444],[111.7350215,-6.7714445],[111.7350713,-6.7714381],[111.7351186,-6.77143],[111.7351723,-6.7714184],[111.7352268,-6.771407],[111.7352745,-6.7713806],[111.7353232,-6.7713543],[111.7353592,-6.771326],[111.7354144,-6.7713012],[111.7354643,-6.7712939],[111.7355179,-6.7712887],[111.7355717,-6.7712814],[111.7356206,-6.771275],[111.7356625,-6.7712731],[111.7357075,-6.771271],[111.7357562,-6.7712699],[111.7358093,-6.7712677],[111.7358661,-6.7712648],[111.7359249,-6.7712615],[111.7359737,-6.7712586],[111.7360212,-6.771256],[111.7360729,-6.7712529],[111.736116,-6.771247],[111.7361562,-6.7712485],[111.7362243,-6.771244],[111.7362716,-6.7712365],[111.7363205,-6.7712355],[111.7363678,-6.7712301],[111.7364235,-6.7712293],[111.7364709,-6.77122],[111.7365223,-6.7712173],[111.7365684,-6.77121],[111.7366087,-6.7712015],[111.7366521,-6.7712013],[111.7367021,-6.7711954],[111.7367514,-6.7711877],[111.7368015,-6.7711821],[111.736849,-6.7711769],[111.736896,-6.7711756],[111.7369484,-6.7711641],[111.7369952,-6.771159],[111.7370386,-6.7711475],[111.73709,-6.7711391],[111.7371349,-6.7711336],[111.7371866,-6.7711241],[111.7372313,-6.7711128],[111.7372825,-6.7711048],[111.7373283,-6.7710973],[111.7373714,-6.7710844],[111.7374175,-6.7710776],[111.7374613,-6.7710684],[111.7375082,-6.7710605],[111.7375572,-6.7710552],[111.7375991,-6.7710513],[111.7376491,-6.7710444],[111.7376962,-6.7710424],[111.7377443,-6.7710412],[111.7377845,-6.7710395],[111.7378378,-6.7710404],[111.7378853,-6.7710396],[111.7379361,-6.7710365],[111.7379817,-6.7710359],[111.7380316,-6.7710364],[111.738093,-6.7710369],[111.7381244,-6.7710411],[111.7381704,-6.7710439],[111.7382181,-6.7710453],[111.7382678,-6.7710484],[111.7383125,-6.7710494],[111.7383595,-6.7710545],[111.7384127,-6.7710542],[111.7384606,-6.7710544],[111.7385073,-6.7710506],[111.7385547,-6.7710485],[111.7386037,-6.7710464],[111.7386493,-6.7710458],[111.7387003,-6.771043],[111.7387458,-6.7710396],[111.7387948,-6.7710304],[111.7388852,-6.7710092],[111.7389348,-6.7709979],[111.7389848,-6.770987],[111.7390385,-6.7709776],[111.7390902,-6.7709693],[111.7391403,-6.7709602],[111.7391879,-6.7709537],[111.7392349,-6.7709473],[111.7392828,-6.7709383],[111.739336,-6.7709324],[111.7393827,-6.770923],[111.7394284,-6.7709136],[111.7394737,-6.7709038],[111.7395176,-6.7708936],[111.7395634,-6.7708842],[111.7396066,-6.7708743],[111.7396533,-6.7708712],[111.7396925,-6.770869],[111.739741,-6.770865],[111.7397848,-6.7708596],[111.7398286,-6.7708563],[111.7398762,-6.7708543],[111.7399185,-6.7708501],[111.7399631,-6.770848],[111.7400111,-6.7708427],[111.7400605,-6.7708343],[111.740112,-6.7708284],[111.7401542,-6.7708215],[111.740203,-6.7708148],[111.7402415,-6.7708125],[111.7402836,-6.7708126],[111.7403311,-6.7708048],[111.7403801,-6.7707899],[111.7404227,-6.7707853],[111.7404719,-6.7707719],[111.7405141,-6.7707547],[111.7405608,-6.7707467],[111.7406028,-6.7707477],[111.7406505,-6.7707466],[111.7406956,-6.7707447],[111.7407432,-6.7707464],[111.7407959,-6.7707613],[111.7408468,-6.7707691],[111.740894,-6.7707789],[111.7409408,-6.7707835],[111.7409902,-6.7707873],[111.7410389,-6.7707884],[111.7410933,-6.7707892],[111.7411417,-6.7707896],[111.7411901,-6.7707865],[111.7412353,-6.7707798],[111.7412871,-6.770774],[111.7413283,-6.7707714],[111.7413746,-6.7707604],[111.7414217,-6.7707422],[111.7414653,-6.770724],[111.7415107,-6.7707116],[111.741561,-6.7707058],[111.7416094,-6.7707088],[111.7416568,-6.770698],[111.7416995,-6.7706943],[111.7417568,-6.7706906],[111.7418009,-6.7706912],[111.7418478,-6.7706906],[111.741897,-6.7706885],[111.741948,-6.7706836],[111.7419951,-6.770678],[111.7420405,-6.7706708],[111.7420818,-6.7706625],[111.7421212,-6.770652],[111.742164,-6.7706378],[111.7422137,-6.7706173],[111.7422605,-6.7705972],[111.7423072,-6.7705852],[111.7423582,-6.770576],[111.7424081,-6.770575],[111.7424563,-6.7705813],[111.742507,-6.7705869],[111.7425553,-6.7705931],[111.7426041,-6.7705998],[111.7426521,-6.7706034],[111.7426975,-6.7706083],[111.7427447,-6.7706155],[111.7427888,-6.7706249],[111.7428439,-6.7706387],[111.7428877,-6.7706459],[111.7429317,-6.770651],[111.7429847,-6.7706444],[111.7430347,-6.7706443],[111.7430783,-6.7706458],[111.7431238,-6.770644],[111.7431705,-6.7706252],[111.7432131,-6.7706311],[111.7432625,-6.7706391],[111.7433086,-6.7706449],[111.7433563,-6.7706539],[111.7434022,-6.7706596],[111.7434437,-6.7706671],[111.7434861,-6.7706783],[111.7435381,-6.7706933],[111.7435831,-6.7706992],[111.7436334,-6.7707088],[111.7436755,-6.7707153],[111.7437267,-6.7707268],[111.7437785,-6.7707406],[111.7438254,-6.7707547],[111.7438705,-6.7707721],[111.7439141,-6.7707853],[111.7439592,-6.7707972],[111.7440054,-6.7708074],[111.744051,-6.7708169],[111.74409,-6.7708363],[111.7441374,-6.7708431],[111.744185,-6.7708491],[111.7442315,-6.770854],[111.7442818,-6.7708613],[111.744333,-6.7708678],[111.7443842,-6.7708709],[111.7444323,-6.7708772],[111.7444759,-6.7708809],[111.7445258,-6.7708873],[111.7445708,-6.7708956],[111.744614,-6.770908],[111.7446631,-6.7709186],[111.744711,-6.7709254],[111.7447618,-6.770933],[111.7448101,-6.7709425],[111.7448608,-6.7709516],[111.7449067,-6.7709594],[111.7449566,-6.7709646],[111.7450102,-6.7709774],[111.7450544,-6.7709886],[111.7450987,-6.7709991],[111.7451484,-6.7710103],[111.7451941,-6.7710199],[111.7452428,-6.771033],[111.7452895,-6.771046],[111.7453362,-6.7710564],[111.7453795,-6.7710676],[111.7454215,-6.7710774],[111.7454751,-6.771089],[111.745519,-6.7711062],[111.7455679,-6.771114],[111.7456141,-6.7711202],[111.7456589,-6.7711312],[111.7457087,-6.7711371],[111.7457548,-6.7711438],[111.745804,-6.7711514],[111.7458523,-6.7711591],[111.7458979,-6.771168],[111.745952,-6.7711773],[111.7459961,-6.7711904],[111.7460462,-6.771191],[111.7460943,-6.7712106],[111.7461408,-6.7712194],[111.74619,-6.771236],[111.7462292,-6.7712499],[111.746276,-6.771264],[111.746323,-6.7712733],[111.7463649,-6.7712836],[111.7464143,-6.7712949],[111.7464658,-6.7713033],[111.7465053,-6.7713176],[111.7465568,-6.7713313],[111.7466107,-6.7713442],[111.7466658,-6.7713516],[111.7467082,-6.7713637],[111.7467616,-6.771375],[111.7468099,-6.7713878],[111.7468608,-6.7713972],[111.7469101,-6.7714066],[111.7469558,-6.7714076],[111.7470085,-6.7714227],[111.7470575,-6.7714357],[111.747103,-6.7714469],[111.7471481,-6.7714549],[111.7472035,-6.7714632],[111.7472489,-6.7714741],[111.7472937,-6.7714832],[111.7473435,-6.7714976],[111.747396,-6.771502],[111.7474414,-6.7715201],[111.7474904,-6.7715318],[111.7475405,-6.7715407],[111.7475919,-6.7715452],[111.7476365,-6.7715528],[111.7476828,-6.771567],[111.7477266,-6.7715803],[111.7477691,-6.7715923],[111.7478178,-6.7716044],[111.7478725,-6.7716173],[111.7479197,-6.7716167],[111.7479677,-6.7716255],[111.748014,-6.7716431],[111.7480654,-6.7716605],[111.7481116,-6.7716721],[111.7481605,-6.7716853],[111.7482087,-6.7716952],[111.7482614,-6.7717088],[111.7483161,-6.7717187],[111.7483569,-6.7717253],[111.7483944,-6.7717363],[111.7484405,-6.7717417],[111.7484898,-6.7717434],[111.7485319,-6.7717413],[111.7485766,-6.7717363],[111.7486049,-6.7717308],[111.7486418,-6.7717051],[111.7486466,-6.7717003],[111.7486517,-6.7716957],[111.7486855,-6.7716675],[111.7486916,-6.7716627],[111.7486966,-6.7716591],[111.7487017,-6.7716557],[111.7487069,-6.7716525],[111.7487143,-6.7716485],[111.7487218,-6.7716448],[111.7487294,-6.7716413],[111.7487616,-6.7716271],[111.7487771,-6.77162],[111.7487848,-6.7716163],[111.7487923,-6.7716123],[111.7487994,-6.771608],[111.7488061,-6.7716031],[111.7488109,-6.771599],[111.7488296,-6.7715806],[111.7488345,-6.771576],[111.7488397,-6.7715715],[111.7488453,-6.7715671],[111.7488511,-6.7715628],[111.748857,-6.7715586],[111.7488681,-6.7715512],[111.7488796,-6.7715442],[111.7489018,-6.7715313],[111.748909,-6.7715267],[111.7489154,-6.7715221],[111.7489217,-6.7715174],[111.7489279,-6.7715125],[111.7489502,-6.7714943],[111.7489707,-6.7714781],[111.7489766,-6.7714732],[111.7489879,-6.7714632],[111.7489933,-6.771458],[111.7489988,-6.7714523],[111.7490041,-6.7714464],[111.7490102,-6.7714386],[111.7490151,-6.7714319],[111.7490197,-6.771425],[111.7490382,-6.771397],[111.749043,-6.7713901],[111.7490611,-6.7713654],[111.7490703,-6.7713523],[111.7490774,-6.7713415],[111.7490959,-6.7713125],[111.7491094,-6.771292],[111.7491188,-6.7712779],[111.7491324,-6.7712587],[111.7491539,-6.7712293],[111.7491579,-6.7712236],[111.7491616,-6.7712178],[111.7491655,-6.7712114],[111.749169,-6.7712048],[111.7491723,-6.7711981],[111.7491754,-6.7711912],[111.7491782,-6.7711843],[111.7491871,-6.7711597],[111.7491904,-6.7711518],[111.7491941,-6.7711443],[111.7491984,-6.7711371],[111.7492023,-6.7711316],[111.7492066,-6.7711265],[111.7492113,-6.7711218],[111.7492163,-6.7711174],[111.7492226,-6.7711128],[111.7492294,-6.7711086],[111.7492364,-6.7711049],[111.7492437,-6.7711014],[111.7492517,-6.7710981],[111.7492598,-6.771095],[111.749268,-6.7710922],[111.7492746,-6.7710903],[111.7492812,-6.7710885],[111.7492879,-6.7710869],[111.7492946,-6.7710856],[111.7493025,-6.7710842],[111.7493105,-6.7710831],[111.7493185,-6.7710822],[111.7493265,-6.7710816],[111.7493337,-6.7710812],[111.749348,-6.7710808],[111.7493706,-6.7710806],[111.7495038,-6.7710816],[111.7496655,-6.771082],[111.7496828,-6.7710821],[111.7496991,-6.7710824],[111.7497143,-6.771083],[111.7497214,-6.7710835],[111.7497285,-6.771084],[111.7497356,-6.7710848],[111.7497426,-6.7710859],[111.7497503,-6.7710873],[111.749758,-6.7710891],[111.7497885,-6.7710969],[111.7497963,-6.7710988],[111.7498042,-6.7711004],[111.749812,-6.7711018],[111.7498198,-6.7711028],[111.7498277,-6.7711033],[111.7498354,-6.7711033],[111.749843,-6.7711028],[111.7498506,-6.7711017],[111.749858,-6.7711],[111.7498641,-6.7710982],[111.7498816,-6.7710921],[111.7498871,-6.7710904],[111.7498927,-6.7710887],[111.7499,-6.7710869],[111.7499074,-6.7710853],[111.7499149,-6.7710841],[111.7499226,-6.7710834],[111.7499303,-6.7710831],[111.749938,-6.7710832],[111.7499456,-6.7710838],[111.7499532,-6.7710849],[111.7499604,-6.7710864],[111.7499676,-6.7710883],[111.7499747,-6.7710905],[111.7499827,-6.7710932],[111.7499906,-6.7710961],[111.7499985,-6.7710993],[111.7500057,-6.7711025],[111.7500128,-6.7711058],[111.7500199,-6.7711094],[111.7500268,-6.7711131],[111.7500337,-6.7711169],[111.7500404,-6.771121],[111.7500543,-6.7711298],[111.7500613,-6.7711339],[111.7500689,-6.7711377],[111.7500766,-6.7711411],[111.7500846,-6.7711442],[111.7500927,-6.771147],[111.7501009,-6.7711495],[111.7501091,-6.7711518],[111.7501175,-6.7711539],[111.7501253,-6.7711556],[111.7501563,-6.7711618],[111.7501637,-6.7711634],[111.7501962,-6.7711717],[111.7502044,-6.7711735],[111.7502129,-6.771175],[111.7502473,-6.7711801],[111.7502559,-6.7711816],[111.7502641,-6.7711834],[111.7502884,-6.7711894],[111.7502966,-6.7711911],[111.750304,-6.7711925],[111.7503114,-6.7711936],[111.7503263,-6.7711953],[111.7503333,-6.7711959],[111.7503474,-6.7711968],[111.7503623,-6.7711973],[111.750378,-6.7711974],[111.7503859,-6.7711972],[111.7504005,-6.7711964],[111.7504073,-6.7711958],[111.7504141,-6.771195],[111.7504379,-6.7711912],[111.7504465,-6.77119],[111.7504638,-6.7711883],[111.7505117,-6.7711842],[111.7505262,-6.7711831],[111.7505346,-6.7711827],[111.7505686,-6.7711814],[111.750577,-6.7711809],[111.7505845,-6.7711802],[111.750592,-6.7711794],[111.7505994,-6.7711783],[111.7506068,-6.7711769],[111.750614,-6.7711752],[111.7506218,-6.7711728],[111.7506294,-6.77117],[111.7506368,-6.7711668],[111.7506441,-6.7711632],[111.7506511,-6.7711591],[111.7506578,-6.7711547],[111.7506627,-6.771151],[111.7506674,-6.771147],[111.7506769,-6.7711385],[111.7506863,-6.7711292],[111.7506908,-6.7711243],[111.7506995,-6.7711143],[111.7507045,-6.7711078],[111.7507094,-6.7711012],[111.750714,-6.7710945],[111.7507182,-6.7710876],[111.7507221,-6.7710805],[111.7507253,-6.7710732],[111.7507281,-6.7710652],[111.7507304,-6.7710571],[111.7507322,-6.7710487],[111.7507418,-6.7709996],[111.7507448,-6.7709835],[111.7507462,-6.7709754],[111.7507474,-6.7709673],[111.7507484,-6.7709592],[111.7507491,-6.7709513],[111.7507497,-6.7709435],[111.7507502,-6.7709277],[111.7507505,-6.7709126],[111.7507508,-6.7708628],[111.7507512,-6.7708486],[111.7507519,-6.7708343],[111.7507524,-6.7708272],[111.7507531,-6.7708202],[111.750754,-6.7708137],[111.7507582,-6.7707874],[111.7507594,-6.7707788],[111.7507615,-6.7707615],[111.7507651,-6.7707292],[111.7507662,-6.7707218],[111.7507672,-6.7707159],[111.7507697,-6.7707043],[111.7507733,-6.77069],[111.7507773,-6.770676],[111.7507794,-6.7706691],[111.7507817,-6.7706624],[111.7507845,-6.770656],[111.7507882,-6.7706495],[111.7507926,-6.7706436],[111.7507976,-6.7706381],[111.7508018,-6.7706344],[111.7508063,-6.7706311],[111.7508128,-6.7706271],[111.7508198,-6.7706237],[111.7508271,-6.7706208],[111.7508338,-6.7706187],[111.7508407,-6.770617],[111.7508477,-6.7706155],[111.7508547,-6.7706142],[111.7508619,-6.770613],[111.7508843,-6.77061],[111.7508913,-6.770609],[111.7509051,-6.7706065],[111.7509273,-6.7706018],[111.7509348,-6.7706005],[111.7509428,-6.7705995],[111.7509509,-6.7705987],[111.750959,-6.7705983],[111.7509674,-6.770598],[111.7509758,-6.770598],[111.750984,-6.7705981],[111.7509921,-6.7705985],[111.7510001,-6.7705993],[111.7510081,-6.7706003],[111.7510158,-6.7706019],[111.751021,-6.7706034],[111.7510289,-6.7706064],[111.7510365,-6.77061],[111.7510438,-6.7706141],[111.7510702,-6.7706297],[111.7510766,-6.7706337],[111.7510886,-6.7706418],[111.751106,-6.7706544],[111.751117,-6.7706629],[111.7511228,-6.7706679],[111.7511341,-6.7706784],[111.751145,-6.7706892],[111.7511714,-6.7707162],[111.7511834,-6.7707281],[111.7511951,-6.770739],[111.7512249,-6.7707659],[111.7512497,-6.7707892],[111.7512614,-6.7708001],[111.7512782,-6.7708149],[111.7512964,-6.7708301],[111.7513153,-6.7708452],[111.7513282,-6.770855],[111.7513348,-6.7708597],[111.7513471,-6.7708682],[111.7513596,-6.7708763],[111.7513724,-6.770884],[111.7513801,-6.7708883],[111.751434,-6.7709176],[111.7514494,-6.7709257],[111.7514652,-6.7709337],[111.751498,-6.7709493],[111.7515109,-6.7709558],[111.7515172,-6.7709593],[111.7515245,-6.7709637],[111.7515317,-6.7709683],[111.7515388,-6.7709731],[111.751552,-6.7709822],[111.7516431,-6.771027],[111.7516948,-6.7710637],[111.7517347,-6.7710991],[111.7517757,-6.7711393],[111.7518544,-6.7711972],[111.7519225,-6.7712392],[111.7519704,-6.7712746],[111.752008,-6.7713124],[111.7520649,-6.7713464],[111.7521065,-6.7713841],[111.7521502,-6.771422],[111.7521963,-6.7714517],[111.7522435,-6.7714891],[111.7522913,-6.77152],[111.7523344,-6.7715468],[111.7523855,-6.7715726],[111.7524654,-6.7716086],[111.7525116,-6.7715995],[111.752524,-6.7715927],[111.7525301,-6.7715891],[111.7525441,-6.7715802],[111.752551,-6.7715756],[111.7525647,-6.771566],[111.7525783,-6.7715563],[111.7525905,-6.7715472],[111.7526213,-6.7715237],[111.7526276,-6.7715192],[111.7526346,-6.7715146],[111.7526489,-6.7715059],[111.7526714,-6.7714928],[111.7526792,-6.7714887],[111.7526871,-6.771485],[111.7526926,-6.7714828],[111.7526982,-6.771481],[111.752704,-6.7714794],[111.7527109,-6.7714779],[111.752718,-6.7714769],[111.7527252,-6.7714761],[111.7527324,-6.7714756],[111.7527396,-6.7714753],[111.7527478,-6.7714752],[111.752756,-6.7714753],[111.7527642,-6.7714758],[111.7527723,-6.7714766],[111.7527803,-6.7714779],[111.7527881,-6.7714798],[111.7527962,-6.7714827],[111.752804,-6.7714863],[111.7528116,-6.7714904],[111.752819,-6.7714951],[111.7528259,-6.7715004],[111.7528313,-6.771505],[111.7528364,-6.7715099],[111.7528413,-6.7715151],[111.752846,-6.7715207],[111.7528505,-6.7715264],[111.7528678,-6.77155],[111.7528722,-6.7715558],[111.7528767,-6.7715615],[111.7528816,-6.7715673],[111.7528867,-6.7715729],[111.752892,-6.7715783],[111.7528974,-6.7715836],[111.752903,-6.7715887],[111.7529089,-6.7715938],[111.7529149,-6.7715988],[111.7529317,-6.7716122],[111.7529423,-6.771621],[111.7529474,-6.7716255],[111.7529674,-6.7716438],[111.7530038,-6.7716762],[111.7530383,-6.771708],[111.7530498,-6.7717182],[111.7530556,-6.7717231],[111.7530616,-6.7717279],[111.7530679,-6.7717327],[111.7530743,-6.7717373],[111.7530873,-6.7717462],[111.7531138,-6.7717639],[111.7531338,-6.7717776],[111.7531543,-6.771792],[111.7531757,-6.7718075],[111.7531899,-6.7718181],[111.7531968,-6.7718235],[111.7532282,-6.7718485],[111.7532344,-6.7718535],[111.7532457,-6.7718636],[111.7532622,-6.7718791],[111.7532754,-6.771891],[111.7532887,-6.7719026],[111.7533162,-6.771926],[111.7533297,-6.771938],[111.7533362,-6.7719442],[111.7533426,-6.7719505],[111.7533482,-6.7719565],[111.7533536,-6.7719626],[111.7533749,-6.7719877],[111.7533855,-6.7719996],[111.7533907,-6.7720052],[111.7534015,-6.7720162],[111.7534126,-6.7720268],[111.7534182,-6.772032],[111.7534296,-6.7720421],[111.7534355,-6.772047],[111.7534481,-6.7720571],[111.753455,-6.7720623],[111.7534619,-6.7720673],[111.753469,-6.7720722],[111.7534761,-6.7720768],[111.7534834,-6.7720812],[111.7534909,-6.7720853],[111.7534989,-6.7720891],[111.753507,-6.7720926],[111.7535236,-6.7720988],[111.7535572,-6.7721108],[111.7535737,-6.772117],[111.7535898,-6.7721236],[111.7535977,-6.772127],[111.7536055,-6.7721306],[111.7536131,-6.7721345],[111.7536197,-6.7721384],[111.7536327,-6.7721467],[111.753652,-6.7721596],[111.7536586,-6.7721637],[111.7536654,-6.7721677],[111.7536792,-6.7721753],[111.7536924,-6.7721819],[111.7536986,-6.7721848],[111.7537049,-6.7721876],[111.7537131,-6.7721908],[111.7537215,-6.7721938],[111.75373,-6.7721965],[111.7537635,-6.7722066],[111.7537714,-6.7722092],[111.7537792,-6.772212],[111.7537869,-6.772215],[111.7537945,-6.7722184],[111.7538018,-6.7722221],[111.7538084,-6.772226],[111.7538148,-6.7722302],[111.7538211,-6.7722346],[111.7538332,-6.7722436],[111.7538567,-6.7722613],[111.7538867,-6.7722835],[111.7538993,-6.7722931],[111.7539515,-6.7723336],[111.7539722,-6.7723502],[111.7539928,-6.7723676],[111.7540268,-6.7723974],[111.7540399,-6.7724082],[111.7540466,-6.7724134],[111.7540536,-6.7724186],[111.7540607,-6.7724236],[111.754068,-6.7724284],[111.7540827,-6.7724379],[111.7540976,-6.7724472],[111.7541197,-6.7724606],[111.7541346,-6.7724693],[111.7541631,-6.7724853],[111.754177,-6.7724936],[111.7541899,-6.7725021],[111.7542154,-6.7725198],[111.7542278,-6.772528],[111.7542404,-6.7725358],[111.7542535,-6.7725432],[111.7542602,-6.7725467],[111.754267,-6.7725499],[111.754274,-6.772553],[111.7542811,-6.7725558],[111.7542883,-6.7725584],[111.7543141,-6.7725666],[111.7543217,-6.7725695],[111.7543293,-6.7725726],[111.7543665,-6.772589],[111.7543811,-6.7725959],[111.7543971,-6.7726041],[111.754427,-6.7726203],[111.7544392,-6.7726267],[111.7544666,-6.7726398],[111.7544812,-6.7726472],[111.7544956,-6.7726551],[111.7545342,-6.7726777],[111.75455,-6.7726864],[111.754566,-6.7726948],[111.7546046,-6.7727143],[111.7546198,-6.7727225],[111.7546366,-6.7727325],[111.7546519,-6.7727423],[111.7546664,-6.7727521],[111.7546801,-6.772762],[111.7546935,-6.7727723],[111.7547041,-6.7727812],[111.7547145,-6.7727902],[111.7547417,-6.7728146],[111.754753,-6.7728244],[111.7547589,-6.7728291],[111.7547653,-6.7728339],[111.7547719,-6.7728383],[111.754779,-6.7728424],[111.7547863,-6.772846],[111.7547939,-6.7728493],[111.7548016,-6.7728521],[111.7548095,-6.7728545],[111.754818,-6.7728566],[111.7548266,-6.7728582],[111.7548339,-6.7728591],[111.7548413,-6.7728598],[111.7548562,-6.7728606],[111.7548789,-6.7728614],[111.7548932,-6.7728624],[111.7548998,-6.7728632],[111.7549063,-6.7728642],[111.7549144,-6.772866],[111.7549224,-6.7728682],[111.7549302,-6.7728708],[111.754938,-6.7728739],[111.7549454,-6.7728772],[111.7549527,-6.7728808],[111.7549599,-6.7728847],[111.7549669,-6.7728889],[111.7549744,-6.7728935],[111.7549964,-6.7729081],[111.7550038,-6.7729128],[111.7550112,-6.7729172],[111.7550189,-6.7729213],[111.755025,-6.7729242],[111.7550312,-6.7729268],[111.7550449,-6.7729321],[111.7550524,-6.7729347],[111.75506,-6.772937],[111.7550674,-6.772939],[111.7550745,-6.7729405],[111.7550816,-6.7729414],[111.7550881,-6.7729417],[111.7550931,-6.7729414],[111.7550986,-6.7729406],[111.7551123,-6.7729378],[111.7551164,-6.7729371],[111.7551205,-6.7729365],[111.7551255,-6.7729361],[111.7551305,-6.772936],[111.7551357,-6.7729364],[111.7551407,-6.7729373],[111.7551433,-6.772938],[111.7551491,-6.7729403],[111.755153,-6.7729423],[111.7551578,-6.7729453],[111.7551669,-6.772952],[111.7551728,-6.7729562],[111.7551765,-6.7729586],[111.7551808,-6.7729613],[111.7551853,-6.7729638],[111.7551893,-6.7729657],[111.7551934,-6.7729674],[111.755201,-6.7729701],[111.7552088,-6.7729723],[111.7552247,-6.7729765],[111.7552324,-6.7729789],[111.7552412,-6.7729821],[111.755257,-6.7729885],[111.7552624,-6.7729905],[111.755267,-6.7729921],[111.7552717,-6.7729934],[111.755296,-6.7729999],[111.7553035,-6.7730024],[111.7553107,-6.7730053],[111.755318,-6.773009],[111.7553252,-6.7730131],[111.7553292,-6.7730156],[111.7553491,-6.7730285],[111.7553563,-6.7730328],[111.7553615,-6.7730356],[111.7553667,-6.773038],[111.7553722,-6.7730404],[111.7553933,-6.7730489],[111.7553992,-6.773051],[111.7554031,-6.7730521],[111.755407,-6.773053],[111.7554114,-6.7730535],[111.7554157,-6.7730536],[111.7554207,-6.7730532],[111.7554255,-6.7730522],[111.7554318,-6.77305],[111.755437,-6.7730474],[111.7554418,-6.7730441],[111.7554468,-6.7730395],[111.7554514,-6.7730343],[111.7554534,-6.7730316],[111.7554579,-6.7730248],[111.7554619,-6.7730175],[111.7554657,-6.7730099],[111.7554693,-6.773002],[111.7554761,-6.7729859],[111.7555049,-6.7729121],[111.7555242,-6.7728633],[111.7555375,-6.7728307],[111.7555646,-6.772765],[111.755571,-6.7727488],[111.755574,-6.7727407],[111.7555768,-6.7727328],[111.7555792,-6.772725],[111.7555811,-6.7727173],[111.7555824,-6.77271],[111.7555828,-6.7727029],[111.755582,-6.7726962],[111.7555805,-6.7726915],[111.7555727,-6.7726745],[111.7555705,-6.772668],[111.7555693,-6.7726631],[111.7555687,-6.772658],[111.7555686,-6.7726518],[111.7555691,-6.7726454],[111.7555704,-6.7726378],[111.7555723,-6.77263],[111.7555745,-6.7726223],[111.7555771,-6.7726145],[111.75558,-6.7726067],[111.755583,-6.772599],[111.7555862,-6.7725915],[111.7555896,-6.7725841],[111.7555932,-6.772577],[111.755597,-6.7725704],[111.7556012,-6.7725642],[111.7556058,-6.7725589],[111.7556109,-6.7725545],[111.7556148,-6.7725522],[111.7556188,-6.7725505],[111.7556234,-6.7725492],[111.7556282,-6.7725483],[111.7556376,-6.7725472],[111.7556422,-6.7725464],[111.7556457,-6.7725456],[111.7556492,-6.7725444],[111.7556536,-6.7725421],[111.7556582,-6.7725384],[111.7556625,-6.7725336],[111.7556666,-6.7725281],[111.7556703,-6.772522],[111.7556739,-6.7725154],[111.7556774,-6.7725085],[111.7556807,-6.7725014],[111.755684,-6.7724942],[111.7556906,-6.7724787],[111.7557551,-6.772322],[111.7557652,-6.7722971],[111.7557717,-6.7722804],[111.7557778,-6.7722636],[111.7557806,-6.7722551],[111.7557832,-6.7722465],[111.7557854,-6.7722379],[111.7557899,-6.7722163],[111.7557919,-6.7722076],[111.755794,-6.7721991],[111.7557965,-6.772191],[111.7557993,-6.7721835],[111.7558026,-6.7721767],[111.7558066,-6.7721709],[111.7558114,-6.7721667],[111.7558171,-6.7721644],[111.7558212,-6.7721638],[111.7558256,-6.7721638],[111.7558319,-6.7721648],[111.7558383,-6.7721668],[111.7558446,-6.7721696],[111.7558505,-6.7721731],[111.7558559,-6.7721772],[111.7558606,-6.7721819],[111.7558642,-6.7721872],[111.7558658,-6.7721915],[111.7558669,-6.772196],[111.7558672,-6.7722033],[111.7558664,-6.7722109],[111.7558647,-6.7722187],[111.7558621,-6.7722264],[111.7558588,-6.7722339],[111.7558548,-6.772241],[111.7558523,-6.7722446],[111.7558496,-6.7722481],[111.7558455,-6.7722526],[111.7558355,-6.7722626],[111.7558304,-6.7722683],[111.7558253,-6.7722749],[111.7558207,-6.7722819],[111.7558168,-6.7722884],[111.755813,-6.7722951],[111.7558095,-6.772302],[111.7558027,-6.772316],[111.7557954,-6.772332],[111.7557884,-6.7723482],[111.7557646,-6.7724051],[111.7557512,-6.7724376],[111.7557281,-6.7724953],[111.755718,-6.7725199],[111.7557039,-6.7725529],[111.7556719,-6.772627],[111.7556581,-6.7726598],[111.7556482,-6.7726839],[111.7556352,-6.7727162],[111.7556226,-6.7727485],[111.7556109,-6.7727792],[111.7556082,-6.772786],[111.7556054,-6.7727925],[111.7556022,-6.7727987],[111.7555985,-6.7728045],[111.7555944,-6.7728098],[111.7555898,-6.7728146],[111.7555848,-6.772819],[111.7555708,-6.7728299],[111.7555675,-6.7728326],[111.7555645,-6.7728354],[111.755561,-6.7728391],[111.7555579,-6.7728433],[111.7555542,-6.7728489],[111.7555509,-6.7728549],[111.7555478,-6.7728612],[111.7555443,-6.7728688],[111.7555374,-6.7728846],[111.7555105,-6.7729499],[111.75549,-6.7729993],[111.7554834,-6.7730157],[111.7554802,-6.7730239],[111.7554772,-6.773032],[111.7554746,-6.7730401],[111.7554724,-6.773048],[111.7554708,-6.7730558],[111.75547,-6.7730634],[111.7554705,-6.7730707],[111.7554723,-6.7730772],[111.7554741,-6.773081],[111.7554763,-6.7730845],[111.7554787,-6.7730875],[111.7554813,-6.7730904],[111.7554871,-6.7730956],[111.7554933,-6.7731005],[111.7555338,-6.7731236],[111.7555797,-6.7731449],[111.755624,-6.7731645],[111.7556653,-6.7731909],[111.7557102,-6.7732113],[111.7557594,-6.7732309],[111.7557996,-6.7732556],[111.7558446,-6.7732792],[111.7558923,-6.7732978],[111.7559454,-6.7733243],[111.7559889,-6.773344],[111.7560334,-6.7733668],[111.7560795,-6.7733884],[111.7561271,-6.7734092],[111.7561711,-6.7734332],[111.7562193,-6.7734539],[111.7562682,-6.7734749],[111.7563147,-6.773489],[111.7563653,-6.773505],[111.7564242,-6.7735099],[111.7564792,-6.7735164],[111.7565272,-6.7735243],[111.7565737,-6.7735268],[111.7566216,-6.7735386],[111.7566726,-6.7735472],[111.7567301,-6.7735528],[111.7567788,-6.7735571],[111.7568305,-6.7735639],[111.7568783,-6.7735739],[111.7569325,-6.7735766],[111.7569816,-6.7735888],[111.7570283,-6.7736035],[111.7570768,-6.7736164],[111.7571279,-6.7736385],[111.7571704,-6.7736593],[111.7572113,-6.7736795],[111.7572558,-6.7736976],[111.7572975,-6.7737125],[111.7573338,-6.7737342],[111.7573495,-6.7737641],[111.7573805,-6.773778],[111.7574294,-6.7738056],[111.7574724,-6.7738271],[111.7575154,-6.7738527],[111.7575541,-6.7738774],[111.757603,-6.7739039],[111.7576441,-6.7739281],[111.7576816,-6.7739466],[111.7577193,-6.7739652],[111.757773,-6.7739788],[111.7578343,-6.7739967],[111.7578781,-6.7740249],[111.7579244,-6.7740434],[111.7579729,-6.7740571],[111.7580253,-6.7740706],[111.7580736,-6.7740872],[111.7581195,-6.7740924],[111.7581529,-6.774088],[111.7581636,-6.7740908],[111.7581744,-6.7740936],[111.7581957,-6.7740991],[111.7582475,-6.7741256],[111.7582913,-6.774139],[111.7583469,-6.7741653],[111.7583925,-6.7741847],[111.7584433,-6.7742101],[111.7584749,-6.7742349],[111.7584884,-6.7742456],[111.758502,-6.7742562],[111.7585829,-6.7742813],[111.7586352,-6.7742974],[111.7586912,-6.7743146],[111.7587409,-6.7743301],[111.7587958,-6.774347],[111.7588445,-6.7743622],[111.7588944,-6.7743776],[111.7589444,-6.7743916],[111.7590304,-6.7744135],[111.7591165,-6.7744355],[111.7592025,-6.7744574],[111.7592885,-6.7744794],[111.7593746,-6.7745013],[111.7594606,-6.7745233],[111.7595467,-6.7745452],[111.7596327,-6.7745672],[111.7597188,-6.7745892],[111.7598048,-6.7746111],[111.759835,-6.7746236],[111.7598787,-6.7746401],[111.7599189,-6.7746574],[111.7600001,-6.7746866],[111.7600812,-6.7747158],[111.7601623,-6.7747451],[111.7602434,-6.7747743],[111.7603245,-6.7748036],[111.7604057,-6.7748328],[111.7604868,-6.774862],[111.7605679,-6.7748913],[111.7606967,-6.7748987],[111.7608139,-6.7749238],[111.7608586,-6.7749389],[111.7608925,-6.7749564],[111.7609439,-6.7749788],[111.7610008,-6.77499],[111.7610462,-6.7749989],[111.7611256,-6.7749821],[111.7611692,-6.7749912],[111.7612145,-6.774997],[111.7612563,-6.7749923],[111.7613103,-6.774999],[111.7613528,-6.7750047],[111.7614129,-6.7750052],[111.7614658,-6.774973],[111.7615238,-6.7749716],[111.7615624,-6.7749893],[111.7616095,-6.7749982],[111.7616475,-6.7750047],[111.7616917,-6.7750119],[111.7617387,-6.7750166],[111.7617818,-6.775014],[111.7618189,-6.7750101],[111.7618597,-6.7750056],[111.7619013,-6.7750078],[111.7619498,-6.7750097],[111.7619773,-6.7750144],[111.7620287,-6.7750017],[111.7620717,-6.7749995],[111.7621127,-6.7749908],[111.7621464,-6.7749899],[111.7621882,-6.7749884],[111.7622421,-6.7749871],[111.7622889,-6.7749753],[111.7623352,-6.7749696],[111.7623894,-6.7749572],[111.7624592,-6.7749394],[111.7624987,-6.7749294],[111.7625386,-6.7749187],[111.7625788,-6.7749139],[111.762619,-6.7749073],[111.7626696,-6.7748943],[111.7627177,-6.7748838],[111.762763,-6.77487],[111.7628049,-6.7748654],[111.7628582,-6.7748504],[111.7628921,-6.7748374],[111.7629341,-6.7748254],[111.76298,-6.7748123],[111.7630217,-6.7747947],[111.7630676,-6.7747712],[111.7631177,-6.7747568],[111.7631627,-6.774744],[111.7631985,-6.7747307],[111.7632391,-6.7747196],[111.7632787,-6.7747004],[111.7633195,-6.774684],[111.7633573,-6.7746715],[111.7634004,-6.7746568],[111.763452,-6.7746437],[111.7634971,-6.7746253],[111.7635402,-6.7746077],[111.7635856,-6.7745933],[111.7636252,-6.7745814],[111.7636658,-6.7745665],[111.7637051,-6.7745591],[111.7637448,-6.7745478],[111.7637898,-6.7745361],[111.7638335,-6.7745217],[111.7638814,-6.7745063],[111.7639304,-6.7744912],[111.7639743,-6.7744709],[111.7640197,-6.7744523],[111.7640768,-6.7744346],[111.7641163,-6.7744103],[111.764152,-6.7743861],[111.7641888,-6.774364],[111.7642407,-6.7743302],[111.7642878,-6.7743096],[111.76433,-6.7742823],[111.7643727,-6.7742597],[111.7644194,-6.7742368],[111.7644617,-6.7742186],[111.7645163,-6.7742063],[111.7645712,-6.7741762],[111.7646006,-6.7741486],[111.7646493,-6.7741195],[111.764683,-6.7740854],[111.7647129,-6.7740425],[111.7647518,-6.7740013],[111.7647819,-6.7739752],[111.7648053,-6.7739328],[111.7648266,-6.7738753],[111.7648379,-6.7738255],[111.7648433,-6.7737741],[111.7648203,-6.7737105],[111.7648097,-6.7736513],[111.7647938,-6.7735986],[111.7647778,-6.77356],[111.7647578,-6.7735111],[111.7647486,-6.7734575],[111.76473,-6.7734155],[111.7647129,-6.7733371],[111.7647468,-6.7732797],[111.7647814,-6.7732328],[111.7648165,-6.7731906],[111.7648506,-6.7731423],[111.7648828,-6.7730925],[111.7649117,-6.7730366],[111.7649254,-6.7729819],[111.7649431,-6.772921],[111.7649583,-6.7728532],[111.7649661,-6.7727981],[111.7649815,-6.7727306],[111.7649816,-6.7726721],[111.764982,-6.7726222],[111.7649768,-6.7725745],[111.7649657,-6.772528],[111.7649581,-6.7724856],[111.7649497,-6.7724368],[111.7649514,-6.7723805],[111.764954,-6.7723303],[111.7649632,-6.7722741],[111.7649765,-6.7722176],[111.7649919,-6.772167],[111.7650136,-6.7721159],[111.7650388,-6.7720667],[111.7650705,-6.7720135],[111.7651108,-6.7719788],[111.7651658,-6.7719595],[111.7652217,-6.7719474],[111.7652709,-6.7719295],[111.7653043,-6.7718803],[111.7653866,-6.7718125],[111.7654206,-6.7717726],[111.7654628,-6.7717384],[111.7655136,-6.7717148],[111.7655692,-6.7717078],[111.7656315,-6.7716939],[111.7656836,-6.7716901],[111.7657446,-6.7717072],[111.76579,-6.7717205],[111.7658363,-6.7717372],[111.7658896,-6.7717572],[111.7659405,-6.7717771],[111.7659996,-6.7717954],[111.7660521,-6.7718091],[111.7661028,-6.7718161],[111.7661499,-6.7718489],[111.7662056,-6.7718761],[111.7662391,-6.7719042],[111.766285,-6.7719319],[111.7663322,-6.7719636],[111.7663809,-6.7719887],[111.7664338,-6.7720152],[111.7664823,-6.7720386],[111.7665389,-6.7720571],[111.7665847,-6.7720839],[111.7666384,-6.7721068],[111.766738,-6.7721571],[111.766766,-6.7721718],[111.7668362,-6.7721864],[111.7668892,-6.772208],[111.7669567,-6.7722255],[111.7670054,-6.7722468],[111.7671082,-6.7722919],[111.7671412,-6.772313],[111.7671639,-6.7723405],[111.7671877,-6.7723406],[111.7672113,-6.7723699],[111.7672645,-6.7723899],[111.7673248,-6.7724179],[111.7673797,-6.772449],[111.7674188,-6.7724908],[111.7674424,-6.7725286],[111.7674673,-6.7725712],[111.7674875,-6.7726137],[111.7675147,-6.7726553],[111.7675437,-6.7727034],[111.7675678,-6.7727364],[111.7675923,-6.7727752],[111.7676226,-6.7728121],[111.7676446,-6.7728479],[111.7676541,-6.7728955],[111.7676675,-6.772953],[111.7676734,-6.7730043],[111.7676807,-6.7730453],[111.7677046,-6.7731044],[111.767736,-6.7731451],[111.7677732,-6.7731969],[111.7678225,-6.7732479],[111.7678481,-6.7732927],[111.7678844,-6.7733428],[111.7679252,-6.7733867],[111.7679416,-6.7734091],[111.7679767,-6.7734582],[111.7680117,-6.7735074],[111.7680451,-6.7735529],[111.7680806,-6.7736065],[111.7681098,-6.7736569],[111.7681402,-6.7737072],[111.7681774,-6.7737601],[111.7682066,-6.7738024],[111.7682355,-6.7738492],[111.7682738,-6.7739025],[111.768314,-6.7739547],[111.7683545,-6.7739969],[111.7683897,-6.7740442],[111.7684297,-6.7740968],[111.7684663,-6.7741442],[111.7685005,-6.7741892],[111.7685276,-6.7742242],[111.7685766,-6.7742675],[111.7686151,-6.7743116],[111.7686615,-6.7743544],[111.7687169,-6.7743969],[111.7687653,-6.7744486],[111.7688241,-6.774516],[111.7688614,-6.7745544],[111.7689039,-6.7746009],[111.7689418,-6.7746439],[111.768981,-6.7746828],[111.76902,-6.7747171],[111.7690641,-6.7747584],[111.769111,-6.7748061],[111.7691834,-6.7748816],[111.769236,-6.774925],[111.7692832,-6.7749742],[111.7693257,-6.7750115],[111.7693699,-6.7750439],[111.7694101,-6.7750784],[111.7694484,-6.7751052],[111.7694877,-6.775138],[111.7695227,-6.7751721],[111.7695656,-6.7752043],[111.7696039,-6.7752397],[111.7696491,-6.7752792],[111.769695,-6.7753188],[111.7697374,-6.7753508],[111.7697906,-6.7754061],[111.7698306,-6.7754389],[111.7698704,-6.7754754],[111.7699082,-6.7755051],[111.7699436,-6.7755355],[111.7699844,-6.7755703],[111.7700302,-6.7756059],[111.7700695,-6.775633],[111.7701115,-6.7756636],[111.7701506,-6.7756849],[111.7701975,-6.7757185],[111.7702321,-6.7757503],[111.7702785,-6.7757807],[111.7703324,-6.7758189],[111.7703773,-6.7758527],[111.7704195,-6.7758827],[111.7704664,-6.7759091],[111.7705253,-6.7759422],[111.7705748,-6.7759781],[111.7706106,-6.7760022],[111.7706501,-6.776029],[111.7707005,-6.7760688],[111.7707406,-6.7760999],[111.7707831,-6.776132],[111.7708201,-6.776162],[111.7708579,-6.7761909],[111.7708958,-6.7762121],[111.7709349,-6.7762397],[111.7709743,-6.77627],[111.7713398,-6.7765303],[111.7713872,-6.7765664],[111.771439,-6.7765975],[111.7714882,-6.7766289],[111.7715327,-6.7766643],[111.7715803,-6.7766951],[111.7716233,-6.7767259],[111.7716569,-6.7767495],[111.7716979,-6.7767791],[111.7717416,-6.7768091],[111.7717853,-6.7768386],[111.771831,-6.7768698],[111.7718782,-6.7769014],[111.7719231,-6.7769256],[111.7719677,-6.7769515],[111.7720115,-6.7769802],[111.772072,-6.7770174],[111.7721182,-6.7770441],[111.7721636,-6.7770727],[111.7722063,-6.7770977],[111.7722561,-6.7771263],[111.7723023,-6.7771576],[111.7723517,-6.7771885],[111.7723963,-6.777214],[111.7724374,-6.7772351],[111.7724933,-6.7772617],[111.7725476,-6.7772811],[111.7726142,-6.777302],[111.772679,-6.7773202],[111.7727399,-6.7773411],[111.7727864,-6.7773565],[111.7728649,-6.7773919],[111.7729266,-6.7774154],[111.7729784,-6.7774385],[111.7730361,-6.7774624],[111.7730776,-6.7774888],[111.7731273,-6.777515],[111.7731775,-6.7775396],[111.7732249,-6.7775598],[111.7732702,-6.7775848],[111.773324,-6.7776087],[111.7733807,-6.7776388],[111.7734417,-6.7776689],[111.7735019,-6.7776981],[111.7735562,-6.7777222],[111.7735928,-6.7777413],[111.7736474,-6.7777765],[111.773706,-6.7778089],[111.7737617,-6.7778394],[111.7738161,-6.7778551],[111.7738829,-6.7778481],[111.773939,-6.7778944],[111.7739846,-6.7779161],[111.7740397,-6.7779499],[111.7741071,-6.7779729],[111.7741736,-6.7779901],[111.7743589,-6.7780754],[111.7744368,-6.7781058],[111.7744969,-6.7781358],[111.7745599,-6.7781639],[111.7746227,-6.7781915],[111.77468,-6.778215],[111.7747472,-6.7782338],[111.7748081,-6.7782479],[111.7748735,-6.7782667],[111.7749239,-6.7782888],[111.7749915,-6.7783099],[111.7750596,-6.7783249],[111.7751288,-6.7783276],[111.7751889,-6.7783264],[111.7752818,-6.7783002],[111.7753436,-6.7782821],[111.7754093,-6.7782733],[111.775476,-6.7782664],[111.7755392,-6.7782698],[111.7756034,-6.7782846],[111.7756667,-6.7783039],[111.7757382,-6.7783271],[111.7758061,-6.7783562],[111.7758726,-6.7783764],[111.7759435,-6.7783997],[111.7760101,-6.778421],[111.7760764,-6.7784416],[111.7761434,-6.7784686],[111.776171,-6.7784818],[111.7762477,-6.7785279],[111.7763069,-6.7785502],[111.7763765,-6.7785627],[111.7764457,-6.778582],[111.7765124,-6.7786038],[111.7765763,-6.7786304],[111.7766429,-6.7786715],[111.7766977,-6.7787069],[111.7767586,-6.7787412],[111.7768231,-6.7787739],[111.7768954,-6.7788073],[111.7769634,-6.7788348],[111.7770338,-6.7788678],[111.7770895,-6.7789014],[111.7771473,-6.7789298],[111.7772172,-6.7789535],[111.7772844,-6.778985],[111.7773504,-6.7790118],[111.7774145,-6.7790328],[111.7774833,-6.7790596],[111.7775481,-6.7790899],[111.7776135,-6.7791201],[111.7776803,-6.7791537],[111.777754,-6.7791831],[111.7778233,-6.7792132],[111.777895,-6.7792378],[111.7779664,-6.7792681],[111.7780209,-6.7792948],[111.7780843,-6.7793186],[111.7781501,-6.7793445],[111.7782163,-6.7793723],[111.7782895,-6.7793971],[111.7783623,-6.7794145],[111.778441,-6.7794231],[111.7785218,-6.7794184],[111.7786026,-6.7794175],[111.7786836,-6.7794217],[111.7787594,-6.7794381],[111.7788408,-6.7794614],[111.7789096,-6.7794801],[111.7789713,-6.7794997],[111.7790455,-6.779533],[111.7791153,-6.7795523],[111.7791872,-6.779572],[111.7792595,-6.7795935],[111.7793316,-6.7796102],[111.7794097,-6.7796313],[111.7794785,-6.7796474],[111.7795484,-6.7796594],[111.7796218,-6.779674],[111.779699,-6.7796902],[111.7797721,-6.7797053],[111.7798444,-6.7797194],[111.779917,-6.7797286],[111.7799928,-6.7797533],[111.7800625,-6.7797766],[111.7801385,-6.7797978],[111.7802161,-6.7798217],[111.7802984,-6.7798476],[111.7803651,-6.7798715],[111.7804497,-6.7798893],[111.7805233,-6.7799169],[111.7806052,-6.7799418],[111.7807204,-6.7799662],[111.7808136,-6.7799622],[111.7808715,-6.7799643],[111.7808666,-6.779929],[111.7809354,-6.7799346],[111.7810104,-6.7799509],[111.7810789,-6.7799808],[111.7811359,-6.7800135],[111.7812086,-6.7800526],[111.7812662,-6.7800854],[111.7813308,-6.7801227],[111.7813926,-6.7801548],[111.7814504,-6.7801899],[111.7815146,-6.7802293],[111.7815847,-6.7802606],[111.7816486,-6.7802881],[111.7817156,-6.7803198],[111.781782,-6.7803484],[111.7818519,-6.7803733],[111.7819373,-6.7804076],[111.7820369,-6.780414],[111.7820823,-6.7804309],[111.7821308,-6.7804423],[111.7821941,-6.7804658],[111.7822634,-6.7804657],[111.7823487,-6.7804678],[111.782458,-6.7804753],[111.7825715,-6.7805246],[111.7826513,-6.7805279],[111.7827225,-6.7805323],[111.7828009,-6.7805477],[111.7828743,-6.7805565],[111.7829522,-6.7805536],[111.7830293,-6.7805588],[111.7830769,-6.7805646],[111.7831405,-6.7805781],[111.7832126,-6.7805766],[111.7832976,-6.7805763],[111.783376,-6.7805857],[111.7834576,-6.7805943],[111.7835241,-6.7806072],[111.7836017,-6.780603],[111.7836694,-6.7806356],[111.7837439,-6.7806384],[111.7838206,-6.7806247],[111.7838977,-6.7806097],[111.7839258,-6.7805946],[111.7839853,-6.7805492],[111.7840445,-6.780511],[111.7841056,-6.7804598],[111.7841574,-6.7804012],[111.7842014,-6.7803421],[111.7842465,-6.7802795],[111.7842821,-6.7802202],[111.7842777,-6.780176],[111.7843082,-6.7801132],[111.7843624,-6.7800647],[111.7844345,-6.7800693],[111.7844984,-6.7800549],[111.7845736,-6.7800489],[111.7846627,-6.7800468],[111.784733,-6.7800614],[111.7847973,-6.7800847],[111.7848711,-6.7801165],[111.7849398,-6.7801531],[111.7850078,-6.7801925],[111.7850816,-6.7802111],[111.7851526,-6.7802351],[111.7852432,-6.7802435],[111.7852911,-6.7802627],[111.7853558,-6.7802872],[111.7854236,-6.7803166],[111.7854976,-6.7803499],[111.7855716,-6.7803797],[111.7856428,-6.7804056],[111.7857236,-6.7804163],[111.7857747,-6.7804496],[111.7858313,-6.7805017],[111.7858888,-6.7805527],[111.7859202,-6.780629],[111.7859665,-6.7806766],[111.7860284,-6.7807258],[111.7860755,-6.7807798],[111.7861364,-6.7808196],[111.786189,-6.7808612],[111.7862525,-6.7809098],[111.7863128,-6.780955],[111.7863737,-6.7810068],[111.7864376,-6.78106],[111.7864953,-6.7811111],[111.786552,-6.7811623],[111.7865897,-6.7811961],[111.786648,-6.7812619],[111.7867059,-6.7813106],[111.7867656,-6.7813594],[111.7868279,-6.781418],[111.7868894,-6.7814756],[111.7869552,-6.7815347],[111.7869897,-6.7815578],[111.787042,-6.7815991],[111.7870996,-6.7816512],[111.7871648,-6.7816971],[111.7872307,-6.7817369],[111.7872935,-6.7817742],[111.78738,-6.7818292],[111.7874403,-6.7818648],[111.7875094,-6.7819097],[111.7875683,-6.7819534],[111.7876263,-6.7819947],[111.7876843,-6.7820391],[111.7877765,-6.7821075],[111.7878366,-6.7821501],[111.7878972,-6.7821931],[111.7879568,-6.7822299],[111.7880191,-6.782272],[111.788081,-6.7823134],[111.7882087,-6.7824036],[111.7882737,-6.7824416],[111.7883411,-6.7824856],[111.7884068,-6.7825282],[111.7884753,-6.7825677],[111.7885526,-6.7826166],[111.7886126,-6.7826574],[111.7886745,-6.7826997],[111.7887376,-6.7827399],[111.7888019,-6.7827806],[111.788868,-6.782817],[111.788942,-6.7828647],[111.7890091,-6.7829014],[111.7890754,-6.7829429],[111.789136,-6.7829804],[111.7892069,-6.7830256],[111.7892693,-6.7830649],[111.7893385,-6.783105],[111.7894019,-6.7831466],[111.789459,-6.783187],[111.7895248,-6.7832285],[111.7895939,-6.7832701],[111.7896589,-6.7833129],[111.7897263,-6.7833515],[111.7897846,-6.7833967],[111.7898483,-6.7834388],[111.7899103,-6.7834855],[111.7899752,-6.7835278],[111.7900405,-6.7835681],[111.7901052,-6.7836149],[111.7901657,-6.7836509],[111.7902246,-6.7836868],[111.7902971,-6.7837279],[111.7903661,-6.7837665],[111.7904306,-6.7838039],[111.7904895,-6.7838333],[111.7905445,-6.7838689],[111.7906113,-6.7839083],[111.7906752,-6.783949],[111.7907407,-6.7839901],[111.7908085,-6.7840339],[111.7908764,-6.7840707],[111.7909555,-6.7841096],[111.7910196,-6.7841439],[111.7910891,-6.784184],[111.7911592,-6.7842218],[111.791223,-6.7842619],[111.7912494,-6.7842761],[111.791317,-6.7843204],[111.7913828,-6.7843542],[111.7914463,-6.7843919],[111.7915121,-6.7844277],[111.791582,-6.7844667],[111.7916399,-6.7845041],[111.7916642,-6.7845177],[111.7917233,-6.7845519],[111.7917823,-6.784584],[111.7918496,-6.7846238],[111.7919153,-6.7846596],[111.7919796,-6.7846942],[111.7920452,-6.7847416],[111.792117,-6.7847784],[111.7921726,-6.7848193],[111.7922289,-6.7848583],[111.792296,-6.784895],[111.7923579,-6.7849324],[111.7924464,-6.7849898],[111.792506,-6.7850147],[111.792563,-6.7850464],[111.7926225,-6.7850616],[111.7927042,-6.7850971],[111.7927616,-6.785138],[111.792845,-6.7851711],[111.792901,-6.7852148],[111.7929609,-6.7852497],[111.7930338,-6.7852735],[111.7931161,-6.7852023],[111.7931819,-6.7852442],[111.7932402,-6.7852912],[111.7932774,-6.7853182],[111.7933422,-6.7853652],[111.7933982,-6.7853978],[111.7934652,-6.7854395],[111.7935251,-6.7854768],[111.7935975,-6.7855073],[111.7937076,-6.7854633],[111.7937625,-6.7855396],[111.7938254,-6.7855884],[111.7938787,-6.7856335],[111.7939395,-6.7856807],[111.7939978,-6.7857334],[111.7940573,-6.7857729],[111.7941275,-6.7858018],[111.7942011,-6.7858242],[111.79426,-6.7858424],[111.7943307,-6.7858477],[111.7943969,-6.7858848],[111.7944585,-6.785924],[111.7945311,-6.7859567],[111.7946045,-6.7859903],[111.7946814,-6.7860159],[111.7947624,-6.7860145],[111.7948306,-6.7859887],[111.7949617,-6.7859718],[111.7950276,-6.7859968],[111.7950967,-6.786028],[111.7951625,-6.7860623],[111.7952341,-6.7860898],[111.7952965,-6.786115],[111.7953758,-6.7861527],[111.7954364,-6.7861913],[111.7954951,-6.7862284],[111.7955539,-6.7862666],[111.7956161,-6.7863081],[111.7956753,-6.7863484],[111.795728,-6.7863923],[111.7957622,-6.7864204],[111.7958208,-6.7864768],[111.7958826,-6.7865281],[111.7959441,-6.786576],[111.7960059,-6.7866209],[111.7960644,-6.7866606],[111.796119,-6.7867059],[111.7961823,-6.7867471],[111.7962265,-6.7867825],[111.7962884,-6.7868315],[111.7963516,-6.7868673],[111.796425,-6.7869121],[111.796487,-6.7869403],[111.7965498,-6.7869703],[111.7966231,-6.7869982],[111.7966896,-6.7870449],[111.7967481,-6.78709],[111.7968238,-6.7870985],[111.7968985,-6.7871566],[111.7969871,-6.7871985],[111.7970682,-6.7872183],[111.7971434,-6.787304],[111.7971882,-6.7873525],[111.7972958,-6.7873817],[111.797375,-6.7874189],[111.7974381,-6.7874584],[111.7975012,-6.7874924],[111.797561,-6.7875372],[111.7976248,-6.7875823],[111.7976731,-6.7876235],[111.7977541,-6.787671],[111.7978131,-6.7877094],[111.7978802,-6.7877501],[111.7979558,-6.7877845],[111.7980226,-6.7878143],[111.7980693,-6.7878378],[111.7981551,-6.787879],[111.7982246,-6.7879219],[111.7982968,-6.7879671],[111.7983605,-6.7880106],[111.7984214,-6.7880513],[111.7984338,-6.7880497],[111.7984889,-6.7880918],[111.7985783,-6.7881286],[111.798644,-6.7881805],[111.7987053,-6.788227],[111.7987647,-6.7882782],[111.7988231,-6.7883297],[111.7988589,-6.7883839],[111.7989148,-6.7884329],[111.798969,-6.788481],[111.7990247,-6.7885259],[111.7990812,-6.788578],[111.7991504,-6.7886403],[111.7992189,-6.7886765],[111.7992819,-6.7887211],[111.7993441,-6.7887658],[111.7994024,-6.7888112],[111.7994596,-6.7888539],[111.7995093,-6.7888963],[111.7995655,-6.7889433],[111.79962,-6.7889993],[111.7996742,-6.7890462],[111.7997289,-6.7890966],[111.7997889,-6.7891422],[111.7998626,-6.7891898],[111.7999399,-6.789221],[111.7999982,-6.7892793],[111.8000546,-6.7893283],[111.800116,-6.789374],[111.8001794,-6.7894329],[111.800227,-6.789487],[111.8002891,-6.7895159],[111.8003682,-6.7895747],[111.8004289,-6.7896277],[111.8004754,-6.7896894],[111.8005406,-6.789729],[111.8005962,-6.7897652],[111.8006661,-6.7898186],[111.800727,-6.7898513],[111.8007991,-6.7898791],[111.8008669,-6.7899056],[111.8009282,-6.7899256],[111.8009905,-6.7899342],[111.801187,-6.7900528],[111.8012784,-6.7900812],[111.8013371,-6.7901185],[111.8015697,-6.7902682],[111.8016816,-6.7903076],[111.8018009,-6.7903353],[111.8020368,-6.7904378],[111.8021143,-6.7904743],[111.8022642,-6.790545],[111.8023765,-6.7906297],[111.8024916,-6.7906985],[111.8027476,-6.790904],[111.8028633,-6.7909937],[111.8031067,-6.7911115],[111.8031833,-6.7911616],[111.8033574,-6.791239],[111.8035506,-6.7913775],[111.8036206,-6.7914302],[111.8038135,-6.7915437],[111.803978,-6.7915913],[111.8040764,-6.7916166],[111.8043271,-6.7917553],[111.8044333,-6.791805],[111.8047587,-6.7919659],[111.8048426,-6.7920045],[111.8051925,-6.7921768],[111.8052601,-6.7922058],[111.8055836,-6.792361],[111.8056971,-6.792413],[111.8059901,-6.7925762],[111.8060719,-6.7926208],[111.8062708,-6.792733],[111.8064585,-6.7928261],[111.8065381,-6.7928492],[111.806788,-6.7929256],[111.8069173,-6.7929666],[111.8071994,-6.7931044],[111.807325,-6.7931579],[111.8075315,-6.7932538],[111.8076447,-6.793291],[111.807741,-6.7933263],[111.8080762,-6.7934483],[111.808186,-6.7934873],[111.8084096,-6.7936109],[111.8084996,-6.7936315],[111.8085974,-6.79365],[111.8088414,-6.7937152],[111.8089366,-6.793746],[111.8090297,-6.7937748],[111.8092478,-6.7938842],[111.809337,-6.7939477],[111.8094096,-6.7939883],[111.8097136,-6.794121],[111.8098082,-6.7941657],[111.8098806,-6.7941975],[111.8101067,-6.7943124],[111.8102149,-6.7943631],[111.8103089,-6.7944152],[111.8104879,-6.7945056],[111.8105851,-6.7945523],[111.8106691,-6.7945926],[111.8109529,-6.7946968],[111.8110322,-6.7947313],[111.8111318,-6.7947683],[111.8113423,-6.7948741],[111.8114695,-6.7949162],[111.8115824,-6.7949501],[111.8118407,-6.7950332],[111.8119414,-6.7950628],[111.8122866,-6.7951956],[111.812383,-6.795221],[111.8126799,-6.7953709],[111.8127884,-6.795427],[111.8128352,-6.7954476],[111.8130634,-6.7955068],[111.8132082,-6.7955419],[111.8132584,-6.7955693],[111.8133246,-6.7955993],[111.8135947,-6.7956777],[111.8136988,-6.7957124],[111.8138172,-6.7957472],[111.8140846,-6.7957659],[111.814184,-6.7957939],[111.8142867,-6.7958323],[111.8145025,-6.7958973],[111.8149491,-6.7959736],[111.815013,-6.7960044],[111.8150862,-6.7960343],[111.8151766,-6.7960698],[111.815428,-6.7961358],[111.8155186,-6.7961623],[111.8155995,-6.7961798],[111.8158477,-6.7962003],[111.8159784,-6.7962284],[111.8163309,-6.7963352],[111.8164155,-6.7963608],[111.8164996,-6.7963638],[111.8167548,-6.7964508],[111.8168759,-6.7965092],[111.8169976,-6.7965672],[111.8172034,-6.7966249],[111.8173106,-6.7966599],[111.8174108,-6.796684],[111.8176269,-6.7967612],[111.8177062,-6.7968134],[111.8178385,-6.7968537],[111.8179528,-6.7968667],[111.818137,-6.7969609],[111.8182007,-6.7969822],[111.8182887,-6.7970166],[111.8185838,-6.7971323],[111.8187149,-6.7971694],[111.8188012,-6.7971812],[111.8192698,-6.7971829],[111.8193572,-6.7972025],[111.8194479,-6.7972397],[111.8196949,-6.7973159],[111.8198925,-6.7973308],[111.8199597,-6.7973536],[111.8201283,-6.7974022],[111.8202132,-6.7974331],[111.8203199,-6.797469],[111.8203988,-6.7974999],[111.8206498,-6.7975916],[111.8207243,-6.7976215],[111.8207958,-6.7976675],[111.8210187,-6.7978169],[111.8210595,-6.7978393],[111.8211502,-6.7979039],[111.8214043,-6.798075],[111.8214561,-6.7981333],[111.8215291,-6.7982153],[111.821699,-6.7983952],[111.8217325,-6.7984229],[111.821805,-6.7984727],[111.8221593,-6.7985933],[111.822293,-6.7986317],[111.8226918,-6.7983697],[111.8229667,-6.7982969],[111.8230517,-6.7982658],[111.8231566,-6.7982116],[111.8234748,-6.7982738],[111.8236124,-6.7983045],[111.8237552,-6.7983292],[111.8239237,-6.7983809],[111.8239666,-6.7983976],[111.8240644,-6.7984444],[111.824404,-6.7985301],[111.8244401,-6.7985495],[111.8245166,-6.7985876],[111.8248471,-6.7987151],[111.8249146,-6.7987371],[111.8250296,-6.7987894],[111.8252873,-6.798876],[111.8253933,-6.7989242],[111.825489,-6.7989839],[111.8256905,-6.7991213],[111.8257505,-6.7991339],[111.8258534,-6.799163],[111.8261185,-6.7992237],[111.8261728,-6.7992511],[111.8262782,-6.7992975],[111.8265669,-6.7994116],[111.8267927,-6.7994726],[111.8268737,-6.7994956],[111.8269934,-6.799528],[111.8270738,-6.7995132],[111.8271539,-6.7995653],[111.8272567,-6.799596],[111.827397,-6.7996359],[111.8276056,-6.7996929],[111.8277382,-6.7997306],[111.8278688,-6.7997635],[111.8280439,-6.7998089],[111.8281937,-6.7998468],[111.8283229,-6.7998799],[111.8284159,-6.7998936],[111.828491,-6.7999102],[111.8285873,-6.7999255],[111.8286831,-6.7999376],[111.8288849,-6.799952],[111.828937,-6.7999582],[111.8290291,-6.7999705],[111.8293396,-6.8000825],[111.8294211,-6.800097],[111.8294963,-6.8001093],[111.8298049,-6.8001251],[111.8298935,-6.8001463],[111.830004,-6.8001469],[111.8302798,-6.8001967],[111.8303193,-6.8001994],[111.8304219,-6.8002057],[111.8307751,-6.8002175],[111.8309011,-6.8002438],[111.8310196,-6.800266],[111.8312221,-6.8002736],[111.831345,-6.800282],[111.831444,-6.8002918],[111.831719,-6.80033],[111.8317827,-6.8003375],[111.8318799,-6.8003427],[111.8321554,-6.8003772],[111.8322167,-6.8003865],[111.8323083,-6.8004029],[111.8326148,-6.8004022],[111.8326609,-6.8004076],[111.8327449,-6.8004125],[111.8331069,-6.8004732],[111.8332544,-6.8004976],[111.8333955,-6.8005258],[111.8335573,-6.8005397],[111.8335782,-6.8005356],[111.8336462,-6.8005466],[111.834006,-6.8005868],[111.8340612,-6.8005938],[111.8341539,-6.8006157],[111.834505,-6.8006325],[111.834674,-6.8006538],[111.8347505,-6.8006657],[111.8349367,-6.8006962],[111.8350205,-6.8007046],[111.8351275,-6.8007176],[111.8354221,-6.8007568],[111.8355072,-6.800752],[111.8356085,-6.8007537],[111.8358782,-6.8007532],[111.8359464,-6.8007526],[111.8363476,-6.8007811],[111.8364507,-6.8007878],[111.8365294,-6.8008026],[111.836836,-6.8008751],[111.8369094,-6.8008839],[111.8370343,-6.8009008],[111.8373004,-6.8009418],[111.837497,-6.8009686],[111.8377748,-6.8009701],[111.8378465,-6.800972],[111.8379398,-6.8009795],[111.8385145,-6.8009462],[111.8385793,-6.8009309],[111.8386802,-6.8009195],[111.8387923,-6.8008967],[111.8391065,-6.8008925],[111.8392353,-6.8008841],[111.839557,-6.800868],[111.8396826,-6.8008811],[111.8397581,-6.8008893],[111.8400289,-6.8008972],[111.840182,-6.800892],[111.8404862,-6.8008875],[111.8405751,-6.8008952],[111.8406934,-6.8009006],[111.8410348,-6.8009187],[111.8411695,-6.8009117],[111.8412713,-6.8009192],[111.8413519,-6.8009135],[111.8414773,-6.800912],[111.8417114,-6.8008861],[111.8418092,-6.8008862],[111.8419509,-6.8008894],[111.8423323,-6.8008542],[111.8424386,-6.800827],[111.8426847,-6.8007784],[111.8427536,-6.8007665],[111.8428714,-6.8007468],[111.8431792,-6.8006867],[111.843314,-6.8006799],[111.8435818,-6.8006793],[111.8436955,-6.8006811],[111.8440918,-6.8006981],[111.8441826,-6.8006859],[111.8446842,-6.8006502],[111.844967,-6.8006188],[111.8450473,-6.8006166],[111.8451887,-6.8006183],[111.8455314,-6.8005878],[111.8456554,-6.8005812],[111.8460385,-6.8005497],[111.8461124,-6.8005187],[111.8461716,-6.8005026],[111.8464815,-6.8005101],[111.8466325,-6.8004848],[111.8469036,-6.8004605],[111.8469997,-6.8004528],[111.8470527,-6.8004496],[111.847132,-6.8004401],[111.8473945,-6.8004337],[111.8475019,-6.8004366],[111.8477447,-6.8004483],[111.8478464,-6.800451],[111.8479557,-6.8004483],[111.848227,-6.8004592],[111.8483141,-6.8004471],[111.848407,-6.8004465],[111.8487064,-6.8004411],[111.8488246,-6.8004423],[111.8490477,-6.800427],[111.8491381,-6.8004233],[111.8492688,-6.8004134],[111.8495518,-6.8003636],[111.849638,-6.8003636],[111.8497306,-6.8003688],[111.8499959,-6.8003851],[111.850111,-6.80039],[111.8502024,-6.8004018],[111.8504013,-6.8004136],[111.8505089,-6.8004305],[111.8506337,-6.8004332],[111.8508274,-6.8004477],[111.850939,-6.8004532],[111.8510523,-6.8004565],[111.8511473,-6.8004575],[111.8515115,-6.8004397],[111.8516463,-6.8004185],[111.8518651,-6.8003663],[111.8519483,-6.8003558],[111.8520762,-6.8003282],[111.8523932,-6.8002783],[111.8525266,-6.8002664],[111.8527691,-6.8002568],[111.8527974,-6.8002595],[111.8528681,-6.8002546],[111.852986,-6.8002553],[111.853211,-6.8002213],[111.8533217,-6.8001932],[111.8536356,-6.8001204],[111.8537291,-6.8001099],[111.8538562,-6.8001214],[111.8541426,-6.8000988],[111.8542426,-6.8000784],[111.8545629,-6.800036],[111.8546811,-6.800018],[111.8550267,-6.8000025],[111.8551168,-6.7999885],[111.855239,-6.7999747],[111.8556136,-6.7999407],[111.8557132,-6.7999285],[111.8558559,-6.7999098],[111.8560017,-6.7998824],[111.8563393,-6.7998382],[111.8564948,-6.7998227],[111.8568655,-6.7998231],[111.8569927,-6.7998363],[111.8573082,-6.7998181],[111.8574141,-6.7998199],[111.8577564,-6.7997816],[111.8578626,-6.7997662],[111.8581518,-6.7997386],[111.858241,-6.7997271],[111.8583514,-6.7997174],[111.8587648,-6.7996584],[111.8588642,-6.7996359],[111.8590542,-6.799589],[111.8591605,-6.7995455],[111.8592637,-6.7995201],[111.8596162,-6.7995111],[111.8597466,-6.7995001],[111.8600556,-6.7994891],[111.860153,-6.7994817],[111.8604815,-6.7994301],[111.8606103,-6.7994034],[111.8609045,-6.7993517],[111.8610635,-6.7993295],[111.8614275,-6.7992167],[111.861547,-6.7991874],[111.8618173,-6.7991326],[111.8619146,-6.7991084],[111.8620239,-6.7990817],[111.8622781,-6.7990196],[111.8623687,-6.7989996],[111.8624588,-6.7989831],[111.8626906,-6.7989411],[111.8627998,-6.7989122],[111.8630312,-6.7988394],[111.8631247,-6.7988097],[111.8632423,-6.7987734],[111.8635346,-6.7987281],[111.8636686,-6.7987096],[111.8639768,-6.7986762],[111.8640726,-6.7986713],[111.8641867,-6.7986606],[111.8644078,-6.7986566],[111.8645236,-6.7986741],[111.8646198,-6.7986798],[111.8647323,-6.7986537],[111.8649184,-6.7986473],[111.8650081,-6.7986262],[111.8651289,-6.7985853],[111.8652234,-6.798568],[111.8653261,-6.7985566],[111.8654329,-6.7985385],[111.8655291,-6.7985169],[111.865739,-6.7984672],[111.8658557,-6.7984469],[111.8663144,-6.7983674],[111.8663967,-6.7983434],[111.8664859,-6.79832],[111.8667132,-6.7983244],[111.866878,-6.798299],[111.8670087,-6.7982629],[111.8671925,-6.7982215],[111.8673029,-6.7981982],[111.8677384,-6.7980943],[111.8678328,-6.7980848],[111.8680276,-6.7980633],[111.8681153,-6.7980625],[111.8681877,-6.7980596],[111.8685349,-6.7980061],[111.8686404,-6.7979871],[111.8687522,-6.797961],[111.8689545,-6.797877],[111.8690605,-6.7978322],[111.8691703,-6.7977798],[111.8694258,-6.7977435],[111.8695568,-6.7977041],[111.8696506,-6.7976696],[111.8699296,-6.7976294],[111.8700433,-6.7975958],[111.8701592,-6.7975783],[111.8703363,-6.797548],[111.87044,-6.7975367],[111.8705352,-6.7975268],[111.8707884,-6.7975055],[111.8708693,-6.7975064],[111.8709463,-6.7975074],[111.8710447,-6.7975007],[111.8713219,-6.7975364],[111.8714701,-6.7975193],[111.8716308,-6.7974596],[111.8720442,-6.7974073],[111.8721814,-6.7973634],[111.872407,-6.7973421],[111.8724926,-6.797334],[111.8725853,-6.7973333],[111.8726847,-6.7973055],[111.8727833,-6.7972557],[111.8731244,-6.7971171],[111.8732203,-6.7970805],[111.8734785,-6.7969155],[111.8735644,-6.796881],[111.8736601,-6.796834],[111.8738608,-6.7967373],[111.8740036,-6.7967175],[111.8741211,-6.7967164],[111.8743487,-6.7967011],[111.8744466,-6.7967008],[111.8745845,-6.7967083],[111.8749446,-6.7965824],[111.875085,-6.7965499],[111.8753185,-6.7965139],[111.8754331,-6.796504],[111.8755688,-6.7964958],[111.8758308,-6.7964448],[111.8759256,-6.7964184],[111.8760325,-6.7963936],[111.8763184,-6.7962866],[111.8764258,-6.7962385],[111.876766,-6.7961728],[111.8768998,-6.7961253],[111.8770572,-6.7960815],[111.8774169,-6.7959759],[111.8775255,-6.7959463],[111.8777694,-6.795893],[111.877879,-6.7958709],[111.8779766,-6.7958542],[111.8783087,-6.7957801],[111.8783992,-6.7957528],[111.8786191,-6.7956865],[111.8787242,-6.7956568],[111.8788394,-6.7956347],[111.8791714,-6.7955541],[111.8793012,-6.7955201],[111.8796296,-6.7954493],[111.8797471,-6.7954253],[111.8798529,-6.7953827],[111.8799372,-6.7953507],[111.8800225,-6.7953051],[111.8802082,-6.7952195],[111.8803315,-6.7951771],[111.88045,-6.7951366],[111.8807863,-6.7950346],[111.881251,-6.7948862],[111.8813522,-6.7948487],[111.8816126,-6.7947817],[111.8817068,-6.7947597],[111.8818179,-6.794723],[111.8818943,-6.7946978],[111.881944,-6.7946807],[111.8820099,-6.7946597],[111.8821236,-6.7946189],[111.8822405,-6.7945834],[111.8825297,-6.7944987],[111.882654,-6.7944526],[111.8827752,-6.7944],[111.8829946,-6.7943374],[111.8830983,-6.7943049],[111.8832037,-6.794262],[111.8834682,-6.794174],[111.8836165,-6.7941086],[111.8839587,-6.7939902],[111.8840574,-6.7939523],[111.8842775,-6.7938754],[111.884361,-6.7938446],[111.884481,-6.7938062],[111.8847144,-6.7937355],[111.8848101,-6.7937141],[111.8849296,-6.7936756],[111.8851572,-6.7936046],[111.8852386,-6.7935794],[111.8853383,-6.7935457],[111.8856119,-6.7934553],[111.88571,-6.7934313],[111.8858088,-6.7934071],[111.8860263,-6.7933309],[111.8861348,-6.7932876],[111.8862453,-6.793232],[111.8863134,-6.7932001],[111.8866875,-6.7930342],[111.8867389,-6.7930202],[111.8869498,-6.7929224],[111.887005,-6.7928898],[111.8870625,-6.7928705],[111.8871117,-6.7928529],[111.8871638,-6.7928411],[111.8872166,-6.7928241],[111.8872777,-6.7927987],[111.8873353,-6.7927706],[111.8873933,-6.7927442],[111.8874511,-6.7927183],[111.8875073,-6.7926873],[111.8875631,-6.7926702],[111.8876059,-6.7926505],[111.8876521,-6.7926321],[111.8877032,-6.7926025],[111.8877572,-6.7925761],[111.8878099,-6.7925526],[111.8878681,-6.7925326],[111.8879253,-6.7925076],[111.8879759,-6.7924672],[111.8880405,-6.7924434],[111.8880947,-6.7924144],[111.8881516,-6.7923824],[111.8882058,-6.7923665],[111.8882655,-6.7923361],[111.8883285,-6.7923125],[111.8883858,-6.7922912],[111.8884392,-6.7922737],[111.8884932,-6.7922599],[111.8885528,-6.7922403],[111.8886128,-6.7922275],[111.8886711,-6.792207],[111.8887329,-6.7921914],[111.8887939,-6.7921752],[111.8888569,-6.7921505],[111.8889109,-6.7921362],[111.88897,-6.7921204],[111.8890319,-6.7921068],[111.8890941,-6.7920888],[111.8891503,-6.7920752],[111.8892089,-6.7920544],[111.8892631,-6.7920417],[111.8893099,-6.7920276],[111.8893619,-6.7920123],[111.8894216,-6.7919971],[111.8894745,-6.791976],[111.88952,-6.7919555],[111.8895819,-6.7919366],[111.8896412,-6.7919158],[111.8897033,-6.7918969],[111.8897554,-6.7918733],[111.8898145,-6.7918452],[111.8898677,-6.7918169],[111.8899192,-6.7917885],[111.8899743,-6.7917544],[111.8900266,-6.7917193],[111.8900757,-6.7916871],[111.8901193,-6.7916647],[111.8901708,-6.7916313],[111.8902312,-6.7915957],[111.8902923,-6.7915705],[111.8903509,-6.7915475],[111.8904069,-6.7915272],[111.8904648,-6.7915002],[111.8905177,-6.7914677],[111.8905762,-6.7914396],[111.8906347,-6.791413],[111.890689,-6.7913902],[111.8907427,-6.7913646],[111.8907937,-6.7913386],[111.8908465,-6.7913009],[111.8909035,-6.7912767],[111.8909395,-6.79125],[111.8909875,-6.7912124],[111.8910401,-6.7911687],[111.891085,-6.7911394],[111.891122,-6.79111],[111.8911828,-6.7910905],[111.8912429,-6.7910668],[111.8912883,-6.7910472],[111.8913448,-6.7910207],[111.8913962,-6.7909926],[111.89145,-6.7909649],[111.8915074,-6.7909384],[111.8915677,-6.7909187],[111.8916271,-6.7908962],[111.8916877,-6.7908754],[111.8917444,-6.7908567],[111.8918023,-6.7908385],[111.8918474,-6.7908249],[111.8919084,-6.7908032],[111.8919677,-6.790784],[111.8920295,-6.7907736],[111.8920912,-6.7907534],[111.8921476,-6.7907237],[111.8921984,-6.7907028],[111.8922562,-6.790683],[111.8923146,-6.7906624],[111.8923787,-6.7906402],[111.8924417,-6.7906183],[111.892502,-6.7905944],[111.8925597,-6.7905753],[111.8926197,-6.7905509],[111.8926742,-6.7905213],[111.8927276,-6.7904956],[111.8927929,-6.7904621],[111.8928482,-6.790433],[111.8929048,-6.7904045],[111.8929605,-6.7903685],[111.8930143,-6.7903401],[111.8930675,-6.7903132],[111.8931206,-6.7902884],[111.8931778,-6.7902638],[111.8932391,-6.7902398],[111.8932974,-6.7902179],[111.8933579,-6.7901953],[111.8934151,-6.7901754],[111.8934724,-6.790157],[111.8935254,-6.7901366],[111.8935987,-6.7901279],[111.8936588,-6.7901095],[111.8937239,-6.7900936],[111.8937858,-6.7900795],[111.8938488,-6.790067],[111.8939093,-6.7900511],[111.8939576,-6.7900378],[111.894013,-6.7900248],[111.894075,-6.790006],[111.8941334,-6.7899958],[111.8941853,-6.7899661],[111.8942447,-6.7899408],[111.8943044,-6.7899182],[111.8943637,-6.7898888],[111.8944097,-6.789875],[111.8944694,-6.789856],[111.8945213,-6.7898359],[111.8945756,-6.7898176],[111.8946335,-6.789797],[111.8946957,-6.7897755],[111.8947519,-6.7897559],[111.8948003,-6.7897391],[111.8948385,-6.7897258],[111.8949027,-6.7897116],[111.8949624,-6.7896975],[111.8950254,-6.7896835],[111.8950865,-6.7896716],[111.895152,-6.7896609],[111.895214,-6.789652],[111.8952685,-6.78964],[111.8953278,-6.7896302],[111.8953854,-6.7896198],[111.8954461,-6.7896156],[111.8955029,-6.7896061],[111.8955618,-6.7895955],[111.8956133,-6.7895909],[111.8956698,-6.7895813],[111.8957248,-6.7895747],[111.8957924,-6.789558],[111.8958539,-6.7895538],[111.8959123,-6.789541],[111.8959753,-6.7895257],[111.8960392,-6.789506],[111.8960975,-6.7894837],[111.896149,-6.7894706],[111.8961924,-6.7894608],[111.8962526,-6.7894407],[111.8963132,-6.7894209],[111.8963711,-6.7894022],[111.8964375,-6.7893918],[111.8965019,-6.7893743],[111.8965421,-6.7893546],[111.8966008,-6.7893331],[111.8966616,-6.7893085],[111.8967147,-6.7892919],[111.8967771,-6.7892721],[111.8968331,-6.7892547],[111.8968904,-6.7892357],[111.8969411,-6.789218],[111.8969941,-6.7892026],[111.8970655,-6.7892024],[111.8971175,-6.7891865],[111.8971815,-6.7891736],[111.8972396,-6.7891536],[111.8972999,-6.7891319],[111.8973554,-6.7891077],[111.8974037,-6.7890879],[111.8974452,-6.7890566],[111.8974902,-6.789015],[111.8975349,-6.788973],[111.8975716,-6.7889398],[111.8976014,-6.788889],[111.8976021,-6.7888094],[111.8976103,-6.7887627],[111.8976687,-6.7887227],[111.8977202,-6.7886853],[111.8977854,-6.7886545],[111.8978762,-6.7886091],[111.897909,-6.788562],[111.897978,-6.7885266],[111.89804,-6.7884993],[111.8981122,-6.788455],[111.8981784,-6.7884102],[111.8982415,-6.7883849],[111.8982881,-6.7883675],[111.8983497,-6.7883399],[111.8984277,-6.7883036],[111.8987155,-6.788093],[111.8987832,-6.7880427],[111.8988306,-6.7879976],[111.8988821,-6.7879586],[111.8989296,-6.7879192],[111.8989762,-6.7878838],[111.8990283,-6.7878403],[111.8990867,-6.7878075],[111.899159,-6.7878085],[111.89922,-6.7877877],[111.8992841,-6.7877907],[111.8993523,-6.7877972],[111.8994163,-6.7878031],[111.8994778,-6.787811],[111.8995372,-6.78782],[111.8996063,-6.7878288],[111.8996781,-6.7878371],[111.899729,-6.7878394],[111.899782,-6.7878431],[111.899828,-6.7878485],[111.8998776,-6.7878531],[111.8999338,-6.7878607],[111.9000054,-6.7878731],[111.9000629,-6.7878807],[111.9001249,-6.7878929],[111.9001823,-6.7879004],[111.9002426,-6.7879055],[111.9007529,-6.7879622],[111.9009968,-6.7879995],[111.9013358,-6.7880292],[111.9016154,-6.7880292],[111.9018653,-6.7880173],[111.9020378,-6.7879995],[111.902472,-6.7878805],[111.9028349,-6.787702],[111.9030966,-6.7875533],[111.9036352,-6.7872797],[111.9036989,-6.7872576],[111.9037607,-6.7872344],[111.9038192,-6.7872149],[111.903866,-6.7871968],[111.9039266,-6.7871746],[111.90398,-6.7871519],[111.9040389,-6.7871259],[111.9040969,-6.7871007],[111.9041472,-6.7870805],[111.9042063,-6.787055],[111.9042579,-6.7870353],[111.9043067,-6.7870149],[111.9043509,-6.7869952],[111.90441,-6.7869685],[111.9044698,-6.7869397],[111.9045242,-6.7869161],[111.9045812,-6.7868922],[111.9046355,-6.7868697],[111.9046797,-6.7868496],[111.9047394,-6.7868259],[111.9047949,-6.7868031],[111.9048547,-6.7867779],[111.9049089,-6.7867549],[111.9049576,-6.786737],[111.9050167,-6.7867132],[111.905064,-6.7866974],[111.9050955,-6.7866867],[111.9051497,-6.7866656],[111.9052028,-6.7866429],[111.9052551,-6.7866226],[111.9053058,-6.7866009],[111.9053595,-6.7865783],[111.9054064,-6.786555],[111.905465,-6.7865304],[111.9054983,-6.7865103],[111.9055416,-6.7864921],[111.9055887,-6.7864736],[111.9056412,-6.7864511],[111.9056887,-6.7864306],[111.9057401,-6.7864117],[111.9057905,-6.7863898],[111.9058451,-6.7863725],[111.9058964,-6.7863518],[111.9059559,-6.7863286],[111.9060101,-6.7863099],[111.9060629,-6.7862942],[111.9061091,-6.7862756],[111.9061671,-6.7862578],[111.9062203,-6.7862372],[111.9062764,-6.7862218],[111.90633,-6.7861965],[111.9063626,-6.7861751],[111.9064088,-6.7861479],[111.9064539,-6.7861233],[111.9065092,-6.7861026],[111.9065661,-6.7860759],[111.9066173,-6.7860482],[111.9066669,-6.7860247],[111.9067225,-6.7860036],[111.9067585,-6.7859815],[111.906817,-6.785956],[111.9068678,-6.7859331],[111.9069138,-6.7859174],[111.9069609,-6.7858987],[111.907017,-6.7858737],[111.9070685,-6.7858591],[111.9071304,-6.7858356],[111.907186,-6.7858037],[111.9072391,-6.7857793],[111.9072902,-6.7857615],[111.9073381,-6.7857421],[111.9073917,-6.7857219],[111.9074426,-6.7857023],[111.9074926,-6.7856843],[111.9075513,-6.7856615],[111.9075976,-6.7856486],[111.9076463,-6.7856182],[111.9076948,-6.7856083],[111.9077597,-6.7855902],[111.9078092,-6.7855722],[111.9078482,-6.7855502],[111.9079033,-6.785533],[111.907962,-6.7855163],[111.9080009,-6.7855076],[111.9080411,-6.7854917],[111.9080773,-6.7854816],[111.9081241,-6.7854653],[111.9081726,-6.7854492],[111.9082291,-6.7854321],[111.9082858,-6.7854122],[111.9083317,-6.7853946],[111.9083758,-6.7853763],[111.9084087,-6.7853597],[111.9084487,-6.7853395],[111.9085064,-6.7853132],[111.9085577,-6.7852798],[111.9086065,-6.7852596],[111.908671,-6.7852295],[111.9087531,-6.7852069],[111.9088045,-6.7851909],[111.9088618,-6.7851795],[111.9089412,-6.7851461],[111.9089949,-6.7851194],[111.9090668,-6.7850942],[111.9091216,-6.7850728],[111.9091953,-6.7850453],[111.9092587,-6.7850215],[111.9093199,-6.7850081],[111.9093639,-6.7849927],[111.9094125,-6.7849727],[111.9094551,-6.7849537],[111.9095028,-6.7849342],[111.9095534,-6.7849152],[111.9096134,-6.7848897],[111.9096607,-6.7848711],[111.9097026,-6.7848551],[111.9097783,-6.7848306],[111.9098245,-6.7848156],[111.909869,-6.784798],[111.9099191,-6.7847757],[111.9099606,-6.7847588],[111.9099963,-6.784744],[111.9100369,-6.784726],[111.9100908,-6.7847037],[111.9101515,-6.7846834],[111.9102004,-6.7846638],[111.9102452,-6.7846432],[111.9102977,-6.7846234],[111.9103422,-6.7846071],[111.9103947,-6.7845859],[111.9104437,-6.7845656],[111.9104955,-6.7845392],[111.9105328,-6.7845222],[111.9105809,-6.7844985],[111.9106395,-6.7844715],[111.9107028,-6.7844453],[111.9107591,-6.7844216],[111.9108147,-6.7844024],[111.9108532,-6.7843835],[111.9109081,-6.7843618],[111.9109562,-6.7843417],[111.9110018,-6.7843229],[111.9110601,-6.7842976],[111.9111253,-6.7842693],[111.9111825,-6.7842425],[111.9112393,-6.7842184],[111.9112852,-6.7841987],[111.9113706,-6.7841608],[111.9114185,-6.784141],[111.9114677,-6.7841174],[111.9115185,-6.784093],[111.9115697,-6.7840679],[111.9116224,-6.7840447],[111.9116768,-6.784033],[111.9117301,-6.7839986],[111.9117694,-6.7839787],[111.911811,-6.783962],[111.9118587,-6.7839377],[111.9119058,-6.7839156],[111.9119573,-6.7838907],[111.9120068,-6.7838688],[111.9120604,-6.7838458],[111.9121144,-6.7838231],[111.9121604,-6.7838006],[111.9122006,-6.7837801],[111.9122453,-6.7837583],[111.9122856,-6.7837394],[111.9123353,-6.7837128],[111.912386,-6.7836878],[111.9124321,-6.783667],[111.9124738,-6.7836417],[111.9125214,-6.7836131],[111.9125588,-6.7835902],[111.9125978,-6.7835671],[111.9126391,-6.7835439],[111.9126847,-6.7835182],[111.9127307,-6.7834904],[111.9127772,-6.7834635],[111.9128226,-6.7834416],[111.9128676,-6.7834164],[111.9129104,-6.7833919],[111.912925,-6.7833606],[111.9129671,-6.7833316],[111.9129958,-6.7832714],[111.9130631,-6.7832313],[111.9131312,-6.7832081],[111.9131963,-6.783187],[111.913259,-6.7831542],[111.9134106,-6.7831192],[111.9134732,-6.7831113],[111.9135378,-6.7830887],[111.9136002,-6.7830714],[111.913665,-6.783054],[111.9137263,-6.7830332],[111.9137987,-6.7830123],[111.9138679,-6.7830025],[111.913925,-6.7829837],[111.9139776,-6.7829699],[111.9140356,-6.7829576],[111.914094,-6.782938],[111.9141799,-6.7829067],[111.9142327,-6.7828775],[111.9142823,-6.7828664],[111.9143336,-6.7828468],[111.9144331,-6.7828219],[111.9144881,-6.7828173],[111.9145776,-6.7827936],[111.9146417,-6.782743],[111.9146782,-6.7827295],[111.9147348,-6.7827136],[111.9148062,-6.7826854],[111.9148676,-6.7826584],[111.9149276,-6.7826338],[111.9150004,-6.7826271],[111.9150686,-6.7826082],[111.915133,-6.782588],[111.9151961,-6.7825755],[111.915352,-6.7825184],[111.9154377,-6.7824836],[111.915536,-6.7824446],[111.9155872,-6.7824286],[111.9156463,-6.7824058],[111.9156987,-6.7823824],[111.915756,-6.7823593],[111.9158083,-6.7823309],[111.915858,-6.7823091],[111.9159157,-6.78228],[111.9159832,-6.7822534],[111.9160308,-6.7822468],[111.9160958,-6.782226],[111.916144,-6.7822092],[111.9161879,-6.7821903],[111.9162376,-6.7821588],[111.9162715,-6.7821275],[111.9163271,-6.7821129],[111.9163832,-6.7820848],[111.9164343,-6.7820528],[111.916514,-6.7820089],[111.916564,-6.7819875],[111.9166274,-6.781955],[111.9166563,-6.7819559],[111.9167294,-6.7819023],[111.9168396,-6.7818433],[111.9169024,-6.781816],[111.9169527,-6.7817961],[111.9170009,-6.7817697],[111.9170583,-6.7817508],[111.9171096,-6.7817313],[111.917122,-6.7817048],[111.9171805,-6.7816842],[111.9172337,-6.7816724],[111.9172933,-6.7816483],[111.9173488,-6.781614],[111.9173856,-6.7816113],[111.9174428,-6.7815877],[111.9174913,-6.7815624],[111.9175429,-6.7815368],[111.917598,-6.7815092],[111.9176497,-6.7814798],[111.9177049,-6.781448],[111.9177602,-6.78142],[111.9178117,-6.7813867],[111.9178536,-6.7813558],[111.9179018,-6.7813227],[111.9179474,-6.7812763],[111.9179805,-6.7812209],[111.91801,-6.781169],[111.9180171,-6.781017],[111.9180551,-6.7810023],[111.9181013,-6.7809815],[111.9181437,-6.7809628],[111.9181832,-6.7809441],[111.918234,-6.7809216],[111.9182832,-6.7808989],[111.9183294,-6.7808797],[111.9183709,-6.7808667],[111.9184246,-6.7808425],[111.9184698,-6.7808222],[111.9185152,-6.7808026],[111.9185634,-6.7807814],[111.918615,-6.7807577],[111.9186694,-6.7807363],[111.9187207,-6.7807094],[111.9187685,-6.7806897],[111.9188142,-6.7806732],[111.9188766,-6.780646],[111.9189311,-6.7806243],[111.9189748,-6.7806028],[111.9190236,-6.7805806],[111.9190752,-6.7805562],[111.9191452,-6.7805247],[111.9191895,-6.7805057],[111.9192376,-6.7804841],[111.9192862,-6.7804628],[111.9193332,-6.7804415],[111.9193797,-6.7804214],[111.9194322,-6.7803979],[111.9194759,-6.7803796],[111.9195135,-6.7803618],[111.9195652,-6.7803391],[111.9196078,-6.7803209],[111.9196629,-6.7802943],[111.9197121,-6.7802737],[111.9197632,-6.7802511],[111.9198174,-6.7802228],[111.9198709,-6.7801995],[111.9199074,-6.7801871],[111.9199662,-6.7801599],[111.9200206,-6.7801356],[111.9200686,-6.7801146],[111.9201123,-6.780096],[111.920147,-6.7800809],[111.9202102,-6.780051],[111.9202541,-6.7800295],[111.9202892,-6.7800143],[111.9203262,-6.779999],[111.9203698,-6.7799777],[111.9204278,-6.7799521],[111.920468,-6.7799343],[111.9205031,-6.7799192],[111.9205505,-6.7798977],[111.9205891,-6.7798796],[111.9206401,-6.7798625],[111.9206916,-6.7798401],[111.920737,-6.7798191],[111.9207752,-6.7797975],[111.9208156,-6.7797795],[111.9208655,-6.779759],[111.9209155,-6.7797343],[111.9209673,-6.7797143],[111.9210132,-6.7796948],[111.9210566,-6.7796747],[111.9210996,-6.7796563],[111.9211368,-6.7796398],[111.9211757,-6.7796239],[111.9212267,-6.779602],[111.921281,-6.7795768],[111.9213245,-6.7795543],[111.9213658,-6.7795392],[111.9214122,-6.7795214],[111.9214522,-6.7795034],[111.9214895,-6.7794847],[111.9215336,-6.7794665],[111.9215723,-6.779448],[111.9216146,-6.7794291],[111.9216499,-6.7794147],[111.9216865,-6.7793948],[111.9217366,-6.7793752],[111.9217939,-6.7793488],[111.9218299,-6.7793327],[111.9218667,-6.7793155],[111.921903,-6.7792997],[111.9219445,-6.7792816],[111.9219853,-6.7792628],[111.9220266,-6.7792441],[111.9220671,-6.7792443],[111.9221506,-6.7791904],[111.9222029,-6.7791696],[111.9222584,-6.7791448],[111.9223102,-6.7791238],[111.9223656,-6.7790991],[111.9224146,-6.7790778],[111.9224573,-6.7790306],[111.9225037,-6.7789936],[111.9225509,-6.778951],[111.9225862,-6.7789172],[111.9226334,-6.7788873],[111.9226952,-6.7788278],[111.9228261,-6.7783976],[111.9228979,-6.7783855],[111.9229557,-6.7783797],[111.9230175,-6.7783756],[111.9230726,-6.7783733],[111.923131,-6.7783665],[111.9231862,-6.7783607],[111.923249,-6.7783551],[111.9233114,-6.7783415],[111.9233767,-6.7783253],[111.923434,-6.7783108],[111.9234925,-6.7782965],[111.9235438,-6.7782808],[111.9235941,-6.7782645],[111.9236461,-6.7782471],[111.9237221,-6.7782184],[111.9237866,-6.7782001],[111.923838,-6.77818],[111.9238982,-6.7781561],[111.9239581,-6.7781328],[111.9240221,-6.7781107],[111.9247234,-6.7778429],[111.9255619,-6.7774414],[111.9262004,-6.7771546],[111.927115,-6.7766768],[111.9277247,-6.7763043],[111.9279057,-6.776053],[111.9279491,-6.7760101],[111.9279914,-6.7759686],[111.9280325,-6.7759298],[111.9280728,-6.7758955],[111.9281169,-6.7758582],[111.9281667,-6.7758185],[111.9282101,-6.7757867],[111.9282566,-6.7757534],[111.9282979,-6.7757028],[111.9283451,-6.7756753],[111.9283945,-6.7756482],[111.9284457,-6.7756225],[111.928495,-6.7755974],[111.9285502,-6.7755728],[111.9286012,-6.7755477],[111.928653,-6.7755213],[111.9287051,-6.7754986],[111.9287768,-6.7754854],[111.9288366,-6.7754576],[111.9288917,-6.7754352],[111.9289485,-6.7754078],[111.929002,-6.7753836],[111.9290517,-6.7753564],[111.9291118,-6.7753396],[111.9291667,-6.7753194],[111.9292214,-6.7753026],[111.929288,-6.7752801],[111.9293374,-6.7752553],[111.9293837,-6.7752292],[111.9294291,-6.7752023],[111.929479,-6.7751692],[111.929526,-6.7751427],[111.9295761,-6.7751154],[111.9296283,-6.7750852],[111.9296755,-6.7750554],[111.9297194,-6.7750274],[111.9297763,-6.774996],[111.9298666,-6.7749358],[111.929907,-6.7749037],[111.9299546,-6.7748722],[111.9299984,-6.7748362],[111.9300469,-6.7747973],[111.9300935,-6.7747624],[111.9301431,-6.7747326],[111.9301883,-6.7747065],[111.9302377,-6.7746825],[111.9302897,-6.7746555],[111.9303381,-6.7746325],[111.9303896,-6.7746102],[111.9304421,-6.7745833],[111.9304923,-6.7745601],[111.9305488,-6.774537],[111.9306008,-6.7745113],[111.9306571,-6.7744852],[111.9307067,-6.7744575],[111.9307658,-6.7744279],[111.9308145,-6.7743971],[111.9308613,-6.7743669],[111.9309062,-6.774333],[111.9309486,-6.7742974],[111.9309933,-6.7742689],[111.9310351,-6.7742295],[111.931075,-6.7741876],[111.9311164,-6.7741494],[111.9311554,-6.7741091],[111.9312048,-6.7740764],[111.9312507,-6.7740453],[111.9313025,-6.7740161],[111.9313514,-6.7739849],[111.9314038,-6.7739551],[111.9314568,-6.7739277],[111.9315083,-6.773897],[111.9315613,-6.7738683],[111.9316141,-6.7738416],[111.931667,-6.773826],[111.9317295,-6.7738037],[111.9317747,-6.7737837],[111.9318214,-6.7737588],[111.9318769,-6.7737253],[111.9319241,-6.7736913],[111.9319662,-6.7736596],[111.932014,-6.7736249],[111.93206,-6.7735869],[111.932101,-6.773552],[111.9321397,-6.773516],[111.9321756,-6.7734802],[111.9322096,-6.7734433],[111.9322504,-6.7734008],[111.932286,-6.7733647],[111.9323236,-6.7733263],[111.9323594,-6.7732904],[111.9324024,-6.7732452],[111.9324401,-6.7732021],[111.9324836,-6.7731585],[111.9325204,-6.7731246],[111.9325653,-6.7730829],[111.9326026,-6.7730434],[111.9326381,-6.7730038],[111.9326671,-6.7729668],[111.9326971,-6.772927],[111.9327311,-6.7728853],[111.932758,-6.7728374],[111.9327933,-6.7727918],[111.9328317,-6.7727502],[111.9328728,-6.7727139],[111.9329147,-6.7726883],[111.932958,-6.7726591],[111.9330135,-6.7726315],[111.9330616,-6.7726],[111.9331071,-6.7725684],[111.9331443,-6.7725374],[111.9331857,-6.772502],[111.933222,-6.7724618],[111.9332674,-6.7724235],[111.9333035,-6.7723877],[111.9333401,-6.7723434],[111.9333747,-6.7723006],[111.9334,-6.772247],[111.9334195,-6.7722059],[111.9334293,-6.7721502],[111.9334535,-6.7720973],[111.9334635,-6.7720473],[111.9334963,-6.7720039],[111.9335291,-6.7719578],[111.9335631,-6.7719157],[111.9335969,-6.7718729],[111.9336298,-6.7718331],[111.9336646,-6.7718021],[111.9336984,-6.7717699],[111.9337413,-6.771726],[111.9337803,-6.7716772],[111.9338064,-6.7716251],[111.9338336,-6.7715705],[111.9338615,-6.7715248],[111.933906,-6.7714846],[111.9339414,-6.7714442],[111.9339717,-6.7713895],[111.9340046,-6.7713465],[111.9340381,-6.7712988],[111.9340687,-6.7712484],[111.9341093,-6.7712042],[111.9341264,-6.7711531],[111.9341172,-6.7710933],[111.9341031,-6.7710381],[111.934131,-6.7710075],[111.9341752,-6.7709848],[111.9342149,-6.7709494],[111.9342483,-6.7709175],[111.934273,-6.7708797],[111.9343004,-6.7708338],[111.9343375,-6.7707793],[111.9343771,-6.7707386],[111.9344171,-6.7706906],[111.9344538,-6.7706482],[111.9345035,-6.7706145],[111.9345382,-6.7705763],[111.9345809,-6.7705486],[111.9346245,-6.7705212],[111.9346774,-6.770493],[111.9347227,-6.7704634],[111.9347726,-6.7704279],[111.9348113,-6.7703825],[111.9348541,-6.7703421],[111.934895,-6.7703047],[111.9349337,-6.7702703],[111.9349801,-6.7702354],[111.9350166,-6.7701951],[111.935056,-6.7701568],[111.9350974,-6.7701241],[111.9351417,-6.7700953],[111.9351876,-6.7700618],[111.9352231,-6.7700296],[111.9352594,-6.769989],[111.935292,-6.7699453],[111.9353248,-6.7699039],[111.9353576,-6.7698634],[111.9353879,-6.7698156],[111.9354088,-6.7697631],[111.9354388,-6.7697147],[111.9354725,-6.769666],[111.9355076,-6.7696268],[111.9355479,-6.7695886],[111.9355865,-6.7695503],[111.9356316,-6.7695165],[111.9356789,-6.7694856],[111.9357311,-6.7694695],[111.935789,-6.7694488],[111.9358367,-6.7694245],[111.9358818,-6.7694004],[111.9359364,-6.7693673],[111.9359831,-6.7693421],[111.9360338,-6.7693089],[111.936088,-6.7692693],[111.9361303,-6.7692273],[111.936165,-6.7691873],[111.9361946,-6.7691456],[111.9362306,-6.769103],[111.9362605,-6.769061],[111.9362865,-6.7690179],[111.9363146,-6.7689778],[111.9363488,-6.7689342],[111.9363829,-6.7688936],[111.9364351,-6.7688799],[111.936494,-6.7688688],[111.9365454,-6.7688539],[111.9365991,-6.7688412],[111.9366493,-6.7688224],[111.936697,-6.7688019],[111.9367482,-6.7687736],[111.9367986,-6.768752],[111.9368574,-6.7687333],[111.9369026,-6.7687099],[111.9369553,-6.7686901],[111.9370173,-6.7686771],[111.9370617,-6.7686496],[111.9371022,-6.7686088],[111.9371329,-6.7685783],[111.937177,-6.7685455],[111.9372205,-6.7684999],[111.9372543,-6.7684685],[111.937293,-6.7684334],[111.9373346,-6.768411],[111.937374,-6.7683774],[111.937409,-6.7683364],[111.9374468,-6.7682978],[111.937492,-6.7682587],[111.937538,-6.7682346],[111.9375851,-6.7682021],[111.9376398,-6.7681855],[111.9376903,-6.7681678],[111.9377439,-6.7681437],[111.9377949,-6.7681296],[111.9378478,-6.7681191],[111.9378995,-6.7681081],[111.9379558,-6.7681001],[111.9380204,-6.7680851],[111.9380742,-6.7680802],[111.9381238,-6.7680652],[111.9381796,-6.768054],[111.9382382,-6.7680305],[111.9382958,-6.7680111],[111.9383444,-6.7679802],[111.9383963,-6.7679418],[111.9384397,-6.7679036],[111.9384806,-6.7678606],[111.9385176,-6.7678246],[111.9385595,-6.7677888],[111.938608,-6.7677487],[111.9386543,-6.7677099],[111.9386972,-6.7676763],[111.9387381,-6.7676458],[111.9387873,-6.767614],[111.938836,-6.7675865],[111.9388835,-6.7675565],[111.9389325,-6.7675311],[111.9389825,-6.767502],[111.9390295,-6.7674742],[111.9390744,-6.7674433],[111.9391239,-6.7674085],[111.9391654,-6.7673684],[111.939196,-6.7673546],[111.9392454,-6.7673315],[111.9392905,-6.7673058],[111.9393289,-6.7672793],[111.9393722,-6.7672549],[111.9394095,-6.7672369],[111.9394475,-6.7672099],[111.9394836,-6.7671813],[111.9395217,-6.7671484],[111.9395639,-6.767118],[111.9395973,-6.7670942],[111.9396407,-6.7670737],[111.9396915,-6.7670565],[111.9397399,-6.7670415],[111.9397815,-6.7670246],[111.9398248,-6.7670021],[111.9398753,-6.7669769],[111.9399194,-6.7669538],[111.9399742,-6.7669252],[111.9400203,-6.7668965],[111.9400532,-6.7668653],[111.9400935,-6.7668352],[111.9401385,-6.7668039],[111.9401872,-6.7667737],[111.940236,-6.7667417],[111.9402771,-6.7667159],[111.9403314,-6.7666895],[111.9403836,-6.7666662],[111.9404372,-6.7666442],[111.9404825,-6.7666264],[111.9405244,-6.76661],[111.9405758,-6.7665808],[111.9406239,-6.7665513],[111.9406657,-6.7665244],[111.9407121,-6.7665019],[111.9407632,-6.7664807],[111.9408119,-6.7664576],[111.9408642,-6.7664352],[111.9409146,-6.7664111],[111.9409597,-6.7663848],[111.9409913,-6.7663633],[111.9410388,-6.7663376],[111.9410831,-6.7663045],[111.9411305,-6.7662711],[111.9411767,-6.7662383],[111.9412294,-6.7661999],[111.9412748,-6.7661667],[111.9413178,-6.7661309],[111.9413683,-6.7661001],[111.9414154,-6.7660725],[111.941461,-6.766051],[111.9415084,-6.7660311],[111.9415598,-6.7660055],[111.9416072,-6.7659838],[111.9416583,-6.7659578],[111.9417059,-6.7659251],[111.9417502,-6.7658934],[111.9418002,-6.7658698],[111.9418485,-6.7658462],[111.9418912,-6.7658305],[111.941938,-6.7658095],[111.941988,-6.7657874],[111.9420228,-6.7657669],[111.9420714,-6.7657508],[111.9421291,-6.7657331],[111.9421832,-6.7657182],[111.9422352,-6.7657047],[111.9422907,-6.7656909],[111.9423413,-6.765679],[111.9423888,-6.7656681],[111.9424462,-6.7656569],[111.9424955,-6.7656443],[111.9425467,-6.7656296],[111.9425846,-6.7656194],[111.9426287,-6.7656012],[111.9426872,-6.7655775],[111.9427352,-6.7655597],[111.9427793,-6.7655434],[111.9428301,-6.7655283],[111.9428809,-6.7655166],[111.9429346,-6.7655043],[111.9429923,-6.7654954],[111.9430408,-6.7654821],[111.9430897,-6.7654683],[111.9431433,-6.7654499],[111.9431995,-6.7654286],[111.9432475,-6.7654152],[111.9433023,-6.7653988],[111.9433499,-6.7653826],[111.9434014,-6.7653669],[111.9434525,-6.7653452],[111.9434984,-6.7653284],[111.9435488,-6.7653098],[111.9436047,-6.7652906],[111.9436492,-6.7652701],[111.9436986,-6.765245],[111.9437428,-6.7652235],[111.9437898,-6.7652013],[111.9438386,-6.7651873],[111.9438935,-6.7651686],[111.9439441,-6.7651447],[111.9439902,-6.7651149],[111.9440281,-6.7650796],[111.9440634,-6.765044],[111.9440959,-6.765001],[111.9441351,-6.7649638],[111.944176,-6.7649272],[111.9442189,-6.7648962],[111.9442563,-6.764865],[111.9443,-6.7648312],[111.9443342,-6.7647942],[111.9443774,-6.764745],[111.9443689,-6.7646456],[111.9443808,-6.7645824],[111.9444206,-6.7645745],[111.9444485,-6.7646061],[111.9444605,-6.7646456],[111.9444724,-6.7646812],[111.9444883,-6.7647208],[111.9445241,-6.7647484],[111.944556,-6.7647722],[111.9445918,-6.7647959],[111.9446356,-6.7648156],[111.9446794,-6.7648354],[111.9447192,-6.7648512],[111.9447551,-6.7648631],[111.9447949,-6.7648908],[111.9448307,-6.7649105],[111.9448586,-6.7649422],[111.9448904,-6.7649738],[111.9449143,-6.7650094],[111.9449382,-6.765037],[111.94497,-6.7650726],[111.944982,-6.7651122],[111.9449859,-6.7651477],[111.9449939,-6.7651912],[111.9450098,-6.7652308],[111.9450218,-6.7652703],[111.9450258,-6.7653098],[111.9450337,-6.7653494],[111.9450377,-6.7653889],[111.9450496,-6.7654284],[111.9450695,-6.7654561],[111.9451133,-6.7654759],[111.9451571,-6.7654798],[111.9451969,-6.7654798],[111.9452447,-6.7654759],[111.9452805,-6.765468],[111.9453243,-6.7654522],[111.9453243,-6.7654126],[111.9453243,-6.7653691],[111.9453243,-6.7653257],[111.9453323,-6.7652861],[111.9453323,-6.7652466],[111.9453204,-6.7652071],[111.9453204,-6.7651675],[111.9453243,-6.7651319],[111.9453403,-6.7650885],[111.9453602,-6.7650529],[111.9453761,-6.7650133],[111.945396,-6.7649817],[111.9454279,-6.7649501],[111.9454677,-6.7649185],[111.9454995,-6.7648868],[111.9455393,-6.764871],[111.9455712,-6.7648473],[111.945611,-6.7648196],[111.9456428,-6.764788],[111.9456707,-6.7647524],[111.9457026,-6.7647169],[111.9457304,-6.7646892],[111.9457702,-6.7646813],[111.9458101,-6.7646813],[111.9458618,-6.7646734],[111.9459016,-6.7646576],[111.9459414,-6.7646418],[111.9459773,-6.7646141],[111.9460091,-6.7645943],[111.9460449,-6.7645706],[111.9460808,-6.7645548],[111.9461206,-6.7645311],[111.9461564,-6.7645113],[111.9461923,-6.7644836],[111.9462241,-6.7644599],[111.946252,-6.7644441],[111.9463037,-6.7644204],[111.9463435,-6.7644006],[111.9463794,-6.7643848],[111.9464192,-6.7643571],[111.946455,-6.7643295],[111.9464829,-6.7643018],[111.9465068,-6.7642662],[111.9465227,-6.7642267],[111.9465267,-6.7641871],[111.9465307,-6.7641318],[111.9465346,-6.7640923],[111.9465426,-6.7640527],[111.9465506,-6.7640172],[111.9465585,-6.7639737],[111.9465585,-6.7639262],[111.9465585,-6.7638827],[111.9465506,-6.7638353],[111.9465506,-6.7637997],[111.9465446,-6.7637308],[111.9465476,-6.7637009],[111.9465567,-6.763668],[111.9465807,-6.7636471],[111.9466108,-6.7636411],[111.946647,-6.7636411],[111.9466741,-6.7636501],[111.9466981,-6.7636531],[111.9467222,-6.7636561],[111.9467583,-6.7636591],[111.9468035,-6.7636591],[111.9468396,-6.7636591],[111.9468757,-6.7636651],[111.9469148,-6.7636651],[111.9469479,-6.763668],[111.9469901,-6.763674],[111.9470172,-6.763677],[111.9470413,-6.76368],[111.9470894,-6.763683],[111.9471255,-6.763683],[111.9471707,-6.763683],[111.9472128,-6.763683],[111.947255,-6.763683],[111.9472971,-6.763683],[111.9473272,-6.763683],[111.9473723,-6.763683],[111.9474054,-6.763689],[111.9474325,-6.763689],[111.9474656,-6.763689],[111.9475138,-6.763692],[111.9475409,-6.763695],[111.947574,-6.763698],[111.9476041,-6.7637039],[111.9476342,-6.7637069],[111.9476643,-6.7637129],[111.9476673,-6.7637488],[111.9476703,-6.7637787],[111.9476703,-6.7638115],[111.9476868,-6.7638254],[111.9477034,-6.7638285],[111.9477154,-6.7638263],[111.9477275,-6.7638181],[111.9477418,-6.7638039],[111.9477576,-6.7637862],[111.9477744,-6.7637675],[111.9477915,-6.7637508],[111.9478082,-6.7637391],[111.9478231,-6.7637348],[111.9478348,-6.7637385],[111.9478433,-6.7637483],[111.9478507,-6.7637592],[111.9478597,-6.7637665],[111.9478726,-6.7637672],[111.9478898,-6.7637598],[111.9479121,-6.7637452],[111.9479404,-6.7637258],[111.9479764,-6.7637053],[111.9480204,-6.7636868],[111.9480699,-6.7636709],[111.9481189,-6.7636568],[111.948161,-6.7636421],[111.9481921,-6.7636249],[111.9482112,-6.7636043],[111.94822,-6.7635806],[111.9482228,-6.7635551],[111.9482258,-6.7635291],[111.9482338,-6.7635042],[111.9482487,-6.7634817],[111.9482685,-6.7634617],[111.9482904,-6.7634439],[111.9483115,-6.7634268],[111.9483312,-6.7634085],[111.9483506,-6.7633876],[111.9483723,-6.7633647],[111.9483986,-6.7633434],[111.9484295,-6.7633265],[111.9484632,-6.7633151],[111.9484971,-6.7633089],[111.9485293,-6.7633087],[111.9485603,-6.7633173],[111.9485925,-6.763336],[111.9486279,-6.7633644],[111.948667,-6.763399],[111.9487072,-6.7634353],[111.9487471,-6.76347],[111.9487848,-6.763501],[111.9488195,-6.7635283],[111.9488487,-6.7635514],[111.9488747,-6.763571],[111.948901,-6.7635868],[111.9489305,-6.7635996],[111.9489633,-6.7636116],[111.9489963,-6.7636246],[111.9490283,-6.7636394],[111.9490581,-6.7636558],[111.9490865,-6.7636738],[111.949113,-6.7636938],[111.9491383,-6.7637145],[111.9491635,-6.7637345],[111.94919,-6.7637515],[111.9492189,-6.7637641],[111.9492508,-6.7637723],[111.9492869,-6.7637771],[111.9493265,-6.7637789],[111.9493682,-6.7637775],[111.9494122,-6.7637733],[111.949459,-6.7637683],[111.9495058,-6.7637657],[111.9495493,-6.7637679],[111.9495888,-6.7637748],[111.9496274,-6.7637838],[111.9496682,-6.7637901],[111.9497111,-6.7637901],[111.9497543,-6.7637831],[111.9497964,-6.7637725],[111.9498367,-6.7637627],[111.9498753,-6.7637585],[111.9499114,-6.763762],[111.9499442,-6.7637739],[111.9499732,-6.763792],[111.9499988,-6.7638119],[111.9500213,-6.7638284],[111.950039,-6.7638353],[111.9500499,-6.7638296],[111.9500548,-6.7638117],[111.9500578,-6.7637874],[111.9500638,-6.7637625],[111.9500761,-6.763743],[111.9500956,-6.763732],[111.9501213,-6.7637287],[111.950151,-6.7637295],[111.9501816,-6.7637292],[111.9502131,-6.7637255],[111.9502456,-6.7637181],[111.9502789,-6.7637089],[111.9503131,-6.763699],[111.9503475,-6.7636886],[111.9503804,-6.7636775],[111.9504107,-6.7636654],[111.9504379,-6.7636527],[111.9504632,-6.7636403],[111.9504886,-6.7636299],[111.950515,-6.7636219],[111.9505421,-6.7636165],[111.9505683,-6.7636137],[111.9505915,-6.7636139],[111.9506102,-6.7636165],[111.9506241,-6.7636189],[111.9506337,-6.7636181],[111.9506405,-6.7636125],[111.9506475,-6.7636041],[111.9506574,-6.7635967],[111.9506718,-6.7635918],[111.9506891,-6.7635891],[111.9507072,-6.7635869],[111.9507243,-6.7635845],[111.9507393,-6.7635818],[111.9507524,-6.7635807],[111.9507635,-6.7635836],[111.9507728,-6.7635927],[111.9507804,-6.7636081],[111.9507858,-6.7636281],[111.9507894,-6.7636496],[111.9507921,-6.7636685],[111.9507962,-6.7636819],[111.9508027,-6.7636876],[111.9508102,-6.763685],[111.9508175,-6.7636746],[111.9508243,-6.7636599],[111.9508315,-6.7636449],[111.9508401,-6.7636337],[111.9508501,-6.7636281],[111.9508612,-6.7636279],[111.9508728,-6.7636311],[111.950885,-6.7636346],[111.9508978,-6.7636359],[111.9509114,-6.7636351],[111.9509258,-6.7636334],[111.950941,-6.7636324],[111.9509563,-6.7636319],[111.950971,-6.7636301],[111.9509842,-6.7636251],[111.9509961,-6.7636177],[111.9510084,-6.7636103],[111.9510229,-6.7636053],[111.9510389,-6.7636026],[111.9510548,-6.7636006],[111.9510676,-6.7635964],[111.9510769,-6.7635884],[111.9510837,-6.7635772],[111.9510909,-6.7635644],[111.9511012,-6.7635527],[111.951117,-6.7635446],[111.9511388,-6.7635417],[111.9511647,-6.7635444],[111.9511914,-6.7635518],[111.9512158,-6.7635634],[111.9512362,-6.7635778],[111.9512528,-6.7635938],[111.9512665,-6.7636095],[111.9512785,-6.7636225],[111.9512894,-6.7636303],[111.9512985,-6.7636306],[111.951305,-6.7636228],[111.951309,-6.7636099],[111.9513128,-6.7635964],[111.9513185,-6.7635862],[111.9513267,-6.7635828],[111.951337,-6.7635878],[111.9513492,-6.763601],[111.9513634,-6.7636203],[111.95138,-6.7636422],[111.9513986,-6.7636638],[111.9514186,-6.763681],[111.9514382,-6.7636919],[111.9514566,-6.7636953],[111.951473,-6.7636929],[111.9514892,-6.7636876],[111.9515068,-6.7636829],[111.9515267,-6.7636812],[111.9515481,-6.7636819],[111.951569,-6.7636814],[111.9515876,-6.7636762],[111.9516035,-6.7636662],[111.9516178,-6.7636551],[111.9516321,-6.7636481],[111.9516465,-6.763649],[111.9516601,-6.7636578],[111.9516712,-6.7636722],[111.9516783,-6.7636881],[111.9516822,-6.7637024],[111.9516851,-6.7637138],[111.9516895,-6.7637227],[111.9516972,-6.7637299],[111.951708,-6.7637351],[111.9517212,-6.7637374],[111.951735,-6.7637364],[111.951749,-6.7637323],[111.9517617,-6.7637261],[111.9517722,-6.7637183],[111.9517799,-6.7637085],[111.9517854,-6.7636967],[111.9517893,-6.7636828],[111.9517925,-6.763667],[111.9517959,-6.7636507],[111.9517998,-6.7636354],[111.9518051,-6.7636228],[111.9518119,-6.7636136],[111.9518206,-6.7636082],[111.9518305,-6.7636064],[111.951841,-6.7636081],[111.9518501,-6.7636124],[111.9518585,-6.7636188],[111.9518678,-6.7636262],[111.95188,-6.7636336],[111.9518968,-6.7636404],[111.9519161,-6.7636458],[111.9519354,-6.7636497],[111.9519504,-6.7636524],[111.9519616,-6.7636543],[111.9519704,-6.7636554],[111.9519799,-6.7636554],[111.9519909,-6.7636545],[111.9520037,-6.7636533],[111.9520162,-6.7636532],[111.9520285,-6.7636547],[111.9520401,-6.7636575],[111.9520518,-6.7636595],[111.9520638,-6.7636591],[111.9520766,-6.7636565],[111.9520911,-6.7636532],[111.9521081,-6.763651],[111.9521274,-6.7636508],[111.9521469,-6.7636525],[111.9521645,-6.7636553],[111.9521797,-6.7636579],[111.9521932,-6.7636587],[111.9522065,-6.7636566],[111.9522206,-6.7636535],[111.9522368,-6.7636517],[111.9522542,-6.7636534],[111.952271,-6.7636589],[111.952286,-6.7636658],[111.9522992,-6.7636706],[111.9523115,-6.7636712],[111.9523231,-6.7636683],[111.9523343,-6.7636646],[111.9523459,-6.7636617],[111.9523594,-6.7636604],[111.9523753,-6.7636606],[111.9523931,-6.7636625],[111.9524106,-6.7636662],[111.9524276,-6.7636718],[111.9524457,-6.7636787],[111.9524669,-6.7636868],[111.9524919,-6.7636961],[111.9525177,-6.7637054],[111.952544,-6.7637137],[111.9525701,-6.7637195],[111.9525968,-6.7637219],[111.9526238,-6.7637211],[111.9526506,-6.7637185],[111.9526767,-6.7637158],[111.9527017,-6.7637149],[111.9527252,-6.7637159],[111.9527475,-6.7637181],[111.9527686,-6.7637203],[111.9527898,-6.7637219],[111.952813,-6.7637227],[111.9528398,-6.763723],[111.9528693,-6.7637224],[111.9528999,-6.7637209],[111.9529306,-6.7637183],[111.9529613,-6.7637145],[111.952993,-6.763709],[111.9530254,-6.7637016],[111.9530577,-6.7636927],[111.9530889,-6.7636834],[111.9531189,-6.7636755],[111.9531482,-6.7636701],[111.9531777,-6.7636679],[111.9532067,-6.763669],[111.9532351,-6.763673],[111.953262,-6.7636792],[111.9532883,-6.7636863],[111.9533143,-6.763692],[111.9533406,-6.7636945],[111.9533668,-6.7636933],[111.9533928,-6.7636894],[111.9534179,-6.7636852],[111.9534408,-6.7636822],[111.9534599,-6.7636814],[111.9534745,-6.7636824],[111.9534864,-6.7636846],[111.9534978,-6.763687],[111.9535119,-6.7636888],[111.9535302,-6.7636896],[111.9535529,-6.7636888],[111.953578,-6.7636861],[111.9536029,-6.7636815],[111.9536265,-6.7636767],[111.9536489,-6.7636729],[111.9536711,-6.7636706],[111.9536939,-6.7636697],[111.9537172,-6.7636697],[111.9537407,-6.76367],[111.9537643,-6.7636704],[111.953788,-6.7636708],[111.9538115,-6.7636715],[111.953835,-6.7636727],[111.9538585,-6.7636745],[111.9538837,-6.7636765],[111.9539109,-6.7636784],[111.9539399,-6.7636798],[111.953968,-6.7636804],[111.953995,-6.7636797],[111.9540209,-6.7636778],[111.9540479,-6.7636751],[111.9540765,-6.7636724],[111.954107,-6.7636702],[111.9541392,-6.7636685],[111.9541735,-6.7636671],[111.9542091,-6.7636664],[111.954245,-6.7636664],[111.9542798,-6.7636675],[111.9543131,-6.7636693],[111.9543454,-6.7636718],[111.9543759,-6.7636743],[111.9544045,-6.7636766],[111.9544322,-6.7636789],[111.9544607,-6.7636815],[111.9544918,-6.7636845],[111.9545252,-6.7636872],[111.9545593,-6.7636888],[111.9545933,-6.7636887],[111.9546268,-6.7636869],[111.954659,-6.7636837],[111.9546896,-6.7636797],[111.9547189,-6.7636755],[111.9547512,-6.7636716],[111.9547874,-6.7636682],[111.9548282,-6.7636652],[111.9548647,-6.763663],[111.9548965,-6.7636611],[111.9549234,-6.763659],[111.9549507,-6.7636564],[111.9549807,-6.7636534],[111.9550152,-6.76365],[111.9550526,-6.7636472],[111.9550931,-6.7636458],[111.9551357,-6.7636466],[111.9551793,-6.7636493],[111.9552219,-6.7636532],[111.955262,-6.7636573],[111.9552997,-6.7636612],[111.9553351,-6.7636651],[111.9553682,-6.7636694],[111.955398,-6.7636747],[111.9554229,-6.7636817],[111.955442,-6.7636907],[111.9554557,-6.7637007],[111.9554662,-6.7637107],[111.9554764,-6.7637188],[111.9554892,-6.7637243],[111.9555066,-6.7637268],[111.9555302,-6.7637279],[111.9555588,-6.7637287],[111.9555886,-6.7637296],[111.9556152,-6.7637296],[111.9556376,-6.7637279],[111.9556594,-6.7637241],[111.9556842,-6.7637196],[111.9557145,-6.7637158],[111.9557464,-6.7637146],[111.9557785,-6.7637159],[111.9558084,-6.7637183],[111.9558364,-6.7637202],[111.9558632,-6.7637213],[111.9558905,-6.7637219],[111.9559194,-6.7637227],[111.9559505,-6.7637237],[111.9559829,-6.7637243],[111.9560164,-6.7637239],[111.9560504,-6.763722],[111.9560846,-6.7637185],[111.9561176,-6.7637134],[111.9561482,-6.7637072],[111.9561759,-6.7637004],[111.9562014,-6.763694],[111.9562261,-6.7636887],[111.9562512,-6.7636849],[111.9562768,-6.7636825],[111.9563036,-6.7636811],[111.9563323,-6.7636807],[111.9563631,-6.7636811],[111.956395,-6.7636824],[111.9564269,-6.7636841],[111.9564568,-6.7636862],[111.956484,-6.763688],[111.9565078,-6.7636891],[111.9565287,-6.7636891],[111.956547,-6.7636887],[111.9565631,-6.7636888],[111.9565765,-6.7636906],[111.9565877,-6.7636946],[111.956598,-6.7637007],[111.9566097,-6.7637067],[111.9566243,-6.7637101],[111.9566432,-6.7637094],[111.9566665,-6.763705],[111.9566937,-6.7636983],[111.9567243,-6.7636903],[111.9567565,-6.7636818],[111.9567887,-6.7636731],[111.9568187,-6.7636644],[111.9568456,-6.7636554],[111.956871,-6.7636453],[111.9568969,-6.7636333],[111.9569246,-6.7636198],[111.9569509,-6.7636066],[111.9569757,-6.7635951],[111.9569993,-6.7635861],[111.9570227,-6.7635797],[111.9570464,-6.7635758],[111.9570702,-6.763574],[111.9570949,-6.763574],[111.9571209,-6.763575],[111.9571489,-6.7635754],[111.9571785,-6.7635728],[111.957208,-6.7635658],[111.9572354,-6.7635544],[111.9572587,-6.7635398],[111.9572783,-6.7635227],[111.9572958,-6.7635027],[111.9573129,-6.7634803],[111.9573307,-6.7634556],[111.9573481,-6.7634317],[111.9573651,-6.763409],[111.9573811,-6.763388],[111.957397,-6.7633673],[111.9574133,-6.7633462],[111.95743,-6.7633247],[111.9574475,-6.7633028],[111.9574663,-6.7632801],[111.9574873,-6.7632563],[111.9575105,-6.7632313],[111.9575357,-6.7632059],[111.9575613,-6.7631811],[111.9575861,-6.7631575],[111.9576096,-6.7631351],[111.9576314,-6.7631139],[111.9576523,-6.7630925],[111.9576723,-6.763072],[111.9576931,-6.7630513],[111.957715,-6.7630308],[111.9577386,-6.7630104],[111.9577636,-6.7629902],[111.9577904,-6.7629699],[111.9578195,-6.7629497],[111.957851,-6.7629303],[111.9578846,-6.7629123],[111.9579198,-6.7628957],[111.9579558,-6.76288],[111.9579923,-6.7628652],[111.9580307,-6.7628513],[111.9580734,-6.7628386],[111.9581219,-6.7628276],[111.9581743,-6.7628196],[111.9582275,-6.7628149],[111.9582792,-6.7628129],[111.9583307,-6.7628118],[111.9583846,-6.7628092],[111.9584414,-6.7628042],[111.9584988,-6.7627976],[111.9585492,-6.7627929],[111.9585925,-6.7627915],[111.9586299,-6.7627942],[111.9586657,-6.7627999],[111.9587013,-6.7628072],[111.9587375,-6.7628147],[111.9587745,-6.7628206],[111.9588116,-6.7628246],[111.9588495,-6.7628273],[111.9588887,-6.7628296],[111.95893,-6.7628318],[111.9589744,-6.7628336],[111.9590221,-6.7628344],[111.9590731,-6.7628341],[111.9591267,-6.7628324],[111.9591826,-6.7628286],[111.95924,-6.7628226],[111.9592986,-6.762815],[111.9593561,-6.7628071],[111.959412,-6.7627993],[111.9594682,-6.7627916],[111.9595256,-6.7627841],[111.9595853,-6.7627772],[111.9596414,-6.762772],[111.9596933,-6.7627676],[111.9597386,-6.762764],[111.9597807,-6.7627607],[111.9598211,-6.7627581],[111.9598615,-6.7627562],[111.9599028,-6.7627548],[111.9599457,-6.7627535],[111.9599908,-6.7627525],[111.960038,-6.7627519],[111.9600841,-6.7627514],[111.9601278,-6.7627499],[111.9601671,-6.7627464],[111.9602051,-6.7627405],[111.9602422,-6.7627317],[111.9602788,-6.7627197],[111.9603133,-6.7627048],[111.9603443,-6.7626878],[111.9603705,-6.7626708],[111.9603928,-6.762654],[111.9604131,-6.7626366],[111.9604326,-6.7626177],[111.9604533,-6.7625954],[111.9604746,-6.7625705],[111.9604962,-6.7625442],[111.9605146,-6.7625208],[111.9605303,-6.7624998],[111.9605444,-6.7624799],[111.9605593,-6.7624581],[111.9605754,-6.7624341],[111.960592,-6.7624085],[111.9606077,-6.7623837],[111.9606205,-6.7623606],[111.9606295,-6.7623391],[111.9606341,-6.7623197],[111.9606352,-6.7623019],[111.960634,-6.7622862],[111.9606332,-6.7622704],[111.9606334,-6.7622535],[111.9606346,-6.7622355],[111.9606362,-6.7622174],[111.960638,-6.7621995],[111.9606398,-6.7621811],[111.9606417,-6.7621612],[111.9606438,-6.7621405],[111.9606462,-6.7621201],[111.960649,-6.7621006],[111.960653,-6.7620814],[111.9606587,-6.7620623],[111.9606665,-6.7620435],[111.9606761,-6.7620251],[111.9606875,-6.762007],[111.9606998,-6.7619892],[111.9607117,-6.7619722],[111.9607201,-6.7619567],[111.9607239,-6.761941],[111.9607234,-6.7619228],[111.9607209,-6.7619004],[111.9607178,-6.7618739],[111.9607151,-6.7618441],[111.960713,-6.7618132],[111.9607122,-6.7617829],[111.9607131,-6.7617535],[111.9607157,-6.7617245],[111.9607196,-6.7616945],[111.9607239,-6.7616633],[111.9607277,-6.761629],[111.9607304,-6.7615916],[111.960732,-6.7615496],[111.9607331,-6.7615045],[111.9607342,-6.7614584],[111.9607356,-6.761415],[111.9607374,-6.7613797],[111.9607401,-6.7613497],[111.9607445,-6.7613217],[111.9607508,-6.7612911],[111.9607583,-6.761257],[111.9607661,-6.7612192],[111.9607739,-6.7611781],[111.9607815,-6.7611334],[111.9607892,-6.7610873],[111.960797,-6.7610418],[111.9608048,-6.7610022],[111.9608124,-6.76097],[111.9608194,-6.7609435],[111.9608247,-6.760919],[111.9608274,-6.7608921],[111.9608272,-6.7608628],[111.9608258,-6.7608317],[111.9608249,-6.7608014],[111.9608253,-6.760772],[111.9608267,-6.7607441],[111.9608277,-6.760719],[111.9608273,-6.7606983],[111.9608246,-6.7606843],[111.9608191,-6.7606768],[111.9608111,-6.7606742],[111.9608008,-6.7606735],[111.9607892,-6.7606723],[111.9607769,-6.76067],[111.9607645,-6.7606676],[111.9607515,-6.760667],[111.9607365,-6.7606688],[111.9607174,-6.760672],[111.9606931,-6.7606737],[111.9606659,-6.7606734],[111.9606381,-6.7606712],[111.9606137,-6.7606696],[111.9605931,-6.7606685],[111.9605757,-6.7606669],[111.9605605,-6.760664],[111.9605471,-6.7606604],[111.9605354,-6.7606586],[111.9605244,-6.7606597],[111.9605123,-6.7606638],[111.9604984,-6.7606681],[111.9604821,-6.7606706],[111.9604642,-6.7606698],[111.9604455,-6.7606663],[111.9604284,-6.7606615],[111.9604136,-6.7606577],[111.9604011,-6.7606566],[111.9603887,-6.7606582],[111.9603743,-6.7606611],[111.9603577,-6.7606628],[111.9603395,-6.7606622],[111.9603223,-6.7606598],[111.9603071,-6.7606576],[111.960293,-6.7606573],[111.9602776,-6.7606591],[111.9602592,-6.7606614],[111.9602387,-6.7606627],[111.9602178,-6.7606618],[111.960198,-6.7606593],[111.9601793,-6.7606571],[111.9601606,-6.7606566],[111.9601407,-6.760658],[111.9601199,-6.7606587],[111.9601008,-6.7606577],[111.9600837,-6.7606559],[111.9600675,-6.7606551],[111.9600496,-6.7606562],[111.9600296,-6.7606578],[111.9600078,-6.7606584],[111.9599864,-6.7606569],[111.9599677,-6.7606539],[111.9599521,-6.7606503],[111.9599385,-6.7606479],[111.9599243,-6.7606469],[111.9599097,-6.7606464],[111.9598954,-6.7606455],[111.9598822,-6.7606449],[111.9598695,-6.7606455],[111.9598553,-6.7606474],[111.9598361,-6.7606493],[111.9598125,-6.7606494],[111.9597864,-6.7606474],[111.9597642,-6.7606444],[111.9597471,-6.7606433],[111.9597347,-6.7606446],[111.9597237,-6.7606468],[111.9597128,-6.7606479],[111.9597016,-6.7606476],[111.959689,-6.7606476],[111.9596734,-6.7606494],[111.9596539,-6.7606525],[111.9596305,-6.760655],[111.959605,-6.760655],[111.9595788,-6.7606522],[111.9595521,-6.7606476],[111.9595254,-6.7606434],[111.9594974,-6.760641],[111.9594684,-6.7606402],[111.9594393,-6.7606408],[111.959409,-6.7606414],[111.9593769,-6.760641],[111.9593406,-6.7606397],[111.9592992,-6.7606383],[111.9592554,-6.7606377],[111.9592115,-6.7606376],[111.9591707,-6.7606376],[111.9591327,-6.7606372],[111.9590964,-6.7606367],[111.9590597,-6.7606362],[111.9590226,-6.7606355],[111.9589849,-6.7606344],[111.9589476,-6.760633],[111.9589105,-6.7606326],[111.9588744,-6.7606331],[111.958839,-6.760634],[111.9588033,-6.7606337],[111.958767,-6.7606321],[111.958729,-6.76063],[111.9586908,-6.7606284],[111.9586531,-6.7606279],[111.9586173,-6.7606275],[111.9585814,-6.7606281],[111.9585436,-6.7606314],[111.9585033,-6.7606384],[111.9584612,-6.7606464],[111.9584212,-6.7606504],[111.9583863,-6.760648],[111.9583569,-6.7606401],[111.958331,-6.7606306],[111.9583062,-6.760623],[111.9582828,-6.7606196],[111.9582611,-6.7606185],[111.9582405,-6.7606172],[111.9582201,-6.7606141],[111.9582001,-6.7606105],[111.9581809,-6.7606084],[111.9581609,-6.7606086],[111.9581392,-6.7606099],[111.9581155,-6.760611],[111.9580906,-6.7606114],[111.9580648,-6.7606112],[111.9580386,-6.7606092],[111.9580127,-6.7606054],[111.9579881,-6.7606013],[111.9579662,-6.7605992],[111.9579467,-6.7605995],[111.9579281,-6.7606018],[111.9579089,-6.7606048],[111.9578863,-6.7606079],[111.9578605,-6.7606091],[111.9578332,-6.7606079],[111.9578069,-6.7606053],[111.9577816,-6.7606032],[111.9577569,-6.7606023],[111.9577323,-6.7606024],[111.9577086,-6.7606033],[111.9576846,-6.7606049],[111.9576592,-6.7606077],[111.9576314,-6.7606094],[111.9576023,-6.76061],[111.9575713,-6.7606101],[111.9575388,-6.7606116],[111.9575024,-6.7606138],[111.9574653,-6.7606145],[111.9574289,-6.7606129],[111.9573952,-6.7606092],[111.9573618,-6.7606058],[111.9573281,-6.7606043],[111.9572949,-6.7606039],[111.9572621,-6.7606028],[111.9572299,-6.7606],[111.9571972,-6.7605954],[111.9571667,-6.7605919],[111.9571396,-6.7605892],[111.9571149,-6.7605889],[111.9570873,-6.7605894],[111.9570552,-6.7605895],[111.9570192,-6.7605882],[111.9569844,-6.7605862],[111.9569531,-6.7605848],[111.956925,-6.7605841],[111.9568977,-6.7605841],[111.956869,-6.7605844],[111.9568393,-6.7605837],[111.9568099,-6.7605821],[111.956781,-6.7605804],[111.9567494,-6.7605798],[111.9567124,-6.7605801],[111.9566704,-6.7605809],[111.9566257,-6.7605818],[111.9565825,-6.7605829],[111.9565419,-6.7605847],[111.9565042,-6.7605871],[111.9564679,-6.7605891],[111.9564326,-6.7605895],[111.9563971,-6.7605882],[111.9563605,-6.7605864],[111.9563224,-6.7605851],[111.9562813,-6.7605845],[111.956237,-6.7605841],[111.95619,-6.760583],[111.9561407,-6.7605812],[111.9560902,-6.7605792],[111.9560377,-6.7605769],[111.9559848,-6.7605745],[111.9559292,-6.7605721],[111.9558735,-6.7605703],[111.9558182,-6.7605688],[111.9557684,-6.7605664],[111.955721,-6.7605629],[111.9556747,-6.7605593],[111.9556269,-6.7605568],[111.9555783,-6.760556],[111.955528,-6.7605568],[111.9554751,-6.7605584],[111.9554192,-6.7605595],[111.9553628,-6.7605585],[111.9553067,-6.7605554],[111.9552521,-6.7605517],[111.9551996,-6.7605484],[111.9551502,-6.7605461],[111.9551036,-6.7605451],[111.9550581,-6.7605454],[111.9550114,-6.7605466],[111.9549604,-6.7605474],[111.9549024,-6.7605473],[111.9548387,-6.7605462],[111.9547751,-6.7605441],[111.9547225,-6.760541],[111.9546812,-6.7605372],[111.9546493,-6.7605342],[111.9546197,-6.7605327],[111.9545899,-6.760532],[111.9545579,-6.7605314],[111.9545239,-6.7605305],[111.9544862,-6.7605295],[111.9544429,-6.7605282],[111.9543934,-6.7605265],[111.9543379,-6.7605249],[111.9542807,-6.7605239],[111.9542206,-6.7605237],[111.9541574,-6.7605242],[111.9540896,-6.7605248],[111.9540209,-6.7605241],[111.9539553,-6.760522],[111.9538959,-6.7605187],[111.953846,-6.7605149],[111.9538082,-6.7605082],[111.9537836,-6.7604965],[111.95377,-6.7604776],[111.953764,-6.760452],[111.9537644,-6.7604226],[111.953771,-6.7603939],[111.9537828,-6.7603707],[111.9537982,-6.7603552],[111.9538165,-6.7603469],[111.9538384,-6.7603429],[111.9538638,-6.7603409],[111.9538919,-6.7603396],[111.9539213,-6.76034],[111.9539538,-6.7603421],[111.9539906,-6.7603454],[111.9540319,-6.760348],[111.9540769,-6.7603494],[111.9541229,-6.7603491],[111.9541698,-6.7603478],[111.9542166,-6.7603464],[111.9542635,-6.7603457],[111.9543101,-6.7603461],[111.9543572,-6.760348],[111.954404,-6.7603513],[111.9544517,-6.7603546],[111.9544994,-6.7603571],[111.9545489,-6.7603582],[111.9546014,-6.7603587],[111.9546593,-6.7603598],[111.954723,-6.7603628],[111.9547923,-6.7603669],[111.9548645,-6.7603712],[111.9549388,-6.7603745],[111.955013,-6.7603768],[111.9550864,-6.7603786],[111.9551591,-6.7603803],[111.955234,-6.7603822],[111.9553133,-6.7603837],[111.9553981,-6.7603854],[111.9554858,-6.7603868],[111.9555725,-6.7603878],[111.9556542,-6.760387],[111.9557298,-6.7603851],[111.9557972,-6.7603833],[111.9558567,-6.7603833],[111.9559105,-6.7603858],[111.9559609,-6.7603894],[111.9560106,-6.7603924],[111.9560565,-6.7603925],[111.9561003,-6.7603912],[111.9561456,-6.7603903],[111.9561964,-6.760391],[111.9562544,-6.7603932],[111.9563157,-6.7603955],[111.9563787,-6.7603984],[111.9564416,-6.7604009],[111.9565027,-6.7604025],[111.9565619,-6.7604033],[111.9566204,-6.7604039],[111.9566819,-6.7604041],[111.9567474,-6.7604043],[111.9568141,-6.7604041],[111.956876,-6.7604038],[111.9569341,-6.7604035],[111.9569871,-6.7604028],[111.9570391,-6.7604016],[111.9570913,-6.7604007],[111.9571469,-6.7604013],[111.9572062,-6.7604043],[111.9572681,-6.7604099],[111.9573314,-6.7604168],[111.9573932,-6.7604232],[111.9574524,-6.7604281],[111.9575089,-6.7604311],[111.9575641,-6.7604329],[111.9576177,-6.7604336],[111.9576704,-6.7604345],[111.9577257,-6.7604361],[111.9577854,-6.7604385],[111.9578509,-6.7604415],[111.9579184,-6.7604439],[111.9579854,-6.760445],[111.9580529,-6.7604444],[111.9581228,-6.7604426],[111.9581967,-6.7604407],[111.9582705,-6.7604397],[111.9583448,-6.7604397],[111.9584201,-6.7604406],[111.9584988,-6.7604424],[111.9585794,-6.7604454],[111.9586592,-6.7604495],[111.9587314,-6.7604532],[111.9587956,-6.7604559],[111.9588527,-6.7604577],[111.9589052,-6.7604589],[111.9589558,-6.7604601],[111.9590026,-6.7604615],[111.9590452,-6.7604632],[111.9590799,-6.7604654],[111.9591103,-6.7604678],[111.9591396,-6.7604701],[111.9591697,-6.7604713],[111.9592,-6.7604713],[111.9592306,-6.760471],[111.9592628,-6.7604713],[111.9592984,-6.7604723],[111.9593366,-6.7604735],[111.9593753,-6.760474],[111.9594127,-6.7604741],[111.9594481,-6.7604742],[111.9594827,-6.760475],[111.9595171,-6.7604769],[111.9595533,-6.7604797],[111.9595922,-6.7604831],[111.9596339,-6.7604867],[111.9596763,-6.7604898],[111.9597158,-6.7604909],[111.9597514,-6.76049],[111.9597843,-6.7604877],[111.9598162,-6.7604862],[111.9598461,-6.7604864],[111.9598755,-6.7604882],[111.9599051,-6.7604896],[111.9599379,-6.7604899],[111.9599744,-6.7604898],[111.9600149,-6.7604908],[111.9600583,-6.7604931],[111.9601042,-6.7604954],[111.9601512,-6.7604965],[111.9601991,-6.7604962],[111.9602463,-6.7604949],[111.9602912,-6.7604929],[111.9603314,-6.7604917],[111.9603652,-6.7604919],[111.960395,-6.7604933],[111.9604244,-6.7604949],[111.9604542,-6.7604965],[111.9604838,-6.7604986],[111.9605116,-6.7605011],[111.9605397,-6.7605034],[111.9605672,-6.7605051],[111.9605936,-6.7605067],[111.9606154,-6.7605073],[111.960634,-6.7605066],[111.9606511,-6.7605043],[111.9606682,-6.7605018],[111.9606857,-6.7605007],[111.9607023,-6.7605016],[111.9607189,-6.7605047],[111.9607354,-6.7605087],[111.9607523,-6.7605121],[111.9607687,-6.7605143],[111.9607845,-6.7605155],[111.9608013,-6.7605163],[111.9608208,-6.7605164],[111.9608447,-6.7605154],[111.96087,-6.7605137],[111.9608944,-6.7605128],[111.9609153,-6.7605145],[111.9609329,-6.7605209],[111.960947,-6.7605325],[111.9609585,-6.7605503],[111.9609662,-6.760573],[111.9609704,-6.7605995],[111.960973,-6.7606288],[111.9609778,-6.7606587],[111.9609902,-6.7606876],[111.9610108,-6.7607097],[111.9610396,-6.7607259],[111.9610705,-6.7607369],[111.9611019,-6.7607476],[111.9611331,-6.7607603],[111.9611669,-6.7607771],[111.9612042,-6.7607977],[111.9612456,-6.7608218],[111.9612901,-6.7608478],[111.9613371,-6.7608741],[111.9613871,-6.7609007],[111.9614409,-6.7609285],[111.9614968,-6.7609578],[111.9615526,-6.7609875],[111.9616087,-6.7610169],[111.9616652,-6.761046],[111.9617232,-6.7610761],[111.9617817,-6.7611074],[111.9618426,-6.7611406],[111.9619043,-6.7611742],[111.9619647,-6.761208],[111.9620204,-6.7612413],[111.9620722,-6.7612757],[111.9621212,-6.7613107],[111.9621695,-6.7613457],[111.9622125,-6.7613759],[111.9622509,-6.7614023],[111.962287,-6.7614271],[111.9623256,-6.7614541],[111.9623691,-6.7614843],[111.9624171,-6.7615168],[111.9624679,-6.7615502],[111.96252,-6.761584],[111.962572,-6.7616182],[111.9626224,-6.7616531],[111.962669,-6.7616872],[111.9627121,-6.7617203],[111.9627503,-6.7617504],[111.9627858,-6.7617785],[111.9628206,-6.7618052],[111.9628567,-6.7618312],[111.9628939,-6.7618566],[111.9629314,-6.7618812],[111.9629682,-6.7619058],[111.9630044,-6.761931],[111.963042,-6.7619576],[111.9630817,-6.7619854],[111.9631219,-6.762013],[111.9631615,-6.7620401],[111.9632003,-6.7620658],[111.9632395,-6.7620905],[111.9632805,-6.762115],[111.963326,-6.7621407],[111.9633791,-6.7621695],[111.9634377,-6.7622009],[111.9635008,-6.762235],[111.963561,-6.7622683],[111.9636222,-6.7623026],[111.9636879,-6.7623388],[111.9637589,-6.7623769],[111.9638314,-6.7624136],[111.9638978,-6.7624456],[111.96396,-6.762474],[111.9640178,-6.7625005],[111.9640749,-6.7625275],[111.9641322,-6.7625559],[111.9641927,-6.7625863],[111.9642577,-6.7626195],[111.9643288,-6.7626558],[111.9644038,-6.7626947],[111.9644779,-6.7627335],[111.964547,-6.7627701],[111.9646071,-6.7628023],[111.9646603,-6.7628315],[111.9647089,-6.7628597],[111.9647558,-6.7628888],[111.9648015,-6.7629189],[111.9648438,-6.7629481],[111.964881,-6.762975],[111.9649146,-6.7629996],[111.964948,-6.7630236],[111.9649835,-6.7630482],[111.9650221,-6.7630739],[111.9650629,-6.7631001],[111.965106,-6.7631274],[111.9651525,-6.763156],[111.9652032,-6.7631864],[111.9652577,-6.7632188],[111.9653128,-6.7632522],[111.9653702,-6.7632866],[111.9654274,-6.7633204],[111.965485,-6.7633538],[111.9655392,-6.7633864],[111.9655915,-6.763421],[111.9656432,-6.7634591],[111.9656959,-6.7635005],[111.965747,-6.7635402],[111.9657961,-6.7635743],[111.9658432,-6.7636019],[111.9658882,-6.763624],[111.9659269,-6.7636409],[111.9659604,-6.7636545],[111.9659906,-6.7636659],[111.9660212,-6.7636766],[111.9660534,-6.763687],[111.9660874,-6.7636972],[111.9661229,-6.7637072],[111.9661602,-6.7637173],[111.9661999,-6.7637276],[111.9662421,-6.7637375],[111.9662883,-6.7637471],[111.9663401,-6.7637562],[111.9663978,-6.7637646],[111.9664596,-6.7637715],[111.9665253,-6.7637773],[111.9665937,-6.7637824],[111.9666647,-6.7637877],[111.9667355,-6.7637939],[111.9668071,-6.7638024],[111.9668862,-6.7638142],[111.9669747,-6.7638286],[111.9670692,-6.7638433],[111.9671521,-6.7638549],[111.967222,-6.7638642],[111.9672804,-6.7638727],[111.9673349,-6.7638823],[111.9673868,-6.7638932],[111.9674369,-6.7639053],[111.9674848,-6.763919],[111.9675312,-6.7639352],[111.967578,-6.7639555],[111.9676268,-6.7639801],[111.967678,-6.7640087],[111.9677312,-6.7640403],[111.9677862,-6.7640747],[111.9678432,-6.7641115],[111.9679013,-6.7641506],[111.9679582,-6.7641914],[111.9680118,-6.764234],[111.9680616,-6.7642782],[111.9681071,-6.7643223],[111.9681458,-6.7643619],[111.9681789,-6.7643959],[111.9682096,-6.7644261],[111.9682428,-6.7644576],[111.9682824,-6.7644948],[111.968329,-6.7645399],[111.9683822,-6.7645927],[111.9684395,-6.7646504],[111.9684981,-6.7647102],[111.9685578,-6.7647708],[111.9686187,-6.7648322],[111.9686801,-6.764893],[111.9687419,-6.7649535],[111.9688027,-6.7650121],[111.9688627,-6.7650707],[111.9689241,-6.7651314],[111.9689871,-6.7651942],[111.9690533,-6.7652595],[111.9691198,-6.7653235],[111.9691836,-6.7653828],[111.9692429,-6.7654365],[111.969298,-6.7654859],[111.96935,-6.7655325],[111.9693974,-6.7655747],[111.9694412,-6.765613],[111.969482,-6.7656488],[111.9695246,-6.7656857],[111.9695721,-6.765726],[111.9696263,-6.7657709],[111.9696872,-6.7658219],[111.9697515,-6.7658775],[111.9698165,-6.7659379],[111.9698786,-6.7659987],[111.9699417,-6.7660615],[111.9700084,-6.7661239],[111.9700822,-6.7661878],[111.9701606,-6.7662508],[111.9702423,-6.7663142],[111.9703193,-6.7663727],[111.9703924,-6.7664273],[111.9704614,-6.7664767],[111.9705307,-6.7665223],[111.9706003,-6.7665636],[111.9706707,-6.7666003],[111.97074,-6.7666326],[111.9708103,-6.7666627],[111.9708815,-6.7666921],[111.9709527,-6.7667211],[111.9710225,-6.7667494],[111.9710885,-6.7667759],[111.9711543,-6.7668014],[111.9712207,-6.7668261],[111.9712915,-6.7668515],[111.9713649,-6.7668774],[111.97144,-6.7669036],[111.9715189,-6.766931],[111.9716016,-6.7669596],[111.9716863,-6.7669888],[111.9717619,-6.7670149],[111.9718209,-6.7670349],[111.9718652,-6.7670492],[111.9719029,-6.7670605],[111.9719416,-6.7670716],[111.9719824,-6.767083],[111.9720235,-6.7670941],[111.9720628,-6.7671035],[111.9721004,-6.7671112],[111.9721371,-6.767118],[111.9721732,-6.7671247],[111.9722093,-6.767132],[111.9722441,-6.7671394],[111.9722793,-6.7671472],[111.972316,-6.7671554],[111.9723565,-6.7671649],[111.9724017,-6.7671762],[111.9724528,-6.7671894],[111.9725099,-6.7672046],[111.9725718,-6.7672214],[111.9726374,-6.7672399],[111.9727044,-6.7672597],[111.9727719,-6.7672807],[111.9728376,-6.7673025],[111.9729009,-6.7673255],[111.9729623,-6.7673506],[111.973021,-6.7673773],[111.9730757,-6.7674055],[111.9731219,-6.7674322],[111.973161,-6.7674572],[111.9731944,-6.7674795],[111.9732282,-6.7675018],[111.9732658,-6.7675252],[111.9733092,-6.7675508],[111.973358,-6.767578],[111.9734107,-6.7676059],[111.9734667,-6.7676337],[111.973522,-6.7676597],[111.9735751,-6.7676837],[111.9736225,-6.7677052],[111.9736657,-6.7677256],[111.9737073,-6.7677468],[111.9737507,-6.7677699],[111.9737983,-6.7677953],[111.9738507,-6.7678223],[111.9739065,-6.7678505],[111.9739631,-6.7678791],[111.974017,-6.7679076],[111.9740685,-6.7679366],[111.9741173,-6.7679659],[111.9741657,-6.7679966],[111.9742137,-6.7680285],[111.9742652,-6.7680636],[111.974322,-6.7681016],[111.9743851,-6.7681413],[111.9744504,-6.7681797],[111.9745184,-6.7682182],[111.974589,-6.7682586],[111.97466,-6.7683009],[111.9747233,-6.7683407],[111.9747734,-6.7683743],[111.9748096,-6.7684012],[111.9748374,-6.7684242],[111.9748625,-6.7684465],[111.9748896,-6.7684706],[111.9749206,-6.7684979],[111.9749575,-6.7685299],[111.9749982,-6.7685646],[111.9750405,-6.7685997],[111.9750798,-6.7686317],[111.9751171,-6.7686619],[111.9751524,-6.7686907],[111.9751867,-6.7687192],[111.9752174,-6.7687453],[111.975245,-6.7687694],[111.97527,-6.7687916],[111.9752958,-6.7688141],[111.975324,-6.7688377],[111.975356,-6.7688636],[111.9753905,-6.7688921],[111.9754275,-6.7689239],[111.9754663,-6.7689587],[111.9755064,-6.7689955],[111.9755474,-6.7690332],[111.9755883,-6.7690705],[111.975629,-6.7691073],[111.9756706,-6.7691451],[111.975713,-6.7691837],[111.9757561,-6.7692227],[111.9757972,-6.7692582],[111.9758371,-6.7692892],[111.9758766,-6.7693162],[111.9759187,-6.769342],[111.9759635,-6.7693684],[111.9760145,-6.7693979],[111.9760702,-6.7694302],[111.9761305,-6.7694649],[111.976188,-6.7694975],[111.9762424,-6.7695276],[111.9762897,-6.7695535],[111.9763289,-6.7695761],[111.9763614,-6.7695962],[111.9763923,-6.7696158],[111.9764248,-6.7696359],[111.9764616,-6.7696576],[111.9765023,-6.7696807],[111.9765475,-6.7697055],[111.9765971,-6.7697322],[111.9766472,-6.7697588],[111.9766974,-6.7697852],[111.9767463,-6.7698109],[111.9767954,-6.7698372],[111.9768424,-6.7698633],[111.9768857,-6.7698883],[111.9769218,-6.7699097],[111.9769536,-6.7699294],[111.9769839,-6.7699488],[111.9770167,-6.7699701],[111.9770513,-6.7699931],[111.9770863,-6.7700179],[111.9771198,-6.7700439],[111.9771522,-6.770072],[111.9771835,-6.7701027],[111.977214,-6.7701362],[111.977244,-6.7701718],[111.9772762,-6.7702085],[111.9773147,-6.7702471],[111.9773619,-6.7702879],[111.9774162,-6.7703298],[111.9774716,-6.77037],[111.9775245,-6.7704072],[111.9775743,-6.7704426],[111.9776241,-6.7704787],[111.9776725,-6.7705148],[111.9777199,-6.7705512],[111.9777663,-6.7705881],[111.977813,-6.7706267],[111.9778595,-6.7706665],[111.9779056,-6.7707061],[111.9779511,-6.7707441],[111.9779966,-6.7707809],[111.9780443,-6.7708186],[111.9780941,-6.770859],[111.9781485,-6.770904],[111.9782057,-6.7709537],[111.9782665,-6.7710091],[111.9783297,-6.7710703],[111.9783928,-6.7711341],[111.9784494,-6.771193],[111.9784967,-6.7712428],[111.9785349,-6.7712828],[111.9785658,-6.771315],[111.9785921,-6.7713419],[111.9786159,-6.7713664],[111.9786389,-6.7713903],[111.9786624,-6.7714155],[111.9786884,-6.7714445],[111.97872,-6.7714812],[111.9787597,-6.7715277],[111.9788079,-6.7715836],[111.9788617,-6.7716449],[111.9789183,-6.771708],[111.9789747,-6.7717695],[111.9790285,-6.771827],[111.9790745,-6.7718753],[111.9791157,-6.7719174],[111.9791557,-6.771958],[111.9791993,-6.7720033],[111.9792461,-6.7720538],[111.9792934,-6.7721076],[111.9793381,-6.7721612],[111.979379,-6.7722126],[111.9794185,-6.7722632],[111.9794584,-6.7723143],[111.9795015,-6.7723692],[111.9795468,-6.7724272],[111.9795937,-6.772487],[111.9796403,-6.7725445],[111.9796841,-6.7725965],[111.9797209,-6.7726391],[111.9797505,-6.7726735],[111.979775,-6.7727037],[111.9797983,-6.7727344],[111.979823,-6.7727685],[111.9798506,-6.772807],[111.9798821,-6.772851],[111.9799166,-6.7728986],[111.9799518,-6.7729462],[111.9799843,-6.7729878],[111.9800142,-6.7730234],[111.9800424,-6.7730549],[111.9800704,-6.7730863],[111.9800975,-6.7731185],[111.9801248,-6.7731539],[111.9801526,-6.7731935],[111.9801827,-6.7732389],[111.9802125,-6.7732868],[111.980242,-6.7733363],[111.9802706,-6.7733871],[111.9802988,-6.7734394],[111.9803269,-6.7734925],[111.9803551,-6.7735452],[111.980385,-6.7735982],[111.9804189,-6.7736559],[111.9804571,-6.7737201],[111.9804982,-6.7737913],[111.9805364,-6.7738608],[111.9805705,-6.7739258],[111.9806003,-6.7739846],[111.9806281,-6.7740382],[111.9806543,-6.7740875],[111.9806794,-6.7741337],[111.9807027,-6.7741776],[111.9807253,-6.7742223],[111.9807455,-6.774266],[111.9807621,-6.7743089],[111.9807731,-6.7743497],[111.9807774,-6.7743878],[111.980773,-6.77442],[111.9807601,-6.7744448],[111.9807381,-6.7744616],[111.9807101,-6.7744752],[111.9806778,-6.774488],[111.9806458,-6.7745022],[111.9806176,-6.7745178],[111.9805963,-6.7745363],[111.980581,-6.7745597],[111.9805683,-6.7745908],[111.9805556,-6.7746279],[111.9805424,-6.7746668],[111.9805315,-6.7747003],[111.980524,-6.7747285],[111.9805207,-6.7747531],[111.9805213,-6.7747777],[111.980526,-6.7748031],[111.9805343,-6.7748312],[111.980544,-6.774862],[111.9805539,-6.774896],[111.9805634,-6.7749301],[111.9805745,-6.774966],[111.9805882,-6.7750038],[111.9806052,-6.7750438],[111.9806241,-6.775084],[111.9806433,-6.7751241],[111.9806617,-6.7751653],[111.9806782,-6.7752079],[111.9806923,-6.7752522],[111.9807039,-6.7752972],[111.9807138,-6.7753437],[111.9807242,-6.7753916],[111.9807375,-6.7754398],[111.980757,-6.7754901],[111.9807814,-6.7755394],[111.9808081,-6.7755856],[111.9808308,-6.7756214],[111.9808495,-6.775649],[111.9808655,-6.7756714],[111.9808821,-6.775695],[111.9809008,-6.7757233],[111.980922,-6.7757586],[111.9809453,-6.7757996],[111.9809706,-6.7758435],[111.9809988,-6.7758883],[111.9810313,-6.7759334],[111.9810692,-6.7759798],[111.9811098,-6.7760251],[111.9811492,-6.7760657],[111.9811822,-6.776097],[111.981209,-6.776119],[111.9812306,-6.7761336],[111.9812496,-6.7761452],[111.9812676,-6.7761574],[111.9812853,-6.7761719],[111.9813021,-6.7761883],[111.9813183,-6.7762058],[111.9813344,-6.7762243],[111.9813525,-6.7762451],[111.9813738,-6.7762698],[111.9813985,-6.7762985],[111.9814269,-6.7763314],[111.9814585,-6.7763664],[111.9814916,-6.7764004],[111.9815224,-6.7764285],[111.9815489,-6.7764487],[111.9815711,-6.7764622],[111.9815898,-6.7764724],[111.9816041,-6.7764824],[111.98161,-6.7764933],[111.9816047,-6.7765046],[111.9815883,-6.7765162],[111.9815666,-6.7765279],[111.9815423,-6.7765407],[111.9815158,-6.7765536],[111.9814871,-6.7765658],[111.9814573,-6.7765771],[111.9814288,-6.7765891],[111.9814022,-6.7766031],[111.9813775,-6.7766201],[111.9813547,-6.77664],[111.9813353,-6.7766624],[111.9813213,-6.7766884],[111.9813151,-6.7767193],[111.9813168,-6.7767565],[111.9813252,-6.7767999],[111.9813384,-6.7768477],[111.9813551,-6.776899],[111.9813746,-6.7769538],[111.9813968,-6.7770115],[111.9814213,-6.7770701],[111.9814467,-6.7771261],[111.9814715,-6.7771768],[111.9814951,-6.7772223],[111.9815173,-6.777262],[111.9815384,-6.777297],[111.9815577,-6.7773267],[111.9815751,-6.7773535],[111.9815919,-6.7773806],[111.98161,-6.7774122],[111.9816309,-6.7774509],[111.9816543,-6.7774971],[111.9816792,-6.7775486],[111.9817042,-6.7776022],[111.9817287,-6.7776581],[111.9817531,-6.7777166],[111.9817777,-6.7777773],[111.9818035,-6.7778375],[111.9818315,-6.7778983],[111.9818625,-6.7779601],[111.9818963,-6.778024],[111.9819301,-6.7780859],[111.9819617,-6.7781417],[111.9819903,-6.7781895],[111.9820172,-6.7782332],[111.9820432,-6.7782777],[111.9820691,-6.7783263],[111.982095,-6.778378],[111.9821217,-6.7784325],[111.98215,-6.7784891],[111.9821797,-6.7785468],[111.9822099,-6.778604],[111.982239,-6.7786595],[111.9822668,-6.778714],[111.9822935,-6.7787659],[111.9823191,-6.778815],[111.9823438,-6.7788602],[111.9823657,-6.7788992],[111.9823864,-6.7789355],[111.9824067,-6.7789729],[111.982429,-6.7790172],[111.9824542,-6.7790693],[111.9824821,-6.7791281],[111.9825108,-6.7791892],[111.9825388,-6.7792472],[111.9825649,-6.7793003],[111.9825901,-6.7793483],[111.982615,-6.7793936],[111.9826393,-6.7794344],[111.982662,-6.7794704],[111.9826825,-6.7795011],[111.9827012,-6.7795295],[111.982718,-6.779558],[111.9827323,-6.7795872],[111.9827435,-6.779616],[111.982753,-6.779642],[111.9827619,-6.7796665],[111.9827714,-6.7796917],[111.9827822,-6.7797207],[111.982795,-6.7797529],[111.9828098,-6.7797846],[111.9828269,-6.7798101],[111.9828453,-6.7798269],[111.9828643,-6.7798373],[111.9828822,-6.7798455],[111.9828985,-6.779855],[111.9829118,-6.7798668],[111.9829221,-6.7798811],[111.9829286,-6.7798981],[111.9829302,-6.7799182],[111.9829251,-6.7799405],[111.9829135,-6.7799641],[111.9828994,-6.7799889],[111.9828881,-6.7800159],[111.9828849,-6.7800478],[111.9828905,-6.7800843],[111.9829016,-6.7801223],[111.9829113,-6.7801557],[111.9829157,-6.7801828],[111.9829146,-6.7802063],[111.982912,-6.7802313],[111.9829121,-6.7802623],[111.9829171,-6.7803006],[111.9829271,-6.7803456],[111.9829403,-6.7803939],[111.9829556,-6.7804415],[111.9829721,-6.7804843],[111.9829897,-6.7805199],[111.9830088,-6.7805498],[111.9830301,-6.7805792],[111.983053,-6.7806107],[111.9830762,-6.7806449],[111.983097,-6.7806769],[111.9831159,-6.7807059],[111.9831339,-6.7807327],[111.9831526,-6.7807609],[111.9831722,-6.7807922],[111.9831928,-6.7808279],[111.9832141,-6.7808675],[111.9832369,-6.7809115],[111.9832606,-6.7809576],[111.9832852,-6.7810048],[111.9833097,-6.7810504],[111.983334,-6.781095],[111.9833583,-6.7811397],[111.9833835,-6.7811867],[111.9834101,-6.7812367],[111.9834377,-6.7812882],[111.9834666,-6.781341],[111.9834962,-6.7813917],[111.9835269,-6.7814407],[111.9835585,-6.7814877],[111.9835908,-6.7815341],[111.9836219,-6.7815793],[111.9836503,-6.7816216],[111.9836756,-6.7816617],[111.9836991,-6.781701],[111.9837216,-6.7817403],[111.9837438,-6.7817809],[111.9837651,-6.7818217],[111.9837853,-6.7818623],[111.983804,-6.781901],[111.9838221,-6.7819366],[111.9838406,-6.7819701],[111.983861,-6.782005],[111.9838829,-6.7820447],[111.9839068,-6.7820932],[111.9839308,-6.7821482],[111.9839561,-6.78221],[111.9839849,-6.78228],[111.9840193,-6.7823588],[111.9840603,-6.7824475],[111.9841049,-6.7825398],[111.9841513,-6.7826311],[111.9841958,-6.7827157],[111.9842365,-6.7827908],[111.9842724,-6.7828578],[111.984303,-6.7829179],[111.9843282,-6.7829737],[111.9843464,-6.7830237],[111.9843595,-6.7830709],[111.9843697,-6.7831169],[111.9843816,-6.7831643],[111.9843972,-6.7832128],[111.9844171,-6.7832629],[111.984439,-6.7833118],[111.9844606,-6.783358],[111.98448,-6.7834003],[111.984496,-6.7834406],[111.9845083,-6.7834822],[111.9845169,-6.7835268],[111.9845227,-6.7835748],[111.9845255,-6.7836228],[111.9845253,-6.7836657],[111.9845226,-6.7837023],[111.9845195,-6.7837346],[111.9845196,-6.783766],[111.9845239,-6.7837981],[111.9845322,-6.7838314],[111.9845422,-6.783865],[111.9845529,-6.7838983],[111.9845647,-6.7839322],[111.9845787,-6.7839695],[111.9845963,-6.784012],[111.9846183,-6.7840597],[111.9846445,-6.7841086],[111.9846726,-6.7841535],[111.9847004,-6.7841898],[111.9847244,-6.7842177],[111.9847442,-6.7842408],[111.9847598,-6.7842643],[111.9847726,-6.7842913],[111.9847843,-6.7843246],[111.9847968,-6.7843637],[111.984812,-6.7844099],[111.9848294,-6.7844601],[111.9848483,-6.7845138],[111.9848675,-6.7845688],[111.9848878,-6.7846267],[111.9849096,-6.7846869],[111.9849334,-6.7847504],[111.9849578,-6.7848138],[111.984982,-6.7848751],[111.9850056,-6.7849334],[111.9850285,-6.7849899],[111.9850504,-6.7850458],[111.9850707,-6.7851004],[111.9850892,-6.7851511],[111.9851067,-6.7851994],[111.9851243,-6.7852481],[111.9851428,-6.7852997],[111.9851623,-6.7853545],[111.9851827,-6.7854106],[111.9852017,-6.7854643],[111.9852169,-6.7855111],[111.9852253,-6.7855487],[111.9852282,-6.7855785],[111.9852278,-6.7856039],[111.9852275,-6.7856284],[111.9852287,-6.7856535],[111.9852317,-6.7856806],[111.9852354,-6.7857092],[111.9852389,-6.7857394],[111.9852419,-6.785769],[111.9852452,-6.7857984],[111.9852498,-6.7858281],[111.9852554,-6.7858597],[111.9852611,-6.7858941],[111.9852661,-6.7859309],[111.9852719,-6.7859687],[111.9852794,-6.7860061],[111.9852878,-6.7860409],[111.9852953,-6.7860722],[111.9853007,-6.7861],[111.9853045,-6.7861258],[111.9853067,-6.7861508],[111.9853074,-6.7861763],[111.9853061,-6.7862033],[111.9853039,-6.7862321],[111.9853028,-6.7862627],[111.9853049,-6.7862943],[111.9853109,-6.7863271],[111.9853206,-6.7863623],[111.9853341,-6.786403],[111.9853504,-6.7864492],[111.9853681,-6.7864988],[111.985384,-6.7865461],[111.9853984,-6.7865926],[111.985411,-6.7866416],[111.9854211,-6.7866952],[111.9854264,-6.7867525],[111.9854261,-6.7868097],[111.9854213,-6.7868635],[111.9854142,-6.7869091],[111.9854065,-6.7869454],[111.9853983,-6.7869746],[111.9853892,-6.7870006],[111.9853785,-6.7870275],[111.9853657,-6.7870577],[111.9853519,-6.7870929],[111.9853398,-6.7871328],[111.9853319,-6.7871771],[111.9853301,-6.7872233],[111.9853345,-6.7872692],[111.9853437,-6.7873109],[111.9853554,-6.7873484],[111.9853677,-6.7873832],[111.9853805,-6.7874182],[111.9853939,-6.7874543],[111.9854077,-6.7874905],[111.9854219,-6.7875265],[111.9854371,-6.7875632],[111.9854546,-6.7876007],[111.9854761,-6.787638],[111.9855015,-6.7876708],[111.9855297,-6.787697],[111.9855568,-6.7877161],[111.9855811,-6.7877309],[111.9856015,-6.7877452],[111.985619,-6.7877623],[111.9856341,-6.7877844],[111.9856451,-6.7878108],[111.9856488,-6.7878395],[111.9856425,-6.7878673],[111.9856281,-6.787894],[111.9856112,-6.7879205],[111.9855982,-6.7879495],[111.9855945,-6.7879816],[111.985601,-6.7880174],[111.9856152,-6.7880551],[111.9856328,-6.7880936],[111.9856495,-6.7881315],[111.9856615,-6.7881687],[111.9856665,-6.7882054],[111.9856641,-6.7882414],[111.9856552,-6.7882752],[111.9856404,-6.7883062],[111.98562,-6.788334],[111.9855955,-6.7883604],[111.9855692,-6.7883869],[111.9855431,-6.7884143],[111.9855163,-6.7884422],[111.9854878,-6.7884702],[111.9854564,-6.7884988],[111.985422,-6.7885299],[111.9853856,-6.7885634],[111.9853491,-6.7885976],[111.9853182,-6.7886272],[111.9852933,-6.7886517],[111.9852727,-6.7886722],[111.9852525,-6.7886921],[111.9852316,-6.7887118],[111.9852109,-6.7887308],[111.9851924,-6.7887475],[111.9851774,-6.7887614],[111.9851662,-6.7887734],[111.9851583,-6.7887855],[111.9851525,-6.7887984],[111.9851471,-6.7888119],[111.9851403,-6.7888252],[111.9851305,-6.788838],[111.9851169,-6.7888511],[111.9850985,-6.7888645],[111.985074,-6.788878],[111.9850422,-6.7888906],[111.985005,-6.7889018],[111.9849655,-6.7889118],[111.9849285,-6.7889213],[111.9848956,-6.7889308],[111.9848672,-6.7889414],[111.984843,-6.7889541],[111.9848243,-6.7889698],[111.9848111,-6.7889881],[111.984802,-6.7890088],[111.9847955,-6.7890316],[111.9847903,-6.789058],[111.9847869,-6.7890891],[111.9847857,-6.789126],[111.984787,-6.7891669],[111.9847891,-6.7892108],[111.9847899,-6.7892549],[111.9847884,-6.7893014],[111.9847859,-6.7893514],[111.9847844,-6.7894072],[111.9847851,-6.7894661],[111.9847871,-6.7895279],[111.98479,-6.7895878],[111.9847935,-6.7896451],[111.984798,-6.7896923],[111.9848038,-6.7897322],[111.984811,-6.7897669],[111.9848199,-6.7898035],[111.9848314,-6.7898434],[111.9848467,-6.7898885],[111.9848667,-6.7899364],[111.9848906,-6.789986],[111.9849172,-6.7900349],[111.9849455,-6.7900854],[111.9849758,-6.7901401],[111.9850079,-6.7902026],[111.9850414,-6.7902725],[111.9850741,-6.7903478],[111.9851071,-6.7904274],[111.985142,-6.7905123],[111.9851799,-6.7906009],[111.9852201,-6.7906923],[111.9852604,-6.7907823],[111.9853006,-6.7908688],[111.9853431,-6.7909499],[111.9853872,-6.7910231],[111.9854305,-6.7910846],[111.9854649,-6.7911288],[111.9854905,-6.7911583],[111.9855093,-6.7911785],[111.9855272,-6.7911966],[111.9855468,-6.7912151],[111.9855691,-6.7912346],[111.9855927,-6.7912546],[111.985615,-6.7912756],[111.9856334,-6.7912991],[111.9856461,-6.7913266],[111.9856524,-6.7913588],[111.9856543,-6.7913959],[111.9856556,-6.7914374],[111.9856617,-6.7914825],[111.9856752,-6.7915284],[111.9856938,-6.7915716],[111.9857116,-6.7916113],[111.9857227,-6.7916489],[111.9857253,-6.7916855],[111.9857228,-6.7917227],[111.9857214,-6.7917615],[111.9857253,-6.7918036],[111.9857359,-6.7918496],[111.9857516,-6.7918997],[111.9857707,-6.791951],[111.9857905,-6.7920004],[111.9858086,-6.7920467],[111.9858232,-6.7920927],[111.9858336,-6.7921448],[111.9858397,-6.7922031],[111.9858427,-6.7922642],[111.9858444,-6.7923177],[111.9858469,-6.7923656],[111.9858513,-6.7924135],[111.9858574,-6.792469],[111.9858648,-6.7925328],[111.9858738,-6.7926009],[111.985884,-6.7926703],[111.9858949,-6.7927398],[111.9859062,-6.7928103],[111.9859186,-6.79288],[111.9859332,-6.7929442],[111.9859499,-6.7929989],[111.9859692,-6.7930454],[111.9859903,-6.7930876],[111.9860128,-6.7931287],[111.9860369,-6.7931704],[111.9860616,-6.793212],[111.9860875,-6.7932553],[111.9861122,-6.7932989],[111.9861363,-6.7933443],[111.9861596,-6.7933949],[111.9861827,-6.7934528],[111.986205,-6.7935175],[111.9862253,-6.7935827],[111.9862431,-6.7936453],[111.9862577,-6.7937038],[111.9862688,-6.7937608],[111.9862767,-6.7938193],[111.9862824,-6.7938792],[111.9862866,-6.7939401],[111.9862896,-6.7939939],[111.9862916,-6.7940428],[111.9862924,-6.7940895],[111.9862922,-6.7941401],[111.9862907,-6.7941924],[111.9862893,-6.7942456],[111.9862911,-6.7942958],[111.9863004,-6.7943423],[111.9863201,-6.7943825],[111.986348,-6.7944177],[111.9863776,-6.7944485],[111.9864013,-6.794477],[111.9864167,-6.7945053],[111.9864248,-6.7945343],[111.9864278,-6.7945633],[111.9864273,-6.7945898],[111.9864238,-6.7946129],[111.9864181,-6.7946329],[111.9864126,-6.794652],[111.9864115,-6.7946739],[111.9864174,-6.7947006],[111.9864309,-6.794733],[111.9864503,-6.7947712],[111.9864737,-6.7948149],[111.9864985,-6.7948639],[111.9865215,-6.7949147],[111.9865401,-6.794965],[111.9865537,-6.7950133],[111.986562,-6.7950589],[111.9865664,-6.7951031],[111.9865685,-6.7951482],[111.9865704,-6.7951925],[111.9865731,-6.7952367],[111.9865781,-6.7952808],[111.9865877,-6.7953269],[111.9866031,-6.7953745],[111.986625,-6.7954227],[111.9866542,-6.7954717],[111.9866931,-6.7955237],[111.9867421,-6.7955812],[111.9868001,-6.7956476],[111.9868597,-6.79572],[111.986918,-6.7957974],[111.9869716,-6.7958754],[111.9870236,-6.7959547],[111.9870754,-6.7960343],[111.9871265,-6.7961118],[111.9871741,-6.7961831],[111.9872162,-6.7962453],[111.9872544,-6.796301],[111.9872905,-6.796352],[111.9873283,-6.7964042],[111.9873711,-6.7964619],[111.9874197,-6.796525],[111.9874719,-6.7965887],[111.9875213,-6.7966443],[111.9875642,-6.7966899],[111.9876017,-6.7967287],[111.9876365,-6.7967659],[111.9876717,-6.7968046],[111.9877103,-6.7968484],[111.9877541,-6.7968995],[111.9878059,-6.7969621],[111.9878626,-6.7970346],[111.9879227,-6.7971145],[111.9879853,-6.7971982],[111.9880525,-6.7972837],[111.9881252,-6.7973715],[111.9881982,-6.7974603],[111.9882668,-6.7975494],[111.988327,-6.7976365],[111.9883799,-6.7977204],[111.988428,-6.797799],[111.9884746,-6.797872],[111.988521,-6.7979398],[111.9885707,-6.798008],[111.9886256,-6.7980795],[111.9886867,-6.7981575],[111.9887503,-6.7982392],[111.9888135,-6.7983224],[111.9888732,-6.798401],[111.9889321,-6.798476],[111.988992,-6.798549],[111.9890536,-6.7986249],[111.9891138,-6.7987032],[111.9891691,-6.7987799],[111.989222,-6.7988548],[111.9892733,-6.7989261],[111.9893241,-6.7989944],[111.989368,-6.7990527],[111.989405,-6.7991],[111.9894379,-6.7991415],[111.9894728,-6.7991858],[111.9895146,-6.7992403],[111.989565,-6.7993047],[111.9896236,-6.7993774],[111.9896878,-6.7994549],[111.9897544,-6.7995349],[111.989821,-6.7996153],[111.9898868,-6.7996945],[111.9899492,-6.799769],[111.9900082,-6.7998381],[111.9900614,-6.7998989],[111.990111,-6.7999534],[111.9901582,-6.8000032],[111.9902073,-6.8000542],[111.9902595,-6.8001087],[111.9903158,-6.8001696],[111.9903765,-6.8002371],[111.9904425,-6.8003125],[111.9905189,-6.8003985],[111.9906041,-6.8004925],[111.9906904,-6.8005861],[111.9907662,-6.8006687],[111.9908306,-6.8007395],[111.9908884,-6.8008028],[111.9909451,-6.8008623],[111.9910029,-6.8009189],[111.9910626,-6.8009745],[111.991127,-6.8010342],[111.9911971,-6.8011011],[111.9912751,-6.8011764],[111.9913552,-6.8012533],[111.9914362,-6.8013287],[111.9915134,-6.8013986],[111.9915885,-6.8014637],[111.9916597,-6.801523],[111.9917266,-6.8015766],[111.9917883,-6.8016253],[111.9918507,-6.8016742],[111.9919188,-6.8017287],[111.9919983,-6.8017942],[111.9920919,-6.8018733],[111.9921951,-6.8019605],[111.9922979,-6.8020461],[111.9923842,-6.8021172],[111.9924503,-6.8021728],[111.9924994,-6.8022158],[111.992541,-6.8022533],[111.9925811,-6.8022884],[111.9926222,-6.8023228],[111.9926655,-6.8023569],[111.9927119,-6.8023924],[111.9927645,-6.8024312],[111.9928223,-6.8024733],[111.992885,-6.8025181],[111.9929444,-6.8025602],[111.9929983,-6.8025979],[111.9930458,-6.8026309],[111.9930925,-6.8026627],[111.9931415,-6.8026956],[111.9931961,-6.8027315],[111.9932556,-6.8027696],[111.9933193,-6.8028097],[111.9933829,-6.8028492],[111.9934448,-6.8028876],[111.993502,-6.8029241],[111.9935558,-6.8029605],[111.9936083,-6.8029981],[111.9936634,-6.8030387],[111.9937236,-6.8030814],[111.9937912,-6.8031272],[111.9938665,-6.8031767],[111.9939468,-6.8032289],[111.9940285,-6.8032821],[111.9941063,-6.803332],[111.9941793,-6.8033793],[111.9942457,-6.803424],[111.9943042,-6.8034656],[111.9943543,-6.8035023],[111.9943979,-6.8035337],[111.9944372,-6.8035607],[111.9944752,-6.8035853],[111.994513,-6.803608],[111.9945518,-6.8036291],[111.9945909,-6.8036473],[111.9946305,-6.8036618],[111.9946681,-6.803671],[111.9947018,-6.8036738],[111.9947293,-6.8036695],[111.994752,-6.8036596],[111.9947725,-6.803645],[111.9947932,-6.8036276],[111.9948154,-6.803608],[111.9948384,-6.8035874],[111.9948618,-6.8035665],[111.9948856,-6.8035452],[111.9949107,-6.8035223],[111.994938,-6.8034974],[111.9949678,-6.8034702],[111.9949987,-6.8034415],[111.9950297,-6.8034117],[111.9950612,-6.8033809],[111.995094,-6.8033483],[111.9951295,-6.8033126],[111.995167,-6.8032747],[111.9952054,-6.8032357],[111.9952407,-6.8032001],[111.9952711,-6.803169],[111.9952986,-6.803141],[111.9953267,-6.8031134],[111.995358,-6.8030841],[111.9953929,-6.803052],[111.995429,-6.8030184],[111.9954655,-6.8029837],[111.9955014,-6.8029491],[111.9955392,-6.8029123],[111.9955774,-6.8028747],[111.9956149,-6.8028365],[111.995648,-6.8028017],[111.9956786,-6.8027691],[111.9957094,-6.8027374],[111.995742,-6.8027049],[111.9957752,-6.8026724],[111.9958067,-6.8026417],[111.9958372,-6.8026123],[111.9958688,-6.8025825],[111.995904,-6.8025492],[111.9959412,-6.8025134],[111.9959778,-6.8024773],[111.9960085,-6.802446],[111.996034,-6.8024191],[111.9960561,-6.802395],[111.9960784,-6.8023707],[111.9961029,-6.8023451],[111.9961307,-6.8023177],[111.9961611,-6.8022889],[111.9961934,-6.8022589],[111.9962255,-6.8022285],[111.9962579,-6.8021964],[111.9962916,-6.8021619],[111.9963274,-6.8021249],[111.9963626,-6.8020881],[111.9963952,-6.8020534],[111.9964254,-6.8020207],[111.9964548,-6.8019892],[111.9964853,-6.8019574],[111.9965182,-6.8019248],[111.9965538,-6.8018902],[111.9965928,-6.8018529],[111.9966358,-6.8018128],[111.9966834,-6.8017696],[111.9967336,-6.8017246],[111.9967834,-6.8016799],[111.996826,-6.8016409],[111.9968607,-6.801608],[111.9968892,-6.8015799],[111.9969157,-6.8015532],[111.9969424,-6.8015265],[111.9969707,-6.8014988],[111.9970005,-6.8014694],[111.9970314,-6.8014384],[111.9970633,-6.8014062],[111.9970964,-6.8013738],[111.9971309,-6.8013412],[111.9971657,-6.8013091],[111.9972007,-6.8012764],[111.9972358,-6.8012428],[111.9972721,-6.8012068],[111.9973073,-6.8011715],[111.9973416,-6.8011363],[111.9973747,-6.801102],[111.9974088,-6.8010665],[111.9974439,-6.8010316],[111.9974792,-6.8009988],[111.9975103,-6.8009718],[111.9975367,-6.8009492],[111.9975596,-6.8009284],[111.997582,-6.8009066],[111.9976061,-6.8008821],[111.9976321,-6.8008554],[111.9976598,-6.8008275],[111.997686,-6.8008009],[111.9977104,-6.8007755],[111.9977331,-6.800751],[111.9977562,-6.8007266],[111.9977813,-6.8007015],[111.9978085,-6.8006756],[111.9978381,-6.8006483],[111.9978692,-6.8006198],[111.997903,-6.8005885],[111.9979387,-6.8005547],[111.9979769,-6.8005181],[111.998016,-6.80048],[111.9980592,-6.8004376],[111.9981069,-6.8003908],[111.9981558,-6.800343],[111.9981985,-6.8003017],[111.9982321,-6.8002697],[111.99826,-6.8002431],[111.9982869,-6.8002172],[111.9983156,-6.8001896],[111.9983422,-6.8001639],[111.9983659,-6.8001404],[111.9983864,-6.8001198],[111.9984056,-6.8001001],[111.9984244,-6.8000814],[111.9984437,-6.8000633],[111.9984634,-6.8000458],[111.9984831,-6.8000283],[111.9985027,-6.80001],[111.9985225,-6.7999905],[111.9985431,-6.7999696],[111.998566,-6.7999475],[111.9985911,-6.7999242],[111.9986184,-6.799899],[111.9986442,-6.7998739],[111.9986682,-6.7998492],[111.9986914,-6.7998244],[111.9987182,-6.7997963],[111.9987499,-6.7997647],[111.9987857,-6.7997303],[111.9988177,-6.7997003],[111.9988454,-6.7996743],[111.9988698,-6.7996511],[111.998896,-6.7996257],[111.9989246,-6.7995983],[111.9989553,-6.7995693],[111.9989838,-6.7995423],[111.999013,-6.7995139],[111.9990434,-6.7994828],[111.9990776,-6.7994465],[111.999111,-6.7994105],[111.9991428,-6.7993772],[111.9991723,-6.7993481],[111.9992004,-6.7993223],[111.9992255,-6.7993],[111.9992473,-6.79928],[111.9992664,-6.7992614],[111.9992848,-6.799243],[111.9993036,-6.7992244],[111.9993233,-6.7992054],[111.9993434,-6.799186],[111.9993638,-6.7991662],[111.999385,-6.7991455],[111.9994087,-6.7991226],[111.9994357,-6.7990963],[111.9994659,-6.7990662],[111.9994958,-6.7990354],[111.9995223,-6.7990069],[111.9995432,-6.7989839],[111.9995594,-6.798967],[111.999572,-6.7989559],[111.9995833,-6.7989502],[111.9995945,-6.7989498],[111.9996056,-6.7989552],[111.9996141,-6.7989668],[111.9996173,-6.7989841],[111.9996125,-6.7990049],[111.9996002,-6.7990268],[111.9995832,-6.7990487],[111.9995642,-6.7990706],[111.9995449,-6.7990924],[111.9995262,-6.7991138],[111.999508,-6.7991343],[111.99949,-6.7991541],[111.9994715,-6.7991743],[111.999452,-6.7991958],[111.9994309,-6.7992193],[111.9994069,-6.799245],[111.9993789,-6.7992732],[111.9993459,-6.7993049],[111.99931,-6.7993393],[111.9992738,-6.799375],[111.9992409,-6.7994082],[111.9992113,-6.7994386],[111.9991841,-6.7994659],[111.999158,-6.7994918],[111.9991315,-6.7995177],[111.9991024,-6.7995463],[111.9990701,-6.799578],[111.9990347,-6.7996124],[111.9990004,-6.799645],[111.9989676,-6.7996751],[111.9989367,-6.7997026],[111.9989069,-6.7997288],[111.9988786,-6.7997542],[111.9988519,-6.7997791],[111.9988266,-6.7998038],[111.9988031,-6.7998286],[111.9987807,-6.7998538],[111.9987592,-6.7998792],[111.9987378,-6.7999036],[111.9987164,-6.7999267],[111.9986944,-6.7999488],[111.9986712,-6.7999709],[111.998647,-6.7999935],[111.9986221,-6.8000167],[111.9985965,-6.8000408],[111.9985704,-6.8000654],[111.9985437,-6.8000904],[111.9985164,-6.8001154],[111.9984888,-6.8001402],[111.9984617,-6.8001644],[111.9984357,-6.8001877],[111.9984104,-6.8002106],[111.9983845,-6.8002341],[111.998357,-6.80026],[111.9983242,-6.8002914],[111.9982865,-6.800328],[111.9982453,-6.800368],[111.998209,-6.8004034],[111.9981784,-6.8004332],[111.998153,-6.800458],[111.9981281,-6.8004813],[111.9981016,-6.8005056],[111.9980739,-6.8005313],[111.9980471,-6.8005573],[111.9980248,-6.800581],[111.9980065,-6.8006019],[111.9979901,-6.8006208],[111.9979723,-6.8006397],[111.9979518,-6.80066],[111.9979285,-6.8006824],[111.9979039,-6.8007063],[111.9978784,-6.8007318],[111.9978521,-6.8007585],[111.9978246,-6.8007859],[111.9977961,-6.8008137],[111.9977659,-6.800842],[111.9977338,-6.800871],[111.9977009,-6.8009001],[111.9976675,-6.8009306],[111.9976332,-6.8009637],[111.9975956,-6.8010028],[111.9975552,-6.8010467],[111.997513,-6.8010933],[111.9974744,-6.8011355],[111.9974388,-6.801173],[111.997405,-6.8012071],[111.9973698,-6.8012417],[111.9973327,-6.8012787],[111.9972946,-6.8013178],[111.9972561,-6.8013572],[111.9972181,-6.8013949],[111.9971808,-6.8014304],[111.9971432,-6.8014654],[111.9971057,-6.8015006],[111.9970681,-6.8015364],[111.9970329,-6.8015713],[111.996997,-6.8016077],[111.9969599,-6.8016456],[111.9969209,-6.8016854],[111.9968855,-6.8017218],[111.9968537,-6.8017544],[111.9968246,-6.8017838],[111.9967952,-6.801813],[111.9967646,-6.8018432],[111.9967324,-6.8018747],[111.9966987,-6.801907],[111.9966633,-6.801939],[111.9966269,-6.8019702],[111.9965911,-6.8020007],[111.9965566,-6.8020316],[111.9965223,-6.8020647],[111.9964871,-6.8021002],[111.9964505,-6.802138],[111.9964161,-6.8021754],[111.9963823,-6.8022134],[111.9963484,-6.802252],[111.9963122,-6.8022915],[111.9962789,-6.8023259],[111.9962485,-6.8023557],[111.9962207,-6.8023828],[111.9961914,-6.8024111],[111.9961594,-6.8024414],[111.9961239,-6.8024739],[111.9960853,-6.8025092],[111.9960403,-6.8025514],[111.9959901,-6.8026002],[111.9959378,-6.8026529],[111.9958959,-6.8026965],[111.9958657,-6.8027295],[111.9958454,-6.8027531],[111.995828,-6.8027738],[111.99581,-6.8027944],[111.9957903,-6.8028158],[111.9957689,-6.8028372],[111.9957455,-6.8028588],[111.9957183,-6.8028827],[111.9956836,-6.8029139],[111.9956425,-6.8029526],[111.9955979,-6.8029965],[111.9955599,-6.8030346],[111.9955292,-6.8030657],[111.9955052,-6.8030903],[111.9954827,-6.803113],[111.9954599,-6.8031355],[111.9954355,-6.8031587],[111.9954092,-6.8031834],[111.9953804,-6.80321],[111.995348,-6.8032393],[111.9953139,-6.8032701],[111.9952784,-6.8033029],[111.9952425,-6.8033386],[111.9952022,-6.8033818],[111.9951556,-6.8034338],[111.9951025,-6.8034931],[111.9950476,-6.8035524],[111.9949937,-6.8036085],[111.9949437,-6.8036588],[111.9948975,-6.8037043],[111.9948553,-6.803745],[111.9948172,-6.8037811],[111.9947814,-6.8038144],[111.9947472,-6.803846],[111.9947134,-6.8038776],[111.9946799,-6.8039101],[111.9946454,-6.8039448],[111.9946103,-6.803981],[111.9945737,-6.8040181],[111.9945374,-6.804054],[111.9945031,-6.8040879],[111.9944746,-6.8041188],[111.9944527,-6.8041477],[111.9944382,-6.804175],[111.9944309,-6.8042009],[111.9944315,-6.8042258],[111.9944399,-6.8042509],[111.9944556,-6.8042774],[111.9944773,-6.8043064],[111.9945037,-6.8043373],[111.9945332,-6.804368],[111.9945645,-6.8043964],[111.9945975,-6.8044223],[111.9946317,-6.804446],[111.9946667,-6.8044685],[111.9947018,-6.8044901],[111.9947383,-6.804512],[111.9947792,-6.8045351],[111.994825,-6.8045586],[111.994874,-6.8045805],[111.9949226,-6.8045979],[111.994968,-6.8046088],[111.9950106,-6.8046123],[111.9950501,-6.8046085],[111.9950845,-6.8045991],[111.9951137,-6.804588],[111.9951407,-6.8045799],[111.9951679,-6.8045783],[111.9951968,-6.8045843],[111.995223,-6.8045968],[111.9952468,-6.8046142],[111.9952694,-6.8046357],[111.9952943,-6.8046619],[111.9953223,-6.8046918],[111.9953523,-6.8047233],[111.9953808,-6.8047526],[111.9954059,-6.804779],[111.9954269,-6.8048037],[111.9954448,-6.8048285],[111.9954599,-6.8048541],[111.9954724,-6.804879],[111.9954832,-6.8049027],[111.9954927,-6.804925],[111.9955016,-6.8049458],[111.9955104,-6.8049645],[111.9955199,-6.804982],[111.9955316,-6.8050006],[111.995547,-6.8050228],[111.9955664,-6.8050487],[111.9955899,-6.8050772],[111.9956161,-6.805105],[111.9956435,-6.8051313],[111.9956696,-6.8051547],[111.9956948,-6.8051771],[111.99572,-6.8051997],[111.9957462,-6.8052237],[111.9957727,-6.8052485],[111.9957982,-6.8052726],[111.995823,-6.8052959],[111.9958487,-6.8053197],[111.9958767,-6.8053459],[111.9959077,-6.8053758],[111.99594,-6.8054077],[111.9959716,-6.8054398],[111.9960023,-6.8054713],[111.9960329,-6.8055025],[111.9960652,-6.8055337],[111.9961006,-6.8055654],[111.9961412,-6.8055995],[111.9961864,-6.8056357],[111.9962359,-6.8056739],[111.9962843,-6.805711],[111.9963267,-6.8057433],[111.9963594,-6.8057698],[111.9963853,-6.8057934],[111.9964079,-6.8058175],[111.9964309,-6.8058436],[111.9964556,-6.8058707],[111.9964837,-6.8058974],[111.9965176,-6.8059235],[111.9965577,-6.8059482],[111.9966014,-6.8059717],[111.9966444,-6.8059938],[111.9966849,-6.8060156],[111.9967245,-6.8060388],[111.9967654,-6.8060636],[111.9968094,-6.8060896],[111.9968543,-6.8061144],[111.9968996,-6.8061375],[111.9969429,-6.806158],[111.9969853,-6.8061776],[111.9970278,-6.8061977],[111.9970698,-6.8062196],[111.9971087,-6.8062431],[111.9971398,-6.8062663],[111.9971636,-6.8062892],[111.997181,-6.8063122],[111.9971942,-6.8063374],[111.9972032,-6.8063652],[111.9972068,-6.8063948],[111.9972038,-6.8064232],[111.9971935,-6.8064489],[111.9971771,-6.8064714],[111.9974301,-6.8066813],[111.9974496,-6.8066773],[111.9974708,-6.8066817],[111.9974948,-6.8066926],[111.9975218,-6.8067079],[111.9975504,-6.8067255],[111.9975787,-6.8067439],[111.9976058,-6.8067629],[111.9976312,-6.8067816],[111.9976558,-6.8067996],[111.9976788,-6.8068152],[111.9977003,-6.8068277],[111.9977202,-6.8068354],[111.9977395,-6.8068369],[111.9977584,-6.8068307],[111.9977776,-6.8068172],[111.9977977,-6.8067975],[111.9978205,-6.8067719],[111.9978454,-6.806742],[111.9978711,-6.8067093],[111.9978933,-6.8066794],[111.9979126,-6.8066529],[111.9979297,-6.8066302],[111.9979464,-6.8066091],[111.9979635,-6.8065887],[111.9979814,-6.8065679],[111.9980003,-6.8065459],[111.9980195,-6.8065229],[111.9980393,-6.8064989],[111.9980604,-6.8064734],[111.9980856,-6.8064443],[111.9981147,-6.806412],[111.9981461,-6.8063782],[111.9981744,-6.8063476],[111.9981988,-6.80632],[111.9982213,-6.8062936],[111.9982472,-6.8062633],[111.9982783,-6.8062275],[111.9983136,-6.8061881],[111.9983463,-6.8061517],[111.9983737,-6.8061213],[111.9983956,-6.8060969],[111.9984149,-6.8060747],[111.998434,-6.8060519],[111.9984536,-6.8060276],[111.998474,-6.8060019],[111.9984943,-6.8059767],[111.9985144,-6.8059527],[111.9985337,-6.8059309],[111.9985521,-6.8059112],[111.9985692,-6.8058936],[111.9985845,-6.8058765],[111.9985985,-6.8058572],[111.9986127,-6.8058313],[111.9986269,-6.8057985],[111.998641,-6.8057609],[111.9986525,-6.8057263],[111.9986624,-6.8056949],[111.9986711,-6.8056655],[111.9986806,-6.8056352],[111.9986911,-6.805603],[111.9987037,-6.8055684],[111.9987182,-6.8055315],[111.998734,-6.8054925],[111.9987492,-6.8054555],[111.9987626,-6.8054232],[111.9987739,-6.8053961],[111.9987839,-6.8053717],[111.998793,-6.8053468],[111.9988,-6.805321],[111.9988021,-6.8052962],[111.998798,-6.8052745],[111.9987892,-6.8052562],[111.998779,-6.8052395],[111.9987709,-6.8052222],[111.9987676,-6.8052031],[111.9987699,-6.8051811],[111.9987764,-6.8051574],[111.9987859,-6.805133],[111.9987957,-6.805112],[111.998805,-6.8050951],[111.9988129,-6.8050831],[111.9988205,-6.8050751],[111.9988294,-6.8050709],[111.9988413,-6.8050705],[111.9988576,-6.8050738],[111.9988786,-6.8050804],[111.9989031,-6.8050894],[111.9989297,-6.8051001],[111.9989584,-6.8051125],[111.998991,-6.8051265],[111.9990278,-6.8051413],[111.9990686,-6.8051555],[111.9991086,-6.8051663],[111.9991459,-6.8051721],[111.9991785,-6.8051713],[111.9992076,-6.8051631],[111.9992334,-6.8051471],[111.9992587,-6.8051233],[111.9992836,-6.8050943],[111.9993087,-6.8050639],[111.9993311,-6.8050374],[111.9993518,-6.8050143],[111.9993714,-6.804993],[111.9993928,-6.8049692],[111.9994166,-6.8049417],[111.9994432,-6.8049098],[111.9994686,-6.8048787],[111.999492,-6.8048499],[111.9995129,-6.8048244],[111.9995329,-6.8048005],[111.9995529,-6.8047766],[111.9995737,-6.8047509],[111.9995957,-6.8047228],[111.9996197,-6.8046913],[111.9996452,-6.8046579],[111.9996723,-6.8046243],[111.9996996,-6.8045928],[111.9997272,-6.8045628],[111.9997549,-6.8045331],[111.9997824,-6.8045022],[111.9998094,-6.8044702],[111.9998356,-6.8044378],[111.9998621,-6.8044057],[111.9998897,-6.804374],[111.9999192,-6.8043418],[111.9999488,-6.8043095],[111.9999758,-6.8042794],[111.9999998,-6.8042524],[112.0000238,-6.8042255],[112.0000517,-6.8041945],[112.0000871,-6.804154],[112.0001275,-6.8041068],[112.0001694,-6.8040568],[112.0002043,-6.8040154],[112.0002321,-6.8039825],[112.0002535,-6.8039573],[112.0002719,-6.8039357],[112.0002878,-6.8039177],[112.0003013,-6.8039042],[112.0003122,-6.8038963],[112.0003226,-6.8038923],[112.0003342,-6.8038893],[112.000348,-6.8038836],[112.0003635,-6.8038722],[112.0003807,-6.8038552],[112.0004005,-6.8038328],[112.000424,-6.803806],[112.0004519,-6.8037748],[112.000484,-6.8037401],[112.0005173,-6.803705],[112.0005501,-6.8036712],[112.0005805,-6.8036401],[112.0006088,-6.8036106],[112.0006366,-6.8035807],[112.0006652,-6.8035489],[112.0006951,-6.8035149],[112.0007259,-6.8034787],[112.0007567,-6.8034414],[112.0007872,-6.8034022],[112.0008168,-6.8033625],[112.0008454,-6.8033219],[112.0008721,-6.8032833],[112.0008976,-6.8032467],[112.0009219,-6.8032125],[112.0009449,-6.8031815],[112.0009663,-6.8031539],[112.0009874,-6.803128],[112.0010117,-6.8031003],[112.0010398,-6.8030699],[112.001071,-6.8030372],[112.0010988,-6.8030077],[112.0011229,-6.8029816],[112.0011437,-6.8029583],[112.001165,-6.802934],[112.0011872,-6.8029077],[112.0012107,-6.8028787],[112.0012364,-6.8028471],[112.0012691,-6.8028092],[112.001309,-6.8027652],[112.001355,-6.8027155],[112.0013962,-6.8026698],[112.0014319,-6.802628],[112.0014638,-6.8025885],[112.0014973,-6.8025477],[112.0015342,-6.8025047],[112.0015721,-6.8024622],[112.0016094,-6.80242],[112.001644,-6.8023792],[112.0016769,-6.8023395],[112.0017088,-6.8023015],[112.0017406,-6.8022644],[112.0017725,-6.8022276],[112.0018044,-6.8021905],[112.0018356,-6.8021553],[112.0018666,-6.8021208],[112.001897,-6.8020867],[112.0019265,-6.8020514],[112.0019532,-6.8020172],[112.0019768,-6.8019865],[112.001997,-6.8019633],[112.0020151,-6.8019475],[112.0020317,-6.8019381],[112.0020485,-6.8019332],[112.0020672,-6.8019326],[112.0020899,-6.8019357],[112.0021183,-6.8019407],[112.0021511,-6.8019436],[112.0021855,-6.8019408],[112.0022162,-6.8019312],[112.0022426,-6.801915],[112.002267,-6.8018921],[112.0022919,-6.801864],[112.0023184,-6.8018326],[112.0023434,-6.8018034],[112.0023665,-6.8017776],[112.0023881,-6.8017545],[112.0024101,-6.8017315],[112.0024335,-6.8017076],[112.0024579,-6.8016832],[112.0024826,-6.801659],[112.0025067,-6.8016351],[112.0025298,-6.8016122],[112.002553,-6.801589],[112.0025775,-6.8015649],[112.0026049,-6.8015369],[112.0026347,-6.8015048],[112.0026667,-6.8014686],[112.0026983,-6.8014325],[112.00273,-6.8013963],[112.0027627,-6.8013594],[112.0027965,-6.8013207],[112.0028299,-6.8012814],[112.002862,-6.8012424],[112.0028941,-6.8012025],[112.0029272,-6.801161],[112.0029613,-6.8011164],[112.0029931,-6.8010721],[112.0030241,-6.8010237],[112.0030543,-6.8009728],[112.0030846,-6.8009192],[112.0031105,-6.8008732],[112.0031314,-6.800835],[112.0031481,-6.8008028],[112.0031633,-6.8007697],[112.0031791,-6.8007311],[112.0031967,-6.8006843],[112.003215,-6.800633],[112.003232,-6.8005836],[112.0032454,-6.8005429],[112.0032562,-6.8005098],[112.0032658,-6.800479],[112.003276,-6.8004443],[112.0032871,-6.8004005],[112.0032984,-6.8003439],[112.0033094,-6.8002706],[112.003319,-6.8001852],[112.0033264,-6.8000999],[112.0033306,-6.8000329],[112.0033324,-6.7999856],[112.0033331,-6.7999524],[112.003334,-6.7999226],[112.0033358,-6.7998913],[112.0033387,-6.7998574],[112.0033422,-6.7998213],[112.0033455,-6.7997824],[112.0033483,-6.7997387],[112.0033507,-6.7996903],[112.0033533,-6.7996391],[112.003356,-6.79959],[112.0033588,-6.7995452],[112.0033617,-6.7995055],[112.0033642,-6.7994707],[112.0033661,-6.7994396],[112.003367,-6.7994088],[112.0033673,-6.7993758],[112.0033672,-6.7993383],[112.0033673,-6.7992965],[112.0033682,-6.799248],[112.00337,-6.7991951],[112.0033723,-6.7991399],[112.0033748,-6.7990911],[112.0033774,-6.7990477],[112.0033801,-6.7990078],[112.0033827,-6.7989663],[112.0033846,-6.7989238],[112.003386,-6.7988794],[112.0033874,-6.7988306],[112.0033894,-6.7987667],[112.0033922,-6.7986851],[112.0033963,-6.7985852],[112.0034009,-6.7984914],[112.003406,-6.7984069],[112.0034096,-6.7983386],[112.0034112,-6.7982749],[112.0034112,-6.7982117],[112.003412,-6.7981472],[112.0034148,-6.7980812],[112.0034192,-6.798014],[112.0034236,-6.7979459],[112.0034258,-6.7978837],[112.0034263,-6.7978304],[112.0034269,-6.7977881],[112.0034307,-6.7977592],[112.0034385,-6.7977448],[112.0034497,-6.7977467],[112.0034617,-6.7977594],[112.003473,-6.7977777],[112.0034835,-6.7977973],[112.0034934,-6.7978171],[112.0035031,-6.7978372],[112.0035118,-6.7978572],[112.0035186,-6.7978776],[112.0035231,-6.7978993],[112.0035257,-6.7979234],[112.0035277,-6.79795],[112.0035301,-6.7979785],[112.0035326,-6.7980076],[112.0035339,-6.7980355],[112.0035332,-6.7980619],[112.0035306,-6.7980874],[112.0035268,-6.7981135],[112.0035228,-6.7981417],[112.0035193,-6.7981719],[112.0035166,-6.798203],[112.0035154,-6.7982317],[112.0035155,-6.7982579],[112.0035166,-6.7982817],[112.0035181,-6.7983051],[112.0035193,-6.7983298],[112.0035199,-6.7983567],[112.0035197,-6.7983857],[112.0035189,-6.7984154],[112.003518,-6.7984448],[112.003517,-6.7984737],[112.0035163,-6.7985031],[112.0035159,-6.7985339],[112.0035152,-6.7985667],[112.0035131,-6.7986018],[112.0035095,-6.7986389],[112.0035052,-6.7986757],[112.0035013,-6.7987102],[112.0034984,-6.7987421],[112.003496,-6.7987735],[112.0034944,-6.7988061],[112.0034932,-6.7988403],[112.0034919,-6.7988755],[112.00349,-6.7989102],[112.0034875,-6.7989444],[112.0034856,-6.7989774],[112.0034845,-6.7990126],[112.0034845,-6.7990507],[112.0034848,-6.7990939],[112.0034848,-6.7991365],[112.0034838,-6.799179],[112.0034818,-6.7992206],[112.0034793,-6.7992612],[112.003477,-6.7992963],[112.0034756,-6.7993237],[112.0034749,-6.7993457],[112.0034745,-6.7993672],[112.0034739,-6.799391],[112.0034727,-6.7994175],[112.0034717,-6.7994422],[112.0034708,-6.7994653],[112.00347,-6.7994875],[112.0034689,-6.7995114],[112.0034676,-6.7995369],[112.0034657,-6.7995639],[112.0034638,-6.7995923],[112.0034617,-6.7996218],[112.0034598,-6.7996521],[112.0034581,-6.799682],[112.0034567,-6.7997112],[112.0034556,-6.7997387],[112.0034547,-6.7997657],[112.003454,-6.7997927],[112.0034537,-6.7998203],[112.0034543,-6.7998482],[112.0034557,-6.7998769],[112.0034567,-6.7999071],[112.0034565,-6.7999401],[112.0034544,-6.7999761],[112.0034503,-6.800015],[112.0034446,-6.8000561],[112.0034376,-6.8000977],[112.0034307,-6.8001356],[112.0034251,-6.8001663],[112.0034208,-6.8001908],[112.0034179,-6.8002113],[112.0034155,-6.8002306],[112.0034131,-6.80025],[112.0034099,-6.8002701],[112.0034055,-6.8002922],[112.0033999,-6.8003167],[112.0033932,-6.8003446],[112.0033856,-6.800375],[112.003377,-6.8004084],[112.0033676,-6.8004437],[112.0033577,-6.8004802],[112.0033482,-6.800516],[112.0033394,-6.8005508],[112.0033307,-6.8005856],[112.0033205,-6.8006224],[112.0033079,-6.8006616],[112.0032934,-6.8007023],[112.0032787,-6.8007404],[112.003266,-6.8007727],[112.0032557,-6.8007985],[112.0032469,-6.80082],[112.0032385,-6.80084],[112.0032296,-6.8008599],[112.0032205,-6.8008799],[112.0032116,-6.8008998],[112.0032024,-6.80092],[112.003192,-6.8009413],[112.0031801,-6.8009636],[112.0031669,-6.800986],[112.0031539,-6.8010064],[112.0031418,-6.8010252],[112.0031301,-6.8010435],[112.003118,-6.8010631],[112.0031047,-6.8010845],[112.0030905,-6.8011079],[112.0030754,-6.8011338],[112.0030592,-6.8011623],[112.0030405,-6.8011936],[112.0030184,-6.8012268],[112.0029918,-6.8012621],[112.002962,-6.8012987],[112.0029294,-6.8013372],[112.0028954,-6.8013766],[112.0028614,-6.8014158],[112.0028273,-6.8014543],[112.0027972,-6.8014878],[112.0027703,-6.8015171],[112.0027462,-6.8015426],[112.0027225,-6.8015672],[112.0026983,-6.8015915],[112.0026723,-6.8016167],[112.0026447,-6.8016429],[112.0026157,-6.8016703],[112.0025868,-6.8016976],[112.0025597,-6.8017233],[112.002535,-6.8017469],[112.0025119,-6.8017697],[112.0024886,-6.8017932],[112.0024629,-6.8018197],[112.0024335,-6.8018506],[112.0023993,-6.8018868],[112.0023636,-6.801924],[112.0023287,-6.8019595],[112.0022978,-6.8019911],[112.0022711,-6.8020207],[112.0022486,-6.8020504],[112.00223,-6.8020808],[112.0022153,-6.802111],[112.0022027,-6.8021378],[112.0021894,-6.8021619],[112.0021732,-6.8021849],[112.0021537,-6.8022096],[112.0021328,-6.8022349],[112.0021112,-6.802261],[112.0020884,-6.8022887],[112.0020637,-6.8023193],[112.0020357,-6.8023558],[112.0020063,-6.8023958],[112.0019752,-6.8024391],[112.0019462,-6.8024786],[112.0019182,-6.8025145],[112.0018907,-6.8025471],[112.0018622,-6.8025787],[112.001834,-6.8026094],[112.0018076,-6.8026379],[112.0017841,-6.8026635],[112.0017632,-6.8026863],[112.0017438,-6.8027087],[112.001724,-6.8027322],[112.0017032,-6.8027576],[112.0016802,-6.8027853],[112.0016548,-6.8028152],[112.0016262,-6.802848],[112.0015953,-6.8028826],[112.0015635,-6.8029173],[112.0015326,-6.8029506],[112.0015039,-6.8029828],[112.0014764,-6.8030159],[112.0014496,-6.8030509],[112.0014219,-6.8030891],[112.0013946,-6.8031278],[112.0013663,-6.803167],[112.0013382,-6.8032042],[112.0013102,-6.8032399],[112.0012849,-6.803272],[112.0012618,-6.8033021],[112.0012391,-6.803332],[112.001214,-6.8033644],[112.0011862,-6.8033988],[112.0011573,-6.803432],[112.0011304,-6.8034586],[112.0011052,-6.8034773],[112.0010802,-6.803488],[112.0010537,-6.8034935],[112.0010252,-6.8034962],[112.0009954,-6.8034995],[112.000965,-6.8035067],[112.0009352,-6.8035208],[112.0009066,-6.8035415],[112.0008804,-6.8035664],[112.0008576,-6.8035909],[112.0008372,-6.8036142],[112.0008176,-6.8036367],[112.0007972,-6.8036597],[112.0007756,-6.8036836],[112.0007534,-6.8037084],[112.0007302,-6.8037347],[112.000706,-6.8037628],[112.00068,-6.8037936],[112.0006514,-6.8038271],[112.0006186,-6.8038646],[112.0005824,-6.8039049],[112.0005446,-6.8039465],[112.0005087,-6.8039858],[112.0004758,-6.8040222],[112.0004456,-6.804057],[112.0004171,-6.8040928],[112.0003881,-6.8041315],[112.0003572,-6.8041723],[112.0003223,-6.8042144],[112.0002855,-6.8042549],[112.0002487,-6.8042928],[112.0002182,-6.8043238],[112.0001932,-6.8043502],[112.0001719,-6.8043736],[112.0001501,-6.804398],[112.0001261,-6.8044242],[112.0000998,-6.8044524],[112.0000722,-6.8044822],[112.0000436,-6.8045139],[112.0000145,-6.8045474],[111.9999852,-6.8045823],[111.9999565,-6.8046184],[111.999928,-6.8046562],[111.999898,-6.8046982],[111.9998637,-6.804745],[111.9998211,-6.8048],[111.9997715,-6.8048609],[111.9997187,-6.804924],[111.9996731,-6.8049781],[111.9996369,-6.8050212],[111.9996074,-6.8050559],[111.9995786,-6.8050887],[111.9995483,-6.8051224],[111.9995175,-6.8051564],[111.9994902,-6.8051874],[111.9994662,-6.8052152],[111.9994447,-6.8052398],[111.9994232,-6.8052632],[111.9994016,-6.8052863],[111.9993792,-6.8053105],[111.9993564,-6.8053361],[111.9993318,-6.8053639],[111.999306,-6.8053934],[111.9992797,-6.805424],[111.9992552,-6.8054543],[111.9992328,-6.8054828],[111.9992123,-6.8055096],[111.9991912,-6.8055368],[111.9991688,-6.8055662],[111.9991445,-6.8055986],[111.9991195,-6.8056327],[111.9990922,-6.8056684],[111.9990627,-6.8057039],[111.9990304,-6.8057392],[111.9989955,-6.8057744],[111.9989573,-6.805812],[111.9989152,-6.8058542],[111.9988714,-6.8059005],[111.9988296,-6.8059473],[111.998794,-6.8059888],[111.9987637,-6.8060249],[111.9987362,-6.806057],[111.9987074,-6.8060891],[111.9986771,-6.8061223],[111.9986457,-6.8061566],[111.9986152,-6.8061914],[111.9985856,-6.8062271],[111.9985567,-6.8062652],[111.9985282,-6.806305],[111.9985008,-6.8063448],[111.9984756,-6.8063797],[111.9984525,-6.8064096],[111.998431,-6.8064361],[111.9984086,-6.8064631],[111.9983841,-6.8064917],[111.9983567,-6.8065225],[111.9983277,-6.8065544],[111.9982978,-6.8065874],[111.9982668,-6.806622],[111.9982342,-6.8066585],[111.9982009,-6.8066964],[111.9981683,-6.8067346],[111.9981375,-6.8067725],[111.9981092,-6.8068102],[111.9980838,-6.8068477],[111.9980615,-6.8068852],[111.9980419,-6.8069232],[111.9980259,-6.8069605],[111.9980162,-6.8069932],[111.9980142,-6.8070204],[111.9980207,-6.807044],[111.9980355,-6.8070675],[111.9980564,-6.8070952],[111.9980789,-6.8071284],[111.9980962,-6.807168],[111.9981022,-6.8072113],[111.9980939,-6.8072552],[111.9980753,-6.8072947],[111.9980521,-6.8073284],[111.9980307,-6.8073582],[111.9980162,-6.8073885],[111.9980119,-6.8074232],[111.9980205,-6.8074636],[111.9980411,-6.8075077],[111.9980698,-6.8075523],[111.9980992,-6.8075915],[111.9981261,-6.8076249],[111.99815,-6.8076546],[111.9981729,-6.8076843],[111.9981967,-6.8077168],[111.9982219,-6.8077531],[111.9982482,-6.8077936],[111.9982751,-6.8078385],[111.9983021,-6.8078863],[111.9983283,-6.8079354],[111.9983538,-6.8079829],[111.9983797,-6.8080304],[111.9984068,-6.8080781],[111.9984353,-6.8081271],[111.9984629,-6.8081738],[111.9984885,-6.8082175],[111.9985126,-6.8082588],[111.9985358,-6.8082989],[111.9985598,-6.8083403],[111.9985849,-6.8083819],[111.9986128,-6.8084262],[111.9986439,-6.8084739],[111.9986787,-6.8085269],[111.9987151,-6.808582],[111.9987521,-6.8086357],[111.9987879,-6.8086849],[111.9988218,-6.8087295],[111.9988533,-6.8087708],[111.9988824,-6.8088089],[111.9989102,-6.8088449],[111.9989378,-6.8088795],[111.9989661,-6.8089139],[111.9989948,-6.808948],[111.9990236,-6.8089823],[111.9990515,-6.809018],[111.99908,-6.8090584],[111.9991089,-6.8091039],[111.9991384,-6.8091534],[111.9991653,-6.8091996],[111.9991895,-6.8092392],[111.9992111,-6.8092698],[111.9992322,-6.8092944],[111.999253,-6.8093138],[111.9992755,-6.8093297],[111.9993013,-6.8093422],[111.9993328,-6.8093527],[111.9993696,-6.8093614],[111.9994083,-6.8093684],[111.999445,-6.8093741],[111.9994789,-6.8093792],[111.9995093,-6.8093854],[111.9995369,-6.8093944],[111.9995602,-6.8094083],[111.9995788,-6.8094269],[111.9995926,-6.8094486],[111.9996049,-6.8094683],[111.999619,-6.8094854],[111.999636,-6.8095],[111.9996557,-6.8095142],[111.9996775,-6.809529],[111.9997035,-6.8095467],[111.9997357,-6.8095691],[111.9997743,-6.8095975],[111.9998131,-6.8096287],[111.9998487,-6.8096605],[111.9998789,-6.8096906],[111.9999045,-6.8097181],[111.999927,-6.8097422],[111.9999477,-6.8097608],[111.9999683,-6.809773],[111.9999873,-6.8097784],[112.0000042,-6.8097791],[112.0000183,-6.8097784],[112.0000307,-6.80978],[112.000042,-6.8097874],[112.0000523,-6.8098022],[112.0000615,-6.8098242],[112.0000693,-6.8098513],[112.0000757,-6.8098797],[112.0000792,-6.8099071],[112.0000777,-6.8099304],[112.0000689,-6.8099483],[112.000052,-6.8099594],[112.0000273,-6.8099643],[111.9999948,-6.8099644],[111.9999563,-6.8099631],[111.9999148,-6.8099642],[111.9998782,-6.809972],[111.9998509,-6.8099876],[111.9998342,-6.810011],[111.9998255,-6.8100401],[111.9998223,-6.8100721],[111.9998232,-6.8101048],[111.9998282,-6.8101371],[111.9998378,-6.8101691],[111.9998515,-6.8102012],[111.9998686,-6.8102346],[111.9998876,-6.8102699],[111.9999066,-6.8103073],[111.9999226,-6.8103461],[111.999934,-6.8103863],[111.9999424,-6.810429],[111.9999507,-6.8104749],[111.9999615,-6.8105224],[111.9999732,-6.8105671],[111.9999842,-6.8106059],[111.9999941,-6.8106393],[112.0000039,-6.8106702],[112.000015,-6.8107011],[112.0000287,-6.8107352],[112.0000445,-6.8107727],[112.0000614,-6.8108131],[112.0000771,-6.8108523],[112.000091,-6.8108895],[112.0001032,-6.8109246],[112.0001146,-6.8109586],[112.0001265,-6.8109917],[112.0001388,-6.8110235],[112.0001512,-6.8110536],[112.0001619,-6.8110816],[112.000171,-6.811108],[112.0001788,-6.8111345],[112.0001862,-6.8111618],[112.0001928,-6.8111909],[112.0001981,-6.8112218],[112.0002015,-6.8112542],[112.0002033,-6.8112879],[112.0002039,-6.8113228],[112.000204,-6.8113597],[112.0002041,-6.8113973],[112.0002056,-6.8114371],[112.0002112,-6.8114815],[112.0002225,-6.8115314],[112.0002395,-6.8115848],[112.0002576,-6.8116336],[112.0002747,-6.8116756],[112.0002902,-6.8117123],[112.0003052,-6.8117471],[112.0003209,-6.8117816],[112.0003377,-6.8118164],[112.0003551,-6.8118515],[112.0003722,-6.8118862],[112.0003876,-6.8119176],[112.0004019,-6.8119445],[112.0004148,-6.8119674],[112.0004269,-6.8119884],[112.0004384,-6.8120094],[112.0004497,-6.8120308],[112.0004612,-6.8120522],[112.0004727,-6.812073],[112.0004841,-6.812093],[112.0004952,-6.812113],[112.0005069,-6.8121343],[112.0005198,-6.8121574],[112.0005336,-6.8121808],[112.0005475,-6.8122038],[112.0005608,-6.8122257],[112.0005737,-6.8122471],[112.0005871,-6.8122681],[112.0006015,-6.8122893],[112.0006165,-6.8123107],[112.0006318,-6.8123322],[112.0006467,-6.8123532],[112.0006611,-6.812374],[112.0006752,-6.8123949],[112.0006897,-6.8124168],[112.0007051,-6.8124402],[112.0007214,-6.8124653],[112.0007377,-6.8124914],[112.0007535,-6.8125179],[112.0007684,-6.8125434],[112.0007839,-6.8125683],[112.0008013,-6.8125936],[112.0008211,-6.8126202],[112.0008429,-6.8126481],[112.0008664,-6.8126773],[112.0008921,-6.812709],[112.0009196,-6.8127426],[112.0009468,-6.8127758],[112.0009703,-6.8128053],[112.000989,-6.8128302],[112.0010044,-6.8128525],[112.001019,-6.8128736],[112.0010341,-6.8128945],[112.0010502,-6.8129159],[112.0010673,-6.8129379],[112.0010853,-6.8129607],[112.001104,-6.812984],[112.0011232,-6.8130079],[112.0011431,-6.8130331],[112.0011642,-6.8130604],[112.0011866,-6.8130892],[112.0012099,-6.8131195],[112.0012329,-6.8131496],[112.0012552,-6.8131797],[112.0012768,-6.8132087],[112.0012989,-6.8132376],[112.0013223,-6.8132672],[112.0013473,-6.8132978],[112.0013734,-6.8133289],[112.0014002,-6.8133603],[112.0014287,-6.8133927],[112.0014583,-6.8134258],[112.0014883,-6.8134589],[112.0015154,-6.8134885],[112.0015387,-6.8135137],[112.0015586,-6.813535],[112.0015767,-6.8135547],[112.0015941,-6.8135743],[112.0016125,-6.8135952],[112.0016325,-6.8136175],[112.0016547,-6.8136408],[112.0016775,-6.8136635],[112.0016992,-6.8136844],[112.0017185,-6.8137027],[112.0017358,-6.81372],[112.0017524,-6.8137377],[112.0017696,-6.8137572],[112.0017873,-6.8137772],[112.001805,-6.8137962],[112.0018226,-6.8138142],[112.0018407,-6.8138322],[112.0018611,-6.8138519],[112.0018836,-6.8138735],[112.0019078,-6.8138968],[112.0019319,-6.8139208],[112.0019557,-6.8139455],[112.0019799,-6.8139711],[112.0020051,-6.8139983],[112.0020318,-6.8140272],[112.0020599,-6.8140573],[112.0020886,-6.8140881],[112.0021176,-6.8141195],[112.0021462,-6.8141508],[112.002174,-6.8141819],[112.0021995,-6.8142106],[112.0022225,-6.8142366],[112.0022432,-6.8142592],[112.0022632,-6.8142799],[112.0022832,-6.8142996],[112.002304,-6.8143196],[112.0023242,-6.814339],[112.0023438,-6.8143582],[112.0023635,-6.8143778],[112.0023836,-6.8143981],[112.0024039,-6.8144185],[112.0024238,-6.8144383],[112.0024433,-6.8144565],[112.0024618,-6.814473],[112.0024792,-6.8144881],[112.0024958,-6.8145035],[112.0025132,-6.8145212],[112.0025325,-6.8145429],[112.0025541,-6.8145678],[112.0025769,-6.8145938],[112.0025995,-6.8146182],[112.002621,-6.814641],[112.002641,-6.8146619],[112.00266,-6.8146822],[112.0026779,-6.8147015],[112.002696,-6.8147214],[112.002715,-6.8147425],[112.0027354,-6.8147657],[112.0027573,-6.8147913],[112.0027814,-6.8148204],[112.002808,-6.814854],[112.0028367,-6.8148901],[112.0028662,-6.8149269],[112.0028961,-6.8149631],[112.0029265,-6.814999],[112.0029572,-6.8150355],[112.002988,-6.8150736],[112.0030192,-6.8151132],[112.0030517,-6.8151553],[112.0030846,-6.8151973],[112.0031163,-6.8152367],[112.0031429,-6.8152687],[112.0031631,-6.815294],[112.0031776,-6.8153144],[112.0031896,-6.8153346],[112.003202,-6.8153571],[112.0032171,-6.815384],[112.0032362,-6.815416],[112.0032591,-6.8154518],[112.0032848,-6.8154897],[112.0033116,-6.8155265],[112.00334,-6.8155631],[112.0033726,-6.8156032],[112.0034105,-6.8156492],[112.003452,-6.8157],[112.0034889,-6.8157454],[112.0035185,-6.8157818],[112.0035418,-6.8158096],[112.0035624,-6.8158332],[112.0035833,-6.8158561],[112.0036059,-6.8158803],[112.0036297,-6.8159054],[112.003654,-6.8159306],[112.0036779,-6.8159546],[112.0037023,-6.8159783],[112.0037268,-6.8160021],[112.0037519,-6.8160273],[112.0037767,-6.8160532],[112.0038025,-6.8160813],[112.0038294,-6.816111],[112.003858,-6.8161422],[112.0038874,-6.8161731],[112.0039176,-6.816204],[112.0039476,-6.8162345],[112.0039773,-6.8162653],[112.0040061,-6.8162956],[112.0040342,-6.8163259],[112.0040625,-6.8163566],[112.0040922,-6.8163891],[112.0041229,-6.8164217],[112.0041539,-6.8164535],[112.0041845,-6.8164823],[112.004216,-6.8165092],[112.0042488,-6.8165345],[112.0042832,-6.8165591],[112.0043174,-6.8165814],[112.0043512,-6.8166014],[112.0043843,-6.8166188],[112.0044165,-6.8166333],[112.0044489,-6.8166447],[112.0044833,-6.8166528],[112.0045212,-6.8166569],[112.0045625,-6.8166573],[112.0046041,-6.8166552],[112.0046456,-6.8166531],[112.0046864,-6.8166546],[112.0047281,-6.8166616],[112.0047706,-6.8166748],[112.0048117,-6.8166919],[112.0048492,-6.8167108],[112.0048818,-6.8167296],[112.0049105,-6.8167488],[112.0049369,-6.8167683],[112.0049622,-6.8167886],[112.0049871,-6.8168101],[112.0050113,-6.8168322],[112.0050337,-6.8168535],[112.0050535,-6.8168734],[112.0050719,-6.8168928],[112.0050905,-6.8169141],[112.0051107,-6.8169391],[112.0051323,-6.8169675],[112.0051548,-6.8169972],[112.0051781,-6.8170254],[112.0052038,-6.8170518],[112.0052329,-6.8170767],[112.0052669,-6.8171013],[112.0053046,-6.8171255],[112.0053446,-6.8171482],[112.0053806,-6.8171664],[112.005411,-6.8171805],[112.0054347,-6.817192],[112.0054547,-6.817204],[112.0054732,-6.8172188],[112.0054923,-6.8172392],[112.0055119,-6.8172651],[112.0055317,-6.8172957],[112.0055518,-6.8173277],[112.0055727,-6.81736],[112.0055951,-6.8173921],[112.0056178,-6.8174232],[112.0056404,-6.8174527],[112.0056631,-6.81748],[112.0056868,-6.8175056],[112.0057117,-6.8175295],[112.0057374,-6.8175521],[112.0057633,-6.817573],[112.0057899,-6.8175923],[112.0058176,-6.8176097],[112.0058463,-6.8176249],[112.0058756,-6.817638],[112.0059053,-6.8176495],[112.0059356,-6.8176593],[112.0059659,-6.817668],[112.0059954,-6.8176755],[112.006023,-6.8176826],[112.006048,-6.817689],[112.0060705,-6.8176955],[112.0060923,-6.8177029],[112.0061151,-6.8177125],[112.0061409,-6.8177249],[112.0061695,-6.8177398],[112.0062005,-6.8177565],[112.0062313,-6.8177735],[112.0062604,-6.8177905],[112.006287,-6.817807],[112.006312,-6.8178236],[112.0063354,-6.8178406],[112.0063578,-6.8178586],[112.0063791,-6.8178772],[112.0063993,-6.8178964],[112.0064184,-6.8179161],[112.0064369,-6.8179365],[112.0064551,-6.817957],[112.0064726,-6.8179761],[112.0064897,-6.8179935],[112.006505,-6.8180099],[112.0065193,-6.8180277],[112.0065319,-6.8180475],[112.0065429,-6.8180692],[112.006553,-6.8180916],[112.0065633,-6.818115],[112.0065747,-6.8181384],[112.0065867,-6.8181616],[112.0065984,-6.8181834],[112.0066097,-6.8182042],[112.0066216,-6.8182232],[112.0066353,-6.8182407],[112.0066523,-6.8182569],[112.0066723,-6.8182731],[112.0066938,-6.8182903],[112.0067157,-6.8183094],[112.0067364,-6.8183304],[112.0067563,-6.8183537],[112.0067747,-6.8183783],[112.0067921,-6.8184039],[112.006808,-6.8184294],[112.0068233,-6.8184551],[112.0068391,-6.8184821],[112.0068569,-6.8185117],[112.0068768,-6.8185439],[112.0068972,-6.8185752],[112.006916,-6.8186035],[112.0069324,-6.8186284],[112.0069457,-6.818652],[112.0069569,-6.818677],[112.0069668,-6.8187051],[112.0069764,-6.8187346],[112.0069856,-6.8187658],[112.0069933,-6.8187988],[112.0069982,-6.8188342],[112.0070005,-6.8188707],[112.0070011,-6.8189067],[112.0070018,-6.8189408],[112.007003,-6.8189744],[112.0070044,-6.8190095],[112.0070057,-6.819047],[112.0070078,-6.8190864],[112.007012,-6.8191262],[112.0070196,-6.8191671],[112.0070299,-6.8192084],[112.0070413,-6.8192492],[112.0070515,-6.8192855],[112.0070604,-6.8193178],[112.0070687,-6.8193471],[112.0070783,-6.819378],[112.0070891,-6.8194101],[112.0071014,-6.8194434],[112.0071139,-6.8194724],[112.0071261,-6.8194966],[112.007137,-6.8195162],[112.0071462,-6.8195344],[112.0071538,-6.8195537],[112.0071595,-6.8195748],[112.0071638,-6.8195976],[112.0071682,-6.8196215],[112.0071737,-6.819646],[112.0071807,-6.8196703],[112.0071884,-6.8196931],[112.0071965,-6.8197146],[112.0072048,-6.8197343],[112.0072141,-6.8197536],[112.0072252,-6.8197733],[112.0072399,-6.8197968],[112.0072582,-6.8198256],[112.00728,-6.8198599],[112.007301,-6.8198948],[112.0073208,-6.819927],[112.0073385,-6.8199543],[112.0073547,-6.8199772],[112.0073688,-6.8199958],[112.0073814,-6.8200112],[112.0073927,-6.8200233],[112.007404,-6.8200335],[112.0074156,-6.8200429],[112.0074284,-6.8200542],[112.0074419,-6.820069],[112.0074551,-6.8200875],[112.0074675,-6.8201085],[112.0074796,-6.8201305],[112.0074933,-6.8201525],[112.0075098,-6.8201745],[112.0075288,-6.8201962],[112.0075483,-6.8202175],[112.0075668,-6.820239],[112.0075844,-6.8202623],[112.0076026,-6.8202896],[112.0076217,-6.820321],[112.007642,-6.820355],[112.0076619,-6.8203879],[112.0076812,-6.8204207],[112.0076999,-6.8204561],[112.0077185,-6.8204957],[112.0077385,-6.8205371],[112.0077605,-6.8205757],[112.0077854,-6.8206108],[112.0078119,-6.8206432],[112.0078381,-6.8206744],[112.0078605,-6.8207044],[112.0078781,-6.8207344],[112.0078909,-6.8207658],[112.0078999,-6.8207993],[112.007906,-6.8208338],[112.0079096,-6.8208682],[112.0079112,-6.8209017],[112.0079102,-6.820934],[112.0079063,-6.8209658],[112.0078991,-6.8209978],[112.0078889,-6.8210306],[112.0078766,-6.8210628],[112.0078628,-6.8210942],[112.0078482,-6.8211238],[112.007833,-6.8211522],[112.0078159,-6.8211794],[112.0077953,-6.8212059],[112.0077697,-6.8212314],[112.0077388,-6.8212562],[112.0077044,-6.8212797],[112.007667,-6.8213018],[112.007627,-6.821322],[112.0075826,-6.8213405],[112.0075337,-6.8213576],[112.0074821,-6.8213733],[112.0074293,-6.8213873],[112.0073789,-6.8213987],[112.0073309,-6.821407],[112.0072893,-6.8214114],[112.0072543,-6.8214134],[112.0072253,-6.821415],[112.0072007,-6.8214192],[112.0071784,-6.8214276],[112.0071576,-6.82144],[112.0071366,-6.8214553],[112.0071157,-6.821472],[112.0070948,-6.8214899],[112.0070732,-6.8215093],[112.0070497,-6.8215299],[112.0070222,-6.821551],[112.0069901,-6.8215705],[112.0069542,-6.8215871],[112.0069178,-6.8216],[112.0068828,-6.8216098],[112.0068503,-6.8216168],[112.0068202,-6.8216213],[112.006791,-6.8216247],[112.0067628,-6.8216299],[112.0067364,-6.8216397],[112.0067151,-6.8216538],[112.0066994,-6.8216708],[112.0066893,-6.8216891],[112.0066822,-6.8217084],[112.0066765,-6.8217292],[112.006671,-6.8217512],[112.0066657,-6.8217745],[112.0066614,-6.8217988],[112.0066582,-6.821824],[112.0066555,-6.8218498],[112.0066518,-6.8218754],[112.006646,-6.8219001],[112.0066377,-6.8219225],[112.0066263,-6.8219405],[112.0066114,-6.821953],[112.0065934,-6.8219604],[112.0065747,-6.8219664],[112.0065573,-6.8219748],[112.0065432,-6.8219884],[112.0065327,-6.8220065],[112.0065252,-6.8220282],[112.0065196,-6.8220524],[112.0065144,-6.8220793],[112.0065088,-6.8221098],[112.0065035,-6.8221442],[112.0064995,-6.8221804],[112.006497,-6.8222144],[112.0064957,-6.8222431],[112.0064948,-6.8222688],[112.0064942,-6.822294],[112.0064946,-6.8223212],[112.0064965,-6.8223494],[112.0064999,-6.8223784],[112.0065033,-6.822408],[112.0065067,-6.8224399],[112.0065103,-6.8224742],[112.0065154,-6.8225106],[112.0065215,-6.8225485],[112.006528,-6.8225881],[112.0065331,-6.8226295],[112.0065368,-6.8226713],[112.0065407,-6.8227113],[112.0065461,-6.8227486],[112.0065531,-6.8227853],[112.0065611,-6.8228238],[112.0065698,-6.8228649],[112.0065795,-6.8229082],[112.0065905,-6.8229534],[112.0066029,-6.8230001],[112.0066167,-6.8230499],[112.0066313,-6.8230997],[112.0066455,-6.82315],[112.0066583,-6.8231977],[112.0066689,-6.8232411],[112.0066772,-6.823279],[112.0066841,-6.8233113],[112.00669,-6.8233399],[112.0066956,-6.8233669],[112.0067009,-6.8233956],[112.0067072,-6.8234266],[112.0067143,-6.8234616],[112.0067226,-6.8235007],[112.0067306,-6.8235414],[112.0067384,-6.8235802],[112.0067456,-6.8236154],[112.0067522,-6.8236476],[112.0067582,-6.8236792],[112.0067643,-6.8237125],[112.0067712,-6.8237485],[112.0067797,-6.8237873],[112.0067889,-6.8238283],[112.006799,-6.8238692],[112.0068096,-6.8239074],[112.006821,-6.8239417],[112.0068329,-6.8239747],[112.0068448,-6.8240103],[112.0068568,-6.824051],[112.0068693,-6.8240974],[112.0068821,-6.8241449],[112.0068936,-6.8241916],[112.0069027,-6.8242323],[112.0069099,-6.8242694],[112.0069168,-6.8243051],[112.0069257,-6.8243446],[112.0069373,-6.8243875],[112.0069507,-6.8244312],[112.0069628,-6.8244683],[112.0069725,-6.8244983],[112.0069799,-6.8245233],[112.0069867,-6.8245472],[112.0069935,-6.8245713],[112.0070007,-6.824596],[112.0070085,-6.8246219],[112.007017,-6.8246502],[112.0070264,-6.8246818],[112.0070368,-6.8247165],[112.0070482,-6.8247529],[112.0070597,-6.8247894],[112.0070704,-6.8248256],[112.0070793,-6.8248606],[112.0070868,-6.8248947],[112.0070947,-6.8249307],[112.0071038,-6.8249696],[112.0071141,-6.8250114],[112.0071243,-6.8250503],[112.0071342,-6.8250853],[112.0071438,-6.8251161],[112.0071542,-6.825146],[112.0071658,-6.8251775],[112.0071797,-6.8252166],[112.0071962,-6.8252636],[112.0072147,-6.8253177],[112.0072326,-6.8253683],[112.00725,-6.825415],[112.0072672,-6.82546],[112.0072846,-6.8255066],[112.0073013,-6.8255534],[112.0073145,-6.8255907],[112.0073238,-6.8256182],[112.00733,-6.8256383],[112.0073353,-6.8256577],[112.0073418,-6.8256794],[112.0073505,-6.825704],[112.0073616,-6.8257308],[112.0073742,-6.8257588],[112.0073868,-6.8257878],[112.0073987,-6.8258183],[112.0074098,-6.825851],[112.0074213,-6.8258867],[112.0074337,-6.8259246],[112.0074467,-6.8259626],[112.0074585,-6.8259965],[112.0074683,-6.8260243],[112.0074769,-6.8260476],[112.0074849,-6.8260693],[112.007493,-6.8260923],[112.0075015,-6.8261171],[112.0075107,-6.8261438],[112.0075205,-6.8261728],[112.0075301,-6.8262043],[112.0075388,-6.8262392],[112.007546,-6.8262766],[112.007552,-6.8263149],[112.0075577,-6.8263516],[112.0075636,-6.826386],[112.0075704,-6.8264183],[112.0075781,-6.8264488],[112.0075865,-6.8264776],[112.0075945,-6.8265058],[112.0076013,-6.8265339],[112.0076069,-6.8265625],[112.0076114,-6.8265912],[112.0076157,-6.8266195],[112.0076201,-6.8266464],[112.0076247,-6.8266714],[112.0076292,-6.8266948],[112.0076338,-6.8267178],[112.0076386,-6.8267412],[112.0076436,-6.8267653],[112.0076486,-6.8267899],[112.0076539,-6.8268152],[112.0076595,-6.8268415],[112.0076648,-6.8268692],[112.0076691,-6.8268979],[112.0076725,-6.8269277],[112.007676,-6.826959],[112.0076802,-6.8269918],[112.0076852,-6.8270256],[112.0076905,-6.8270584],[112.0076959,-6.8270893],[112.0077012,-6.8271171],[112.0077062,-6.8271429],[112.0077106,-6.8271672],[112.0077148,-6.8271916],[112.0077192,-6.8272169],[112.0077247,-6.8272433],[112.0077313,-6.8272705],[112.0077382,-6.827298],[112.007745,-6.8273262],[112.0077506,-6.8273535],[112.0077553,-6.8273793],[112.0077593,-6.8274019],[112.0077634,-6.827423],[112.0077676,-6.8274433],[112.0077724,-6.827464],[112.0077774,-6.827485],[112.0077827,-6.8275062],[112.0077881,-6.827529],[112.0077934,-6.8275537],[112.0077987,-6.8275808],[112.0078045,-6.8276084],[112.0078111,-6.8276362],[112.0078186,-6.827664],[112.0078269,-6.8276926],[112.0078357,-6.8277228],[112.0078456,-6.8277542],[112.0078568,-6.8277871],[112.00787,-6.8278209],[112.0078842,-6.8278547],[112.0078984,-6.8278873],[112.0079117,-6.8279186],[112.0079236,-6.8279483],[112.0079352,-6.8279782],[112.0079478,-6.8280101],[112.007963,-6.8280469],[112.0079805,-6.8280878],[112.0079986,-6.8281306],[112.0080149,-6.8281705],[112.0080299,-6.8282064],[112.0080447,-6.8282394],[112.0080592,-6.8282692],[112.0080741,-6.8282982],[112.0080887,-6.8283279],[112.0081039,-6.8283609],[112.0081194,-6.8283969],[112.0081358,-6.8284362],[112.008153,-6.8284769],[112.0081715,-6.8285206],[112.0081908,-6.8285654],[112.0082111,-6.8286114],[112.0082309,-6.8286548],[112.0082503,-6.8286956],[112.0082695,-6.8287339],[112.0082902,-6.8287737],[112.0083121,-6.8288156],[112.0083348,-6.828859],[112.0083555,-6.828898],[112.0083738,-6.8289322],[112.0083904,-6.8289633],[112.0084065,-6.8289942],[112.0084235,-6.8290274],[112.0084425,-6.8290631],[112.0084642,-6.829104],[112.0084883,-6.8291506],[112.0085136,-6.829203],[112.0085391,-6.8292573],[112.0085636,-6.8293105],[112.0085863,-6.8293599],[112.0086066,-6.8294053],[112.0086255,-6.8294467],[112.0086447,-6.8294874],[112.0086663,-6.8295311],[112.0086905,-6.8295788],[112.0087158,-6.8296294],[112.0087388,-6.8296755],[112.0087592,-6.8297164],[112.0087777,-6.8297531],[112.008796,-6.8297905],[112.0088148,-6.8298317],[112.0088346,-6.8298785],[112.0088559,-6.8299312],[112.0088783,-6.829987],[112.0089013,-6.8300434],[112.008924,-6.8300952],[112.0089454,-6.8301396],[112.0089654,-6.8301757],[112.0089841,-6.8302058],[112.0090017,-6.8302314],[112.0090188,-6.8302522],[112.0090351,-6.8302656],[112.0090488,-6.8302693],[112.0091775,-6.8302268],[112.0092111,-6.8302158],[112.0092505,-6.8301998],[112.009289,-6.8301817],[112.0093239,-6.8301648],[112.0093514,-6.8301511],[112.0093725,-6.8301419],[112.0093883,-6.8301379],[112.0094018,-6.8301392],[112.0094149,-6.8301464],[112.0094266,-6.8301591],[112.0094341,-6.8301766],[112.0094318,-6.8301974],[112.0094185,-6.8302195],[112.0093947,-6.8302413],[112.0093681,-6.8302599],[112.009341,-6.8302756],[112.009315,-6.8302886],[112.0092887,-6.8303005],[112.0092621,-6.8303114],[112.009236,-6.8303216],[112.0092116,-6.8303317],[112.0091908,-6.8303428],[112.0091073,-6.8303933],[112.0091509,-6.830484],[112.0091945,-6.8305766],[112.0092096,-6.8306087],[112.0092261,-6.83064],[112.0092432,-6.830673],[112.0092599,-6.8307085],[112.0092758,-6.8307454],[112.009291,-6.8307818],[112.0093059,-6.8308176],[112.0093218,-6.8308552],[112.0093394,-6.8308959],[112.00936,-6.830942],[112.0093816,-6.8309898],[112.0094026,-6.8310375],[112.0094211,-6.831082],[112.0094375,-6.8311235],[112.0094527,-6.8311609],[112.0094676,-6.8311955],[112.0094823,-6.8312274],[112.0094969,-6.8312586],[112.0095112,-6.8312903],[112.0095253,-6.8313237],[112.0095403,-6.8313604],[112.009558,-6.8314026],[112.0095811,-6.8314548],[112.0096111,-6.8315202],[112.0096465,-6.8315969],[112.0096828,-6.8316762],[112.0097135,-6.8317443],[112.0097389,-6.831799],[112.0097609,-6.8318427],[112.0097824,-6.8318827],[112.009804,-6.8319218],[112.0098264,-6.8319625],[112.0098502,-6.8320063],[112.0098769,-6.8320549],[112.0099054,-6.832105],[112.0099344,-6.8321537],[112.0099612,-6.8321972],[112.009986,-6.8322367],[112.0100094,-6.8322733],[112.0100326,-6.8323087],[112.0100558,-6.8323433],[112.0100796,-6.832378],[112.0101041,-6.8324146],[112.010129,-6.832454],[112.0101536,-6.8324958],[112.0101764,-6.8325378],[112.0101973,-6.8325787],[112.0102158,-6.8326164],[112.0102318,-6.8326505],[112.0102457,-6.832682],[112.010258,-6.8327135],[112.0102708,-6.8327509],[112.0102845,-6.8327944],[112.0102992,-6.8328421],[112.0103121,-6.8328835],[112.0103233,-6.832918],[112.0103336,-6.8329484],[112.0103444,-6.83298],[112.0103555,-6.8330146],[112.0103667,-6.8330511],[112.0103773,-6.8330877],[112.0103876,-6.8331237],[112.0103974,-6.833158],[112.0104067,-6.8331902],[112.0104154,-6.8332194],[112.0104243,-6.833246],[112.0104334,-6.8332704],[112.0104431,-6.8332941],[112.0104528,-6.8333187],[112.0104624,-6.8333461],[112.0104715,-6.8333773],[112.010481,-6.8334131],[112.0104912,-6.8334518],[112.0105027,-6.8334924],[112.0105138,-6.8335324],[112.0105237,-6.8335721],[112.010532,-6.8336123],[112.0105396,-6.8336554],[112.0105472,-6.8337023],[112.0105546,-6.8337516],[112.0105604,-6.8337976],[112.0105641,-6.8338375],[112.0105654,-6.8338719],[112.0105644,-6.8339032],[112.0105609,-6.8339315],[112.0105551,-6.833957],[112.0105478,-6.8339818],[112.0105424,-6.834008],[112.0105415,-6.834039],[112.0105475,-6.8340739],[112.0105583,-6.8341129],[112.0105713,-6.8341538],[112.0105827,-6.8341948],[112.0105906,-6.8342331],[112.0105934,-6.8342681],[112.0105907,-6.8342988],[112.0105826,-6.8343259],[112.0105698,-6.8343497],[112.0105521,-6.8343712],[112.0105294,-6.8343914],[112.0105036,-6.8344119],[112.0104784,-6.8344345],[112.0104611,-6.8344641],[112.0104567,-6.8345024],[112.0104695,-6.8345492],[112.0104978,-6.8345942],[112.0105383,-6.834633],[112.0105826,-6.8346624],[112.0106288,-6.8346854],[112.0106767,-6.8347044],[112.0107277,-6.8347202],[112.0107816,-6.8347342],[112.0108352,-6.8347472],[112.0108853,-6.8347619],[112.0109321,-6.8347793],[112.0109763,-6.8348001],[112.0110211,-6.8348246],[112.011066,-6.8348523],[112.0111118,-6.8348842],[112.011158,-6.8349208],[112.0112044,-6.8349623],[112.0112494,-6.8350077],[112.01129,-6.8350546],[112.0113261,-6.8351027],[112.0113571,-6.835151],[112.0113854,-6.8352002],[112.0114125,-6.8352504],[112.0114386,-6.8352981],[112.0114641,-6.8353449],[112.0114895,-6.8353932],[112.0115165,-6.8354472],[112.0115459,-6.8355066],[112.011578,-6.8355689],[112.0116114,-6.8356301],[112.0116461,-6.8356895],[112.0116824,-6.8357471],[112.01172,-6.8358028],[112.0117581,-6.8358561],[112.0117951,-6.8359061],[112.0118311,-6.8359537],[112.0118661,-6.8359999],[112.0119014,-6.8360468],[112.0119351,-6.8360923],[112.0119686,-6.8361379],[112.0120014,-6.8361819],[112.0120346,-6.8362262],[112.0120668,-6.8362692],[112.0121,-6.8363133],[112.0121347,-6.8363594],[112.012171,-6.8364082],[112.0122073,-6.8364587],[112.0122425,-6.8365099],[112.0122773,-6.8365622],[112.0123142,-6.8366186],[112.0123538,-6.8366784],[112.0123956,-6.8367409],[112.0124349,-6.8367987],[112.0124728,-6.8368543],[112.0125115,-6.836911],[112.0125556,-6.8369754],[112.0126073,-6.8370506],[112.0126655,-6.8371361],[112.0127278,-6.8372297],[112.0127882,-6.8373233],[112.0128424,-6.8374097],[112.0128878,-6.8374833],[112.012926,-6.8375443],[112.0129577,-6.8375929],[112.0129843,-6.8376314],[112.0130073,-6.8376635],[112.0130289,-6.8376938],[112.0130512,-6.837727],[112.0130754,-6.8377652],[112.0131022,-6.837809],[112.0131315,-6.8378573],[112.0131634,-6.8379101],[112.0131984,-6.8379671],[112.0132364,-6.8380281],[112.0132777,-6.838092],[112.01332,-6.8381561],[112.0133629,-6.8382195],[112.013405,-6.8382808],[112.0134454,-6.8383387],[112.0134835,-6.8383921],[112.0135192,-6.8384422],[112.0135524,-6.8384914],[112.0135831,-6.8385422],[112.0136102,-6.8385973],[112.0136311,-6.8386555],[112.0136446,-6.8387183],[112.0136513,-6.8387833],[112.0136541,-6.8388513],[112.0136605,-6.8389253],[112.013676,-6.8390112],[112.0137064,-6.83903],[112.0137269,-6.839036],[112.0137432,-6.8390362],[112.0137578,-6.8390374],[112.0137757,-6.8390421],[112.0138005,-6.8390534],[112.0138366,-6.8390725],[112.0138675,-6.8390935],[112.0138947,-6.8391171],[112.013919,-6.8391447],[112.0139444,-6.8391782],[112.0139718,-6.8392193],[112.0140011,-6.8392639],[112.0140348,-6.8393136],[112.0140702,-6.839358],[112.0141042,-6.8393986],[112.0141287,-6.8394295],[112.0141513,-6.8394653],[112.0141719,-6.8395003],[112.0141929,-6.8395378],[112.0142134,-6.8395713],[112.0142356,-6.8396055],[112.014261,-6.8396421],[112.0142908,-6.8396852],[112.0143238,-6.8397308],[112.0143559,-6.8397704],[112.0143873,-6.8398086],[112.0144165,-6.839844],[112.0144451,-6.8398808],[112.014472,-6.8399156],[112.0144951,-6.8399479],[112.014518,-6.839981],[112.0145383,-6.8400119],[112.0145576,-6.8400434],[112.0145751,-6.8400738],[112.0145949,-6.8401038],[112.0146133,-6.8401297],[112.0146322,-6.8401552],[112.0146503,-6.8401819],[112.0146697,-6.8402109],[112.0146885,-6.8402406],[112.0147079,-6.8402696],[112.0147279,-6.8402996],[112.0147511,-6.840334],[112.0147758,-6.840372],[112.0148008,-6.8404135],[112.0148263,-6.8404551],[112.0148506,-6.8404926],[112.0148754,-6.8405284],[112.0148983,-6.8405619],[112.01492,-6.840598],[112.0149393,-6.8406339],[112.0149625,-6.8406759],[112.0149825,-6.8407113],[112.0150023,-6.8407417],[112.0150224,-6.84077],[112.0150436,-6.840799],[112.0150658,-6.8408321],[112.0150877,-6.8408663],[112.0151104,-6.8409052],[112.0151342,-6.8409486],[112.0151592,-6.8409953],[112.0151833,-6.8410392],[112.0152055,-6.8410741],[112.0152255,-6.8411039],[112.0152416,-6.8411274],[112.0152567,-6.8411548],[112.0152725,-6.841185],[112.0152923,-6.841223],[112.0153102,-6.8412556],[112.0153274,-6.8412862],[112.0153437,-6.841315],[112.0153631,-6.8413457],[112.0153838,-6.8413792],[112.0154046,-6.8414153],[112.0154263,-6.8414541],[112.0154503,-6.8414961],[112.0154782,-6.8415385],[112.0155006,-6.8415732],[112.0155199,-6.8416035],[112.0155381,-6.8416323],[112.0155575,-6.8416616],[112.0155801,-6.8416948],[112.0156016,-6.8417269],[112.0156188,-6.8417545],[112.015632,-6.8417784],[112.0156429,-6.8418008],[112.0156516,-6.8418215],[112.0156589,-6.8418411],[112.0156622,-6.8418579],[112.0156596,-6.8418751],[112.0156504,-6.8418897],[112.0156377,-6.8419032],[112.0156301,-6.8419161],[112.0156292,-6.8419331],[112.0156384,-6.8419567],[112.0156523,-6.8419839],[112.0156724,-6.8420162],[112.0156976,-6.8420535],[112.0157273,-6.842095],[112.015758,-6.8421389],[112.0157868,-6.8421842],[112.015813,-6.8422273],[112.015837,-6.8422665],[112.0158594,-6.8423019],[112.0158842,-6.8423401],[112.0159109,-6.8423835],[112.0159437,-6.8424385],[112.0159722,-6.8424838],[112.016001,-6.8425258],[112.0160333,-6.8425711],[112.0160715,-6.8426242],[112.0161114,-6.842682],[112.0161473,-6.8427339],[112.016182,-6.8427834],[112.0162136,-6.8428315],[112.0162466,-6.8428877],[112.0162773,-6.8429401],[112.016306,-6.8429835],[112.0163327,-6.8430191],[112.0163594,-6.843054],[112.0163879,-6.8430967],[112.0164181,-6.8431504],[112.0164457,-6.8432035],[112.0164698,-6.8432509],[112.0164903,-6.8432856],[112.0165113,-6.8433194],[112.0165337,-6.843352],[112.0165592,-6.8433909],[112.0165873,-6.8434372],[112.0166184,-6.8434891],[112.0166531,-6.843544],[112.0166913,-6.8435995],[112.0167321,-6.8436509],[112.016772,-6.8436988],[112.0168119,-6.8437474],[112.0168539,-6.8438035],[112.0168977,-6.843868],[112.0169513,-6.8439486],[112.0169931,-6.8440112],[112.0170301,-6.8440657],[112.0170624,-6.8441164],[112.0170969,-6.8441744],[112.0171301,-6.8442301],[112.0171615,-6.8442818],[112.0171886,-6.844328],[112.0172137,-6.8443738],[112.0172382,-6.8444247],[112.0172587,-6.844466],[112.0172755,-6.8444998],[112.0172901,-6.8445245],[112.0173066,-6.8445505],[112.0173283,-6.8445834],[112.0173533,-6.8446221],[112.0173866,-6.8446745],[112.0174128,-6.8447165],[112.0174359,-6.8447562],[112.0174559,-6.8447892],[112.0174765,-6.8448218],[112.0174979,-6.8448558],[112.0175199,-6.8448931],[112.0175399,-6.8449256],[112.0175595,-6.8449546],[112.0175824,-6.8449839],[112.0176102,-6.8450183],[112.0176404,-6.8450563],[112.0176659,-6.8450884],[112.0176872,-6.8451148],[112.0177133,-6.8451476],[112.0177369,-6.8451769],[112.0177601,-6.8452085],[112.017782,-6.8452429],[112.0178082,-6.8452873],[112.0178374,-6.845339],[112.0178761,-6.84541],[112.0179077,-6.8454659],[112.0179391,-6.8455187],[112.0179658,-6.8455579],[112.0179913,-6.84559],[112.0180158,-6.845619],[112.0180415,-6.8456485],[112.018067,-6.8456792],[112.0180911,-6.8457098],[112.0181144,-6.8457426],[112.0181375,-6.8457799],[112.018159,-6.8458148],[112.0181774,-6.8458431],[112.0181994,-6.8458725],[112.0182211,-6.8459015],[112.0182503,-6.8459428],[112.018277,-6.8459784],[112.0183024,-6.8460142],[112.0183253,-6.8460446],[112.0183485,-6.8460734],[112.0183735,-6.8461033],[112.0184001,-6.8461357],[112.0184303,-6.8461734],[112.0184575,-6.8462095],[112.0184853,-6.8462477],[112.0185112,-6.8462852],[112.018541,-6.8463324],[112.0185688,-6.8463789],[112.0186007,-6.8464332],[112.0186167,-6.8464735],[112.0186271,-6.8465089],[112.0186349,-6.8465431],[112.0186497,-6.8465811],[112.0186712,-6.846624],[112.0186953,-6.8466615],[112.0187186,-6.8466946],[112.0187436,-6.8467288],[112.0187682,-6.8467654],[112.018796,-6.8468064],[112.0188262,-6.8468477],[112.018863,-6.8468935],[112.0189041,-6.8469447],[112.0189425,-6.8469989],[112.0189758,-6.8470529],[112.0190027,-6.8470968],[112.0190289,-6.8471386],[112.0190536,-6.8471778],[112.0190805,-6.847224],[112.0191081,-6.8472681],[112.0191416,-6.8473177],[112.0191801,-6.8473716],[112.0192209,-6.8474247],[112.0192511,-6.8474624],[112.0192778,-6.847494],[112.0193014,-6.8475239],[112.0193299,-6.8475654],[112.0193627,-6.847614],[112.0194033,-6.8476763],[112.0194339,-6.847727],[112.0194592,-6.8477713],[112.0194778,-6.847806],[112.019496,-6.8478374],[112.0195158,-6.8478667],[112.0195375,-6.847895],[112.0195621,-6.8479247],[112.0195842,-6.8479539],[112.0196071,-6.8479846],[112.0196269,-6.8480146],[112.0196463,-6.8480429],[112.0196663,-6.848071],[112.0196871,-6.848099],[112.0197121,-6.8481328],[112.0197357,-6.8481665],[112.0197576,-6.8481988],[112.0197772,-6.84823],[112.0197961,-6.8482609],[112.0198164,-6.8482951],[112.0198369,-6.8483281],[112.0198586,-6.8483628],[112.0198789,-6.848397],[112.019903,-6.8484381],[112.019928,-6.8484782],[112.0199568,-6.8485216],[112.019987,-6.8485664],[112.0200101,-6.8486009],[112.0200351,-6.8486384],[112.0200549,-6.8486681],[112.0200757,-6.8486976],[112.0200938,-6.8487245],[112.0201125,-6.8487507],[112.0201323,-6.8487773],[112.0201538,-6.8488056],[112.0201759,-6.8488358],[112.0201988,-6.84887],[112.0202184,-6.8488995],[112.0202366,-6.8489276],[112.0202524,-6.8489526],[112.0202687,-6.8489779],[112.0202852,-6.8490026],[112.0203038,-6.8490289],[112.0203229,-6.8490563],[112.020343,-6.8490858],[112.0203647,-6.8491148],[112.0203878,-6.8491449],[112.0204147,-6.8491836],[112.0204421,-6.8492294],[112.0204756,-6.8492907],[112.0205029,-6.8493379],[112.0205284,-6.8493771],[112.020544,-6.8493985],[112.0205565,-6.8494165],[112.0205723,-6.849441],[112.020602,-6.849487],[112.0206407,-6.84955],[112.0206754,-6.8496087],[112.0207035,-6.8496597],[112.0207301,-6.8497099],[112.0207537,-6.8497555],[112.0207771,-6.8498022],[112.0207962,-6.8498402],[112.0208115,-6.8498716],[112.0208266,-6.8499013],[112.0208405,-6.849931],[112.0208573,-6.8499697],[112.0208686,-6.8500008],[112.020879,-6.8500293],[112.0208908,-6.8500569],[112.0209125,-6.8500944],[112.0209377,-6.8501354],[112.0209668,-6.8501837],[112.0209993,-6.8502389],[112.0210335,-6.8502953],[112.0210701,-6.8503535],[112.0210989,-6.8503951],[112.0211244,-6.8504281],[112.0211484,-6.850455],[112.0211727,-6.8504819],[112.0212001,-6.8505144],[112.0212296,-6.8505508],[112.021264,-6.8505947],[112.0212928,-6.8506315],[112.0213166,-6.8506624],[112.0213353,-6.8506864],[112.0213511,-6.8507074],[112.0213678,-6.8507296],[112.0213876,-6.8507554],[112.0214143,-6.8507897],[112.0214421,-6.850826],[112.0214698,-6.8508661],[112.0214964,-6.850904],[112.0215221,-6.8509429],[112.0215471,-6.8509813],[112.0215724,-6.8510222],[112.021596,-6.851059],[112.0216257,-6.851104],[112.0216559,-6.8511479],[112.021691,-6.8511975],[112.021721,-6.8512437],[112.0217519,-6.8512939],[112.0217814,-6.8513416],[112.0218123,-6.8513926],[112.0218503,-6.8514556],[112.0218871,-6.8515233],[112.0219206,-6.8515827],[112.0219607,-6.8516523],[112.0220044,-6.8517263],[112.022057,-6.8518089],[112.022094,-6.8518626],[112.0221268,-6.8519075],[112.0221565,-6.8519477],[112.0221893,-6.8519939],[112.0222254,-6.852044],[112.0222594,-6.8520923],[112.0222957,-6.8521447],[112.0223262,-6.8521862],[112.0223533,-6.852219],[112.0223729,-6.85224],[112.0223934,-6.8522617],[112.0224175,-6.8522877],[112.0224474,-6.8523231],[112.0224831,-6.8523702],[112.0225215,-6.8524276],[112.0225552,-6.8524776],[112.0225902,-6.852526],[112.0226277,-6.8525762],[112.0226739,-6.8526423],[112.022719,-6.8527062],[112.0227699,-6.8527825],[112.0228289,-6.8528705],[112.0228811,-6.8529559],[112.02292,-6.8530208],[112.0229511,-6.8530731],[112.0229856,-6.8531298],[112.0230266,-6.8531989],[112.0230762,-6.8532784],[112.0231182,-6.8533459],[112.0231543,-6.8534055],[112.0231856,-6.8534581],[112.0232149,-6.8535032],[112.0232451,-6.8535456],[112.0232776,-6.8535879],[112.0233083,-6.8536294],[112.0233409,-6.8536759],[112.0233779,-6.8537333],[112.0234227,-6.8538041],[112.023473,-6.853885],[112.0235124,-6.8539449],[112.0235452,-6.8539929],[112.0235799,-6.8540434],[112.02362,-6.8541052],[112.0236733,-6.8541876],[112.0237202,-6.8542633],[112.0237627,-6.8543313],[112.0238042,-6.854394],[112.0238458,-6.8544542],[112.0238977,-6.8545278],[112.0239415,-6.854592],[112.0239854,-6.854658],[112.0240251,-6.8547111],[112.024068,-6.8547644],[112.0241107,-6.8548151],[112.0241447,-6.8548562],[112.0241718,-6.8548925],[112.0241947,-6.8549277],[112.0242206,-6.8549716],[112.0242518,-6.8550206],[112.0242898,-6.8550817],[112.0243226,-6.8551369],[112.0243502,-6.8551806],[112.0243747,-6.855217],[112.0243966,-6.8552531],[112.0244146,-6.8552866],[112.024432,-6.8553194],[112.0244502,-6.8553507],[112.0244688,-6.8553825],[112.0244868,-6.8554156],[112.0245033,-6.8554486],[112.0245248,-6.855483],[112.0245493,-6.8555168],[112.0245826,-6.8555609],[112.0246168,-6.8556048],[112.0246595,-6.8556557],[112.0246972,-6.8556966],[112.0247402,-6.8557404],[112.0247807,-6.8557838],[112.0248279,-6.8558398],[112.0248661,-6.8558874],[112.0249069,-6.8559433],[112.024952,-6.8560099],[112.0250134,-6.8561099],[112.0250645,-6.8561899],[112.0251131,-6.8562583],[112.0251639,-6.8563168],[112.0252217,-6.85638],[112.0252828,-6.8564473],[112.0253465,-6.8565202],[112.0254302,-6.8566156],[112.0255192,-6.8567201],[112.0256069,-6.8568225],[112.0256605,-6.856889],[112.0257025,-6.8569448],[112.0257391,-6.8569944],[112.0257862,-6.8570524],[112.0258289,-6.857101],[112.0258778,-6.857152],[112.0259264,-6.8572034],[112.0259818,-6.857264],[112.0260377,-6.8573285],[112.0260885,-6.8573863],[112.0261264,-6.8574257],[112.0261555,-6.8574509],[112.0261795,-6.8574655],[112.0262036,-6.8574764],[112.0262378,-6.8575033],[112.0262824,-6.8575502],[112.0263388,-6.8576288],[112.0263777,-6.8576854],[112.026407,-6.8577368],[112.0264235,-6.8577746],[112.0264353,-6.857813],[112.0264419,-6.857843],[112.0264471,-6.8578746],[112.0264551,-6.8579074],[112.0264742,-6.8579537],[112.0265028,-6.857981],[112.0265436,-6.857994],[112.02659,-6.8579916],[112.0266323,-6.8579822],[112.0266674,-6.857969],[112.0266969,-6.8579546],[112.0267259,-6.85794],[112.0267606,-6.8579202],[112.0267974,-6.857897],[112.0268427,-6.8578664],[112.0268769,-6.8578432],[112.0269095,-6.8578208],[112.0269354,-6.8578022],[112.0269614,-6.8577821],[112.0269857,-6.8577626],[112.0270098,-6.8577423],[112.0270319,-6.8577224],[112.0270532,-6.8577022],[112.0270739,-6.8576823],[112.0270954,-6.857663],[112.0271178,-6.857646],[112.0271397,-6.8576323],[112.0271631,-6.8576203],[112.0271888,-6.8576078],[112.0272152,-6.8575927],[112.0272398,-6.8575759],[112.0272605,-6.8575561],[112.0272782,-6.8575356],[112.0272955,-6.8575144],[112.0273155,-6.8574938],[112.027337,-6.8574771],[112.0273601,-6.8574625],[112.027382,-6.8574462],[112.0273997,-6.8574242],[112.0274141,-6.8573947],[112.0274243,-6.8573622],[112.0274314,-6.8573346],[112.027437,-6.8573103],[112.0274413,-6.8572898],[112.027446,-6.8572692],[112.0274521,-6.8572461],[112.0274613,-6.8572199],[112.027475,-6.8571928],[112.027491,-6.8571668],[112.027509,-6.8571447],[112.0275278,-6.857126],[112.0275503,-6.8571105],[112.0275776,-6.8570963],[112.0276111,-6.8570824],[112.027647,-6.8570703],[112.0276814,-6.8570619],[112.0277088,-6.8570564],[112.0277369,-6.8570542],[112.0277654,-6.8570554],[112.0278025,-6.8570615],[112.027831,-6.8570709],[112.0278532,-6.8570796],[112.0278685,-6.8570873],[112.0278827,-6.857093],[112.0278992,-6.8570989],[112.027919,-6.8571024],[112.0279402,-6.8571005],[112.0279636,-6.8570899],[112.0279884,-6.8570722],[112.0280129,-6.8570515],[112.028036,-6.8570286],[112.0280558,-6.8570078],[112.0280787,-6.8569873],[112.0281044,-6.8569687],[112.028137,-6.8569522],[112.0281656,-6.8569441],[112.0281941,-6.8569413],[112.0282201,-6.856942],[112.0282491,-6.8569448],[112.0282887,-6.8569595],[112.0283217,-6.8569607],[112.0283474,-6.8569534],[112.0283715,-6.8569399],[112.0283953,-6.8569206],[112.0284229,-6.8568991],[112.0284531,-6.8568757],[112.0284866,-6.8568531],[112.0285196,-6.85683],[112.028551,-6.8568073],[112.0285786,-6.8567842],[112.0286027,-6.8567627],[112.0286242,-6.8567431],[112.0286423,-6.8567252],[112.0286546,-6.8567007],[112.0286607,-6.8566674],[112.0286657,-6.8566162],[112.0286697,-6.8565782],[112.0286758,-6.8565452],[112.028681,-6.8565183],[112.0286845,-6.8564886],[112.0286864,-6.8564563],[112.0286886,-6.856418],[112.0286912,-6.8563822],[112.0286945,-6.8563489],[112.0286973,-6.8563197],[112.0287004,-6.8562913],[112.0287051,-6.8562652],[112.0287079,-6.8562335],[112.0287427,-6.8562338],[112.0287798,-6.8562355],[112.0288272,-6.8562409],[112.0288781,-6.8562501],[112.0289204,-6.8562584],[112.0289548,-6.8562643],[112.0289834,-6.856269],[112.0290124,-6.8562732],[112.0290421,-6.8562773],[112.0290754,-6.8562806],[112.0291098,-6.8562841],[112.0291497,-6.8562883],[112.029191,-6.8562928],[112.0292297,-6.8562957],[112.0292658,-6.8562968],[112.0292988,-6.8562975],[112.0293313,-6.856299],[112.0293651,-6.856302],[112.0293983,-6.8563058],[112.02943,-6.8563098],[112.0294547,-6.856315],[112.0294727,-6.8563218],[112.0295016,-6.8563168],[112.0295077,-6.8563288],[112.0294927,-6.8563446],[112.0294922,-6.8563619],[112.0294911,-6.8563798],[112.0294901,-6.8564003],[112.0294894,-6.8564249],[112.029488,-6.8564534],[112.0294863,-6.8564784],[112.0294838,-6.8565011],[112.0294819,-6.8565225],[112.0294805,-6.8565435],[112.0294783,-6.8565643],[112.0294736,-6.8565862],[112.029467,-6.8566096],[112.0294609,-6.8566339],[112.0294576,-6.8566563],[112.0294557,-6.8566778],[112.0294528,-6.8567004],[112.0294495,-6.8567254],[112.0294444,-6.8567521],[112.0294401,-6.8567769],[112.0294366,-6.8568023],[112.0294328,-6.8568292],[112.0294285,-6.8568649],[112.0294255,-6.8569017],[112.0294219,-6.8569418],[112.0294182,-6.8569774],[112.0294125,-6.857013],[112.029405,-6.857046],[112.0293965,-6.8570732],[112.0293487,-6.8570929],[112.0293114,-6.8570897],[112.0292706,-6.8570845],[112.0292241,-6.857076],[112.0291873,-6.8570704],[112.0291536,-6.8570658],[112.0291189,-6.8570613],[112.0290821,-6.8570561],[112.0290424,-6.85705],[112.0290111,-6.8570457],[112.028979,-6.8570424],[112.0289229,-6.8570453],[112.0289028,-6.8570498],[112.0288839,-6.8570597],[112.0288632,-6.8570753],[112.0288382,-6.8570958],[112.0288134,-6.857118],[112.0287849,-6.8571423],[112.0287558,-6.8571661],[112.0287212,-6.8571937],[112.0286881,-6.8572204],[112.0286525,-6.8572503],[112.0286275,-6.8572718],[112.0286079,-6.8572912],[112.0285989,-6.8573218],[112.0285961,-6.8573457],[112.0285987,-6.8573723],[112.0286018,-6.8573992],[112.0286032,-6.8574266],[112.0286032,-6.8574504],[112.0286032,-6.8574802],[112.028606,-6.8575181],[112.0286131,-6.8575599],[112.0286223,-6.8576021],[112.0286294,-6.8576401],[112.0286334,-6.8576729],[112.0286367,-6.8576979],[112.0286426,-6.8577147],[112.0286542,-6.8577258],[112.0286681,-6.8577347],[112.0286832,-6.8577463],[112.0286962,-6.8577623],[112.028707,-6.8577812],[112.0287153,-6.8578001],[112.0287261,-6.8578182],[112.02874,-6.8578355],[112.0287584,-6.8578539],[112.0287778,-6.8578737],[112.0287948,-6.8578935],[112.0288094,-6.8579131],[112.0288238,-6.8579291],[112.0288401,-6.8579412],[112.0288582,-6.8579449],[112.0288769,-6.8579381],[112.0288979,-6.8579211],[112.0289177,-6.8579025],[112.028938,-6.8578831],[112.0289606,-6.8578638],[112.0289833,-6.8578432],[112.0290073,-6.8578211],[112.0290312,-6.8577989],[112.0290536,-6.8577772],[112.0290779,-6.857755],[112.0291034,-6.8577359],[112.0291352,-6.8577177],[112.029168,-6.8576998],[112.0291996,-6.8576809],[112.0292237,-6.8576635],[112.0292404,-6.85765],[112.0292551,-6.8576408],[112.0292735,-6.8576347],[112.0292968,-6.8576333],[112.0293244,-6.8576352],[112.0293544,-6.8576422],[112.0293792,-6.8576533],[112.029402,-6.8576734],[112.0294221,-6.8576963],[112.0294436,-6.8577241],[112.0294646,-6.8577508],[112.0294858,-6.8577779],[112.029507,-6.8578036],[112.0295292,-6.8578307],[112.0295516,-6.8578569],[112.0295719,-6.8578812],[112.0295908,-6.8579039],[112.0296061,-6.8579244],[112.0296165,-6.8579419],[112.0296236,-6.8579579],[112.0296295,-6.8579747],[112.0296344,-6.8579914],[112.0296375,-6.8580119],[112.0296358,-6.8580346],[112.0296276,-6.8580619],[112.0296125,-6.8580855],[112.029595,-6.8581054],[112.0295721,-6.8581256],[112.0295474,-6.8581471],[112.0295176,-6.8581709],[112.0294872,-6.8581926],[112.0294532,-6.8582134],[112.0294233,-6.8582318],[112.0293952,-6.8582521],[112.0293659,-6.8582766],[112.029332,-6.8583064],[112.0293027,-6.8583316],[112.0292775,-6.8583538],[112.0292607,-6.8583701],[112.0292477,-6.8583866],[112.0292414,-6.8584026],[112.0292402,-6.8584227],[112.0292477,-6.8584471],[112.0292631,-6.858473],[112.0292855,-6.8585042],[112.0293046,-6.8585287],[112.0293268,-6.8585562],[112.029356,-6.8585907],[112.0293971,-6.8586364],[112.0294337,-6.8586782],[112.0294624,-6.8587122],[112.0294874,-6.8587424],[112.029511,-6.8587721],[112.0295346,-6.858799],[112.0295592,-6.8588249],[112.0295811,-6.8588464],[112.0295993,-6.8588646],[112.0296148,-6.858879],[112.0296295,-6.85889],[112.029645,-6.8588952],[112.029666,-6.8588933],[112.0296906,-6.8588837],[112.0297179,-6.8588662],[112.0297446,-6.8588464],[112.029772,-6.8588233],[112.0297996,-6.8588013],[112.0298258,-6.8587792],[112.0298498,-6.8587591],[112.029868,-6.8587426],[112.0298852,-6.8587277],[112.0299027,-6.8587129],[112.0299213,-6.8586963],[112.0299318,-6.858687],[112.029996,-6.8586435],[112.0300074,-6.8586096],[112.0300133,-6.8585864],[112.030022,-6.8585593],[112.0300319,-6.8585371],[112.0300425,-6.8585182],[112.0300534,-6.8585024],[112.0300654,-6.8584857],[112.0300782,-6.8584687],[112.0300928,-6.858452],[112.03011,-6.8584354],[112.0301289,-6.8584194],[112.0301466,-6.8584069],[112.030165,-6.8583967],[112.0301853,-6.8583887],[112.0302072,-6.8583828],[112.0302294,-6.8583786],[112.0302502,-6.858376],[112.0302709,-6.8583741],[112.030291,-6.858372],[112.0303115,-6.8583699],[112.0303308,-6.8583703],[112.0303514,-6.8583741],[112.0303738,-6.8583821],[112.0303981,-6.8583916],[112.0304228,-6.8584019],[112.0304387,-6.8584014],[112.0304618,-6.8584135],[112.0304814,-6.8584267],[112.0305003,-6.8584427],[112.0305182,-6.8584609],[112.0305373,-6.8584819],[112.0305526,-6.8585017],[112.030563,-6.8585211],[112.0305696,-6.8585402],[112.0305736,-6.8585619],[112.0305769,-6.8585859],[112.03058,-6.8586105],[112.0305821,-6.8586326],[112.0305831,-6.8586522],[112.0305828,-6.858672],[112.0305817,-6.8586916],[112.0305791,-6.8587133],[112.0305758,-6.8587343],[112.0305713,-6.8587556],[112.0305633,-6.8587775],[112.0305529,-6.8587992],[112.0305378,-6.8588237],[112.030522,-6.8588469],[112.0305031,-6.8588695],[112.0304816,-6.8588896],[112.0304576,-6.8589068],[112.0304309,-6.8589207],[112.0304028,-6.8589309],[112.0303759,-6.8589375],[112.0303479,-6.8589417],[112.03032,-6.8589467],[112.030295,-6.85895],[112.0302735,-6.8589523],[112.0302542,-6.8589535],[112.0302349,-6.8589563],[112.0302191,-6.8589625],[112.0302023,-6.8589729],[112.0301863,-6.8589851],[112.0301667,-6.8590021],[112.0301403,-6.8590252],[112.0301063,-6.8590524],[112.0300775,-6.8590734],[112.0300511,-6.8590939],[112.0300284,-6.8591111],[112.0300029,-6.8591309],[112.0299744,-6.8591522],[112.0299447,-6.8591741],[112.0299156,-6.8591949],[112.0298857,-6.8592163],[112.0298637,-6.8592321],[112.0298486,-6.8592458],[112.0298427,-6.8592576],[112.0298413,-6.8592741],[112.0298427,-6.8592954],[112.0298449,-6.8593204],[112.0298468,-6.8593484],[112.0298475,-6.8593812],[112.0298439,-6.8594166],[112.0298359,-6.8594534],[112.029821,-6.8594933],[112.0298052,-6.8595261],[112.0297847,-6.8595577],[112.0297606,-6.8595886],[112.0297309,-6.8596221],[112.0297021,-6.85965],[112.0296693,-6.8596766],[112.0296295,-6.8597046],[112.0295816,-6.8597343],[112.0295431,-6.8597534],[112.0295179,-6.8597662],[112.0295023,-6.8597774],[112.0294856,-6.8597903],[112.0294676,-6.8598047],[112.0294443,-6.8598205],[112.0294167,-6.8598389],[112.0293806,-6.8598616],[112.0293508,-6.8598816],[112.0293216,-6.8599019],[112.0292897,-6.8599255],[112.0292548,-6.8599531],[112.0292251,-6.8599793],[112.0291949,-6.8600057],[112.0291649,-6.8600307],[112.0291321,-6.8600558],[112.0290977,-6.8600829],[112.0290616,-6.8601112],[112.0290196,-6.8601459],[112.0289842,-6.8601742],[112.0289467,-6.8602032],[112.0289123,-6.8602303],[112.0288733,-6.860262],[112.028846,-6.8602851],[112.0288181,-6.8603098],[112.0287903,-6.8603337],[112.028761,-6.8603589],[112.0287313,-6.8603884],[112.0287115,-6.8604226],[112.028712,-6.8604623],[112.0287287,-6.8605064],[112.0287532,-6.8605545],[112.0287712,-6.8605873],[112.028786,-6.8606144],[112.0287983,-6.8606357],[112.0288089,-6.8606576],[112.028821,-6.8606821],[112.0288351,-6.86071],[112.0288504,-6.8607409],[112.028866,-6.8607704],[112.0288797,-6.860802],[112.0288908,-6.8608329],[112.0289026,-6.8608695],[112.0289137,-6.8608959],[112.0289281,-6.8609197],[112.0289422,-6.8609381],[112.0289616,-6.8609626],[112.0289835,-6.8609905],[112.0290099,-6.8610268],[112.0290323,-6.8610601],[112.0290484,-6.8610858],[112.0290623,-6.8611082],[112.0290753,-6.861128],[112.029089,-6.8611474],[112.0291027,-6.8611658],[112.0291192,-6.8611865],[112.0291369,-6.861208],[112.029155,-6.8612307],[112.0291727,-6.8612533],[112.0291904,-6.8612769],[112.0292098,-6.8613024],[112.029231,-6.8613323],[112.0292586,-6.8613722],[112.02929,-6.8614206],[112.0293216,-6.8614682],[112.0293424,-6.8615006],[112.0293579,-6.8615225],[112.0293714,-6.8615395],[112.0293843,-6.8615577],[112.029399,-6.8615784],[112.0294138,-6.8615987],[112.0294299,-6.8616195],[112.0294478,-6.8616433],[112.0294679,-6.8616707],[112.0294912,-6.861702],[112.0295117,-6.8617287],[112.0295337,-6.8617597],[112.0295594,-6.8617965],[112.0295934,-6.8618444],[112.0296222,-6.8618833],[112.0296469,-6.861916],[112.0296693,-6.8619469],[112.0296946,-6.8619842],[112.0297208,-6.8620222],[112.029746,-6.8620564],[112.0297703,-6.8620885],[112.0297953,-6.8621208],[112.0298236,-6.8621581],[112.0298505,-6.8621968],[112.0298779,-6.8622359],[112.0299072,-6.8622796],[112.0299409,-6.8623277],[112.0299739,-6.862377],[112.0299956,-6.8624082],[112.0300121,-6.8624327],[112.0300282,-6.8624546],[112.0300473,-6.8624832],[112.0300709,-6.8625157],[112.0300947,-6.8625507],[112.0301202,-6.8625865],[112.030145,-6.8626224],[112.0301735,-6.8626639],[112.0301997,-6.8626993],[112.0302297,-6.862738],[112.0302606,-6.8627779],[112.0302962,-6.8628241],[112.0303236,-6.8628604],[112.0303488,-6.8628942],[112.0303717,-6.8629263],[112.0303967,-6.8629588],[112.0304184,-6.8629893],[112.0304399,-6.863018],[112.0304609,-6.8630468],[112.0304831,-6.8630768],[112.0305064,-6.8631103],[112.0305309,-6.8631452],[112.0305557,-6.8631813],[112.0305807,-6.863219],[112.0306055,-6.8632573],[112.0306298,-6.8632943],[112.0306555,-6.8633309],[112.030681,-6.8633646],[112.0307055,-6.8633974],[112.0307265,-6.8634262],[112.0307504,-6.863458],[112.030777,-6.8634932],[112.0308115,-6.8635399],[112.0308499,-6.8635967],[112.0308921,-6.863661],[112.0309202,-6.8637048],[112.0309448,-6.8637416],[112.0309646,-6.863771],[112.0309837,-6.8637972],[112.031,-6.8638194],[112.0310165,-6.8638411],[112.0310363,-6.8638666],[112.0310604,-6.8638968],[112.0310851,-6.8639286],[112.0311116,-6.8639655],[112.0311406,-6.8640051],[112.0311705,-6.8640473],[112.0311955,-6.8640813],[112.0312165,-6.8641096],[112.031238,-6.8641381],[112.031259,-6.8641669],[112.0312814,-6.8641985],[112.0313041,-6.8642304],[112.0313284,-6.8642651],[112.0313548,-6.8643028],[112.0313812,-6.8643396],[112.0314079,-6.864376],[112.0314315,-6.8644095],[112.0314551,-6.8644465],[112.0314772,-6.8644807],[112.0314999,-6.8645137],[112.0315237,-6.8645449],[112.031548,-6.8645756],[112.0315728,-6.8646055],[112.031595,-6.8646357],[112.0316207,-6.8646693],[112.0316452,-6.8647033],[112.0316709,-6.864737],[112.0316903,-6.8647663],[112.0317068,-6.8647917],[112.0317214,-6.8648153],[112.0317365,-6.8648379],[112.0317554,-6.8648575],[112.0317797,-6.8648719],[112.0318078,-6.8648707],[112.0318337,-6.8648596],[112.0318604,-6.864844],[112.0318837,-6.8648294],[112.0319045,-6.8648164],[112.0319208,-6.8648049],[112.0319347,-6.8647945],[112.0319505,-6.8647888],[112.0319649,-6.864794],[112.0319864,-6.8648141],[112.0320074,-6.8648379],[112.0320324,-6.8648655],[112.0320564,-6.8648931],[112.0320777,-6.86492],[112.0320956,-6.8649445],[112.032109,-6.8649653],[112.032118,-6.8649806],[112.0321201,-6.8649946],[112.0321206,-6.8650106],[112.0321213,-6.8650337],[112.0321376,-6.8650627],[112.0321614,-6.8650955],[112.0321902,-6.8651309],[112.0322197,-6.8651673],[112.0322355,-6.8651925],[112.0322409,-6.865213],[112.0322268,-6.8652328],[112.0322046,-6.8652529],[112.0321739,-6.8652781],[112.0321567,-6.8653008],[112.0321621,-6.865327],[112.0321827,-6.8653536],[112.032214,-6.8653876],[112.0322402,-6.8654173],[112.0322645,-6.8654445],[112.0322862,-6.8654697],[112.0323065,-6.8654933],[112.0323273,-6.8655181],[112.0323516,-6.8655462],[112.0323789,-6.8655766],[112.0324044,-6.8656047],[112.0324294,-6.8656318],[112.0324561,-6.8656606],[112.0324854,-6.8656922],[112.0325191,-6.8657304],[112.0325509,-6.8657686],[112.0325842,-6.8658106],[112.0326165,-6.8658519],[112.0326557,-6.8659019],[112.0326939,-6.8659484],[112.0327371,-6.8660008],[112.032767,-6.8660366],[112.0327916,-6.8660664],[112.0328145,-6.8660926],[112.0328374,-6.8661202],[112.0328605,-6.8661473],[112.0328843,-6.8661773],[112.0329119,-6.8662141],[112.0329423,-6.8662556],[112.0329775,-6.8663034],[112.0330117,-6.8663482],[112.0330478,-6.8663918],[112.033074,-6.8664234],[112.0330973,-6.8664509],[112.0331205,-6.8664795],[112.0331455,-6.8665106],[112.0331771,-6.8665505],[112.0332075,-6.8665894],[112.0332339,-6.8666217],[112.0332568,-6.8666508],[112.0332778,-6.8666748],[112.0332965,-6.8666961],[112.033313,-6.8667142],[112.0333293,-6.8667317],[112.0333477,-6.866752],[112.0333682,-6.8667749],[112.0333906,-6.866802],[112.0334137,-6.8668308],[112.033438,-6.8668621],[112.0334614,-6.8668928],[112.0334821,-6.8669202],[112.0335003,-6.8669435],[112.0335185,-6.8669674],[112.0335381,-6.8669926],[112.0335581,-6.867019],[112.0335789,-6.8670459],[112.0336018,-6.8670742],[112.0336237,-6.8671007],[112.0336435,-6.8671243],[112.0336624,-6.8671457],[112.0336813,-6.8671679],[112.0337008,-6.8671908],[112.0337209,-6.8672151],[112.0337405,-6.8672387],[112.0337596,-6.8672616],[112.0337792,-6.867284],[112.0338013,-6.8673095],[112.0338233,-6.867334],[112.0338466,-6.8673581],[112.0338719,-6.8673828],[112.0338967,-6.8674074],[112.0339226,-6.8674366],[112.0339486,-6.8674671],[112.0339811,-6.867506],[112.0340106,-6.8675369],[112.0340373,-6.8675643],[112.034062,-6.86759],[112.0340889,-6.8676188],[112.0341158,-6.8676468],[112.0341418,-6.8676742],[112.0341661,-6.8677025],[112.0341913,-6.8677346],[112.0342168,-6.8677674],[112.0342432,-6.8678002],[112.0342685,-6.8678287],[112.034297,-6.8678586],[112.0343251,-6.8678883],[112.0343562,-6.8679213],[112.0343803,-6.8679473],[112.0344041,-6.8679724],[112.0344261,-6.8679979],[112.0344499,-6.8680269],[112.0344759,-6.8680604],[112.0345032,-6.8680951],[112.0345341,-6.8681333],[112.0345653,-6.8681696],[112.0345877,-6.868197],[112.0346054,-6.8682175],[112.0346268,-6.8682411],[112.0346537,-6.868269],[112.0346896,-6.868307],[112.0347205,-6.8683402],[112.0347495,-6.8683721],[112.0347726,-6.8683997],[112.0347927,-6.8684242],[112.0348097,-6.8684457],[112.0348253,-6.868465],[112.0348371,-6.8684839],[112.0348437,-6.8685023],[112.0348456,-6.8685259],[112.0348441,-6.8685495],[112.0348406,-6.868574],[112.0348387,-6.8685983],[112.0348446,-6.8686214],[112.0348611,-6.868646],[112.0348838,-6.8686729],[112.0349085,-6.8687017],[112.0349347,-6.8687333],[112.0349614,-6.8687651],[112.0349895,-6.8687993],[112.0350164,-6.8688314],[112.0350442,-6.8688637],[112.0350725,-6.8688963],[112.035097,-6.8689241],[112.0351213,-6.868952],[112.035144,-6.8689798],[112.035169,-6.869011],[112.0351938,-6.8690402],[112.0352202,-6.8690706],[112.0352478,-6.8691008],[112.0352773,-6.8691336],[112.0353061,-6.8691643],[112.0353339,-6.8691938],[112.035362,-6.8692242],[112.0353922,-6.8692566],[112.0354217,-6.8692899],[112.0354519,-6.8693244],[112.0354825,-6.8693614],[112.0355083,-6.8693919],[112.0355314,-6.8694196],[112.0355545,-6.8694453],[112.0355755,-6.8694701],[112.0355982,-6.8694986],[112.0356225,-6.8695328],[112.0356505,-6.8695715],[112.035685,-6.8696166],[112.0357246,-6.8696619],[112.0357624,-6.8697053],[112.0357982,-6.8697452],[112.0358315,-6.8697841],[112.0358645,-6.8698258],[112.0358961,-6.8698681],[112.0359249,-6.8699061],[112.0359532,-6.8699381],[112.0359796,-6.8699653],[112.0360087,-6.8699945],[112.036037,-6.8700245],[112.0360705,-6.870062],[112.0361047,-6.8701026],[112.0361436,-6.8701505],[112.0361736,-6.8701915],[112.0362005,-6.870233],[112.0362297,-6.8702875],[112.0362446,-6.8703234],[112.0362585,-6.8703628],[112.0362741,-6.870402],[112.0363092,-6.8704621],[112.0363357,-6.8704919],[112.0363578,-6.870506],[112.0363708,-6.870507],[112.0363802,-6.8705086],[112.0363904,-6.8705121],[112.0364027,-6.8705159],[112.0364171,-6.8705204],[112.0364343,-6.8705268],[112.0364484,-6.8705339],[112.0364621,-6.8705433],[112.0364756,-6.8705558],[112.0364916,-6.8705723],[112.0365117,-6.8705928],[112.0365322,-6.8706136],[112.0365499,-6.8706313],[112.0365666,-6.8706478],[112.0365817,-6.8706627],[112.0366006,-6.8706811],[112.0366214,-6.8707023],[112.0366457,-6.8707266],[112.03667,-6.8707509],[112.036695,-6.8707752],[112.0367209,-6.8708007],[112.0367476,-6.8708257],[112.0367738,-6.8708493],[112.0367985,-6.8708719],[112.0368231,-6.8708941],[112.0368481,-6.8709182],[112.03687,-6.8709399],[112.0368915,-6.8709623],[112.0369116,-6.8709842],[112.0369351,-6.8710104],[112.0369587,-6.871036],[112.0369856,-6.8710655],[112.0370092,-6.8710917],[112.0370279,-6.8711125],[112.0370437,-6.8711282],[112.0370574,-6.8711409],[112.037072,-6.871155],[112.0370864,-6.8711697],[112.0371015,-6.871186],[112.0371218,-6.8712072],[112.0371435,-6.8712308],[112.0371652,-6.8712548],[112.037185,-6.8712784],[112.0372057,-6.8713023],[112.0372301,-6.8713273],[112.0372598,-6.8713565],[112.0372921,-6.8713863],[112.0373315,-6.8714231],[112.0373624,-6.8714528],[112.0373947,-6.8714851],[112.0374254,-6.8715165],[112.0374591,-6.8715498],[112.0374879,-6.8715771],[112.037515,-6.8716021],[112.0375393,-6.8716257],[112.0375632,-6.8716488],[112.0375934,-6.871679],[112.0376207,-6.8717064],[112.0376493,-6.8717342],[112.037679,-6.8717633],[112.0377109,-6.8717953],[112.0377446,-6.8718293],[112.0377755,-6.8718607],[112.0378052,-6.8718902],[112.0378338,-6.8719183],[112.0378628,-6.8719449],[112.0378906,-6.8719711],[112.0379185,-6.8719971],[112.0379447,-6.8720209],[112.0379718,-6.8720459],[112.0379999,-6.8720726],[112.0380291,-6.8721004],[112.0380579,-6.8721285],[112.0380893,-6.8721584],[112.0381247,-6.8721931],[112.0381634,-6.8722302],[112.0381976,-6.8722651],[112.0382313,-6.8723005],[112.0382636,-6.8723337],[112.0382997,-6.8723684],[112.0383391,-6.8724036],[112.0383823,-6.8724394],[112.0384212,-6.8724727],[112.0384578,-6.8725055],[112.0384956,-6.8725411],[112.0385307,-6.8725753],[112.0385654,-6.8726095],[112.0385972,-6.8726435],[112.0386322,-6.872683],[112.0386749,-6.8727333],[112.0387143,-6.8727793],[112.0387459,-6.872814],[112.0387721,-6.8728407],[112.0387952,-6.8728643],[112.0388233,-6.8728924],[112.038852,-6.8729209],[112.0388832,-6.8729516],[112.0389136,-6.872983],[112.0389433,-6.8730177],[112.0389731,-6.8730559],[112.0390056,-6.8731033],[112.0390363,-6.8731481],[112.0390693,-6.8731975],[112.039096,-6.8732369],[112.0391217,-6.8732751],[112.0391451,-6.8733081],[112.0391694,-6.8733423],[112.0391981,-6.8733817],[112.0392279,-6.8734197],[112.03926,-6.8734605],[112.0392927,-6.8734999],[112.0393248,-6.873537],[112.0393598,-6.8735742],[112.0393902,-6.8736051],[112.0394227,-6.8736367],[112.0394546,-6.8736679],[112.0394869,-6.8736995],[112.0395136,-6.8737269],[112.0395372,-6.8737514],[112.0395572,-6.8737724],[112.0395825,-6.8737899],[112.0396153,-6.8738295],[112.0396565,-6.8737963],[112.0396891,-6.8737814],[112.0397246,-6.8738136],[112.0397577,-6.873858],[112.0397989,-6.8738918],[112.0398305,-6.8739244],[112.0398705,-6.87388],[112.0398937,-6.8738627],[112.0399295,-6.8739038],[112.0399523,-6.8739355],[112.0399255,-6.8739668],[112.0398906,-6.8740019],[112.0398769,-6.8740345],[112.0398877,-6.8740687],[112.0399019,-6.8740923],[112.0399471,-6.8741388],[112.039969,-6.8741647],[112.0399917,-6.8741916],[112.0400162,-6.8742194],[112.040051,-6.8742428],[112.0400763,-6.8742695],[112.0401001,-6.8742943],[112.0401204,-6.8743162],[112.0401395,-6.8743379],[112.0401598,-6.8743629],[112.0401838,-6.8743919],[112.0402114,-6.8744231],[112.0402412,-6.8744552],[112.0402587,-6.8744832],[112.0402854,-6.8745105],[112.0403125,-6.8745372],[112.040355,-6.8745797],[112.0403918,-6.8746165],[112.0404267,-6.8746519],[112.0404579,-6.8746838],[112.0404869,-6.8747162],[112.040519,-6.8747553],[112.0405449,-6.8747881],[112.0405709,-6.8748168],[112.0405982,-6.8748427],[112.0406317,-6.874871],[112.0406624,-6.8749001],[112.0407003,-6.8749303],[112.0407288,-6.8749645],[112.0407588,-6.8750018],[112.0407892,-6.8750398],[112.0408206,-6.8750799],[112.0408532,-6.875121],[112.0408867,-6.8751615],[112.0409261,-6.8752066],[112.0409589,-6.8752462],[112.0409883,-6.8752826],[112.0410131,-6.8753123],[112.0410443,-6.8753486],[112.0410761,-6.8753876],[112.0411082,-6.8754272],[112.0411379,-6.8754642],[112.0411665,-6.8755006],[112.0411955,-6.8755359],[112.0412236,-6.8755699],[112.0412549,-6.8756067],[112.0412901,-6.8756461],[112.0413316,-6.8756926],[112.0413658,-6.8757325],[112.0413979,-6.8757742],[112.0414213,-6.8758028],[112.0414442,-6.8758292],[112.0414694,-6.8758568],[112.0415015,-6.8758908],[112.0415406,-6.8759309],[112.0415805,-6.8759717],[112.0416176,-6.8760102],[112.041657,-6.8760529],[112.0416909,-6.8760894],[112.0417244,-6.8761265],[112.0417544,-6.8761595],[112.0417815,-6.8761902],[112.0418054,-6.8762123],[112.0418327,-6.8762274],[112.0418601,-6.8762267],[112.0418893,-6.8762237],[112.0419993,-6.8763426],[112.0419893,-6.8763549],[112.0419839,-6.8763715],[112.0419817,-6.876391],[112.0420025,-6.8764138],[112.0420255,-6.8764395],[112.0420495,-6.8764681],[112.0420753,-6.8764973],[112.0421038,-6.8765281],[112.0421347,-6.8765597],[112.0421668,-6.876593],[112.0421909,-6.8766178],[112.0422137,-6.8766415],[112.0422212,-6.8766689],[112.0422384,-6.8766868],[112.0422537,-6.8767033],[112.0422667,-6.8767191],[112.0422799,-6.8767371],[112.0422945,-6.8767578],[112.0423106,-6.876779],[112.0423316,-6.8768048],[112.0423552,-6.8768333],[112.0423877,-6.8768718],[112.0424177,-6.8769074],[112.0424479,-6.8769444],[112.04248,-6.876985],[112.0425036,-6.8770152],[112.0425224,-6.8770381],[112.0425373,-6.8770548],[112.0425536,-6.8770732],[112.0425727,-6.8770952],[112.042592,-6.8771185],[112.0426109,-6.8771419],[112.0426291,-6.8771645],[112.0426463,-6.877186],[112.0426682,-6.8772124],[112.0426947,-6.8772445],[112.0427291,-6.8772861],[112.0427579,-6.8773207],[112.0427784,-6.8773462],[112.0427963,-6.8773696],[112.0428147,-6.8773936],[112.0428343,-6.8774203],[112.0428534,-6.8774465],[112.0428756,-6.8774762],[112.0428952,-6.8775005],[112.0429145,-6.8775248],[112.0429351,-6.8775493],[112.0429572,-6.8775767],[112.0429801,-6.8776062],[112.0430051,-6.8776392],[112.0430327,-6.877677],[112.0430627,-6.8777169],[112.0430981,-6.8777621],[112.0431349,-6.8777947],[112.043166,-6.8778315],[112.0431951,-6.8778641],[112.0432267,-6.8778976],[112.0432581,-6.8779299],[112.0432904,-6.8779634],[112.043321,-6.877995],[112.0433505,-6.8780259],[112.0433824,-6.8780593],[112.0434171,-6.8780966],[112.0434501,-6.8781327],[112.0434756,-6.87816],[112.0434982,-6.8781833],[112.0435185,-6.878204],[112.0435388,-6.8782257],[112.0435582,-6.8782456],[112.0435751,-6.8782635],[112.0435907,-6.8782795],[112.0436032,-6.878293],[112.0436138,-6.878305],[112.0436247,-6.8783177],[112.0436362,-6.878331],[112.0436483,-6.8783449],[112.0436615,-6.8783581],[112.0436749,-6.8783692],[112.0436998,-6.8783803],[112.0437166,-6.8783878],[112.0437352,-6.878394],[112.0437548,-6.8783989],[112.0437784,-6.8784067],[112.0438067,-6.8784199],[112.0438362,-6.8784371],[112.0438612,-6.8784532],[112.0438872,-6.8784702],[112.0439105,-6.8784862],[112.0439369,-6.8785053],[112.0439591,-6.8785239],[112.0439815,-6.8785459],[112.0440023,-6.878569],[112.0440249,-6.8785957],[112.0440426,-6.8786164],[112.0440577,-6.8786339],[112.0440721,-6.8786497],[112.0440872,-6.8786667],[112.0441033,-6.8786853],[112.0441162,-6.8787018],[112.0441271,-6.8787181],[112.0441361,-6.8787334],[112.0441455,-6.8787509],[112.0441531,-6.8787679],[112.0441578,-6.8787863],[112.0441561,-6.8788054],[112.0441486,-6.8788273],[112.0441384,-6.8788457],[112.0441259,-6.8788651],[112.0441132,-6.8788842],[112.0440981,-6.8789094],[112.0440846,-6.8789326],[112.0440728,-6.878954],[112.0440641,-6.8789706],[112.0440547,-6.8789854],[112.0440431,-6.8790036],[112.0440304,-6.8790236],[112.0440146,-6.879051],[112.0440004,-6.8790824],[112.0439992,-6.8791107],[112.0440106,-6.8791331],[112.0440311,-6.8791517],[112.0440476,-6.8791619],[112.0440606,-6.8791692],[112.0440728,-6.8791753],[112.0440889,-6.8791874],[112.0441085,-6.8792027],[112.0441316,-6.8792225],[112.0441582,-6.8792445],[112.0441873,-6.8792707],[112.0442175,-6.8792987],[112.0442493,-6.8793289],[112.0442807,-6.8793572],[112.0443158,-6.8793884],[112.0443635,-6.8794292],[112.0444107,-6.8794653],[112.0444529,-6.8794988],[112.0444876,-6.8795285],[112.0445253,-6.8795653],[112.0445527,-6.8795934],[112.0445742,-6.879617],[112.0445978,-6.8796422],[112.0446294,-6.8796755],[112.0446671,-6.8797137],[112.0447039,-6.8797496],[112.044737,-6.8797812],[112.0447714,-6.8798159],[112.0448044,-6.8798504],[112.0448323,-6.8798806],[112.0448547,-6.8799073],[112.0448785,-6.8799354],[112.0449042,-6.8799657],[112.0449316,-6.8799956],[112.0449613,-6.8800299],[112.0449885,-6.8800612],[112.0450147,-6.8800931],[112.0450399,-6.8801221],[112.0450649,-6.8801497],[112.0450925,-6.8801778],[112.0451196,-6.8802028],[112.045147,-6.8802257],[112.045177,-6.8802493],[112.0452126,-6.8802776],[112.0452628,-6.8803186],[112.0453032,-6.880354],[112.0453487,-6.8803951],[112.0453954,-6.8804373],[112.0454532,-6.8804873],[112.0455009,-6.8805267],[112.0455419,-6.8805595],[112.0455778,-6.880589],[112.0456132,-6.8806206],[112.0456488,-6.8806527],[112.0456877,-6.8806855],[112.045726,-6.8807173],[112.0457621,-6.8807478],[112.0457913,-6.8807751],[112.0458251,-6.8808072],[112.0458642,-6.8808443],[112.0459149,-6.8808912],[112.0459508,-6.8809243],[112.0459803,-6.8809502],[112.0460011,-6.8809679],[112.0460268,-6.8809891],[112.0460553,-6.8810125],[112.0460886,-6.881038],[112.0461204,-6.8810627],[112.0461499,-6.8810861],[112.0461794,-6.8811118],[112.0462127,-6.8811422],[112.0462514,-6.8811783],[112.0462931,-6.8812168],[112.0463278,-6.8812472],[112.0463585,-6.8812727],[112.0463877,-6.8812975],[112.0464194,-6.8813237],[112.0464536,-6.8813532],[112.0464892,-6.8813831],[112.0465288,-6.8814182],[112.0465654,-6.8814502],[112.0466048,-6.8814845],[112.0466322,-6.881509],[112.0466574,-6.8815318],[112.0466786,-6.8815516],[112.0467018,-6.8815721],[112.0467237,-6.8815922],[112.0467489,-6.8816153],[112.0467716,-6.8816372],[112.0467916,-6.8816573],[112.0468079,-6.8816731],[112.0468223,-6.881687],[112.0468346,-6.8816976],[112.0468466,-6.8817045],[112.0468631,-6.8817075],[112.0468858,-6.8817056],[112.0469139,-6.8816983],[112.0469424,-6.8816875],[112.0469695,-6.8816771],[112.046996,-6.88167],[112.0470184,-6.88167],[112.0470434,-6.8816769],[112.0470686,-6.881691],[112.047087,-6.8817073],[112.0470972,-6.8817245],[112.0471007,-6.8817441],[112.0470991,-6.8817679],[112.0470943,-6.8817969],[112.0470849,-6.8818288],[112.047079,-6.881854],[112.0470792,-6.881875],[112.0470889,-6.8818984],[112.0471057,-6.8819196],[112.0471267,-6.8819387],[112.047154,-6.88196],[112.0471887,-6.8819883],[112.0472283,-6.8820218],[112.0472642,-6.8820513],[112.0472909,-6.882069],[112.0473175,-6.8820784],[112.0473392,-6.8820897],[112.0473586,-6.882106],[112.0473725,-6.8821282],[112.0473822,-6.8821518],[112.0473914,-6.8821749],[112.04741,-6.8821975],[112.0474348,-6.88222],[112.0474659,-6.8822473],[112.0474959,-6.8822714],[112.0475225,-6.8822929],[112.0475509,-6.8823157],[112.0475792,-6.8823403],[112.0476091,-6.8823669],[112.0476426,-6.8823964],[112.0476794,-6.8824288],[112.04772,-6.8824637],[112.0477542,-6.8824932],[112.0477875,-6.8825226],[112.0478207,-6.882551],[112.0478533,-6.8825781],[112.0478856,-6.8826045],[112.0479144,-6.8826286],[112.0479427,-6.8826548],[112.047971,-6.8826807],[112.0480022,-6.8827088],[112.048035,-6.8827355],[112.0480602,-6.8827586],[112.0480831,-6.88278],[112.0481091,-6.8828048],[112.048139,-6.8828305],[112.0481699,-6.8828565],[112.0481982,-6.882882],[112.0482249,-6.882907],[112.0482541,-6.8829343],[112.0482839,-6.8829612],[112.0483155,-6.8829888],[112.0483462,-6.8830151],[112.0483759,-6.883041],[112.0484023,-6.8830652],[112.0484193,-6.8830821],[112.0484368,-6.8830994],[112.0484568,-6.8831174],[112.0484825,-6.8831388],[112.0485111,-6.8831629],[112.0485387,-6.8831867],[112.0485677,-6.883212],[112.0485965,-6.8832372],[112.0486279,-6.8832648],[112.0486611,-6.8832945],[112.048697,-6.8833273],[112.0487383,-6.8833632],[112.0487737,-6.8833913],[112.0488112,-6.8834201],[112.0488411,-6.8834453],[112.0488692,-6.8834712],[112.0488949,-6.8834948],[112.0489202,-6.8835165],[112.0489518,-6.8835434],[112.0489801,-6.8835659],[112.0490105,-6.8835892],[112.0490414,-6.8836126],[112.0490733,-6.883639],[112.0491065,-6.8836687],[112.049145,-6.8837036],[112.0491842,-6.883739],[112.0492238,-6.8837751],[112.0492627,-6.883811],[112.049292,-6.8838383],[112.0493172,-6.8838621],[112.049342,-6.8838845],[112.0493753,-6.8839144],[112.0494022,-6.8839413],[112.0494307,-6.88397],[112.0494569,-6.8839948],[112.0494871,-6.88402],[112.0495156,-6.8840427],[112.0495437,-6.8840658],[112.0495699,-6.8840891],[112.0495999,-6.8841151],[112.0496268,-6.8841389],[112.0496572,-6.8841649],[112.049689,-6.8841911],[112.0497228,-6.8842196],[112.0497506,-6.8842437],[112.0497761,-6.8842654],[112.0498044,-6.884288],[112.0498365,-6.8843144],[112.0498742,-6.8843456],[112.0499061,-6.8843722],[112.049932,-6.8843951],[112.0499559,-6.8844161],[112.0499792,-6.8844367],[112.0500049,-6.8844584],[112.0500278,-6.8844784],[112.0500512,-6.8844985],[112.0500736,-6.8845178],[112.0500984,-6.8845388],[112.0501281,-6.8845638],[112.050163,-6.8845947],[112.0501975,-6.8846259],[112.0502336,-6.8846594],[112.0502798,-6.8847018],[112.0503199,-6.8847386],[112.050361,-6.8847759],[112.0503973,-6.8848082],[112.0504294,-6.8848356],[112.0504584,-6.8848606],[112.0504853,-6.8848823],[112.05052,-6.8849118],[112.0505518,-6.8849396],[112.0505853,-6.8849703],[112.050616,-6.8849998],[112.050646,-6.8850291],[112.0506773,-6.8850588],[112.0507071,-6.8850873],[112.0507363,-6.8851161],[112.0507672,-6.8851461],[112.0508019,-6.8851784],[112.0508368,-6.88521],[112.0508765,-6.88524],[112.0509201,-6.8852662],[112.050968,-6.8852853],[112.0510001,-6.8852973],[112.051027,-6.8853105],[112.051052,-6.8853273],[112.0510777,-6.8853476],[112.0511032,-6.8853681],[112.051131,-6.8853914],[112.0511574,-6.8854131],[112.0511867,-6.8854379],[112.0512143,-6.885462],[112.0512391,-6.8854863],[112.0512579,-6.8855094],[112.0512728,-6.8855344],[112.0512834,-6.8855587],[112.0512936,-6.885584],[112.0513047,-6.8856106],[112.0513195,-6.8856366],[112.0513403,-6.8856635],[112.051368,-6.8856893],[112.0514005,-6.8857149],[112.0514291,-6.8857351],[112.0514481,-6.8857498],[112.0514619,-6.8857607],[112.0514805,-6.8857759],[112.0515058,-6.8857956],[112.051537,-6.88582],[112.0515618,-6.8858401],[112.0515864,-6.8858621],[112.0516115,-6.8858854],[112.0516428,-6.8859135],[112.0516746,-6.8859415],[112.0517042,-6.8859672],[112.0517295,-6.8859879],[112.0517517,-6.8860045],[112.0517713,-6.8860178],[112.0517929,-6.886031],[112.0518184,-6.8860454],[112.0518556,-6.8860648],[112.0518905,-6.8860892],[112.0519284,-6.8861194],[112.0519624,-6.8861498],[112.0519961,-6.8861797],[112.0520296,-6.8862085],[112.0520588,-6.8862322],[112.0520837,-6.8862511],[112.052109,-6.8862687],[112.0521348,-6.8862869],[112.0521614,-6.8863074],[112.0521829,-6.8863259],[112.0522042,-6.8863451],[112.0522252,-6.8863643],[112.0522471,-6.8863832],[112.0522682,-6.8864002],[112.0522902,-6.8864158],[112.0523141,-6.8864316],[112.0523407,-6.8864493],[112.052364,-6.8864661],[112.052385,-6.8864826],[112.0524055,-6.886499],[112.0524258,-6.8865158],[112.0524454,-6.8865326],[112.0524645,-6.8865485],[112.0524832,-6.8865639],[112.0525047,-6.8865798],[112.0525285,-6.8865962],[112.0525544,-6.8866144],[112.0525846,-6.8866375],[112.0526131,-6.8866603],[112.052645,-6.8866861],[112.0526759,-6.8867094],[112.0527098,-6.8867327],[112.0527466,-6.8867585],[112.0527775,-6.8867781],[112.0528086,-6.8867972],[112.0528385,-6.8868135],[112.0528703,-6.8868319],[112.0529039,-6.8868506],[112.0529332,-6.8868694],[112.0529621,-6.8868889],[112.0529904,-6.8869085],[112.0530194,-6.8869271],[112.0530483,-6.886945],[112.0530706,-6.8869615],[112.0530925,-6.886979],[112.0531141,-6.886996],[112.0531439,-6.8870188],[112.0531716,-6.8870399],[112.0531962,-6.8870592],[112.0532172,-6.8870752],[112.0532372,-6.8870883],[112.0532578,-6.8870999],[112.0532794,-6.8871119],[112.0532978,-6.8871227],[112.0533138,-6.8871319],[112.0533291,-6.8871411],[112.0533451,-6.8871509],[112.0533605,-6.8871599],[112.0533744,-6.8871677],[112.0533876,-6.8871731],[112.0534027,-6.8871819],[112.0534294,-6.8871606],[112.053484,-6.8872001],[112.0534792,-6.8872128],[112.0535188,-6.8872355],[112.0535359,-6.8872445],[112.0535516,-6.8872539],[112.0535644,-6.8872618],[112.0535785,-6.8872684],[112.0535957,-6.8872784],[112.0536079,-6.8872851],[112.0536249,-6.887265],[112.0536438,-6.8872725],[112.0536542,-6.8872788],[112.0536587,-6.8872932],[112.0536592,-6.887299],[112.053657,-6.8873061],[112.0536612,-6.8873132],[112.0536774,-6.8873233],[112.0537034,-6.8873379],[112.0537306,-6.8873531],[112.0537674,-6.8873722],[112.053794,-6.8873863],[112.0538122,-6.8873966],[112.0538253,-6.8874043],[112.0538394,-6.8874124],[112.0538544,-6.88742],[112.0538715,-6.8874274],[112.0538896,-6.8874341],[112.0539098,-6.8874361],[112.05393,-6.8874436],[112.0539486,-6.8874519],[112.0539672,-6.8874628],[112.053987,-6.8874749],[112.0540092,-6.8874887],[112.0540318,-6.8875024],[112.054053,-6.8875152],[112.0540724,-6.8875263],[112.054092,-6.8875348],[112.0541139,-6.8875417],[112.0541359,-6.8875476],[112.0541576,-6.8875545],[112.0541735,-6.8875617],[112.0541863,-6.8875701],[112.0541985,-6.8875803],[112.0542138,-6.8875916],[112.0542323,-6.887604],[112.0542559,-6.8876169],[112.0542791,-6.8876281],[112.0544615,-6.8877247],[112.054476,-6.8877357],[112.0544937,-6.8877478],[112.0545126,-6.8877594],[112.0545307,-6.8877697],[112.0545486,-6.8877799],[112.0545667,-6.8877899],[112.0545845,-6.8878003],[112.0546013,-6.8878105],[112.0546166,-6.8878201],[112.0546326,-6.8878304],[112.0546572,-6.887844],[112.0546943,-6.8878626],[112.0547504,-6.8878886],[112.0547948,-6.8879095],[112.0548251,-6.8879266],[112.0548429,-6.8879397],[112.0548577,-6.887953],[112.0548739,-6.8879667],[112.0548932,-6.887981],[112.0549159,-6.8879946],[112.0549359,-6.8880059],[112.0549555,-6.8880164],[112.0549738,-6.888027],[112.0549928,-6.8880389],[112.0550109,-6.8880513],[112.055031,-6.8880649],[112.0550548,-6.8880797],[112.055082,-6.8880963],[112.0551164,-6.8881161],[112.0551614,-6.8881408],[112.0552055,-6.8881636],[112.0552421,-6.8881816],[112.0552742,-6.8881959],[112.0553045,-6.8882088],[112.0553347,-6.8882201],[112.0553651,-6.8882316],[112.0553977,-6.888244],[112.0554299,-6.888258],[112.0554574,-6.8882709],[112.0554821,-6.8882846],[112.0555032,-6.8882978],[112.0555241,-6.8883126],[112.0555386,-6.888325],[112.0555507,-6.8883367],[112.0555652,-6.888351],[112.055582,-6.8883675],[112.0555999,-6.8883846],[112.0556182,-6.8884016],[112.0556374,-6.8884181],[112.055658,-6.8884346],[112.0556836,-6.8884531],[112.0557078,-6.8884694],[112.05573,-6.8884836],[112.05575,-6.8884947],[112.0557726,-6.888506],[112.0557902,-6.8885156],[112.0558052,-6.8885241],[112.0558179,-6.8885311],[112.0558319,-6.8885378],[112.0558456,-6.8885433],[112.0558616,-6.8885493],[112.055876,-6.8885537],[112.055892,-6.88856],[112.0559085,-6.8885685],[112.0559274,-6.8885809],[112.0559439,-6.8885921],[112.0559587,-6.8886015],[112.0559722,-6.8886083],[112.0559857,-6.8886146],[112.0559983,-6.888621],[112.0560101,-6.8886284],[112.0560218,-6.8886371],[112.0560331,-6.8886462],[112.0560436,-6.8886552],[112.0560559,-6.8886644],[112.0560713,-6.8886756],[112.056087,-6.8886868],[112.0561017,-6.8886972],[112.0561152,-6.8887061],[112.0561298,-6.8887138],[112.0561452,-6.8887185],[112.0561633,-6.8887203],[112.0561809,-6.8887214],[112.0561982,-6.8887233],[112.0562173,-6.8887277],[112.0562366,-6.8887349],[112.0562512,-6.8887426],[112.0562607,-6.8887509],[112.0562673,-6.8887604],[112.056275,-6.8887719],[112.0562847,-6.8887829],[112.056297,-6.8887936],[112.0563121,-6.8888047],[112.0563322,-6.888817],[112.0563544,-6.888828],[112.0563778,-6.8888381],[112.0563972,-6.8888466],[112.0564117,-6.8888546],[112.0564246,-6.8888639],[112.0564384,-6.8888747],[112.0564565,-6.8888883],[112.056481,-6.888903],[112.0565101,-6.8889186],[112.0565427,-6.8889336],[112.0565729,-6.888948],[112.0566004,-6.8889623],[112.0566315,-6.8889811],[112.0566548,-6.888996],[112.0566778,-6.8890114],[112.0567039,-6.8890286],[112.0567338,-6.889046],[112.0567643,-6.8890621],[112.056798,-6.8890781],[112.0568313,-6.8890935],[112.0568672,-6.8891094],[112.0568988,-6.8891226],[112.0569282,-6.8891336],[112.0569515,-6.8891413],[112.0569716,-6.8891476],[112.0569908,-6.8891526],[112.0570086,-6.8891553],[112.0570287,-6.8891569],[112.0570455,-6.8891563],[112.0570568,-6.8891514],[112.0570641,-6.8891402],[112.0570688,-6.889124],[112.0570737,-6.8891083],[112.0570811,-6.8890956],[112.0570916,-6.8890896],[112.0571065,-6.8890904],[112.0571271,-6.889097],[112.05715,-6.8891062],[112.0571723,-6.889116],[112.0571932,-6.8891253],[112.0572217,-6.889145],[112.0572363,-6.889149],[112.0572452,-6.8891389],[112.0572703,-6.8891503],[112.0572807,-6.8891572],[112.0572938,-6.8891638],[112.0572877,-6.8891814],[112.0573036,-6.8891907],[112.057319,-6.889202],[112.0573399,-6.8892141],[112.0573646,-6.8892264],[112.0573904,-6.8892377],[112.0574073,-6.8892446],[112.0574291,-6.8892561],[112.0574574,-6.8892765],[112.0574881,-6.8892957],[112.0575255,-6.8893184],[112.0575694,-6.8893424],[112.0576074,-6.8893635],[112.0576427,-6.8893825],[112.0576737,-6.8894],[112.0577054,-6.889419],[112.0577392,-6.8894404],[112.0577793,-6.8894654],[112.0578212,-6.8894885],[112.057867,-6.8895102],[112.0579023,-6.8895269],[112.057939,-6.8895445],[112.0579776,-6.8895599],[112.0580062,-6.8895816],[112.0580351,-6.8896085],[112.0580565,-6.8896282],[112.0580771,-6.8896438],[112.0580968,-6.8896556],[112.058116,-6.8896663],[112.0581338,-6.8896769],[112.0581544,-6.8896891],[112.0581805,-6.8897042],[112.0582099,-6.8897203],[112.0582401,-6.8897355],[112.0582653,-6.8897488],[112.0582893,-6.889762],[112.0583178,-6.889778],[112.0583516,-6.8897969],[112.0583879,-6.8898173],[112.0584216,-6.889837],[112.0584521,-6.8898548],[112.0584766,-6.8898694],[112.0585051,-6.8898864],[112.0585326,-6.8899046],[112.0585598,-6.8899229],[112.0585852,-6.8899391],[112.058607,-6.8899531],[112.0586317,-6.8899685],[112.0586572,-6.8899829],[112.0586838,-6.8899973],[112.0587036,-6.8900083],[112.0587215,-6.8900185],[112.0587439,-6.8900314],[112.0587761,-6.8900496],[112.0588157,-6.8900704],[112.0588543,-6.8900929],[112.058882,-6.8901096],[112.0589027,-6.8901229],[112.0589221,-6.8901357],[112.0589436,-6.8901495],[112.0589713,-6.8901652],[112.0589958,-6.8901788],[112.059019,-6.8901907],[112.0590364,-6.8902003],[112.0590547,-6.8902107],[112.0590734,-6.8902223],[112.0590962,-6.8902365],[112.059127,-6.8902533],[112.0591608,-6.8902706],[112.0591915,-6.890286],[112.0592156,-6.8902989],[112.0592403,-6.890312],[112.0592689,-6.8903266],[112.0593047,-6.8903441],[112.0593426,-6.8903639],[112.0593812,-6.890385],[112.0594211,-6.8904056],[112.0594598,-6.8904252],[112.0594982,-6.890445],[112.0595358,-6.8904641],[112.0595717,-6.8904831],[112.0596091,-6.8905039],[112.0596511,-6.8905293],[112.059697,-6.8905577],[112.0597393,-6.8905854],[112.0597656,-6.8906023],[112.0597815,-6.8906124],[112.0597937,-6.8906198],[112.0598087,-6.8906288],[112.0598263,-6.890639],[112.0598456,-6.8906495],[112.0598636,-6.8906591],[112.0598848,-6.8906689],[112.0599098,-6.8906796],[112.059937,-6.8906906],[112.0599628,-6.8907011],[112.0599883,-6.8907123],[112.0600191,-6.8907249],[112.0600537,-6.8907376],[112.0600954,-6.8907507],[112.0601365,-6.8907607],[112.0601734,-6.8907676],[112.0602077,-6.890772],[112.0602319,-6.8907747],[112.0602525,-6.8907797],[112.0602711,-6.8907867],[112.0602933,-6.8907974],[112.0603169,-6.8908092],[112.0603419,-6.8908222],[112.0603678,-6.8908357],[112.060398,-6.8908524],[112.0604314,-6.8908732],[112.0604773,-6.8909029],[112.0605165,-6.8909279],[112.0605523,-6.8909488],[112.0605825,-6.8909652],[112.0606118,-6.8909808],[112.0606391,-6.8909968],[112.060669,-6.891015],[112.0607011,-6.891035],[112.0607344,-6.8910572],[112.0607643,-6.89108],[112.0607904,-6.8911012],[112.0608258,-6.8911299],[112.0608573,-6.8911538],[112.0608917,-6.8911785],[112.0609293,-6.8912028],[112.0609701,-6.8912301],[112.0610106,-6.8912582],[112.0610478,-6.8912845],[112.0610987,-6.8913195],[112.0611387,-6.8913444],[112.0611794,-6.8913663],[112.0612148,-6.8913822],[112.0612466,-6.8913967],[112.0612689,-6.8914064],[112.0612882,-6.8914131],[112.0613093,-6.8914183],[112.0613318,-6.8914251],[112.0613601,-6.8914353],[112.0613859,-6.8914458],[112.0614136,-6.8914578],[112.0614385,-6.8914702],[112.0614635,-6.8914834],[112.0614886,-6.8914977],[112.0615133,-6.8915122],[112.0615396,-6.8915278],[112.0615682,-6.8915432],[112.0615998,-6.8915585],[112.0616327,-6.8915737],[112.0616653,-6.8915885],[112.0616948,-6.8916016],[112.0617206,-6.8916115],[112.0617404,-6.8916167],[112.0617598,-6.8916174],[112.0617818,-6.891614],[112.0618052,-6.8916088],[112.0618273,-6.8916034],[112.061848,-6.8915981],[112.0618674,-6.8915935],[112.0618861,-6.8915893],[112.0619081,-6.8915882],[112.0619342,-6.8915915],[112.0619631,-6.8916003],[112.06199,-6.891611],[112.062016,-6.8916229],[112.0620454,-6.8916365],[112.0620791,-6.8916514],[112.0621091,-6.8916653],[112.062134,-6.891678],[112.0621533,-6.8916884],[112.0621742,-6.8917006],[112.0621937,-6.8917129],[112.062211,-6.8917272],[112.0622217,-6.8917426],[112.0622283,-6.8917607],[112.0622329,-6.8917794],[112.0622371,-6.8917988],[112.0622417,-6.8918167],[112.0622491,-6.8918323],[112.0622628,-6.8918474],[112.0622805,-6.8918609],[112.0623052,-6.8918746],[112.0623328,-6.8918872],[112.0623614,-6.8918993],[112.0623954,-6.8919139],[112.0624378,-6.8919319],[112.0624894,-6.891954],[112.0625398,-6.8919745],[112.0625769,-6.89199],[112.0626047,-6.8920026],[112.0626288,-6.8920141],[112.0626486,-6.8920229],[112.0626665,-6.8920305],[112.0626841,-6.8920368],[112.0627022,-6.8920427],[112.0627246,-6.8920464],[112.0627444,-6.892044],[112.0627645,-6.8920347],[112.0627826,-6.8920217],[112.0628019,-6.8920064],[112.0628216,-6.8919902],[112.0628359,-6.8919786],[112.0628468,-6.8919698],[112.062857,-6.8919632],[112.0628697,-6.8919586],[112.0628888,-6.8919583],[112.0629127,-6.8919632],[112.0629374,-6.8919731],[112.0629641,-6.8919849],[112.0629951,-6.8919979],[112.0630297,-6.8920114],[112.0630635,-6.8920245],[112.0630939,-6.8920371],[112.0631242,-6.8920503],[112.063155,-6.892064],[112.0631889,-6.8920789],[112.0632222,-6.892094],[112.063262,-6.8921105],[112.0633021,-6.8921265],[112.0633455,-6.8921435],[112.0633718,-6.8921534],[112.0633919,-6.8921603],[112.0634113,-6.8921669],[112.0634371,-6.8921757],[112.0634674,-6.8921851],[112.0635011,-6.8921935],[112.0635357,-6.892201],[112.0635668,-6.8922092],[112.0635978,-6.8922197],[112.0636316,-6.8922317],[112.0636708,-6.8922441],[112.0637117,-6.8922554],[112.0637567,-6.8922688],[112.0638001,-6.8922828],[112.0638436,-6.8922985],[112.0638864,-6.8923147],[112.0639339,-6.8923334],[112.0639814,-6.8923522],[112.0640355,-6.8923731],[112.0640926,-6.8923937],[112.0641519,-6.8924154],[112.0642101,-6.8924357],[112.0642694,-6.8924549],[112.0643325,-6.8924714],[112.0643977,-6.8924866],[112.0644622,-6.8924992],[112.0645237,-6.8925099],[112.0645819,-6.8925197],[112.064639,-6.8925296],[112.0646972,-6.89254],[112.0647532,-6.8925489],[112.0648147,-6.8925587],[112.0648724,-6.8925661],[112.0649341,-6.8925728],[112.0649822,-6.892578],[112.0650374,-6.8925837],[112.0650962,-6.8925878],[112.0651565,-6.892592],[112.0652156,-6.8925966],[112.0652669,-6.8926011],[112.0653123,-6.8926059],[112.0653576,-6.8926109],[112.065405,-6.8926158],[112.0654497,-6.8926173],[112.0654887,-6.8926148],[112.0655225,-6.8926075],[112.065552,-6.8925951],[112.0655807,-6.8925768],[112.0656018,-6.8925583],[112.065618,-6.8925392],[112.0656318,-6.8925175],[112.0656442,-6.8924932],[112.0656551,-6.8924668],[112.0656673,-6.8924399],[112.0656802,-6.8924122],[112.065692,-6.8923863],[112.0657024,-6.89236],[112.0657112,-6.892335],[112.0657222,-6.892302],[112.0657351,-6.8922622],[112.0657512,-6.8922128],[112.0657633,-6.8921758],[112.065774,-6.8921439],[112.0657833,-6.8921167],[112.065791,-6.8920879],[112.0657988,-6.8920604],[112.065807,-6.8920382],[112.0658163,-6.892017],[112.0658276,-6.8919915],[112.0658405,-6.8919585],[112.0658564,-6.8919217],[112.0658702,-6.8918874],[112.0658823,-6.891852],[112.0658937,-6.891816],[112.0659044,-6.8917798],[112.0659154,-6.8917438],[112.0659254,-6.8917081],[112.0659349,-6.8916738],[112.0659445,-6.8916403],[112.0659542,-6.8916101],[112.0659662,-6.8915794],[112.0659788,-6.8915468],[112.0659921,-6.8915114],[112.0660077,-6.8914674],[112.0660179,-6.8914379],[112.0660269,-6.8914133],[112.0660346,-6.8913905],[112.0660431,-6.8913643],[112.0660525,-6.8913341],[112.0660616,-6.8913031],[112.0660711,-6.8912713],[112.0660813,-6.8912359],[112.0660936,-6.8911945],[112.0661101,-6.8911419],[112.0661249,-6.8910969],[112.0661373,-6.8910634],[112.066146,-6.8910355],[112.0661529,-6.8910074],[112.0661601,-6.8909751],[112.0661691,-6.8909396],[112.0661798,-6.8909037],[112.0661913,-6.8908709],[112.0662019,-6.8908422],[112.0662104,-6.8908194],[112.0662181,-6.8907966],[112.0662281,-6.890767],[112.0662428,-6.8907243],[112.0662603,-6.8906722],[112.0662762,-6.8906274],[112.0662881,-6.8905928],[112.0662971,-6.8905671],[112.0663064,-6.8905388],[112.066318,-6.890503],[112.0663314,-6.8904621],[112.0663441,-6.8904209],[112.066358,-6.8903778],[112.0663743,-6.8903269],[112.0663905,-6.8902751],[112.0664026,-6.8902348],[112.066416,-6.8901955],[112.066428,-6.8901626],[112.066438,-6.8901329],[112.0664479,-6.8901038],[112.0664591,-6.8900731],[112.0664712,-6.8900396],[112.0664843,-6.8900034],[112.0664972,-6.8899655],[112.0665105,-6.8899257],[112.0665255,-6.8898839],[112.0665385,-6.8898452],[112.0665524,-6.8898005],[112.0665657,-6.8897534],[112.0665821,-6.8896981],[112.0665941,-6.8896604],[112.0666054,-6.8896274],[112.0666148,-6.8895975],[112.0666249,-6.8895615],[112.0666348,-6.889524],[112.0666411,-6.8894979],[112.0666478,-6.8894761],[112.0666543,-6.8894573],[112.0666625,-6.8894364],[112.0666714,-6.889415],[112.0666817,-6.8893958],[112.0666969,-6.8893781],[112.0667128,-6.8893661],[112.0667312,-6.8893565],[112.0667498,-6.8893477],[112.0667724,-6.8893367],[112.0667996,-6.8893248],[112.0668286,-6.8893095],[112.0668514,-6.8892977],[112.0668728,-6.8892861],[112.0668951,-6.8892762],[112.0669195,-6.8892661],[112.0669473,-6.8892538],[112.0669789,-6.8892392],[112.0670201,-6.8892195],[112.0670535,-6.8892036],[112.067079,-6.8891911],[112.0670956,-6.8891832],[112.0671121,-6.8891752],[112.0671265,-6.8891645],[112.0671411,-6.889146],[112.0671545,-6.8891194],[112.0671664,-6.8890854],[112.0671768,-6.8890543],[112.0671851,-6.8890292],[112.0671927,-6.889008],[112.0672013,-6.8889852],[112.0672097,-6.8889638],[112.0672188,-6.88894],[112.0672293,-6.8889136],[112.0672402,-6.8888836],[112.0672518,-6.8888518],[112.0672624,-6.8888186],[112.0672727,-6.8887879],[112.067283,-6.888757],[112.0672927,-6.8887277],[112.067301,-6.8887007],[112.0673091,-6.8886739],[112.0673179,-6.8886418],[112.0673294,-6.8886022],[112.0673405,-6.8885671],[112.0673518,-6.8885353],[112.0673621,-6.8885085],[112.0673731,-6.8884823],[112.0673967,-6.8884701],[112.0674325,-6.8884743],[112.0674937,-6.8885037],[112.0675184,-6.8885372],[112.0675264,-6.8885633],[112.067519,-6.888581],[112.0675121,-6.8885964],[112.0675049,-6.8886134],[112.067498,-6.8886314],[112.0674921,-6.8886491],[112.0674876,-6.8886659],[112.0674835,-6.8886815],[112.0674785,-6.8886983],[112.0674736,-6.8887167],[112.0674675,-6.8887353],[112.0674624,-6.8887504],[112.0674564,-6.8887651],[112.0674509,-6.8887802],[112.0674456,-6.8887969],[112.0674396,-6.8888191],[112.0674328,-6.8888425],[112.0674256,-6.8888655],[112.0674177,-6.8888894],[112.0674085,-6.8889161],[112.0673964,-6.8889507],[112.0673808,-6.8889941],[112.067364,-6.8890426],[112.0673537,-6.8890734],[112.0673479,-6.8890942],[112.0673446,-6.8891082],[112.0673412,-6.8891225],[112.0673363,-6.8891385],[112.0673303,-6.8891565],[112.0673234,-6.8891752],[112.0673154,-6.8891926],[112.067307,-6.8892117],[112.067299,-6.8892331],[112.0672888,-6.8892622],[112.0672797,-6.8892831],[112.0672738,-6.8892985],[112.0672697,-6.8893101],[112.0672668,-6.8893232],[112.067263,-6.8893388],[112.0672576,-6.8893574],[112.0672506,-6.8893798],[112.0672411,-6.8894077],[112.0672312,-6.8894292],[112.0672238,-6.8894461],[112.0672183,-6.889459],[112.0672133,-6.8894735],[112.0672057,-6.889493],[112.0671972,-6.8895171],[112.0671865,-6.8895464],[112.0671779,-6.8895684],[112.06717,-6.8895873],[112.0671642,-6.8896053],[112.0671589,-6.8896246],[112.0671532,-6.8896452],[112.0671477,-6.8896647],[112.0671428,-6.889683],[112.0671367,-6.8897009],[112.0671299,-6.8897187],[112.0671221,-6.8897383],[112.0671132,-6.8897593],[112.0671046,-6.88978],[112.0670944,-6.8898069],[112.0670849,-6.8898366],[112.0670727,-6.8898766],[112.0670631,-6.8899082],[112.0670549,-6.8899354],[112.0670477,-6.8899606],[112.0670404,-6.8899862],[112.0670316,-6.8900125],[112.0670227,-6.8900356],[112.0670134,-6.8900575],[112.0670038,-6.8900796],[112.0669926,-6.8901065],[112.0669818,-6.8901375],[112.0669696,-6.8901768],[112.0669605,-6.8902086],[112.0669514,-6.8902377],[112.066942,-6.8902657],[112.0669313,-6.8902951],[112.0669192,-6.8903285],[112.0669052,-6.8903637],[112.0668921,-6.8903985],[112.0668789,-6.8904327],[112.0668671,-6.8904677],[112.0668534,-6.8905087],[112.0668422,-6.8905455],[112.0668328,-6.890577],[112.0668249,-6.8906036],[112.066818,-6.8906302],[112.0668139,-6.8906489],[112.0668105,-6.8906644],[112.0668054,-6.8906785],[112.0667977,-6.8906963],[112.0667894,-6.8907155],[112.0667806,-6.8907361],[112.0667718,-6.8907575],[112.0667627,-6.8907795],[112.0667551,-6.8908011],[112.0667471,-6.8908253],[112.0667403,-6.8908503],[112.0667321,-6.8908759],[112.0667235,-6.8909019],[112.0667148,-6.8909253],[112.066706,-6.8909462],[112.066699,-6.8909654],[112.0666916,-6.8909856],[112.0666858,-6.8910079],[112.0666791,-6.8910304],[112.0666733,-6.891054],[112.0666659,-6.8910796],[112.0666573,-6.891106],[112.0666474,-6.8911343],[112.0666378,-6.8911614],[112.0666239,-6.8911965],[112.0666095,-6.8912339],[112.0665909,-6.8912805],[112.0665764,-6.8913192],[112.0665606,-6.8913629],[112.0665447,-6.8914093],[112.0665275,-6.8914645],[112.0665154,-6.8914985],[112.0665064,-6.8915227],[112.0664992,-6.89154],[112.0664902,-6.8915606],[112.0664807,-6.8915826],[112.0664698,-6.8916089],[112.0664594,-6.891639],[112.066449,-6.8916755],[112.0664423,-6.891701],[112.0664369,-6.8917209],[112.0664324,-6.8917377],[112.0664275,-6.8917547],[112.0664217,-6.8917742],[112.066416,-6.8917926],[112.0664107,-6.8918115],[112.066405,-6.8918311],[112.066399,-6.8918514],[112.0663937,-6.8918701],[112.0663866,-6.8918906],[112.0663781,-6.8919151],[112.0663669,-6.891944],[112.0663581,-6.891969],[112.0663503,-6.8919936],[112.0663419,-6.8920175],[112.0663325,-6.8920458],[112.0663223,-6.8920752],[112.0663116,-6.8921071],[112.0663018,-6.8921356],[112.0662921,-6.8921622],[112.0662837,-6.8921864],[112.0662737,-6.8922149],[112.0662589,-6.8922581],[112.0662468,-6.8922964],[112.066235,-6.8923374],[112.0662249,-6.8923742],[112.0662167,-6.8924134],[112.0662111,-6.8924455],[112.0662098,-6.89247],[112.0662128,-6.8924895],[112.0662222,-6.8925125],[112.0662339,-6.8925318],[112.0662477,-6.8925474],[112.0662605,-6.8925576],[112.066277,-6.8925675],[112.0662962,-6.8925792],[112.0663204,-6.8925982],[112.0663374,-6.8926163],[112.0663533,-6.8926394],[112.0663671,-6.8926636],[112.0663866,-6.892696],[112.0664042,-6.8927232],[112.0664243,-6.8927484],[112.0664467,-6.892766],[112.0664824,-6.8927841],[112.0665269,-6.8928044],[112.0665838,-6.8928292],[112.0666392,-6.8928549],[112.0666787,-6.892874],[112.066707,-6.8928914],[112.0667345,-6.8929105],[112.0667699,-6.8929343],[112.0668111,-6.8929614],[112.0668525,-6.8929868],[112.0668979,-6.8930122],[112.0669437,-6.8930364],[112.0669958,-6.893062],[112.0670533,-6.8930884],[112.0671166,-6.8931141],[112.0671782,-6.8931372],[112.0672323,-6.8931584],[112.0672861,-6.8931809],[112.0673478,-6.8932051],[112.0674149,-6.8932316],[112.0674943,-6.89326],[112.0675661,-6.8932888],[112.0676392,-6.8933193],[112.0677056,-6.893347],[112.0677771,-6.8933738],[112.0678309,-6.893395],[112.0678828,-6.8934159],[112.0679333,-6.8934357],[112.0679865,-6.8934549],[112.0680396,-6.8934727],[112.0680818,-6.893487],[112.0681177,-6.8934975],[112.0681532,-6.8935021],[112.0681851,-6.8934999],[112.0682084,-6.8934952],[112.0682251,-6.8934939],[112.0682424,-6.8934986],[112.0682638,-6.8935074],[112.0682893,-6.8935174],[112.0683173,-6.8935277],[112.0683498,-6.8935391],[112.0683828,-6.8935493],[112.0684163,-6.8935598],[112.0684494,-6.8935696],[112.0684741,-6.8935759],[112.0684958,-6.8935781],[112.0685232,-6.8935992],[112.0685466,-6.8935624],[112.0686503,-6.8936026],[112.0686687,-6.8935875],[112.0687891,-6.893621],[112.0687719,-6.8936792],[112.0687909,-6.8936912],[112.0688079,-6.8937008],[112.0688269,-6.8937101],[112.0688496,-6.893721],[112.0688964,-6.8937395],[112.0689255,-6.8937509],[112.0689572,-6.893762],[112.0689887,-6.8937715],[112.0690234,-6.8937824],[112.0690489,-6.8937904],[112.0690714,-6.8937981],[112.0690982,-6.8938076],[112.0691262,-6.8938183],[112.069156,-6.8938301],[112.0691858,-6.8938422],[112.0692178,-6.8938541],[112.0692488,-6.8938647],[112.0692789,-6.8938743],[112.0693095,-6.8938845],[112.0693405,-6.8938953],[112.069374,-6.8939078],[112.0694049,-6.8939202],[112.0694341,-6.8939324],[112.0694615,-6.8939438],[112.0694881,-6.8939545],[112.0695102,-6.8939641],[112.0695294,-6.8939732],[112.0695453,-6.8939815],[112.0695717,-6.8939872],[112.0695702,-6.8940292],[112.0695861,-6.8940477],[112.0696244,-6.8940672],[112.0696455,-6.8940773],[112.069669,-6.8940886],[112.0696943,-6.8941012],[112.0697172,-6.894112],[112.0697391,-6.8941219],[112.0697591,-6.8941311],[112.069772,-6.8941352],[112.0697808,-6.894137],[112.0698194,-6.8941559],[112.0698484,-6.8941666],[112.0698757,-6.8941799],[112.0699055,-6.8941935],[112.0699337,-6.8942062],[112.0699578,-6.8942172],[112.0699783,-6.8942259],[112.0699963,-6.8942326],[112.0700117,-6.8942339],[112.0700244,-6.8942288],[112.0700388,-6.8942159],[112.0700612,-6.8941949],[112.0702108,-6.8942522],[112.0702066,-6.8942787],[112.0702047,-6.894294],[112.0702018,-6.8943086],[112.0702003,-6.8943215],[112.0701997,-6.894335],[112.0702016,-6.8943454],[112.0702117,-6.894356],[112.0702379,-6.8943648],[112.0702702,-6.8943731],[112.0702982,-6.894376],[112.0703219,-6.8943777],[112.0703443,-6.8943805],[112.0703703,-6.894387],[112.0704014,-6.8943972],[112.0704287,-6.8944059],[112.0704522,-6.8944137],[112.0704699,-6.8944175],[112.0704864,-6.8944175],[112.0705053,-6.8944105],[112.0705573,-6.8942358],[112.0706157,-6.8942549],[112.0706031,-6.8942975],[112.0706014,-6.8943064],[112.0705995,-6.8943172],[112.0706,-6.8943269],[112.0706161,-6.8943293],[112.0706282,-6.8943346],[112.0706398,-6.894335],[112.0706495,-6.8943304],[112.0706559,-6.8943162],[112.0706624,-6.8943005],[112.0706694,-6.8942895],[112.0707528,-6.8943151],[112.0707475,-6.8943466],[112.0707634,-6.8943615],[112.0707832,-6.8943714],[112.0708025,-6.8943767],[112.070823,-6.894383],[112.0708448,-6.8943898],[112.0708772,-6.8943997],[112.0709078,-6.8944084],[112.0709396,-6.8944173],[112.0709707,-6.8944255],[112.0710338,-6.8944439],[112.0710138,-6.8945058],[112.0711559,-6.894551],[112.0711743,-6.8945142],[112.0712214,-6.8945315],[112.0712658,-6.894536],[112.0713085,-6.8945432],[112.0713407,-6.8945459],[112.0713739,-6.8945455],[112.0713997,-6.894547],[112.0714242,-6.8945518],[112.0714441,-6.8945605],[112.071461,-6.8945709],[112.0714737,-6.8945817],[112.071483,-6.8945958],[112.0714873,-6.8946096],[112.0714873,-6.8946242],[112.0714879,-6.8946346],[112.0714953,-6.8946424],[112.0715143,-6.8946494],[112.0715429,-6.8946555],[112.0715689,-6.8946606],[112.0715888,-6.8946635],[112.0716034,-6.8946648],[112.0716161,-6.8946642],[112.0716262,-6.8946606],[112.0716379,-6.8946549],[112.0716518,-6.8946519],[112.0716741,-6.8946544],[112.0716992,-6.8946599],[112.0717263,-6.8946663],[112.0717595,-6.8946739],[112.071791,-6.8946809],[112.0718211,-6.8946883],[112.0718433,-6.8946936],[112.0718655,-6.8946972],[112.0718905,-6.894701],[112.0719243,-6.8947065],[112.0719508,-6.8947122],[112.0719715,-6.8947173],[112.0719937,-6.8947215],[112.0720216,-6.8947249],[112.0720926,-6.8947249],[112.0720933,-6.8947649],[112.0721115,-6.8947763],[112.0721378,-6.8947735],[112.0721713,-6.8947718],[112.0721746,-6.8947183],[112.0722124,-6.8947128],[112.0722448,-6.8947132],[112.0722649,-6.8947768],[112.0723269,-6.8947613],[112.0723622,-6.8947448],[112.072384,-6.8947135],[112.0723887,-6.8946697],[112.0723603,-6.8946212],[112.0724138,-6.8945945],[112.0724558,-6.8945693],[112.0724865,-6.8945424],[112.0724456,-6.8944523],[112.0725158,-6.8944122],[112.0725409,-6.8944523],[112.0726224,-6.8944209],[112.0726723,-6.8944048],[112.0727172,-6.8943815],[112.0727617,-6.8943469],[112.0727349,-6.894285],[112.0727862,-6.8942773],[112.072847,-6.8942717],[112.072837,-6.8941679],[112.0728987,-6.8941615],[112.0729373,-6.8941629],[112.072951,-6.8942347],[112.0730093,-6.8942165],[112.072999,-6.894155],[112.0729925,-6.8941211],[112.0730377,-6.8941111],[112.0730327,-6.8940776],[112.0730845,-6.8940676],[112.0731263,-6.8942298],[112.0732082,-6.8942071],[112.0733237,-6.8941797],[112.073322,-6.8941261],[112.0734023,-6.8941328],[112.0734927,-6.8941328],[112.073501,-6.8942148],[112.0736833,-6.8942047],[112.07369,-6.8940843],[112.0738105,-6.894091],[112.0739259,-6.8940977],[112.0739259,-6.8940141],[112.0740145,-6.8940141],[112.0740262,-6.8940893],[112.0741565,-6.89409],[112.0741921,-6.8940871],[112.074224,-6.8940854],[112.074256,-6.8940864],[112.0742949,-6.8940903],[112.0743313,-6.894096],[112.0743639,-6.8941],[112.0743939,-6.8941025],[112.0744222,-6.8941034],[112.0744489,-6.8941027],[112.0744734,-6.8941027],[112.0744961,-6.8941006],[112.0745314,-6.8940985],[112.0745381,-6.8940793],[112.0746461,-6.8940822],[112.0747053,-6.894086],[112.0747354,-6.8940425],[112.0748325,-6.8940425],[112.0749094,-6.8940592],[112.0749261,-6.8941278],[112.0750021,-6.894137],[112.0750495,-6.8941531],[112.0750964,-6.8941588],[112.0751309,-6.8941645],[112.0751553,-6.8941689],[112.0751751,-6.8941766],[112.0751912,-6.8941869],[112.0752069,-6.8942009],[112.0752208,-6.8942163],[112.0752443,-6.8942301],[112.0752777,-6.8942436],[112.0753154,-6.8942529],[112.0753404,-6.8942495],[112.0753569,-6.8942294],[112.0753794,-6.8941863],[112.0753981,-6.8941292],[112.0754162,-6.8940626],[112.0755049,-6.8940559],[112.0755885,-6.8941094],[112.0755601,-6.8941696],[112.0755417,-6.8942047],[112.0755932,-6.8942118],[112.0756274,-6.8942305],[112.0756702,-6.8942396],[112.0757148,-6.8942459],[112.0757497,-6.8942502],[112.0757812,-6.8942508],[112.0758077,-6.894247],[112.0758311,-6.8942396],[112.0758548,-6.8942318],[112.0758819,-6.8942259],[112.0759175,-6.8942252],[112.0759568,-6.8942309],[112.076005,-6.8942426],[112.0760569,-6.8942565],[112.0761097,-6.8942709],[112.0761595,-6.8942821],[112.0762049,-6.8942902],[112.0762417,-6.8942931],[112.0762728,-6.8942933],[112.0763035,-6.8942912],[112.0763384,-6.8942883],[112.0763786,-6.8942864],[112.0764188,-6.894287],[112.076456,-6.894291],[112.0764871,-6.8942959],[112.0765185,-6.8943024],[112.076546,-6.8943096],[112.0765699,-6.894316],[112.0765857,-6.894321],[112.0765991,-6.894327],[112.0766092,-6.8943354],[112.0766208,-6.8943494],[112.0766373,-6.8943676],[112.0766598,-6.8943854],[112.0766917,-6.8943928],[112.0767275,-6.8943947],[112.0767717,-6.8943938],[112.0768152,-6.8943932],[112.0768692,-6.8943915],[112.0769157,-6.8943894],[112.076958,-6.8943854],[112.076991,-6.8943826],[112.0770215,-6.8943796],[112.0770556,-6.894378],[112.0770892,-6.8943773],[112.0771311,-6.8943777],[112.0771768,-6.894379],[112.0772303,-6.8943803],[112.0772881,-6.8943809],[112.0773331,-6.8943809],[112.0773678,-6.8943788],[112.0773936,-6.8943699],[112.0774133,-6.8943515],[112.0774211,-6.8943244],[112.0774228,-6.8943024],[112.0774228,-6.8942868],[112.0774277,-6.8942766],[112.0774395,-6.8942713],[112.0774611,-6.8942696],[112.077492,-6.8942713],[112.0775313,-6.8942737],[112.0775673,-6.8942754],[112.0776041,-6.8942773],[112.0776428,-6.8942806],[112.0776784,-6.8942847],[112.0777054,-6.8942844],[112.077724,-6.894277],[112.0777319,-6.8942591],[112.0777353,-6.8942417],[112.0777422,-6.8942271],[112.0777566,-6.8942214],[112.0777781,-6.8942333],[112.077813,-6.8942395],[112.0778557,-6.89425],[112.0779017,-6.8942627],[112.0779512,-6.8942758],[112.0779943,-6.8942866],[112.0780299,-6.8942949],[112.0780645,-6.8943029],[112.0780925,-6.8943099],[112.0781223,-6.8943167],[112.078154,-6.8943234],[112.078191,-6.8943304],[112.0782279,-6.8943385],[112.0782594,-6.8943454],[112.0782901,-6.8943535],[112.0783118,-6.8943607],[112.0783313,-6.8943694],[112.0783553,-6.8943762],[112.0783703,-6.894406],[112.0783558,-6.8944618],[112.0783784,-6.8944954],[112.0784277,-6.8945131],[112.0784573,-6.8945284],[112.0784903,-6.8945442],[112.0785311,-6.8945635],[112.0785762,-6.8945829],[112.0786263,-6.8946032],[112.078672,-6.894624],[112.078713,-6.8946453],[112.0787505,-6.8946659],[112.0787915,-6.8946868],[112.0788372,-6.894708],[112.0788895,-6.8947314],[112.0789415,-6.8947551],[112.0789973,-6.8947795],[112.0790487,-6.8948002],[112.0791008,-6.8948201],[112.0791406,-6.8948385],[112.0791835,-6.8948639],[112.0792313,-6.8948933],[112.0792768,-6.8949206],[112.0793128,-6.89494],[112.0793439,-6.8949531],[112.079376,-6.8949644],[112.0794149,-6.8949779],[112.079464,-6.894995],[112.0795256,-6.8950177],[112.0795956,-6.8950471],[112.079673,-6.8950803],[112.079753,-6.8951152],[112.0798272,-6.8951465],[112.0798945,-6.8951757],[112.0799618,-6.8952055],[112.080021,-6.8952341],[112.0800786,-6.8952626],[112.0801289,-6.8952882],[112.0801767,-6.8953109],[112.0802254,-6.8953324],[112.0802573,-6.8953464],[112.0802954,-6.8953572],[112.0803288,-6.8952936],[112.0803573,-6.8952334],[112.0804225,-6.8952267],[112.0804526,-6.8952752],[112.0803941,-6.8953773],[112.0803899,-6.895433],[112.0805078,-6.8954877],[112.0804894,-6.8955261],[112.0805691,-6.8955586],[112.0806036,-6.8955723],[112.08064,-6.8955861],[112.0806848,-6.8956011],[112.0807259,-6.8956166],[112.0807671,-6.8956335],[112.0808058,-6.89565],[112.080842,-6.8956639],[112.0808754,-6.8956749],[112.0809006,-6.8956826],[112.0809201,-6.8956887],[112.0809338,-6.8956978],[112.0809404,-6.8957117],[112.0809438,-6.8957325],[112.080944,-6.8957557],[112.0809433,-6.8957771],[112.0809433,-6.8957945],[112.0809474,-6.8958078],[112.0809599,-6.8958205],[112.0809844,-6.8958372],[112.081022,-6.8958564],[112.081066,-6.8958753],[112.0811109,-6.8958903],[112.0811543,-6.8959021],[112.0811957,-6.8959121],[112.0812349,-6.895922],[112.0812765,-6.8959356],[112.0813163,-6.8959478],[112.0813892,-6.8959427],[112.0814146,-6.8958837],[112.0814368,-6.8958082],[112.0814591,-6.8957024],[112.0814844,-6.8956085],[112.081509,-6.8955266],[112.0815298,-6.8954526],[112.0816015,-6.8954672],[112.0816837,-6.895496],[112.0817694,-6.895522],[112.0818526,-6.8955496],[112.0818194,-6.8956726],[112.0817924,-6.895777],[112.0817723,-6.8958624],[112.0818418,-6.8958808],[112.081872,-6.8958992],[112.0818491,-6.8960024],[112.0818456,-6.8960423],[112.0818527,-6.8960512],[112.0820002,-6.8960994],[112.0819896,-6.896167],[112.0821003,-6.8961869],[112.0822088,-6.8962176],[112.0823173,-6.8962462],[112.0824436,-6.8962712],[112.0828762,-6.8963363],[112.0830166,-6.8963542],[112.0831756,-6.8963608],[112.0832092,-6.8963599],[112.083242,-6.8963589],[112.0832778,-6.896361],[112.0833247,-6.8963686],[112.0833755,-6.8963781],[112.083426,-6.8963851],[112.0834707,-6.8963874],[112.0835115,-6.8963881],[112.0835555,-6.8963898],[112.083608,-6.896395],[112.0836607,-6.896405],[112.0837108,-6.8964158],[112.0837525,-6.8964244],[112.0837848,-6.8964316],[112.0838102,-6.8964397],[112.0838265,-6.8964509],[112.0838318,-6.8964657],[112.0838295,-6.8964864],[112.0838307,-6.8965097],[112.0838392,-6.8965351],[112.0838572,-6.8965611],[112.0838819,-6.896581],[112.0839141,-6.8965933],[112.0839511,-6.8965952],[112.083982,-6.8965846],[112.0840061,-6.8965592],[112.0840235,-6.896526],[112.0840349,-6.8964818],[112.0840416,-6.8964323],[112.0840444,-6.8963665],[112.0840457,-6.8963153],[112.084045,-6.8962626],[112.0840431,-6.8962214],[112.0840402,-6.8961727],[112.0840389,-6.8961287],[112.0840393,-6.8960813],[112.0840427,-6.8960441],[112.084051,-6.896009],[112.0840662,-6.895988],[112.0840878,-6.8959741],[112.0841112,-6.8959684],[112.0841313,-6.8959681],[112.0841529,-6.8959728],[112.0841768,-6.8959796],[112.0842012,-6.8959842],[112.0842217,-6.8959836],[112.0842397,-6.8959751],[112.0842523,-6.8959563],[112.084261,-6.8959269],[112.0842636,-6.8958909],[112.0842631,-6.8958581],[112.0842652,-6.8958349],[112.0842741,-6.8958237],[112.0842944,-6.8958192],[112.0843281,-6.895819],[112.0843689,-6.8958215],[112.0844129,-6.8958264],[112.0844542,-6.8958292],[112.0844941,-6.8958294],[112.0845312,-6.8958268],[112.084564,-6.8958239],[112.0845953,-6.8958218],[112.0846236,-6.895821],[112.084653,-6.8958212],[112.0846907,-6.8958227],[112.0847209,-6.8958263],[112.0847414,-6.8958325],[112.0847552,-6.8958416],[112.0847734,-6.8958516],[112.0848043,-6.8958632],[112.0848512,-6.8958746],[112.0848942,-6.8958823],[112.084931,-6.8958858],[112.0849545,-6.895885],[112.0849756,-6.8958803],[112.0849985,-6.8958708],[112.0850224,-6.8958607],[112.0850511,-6.8958516],[112.0850846,-6.8958469],[112.0851256,-6.895848],[112.08517,-6.8958552],[112.0852212,-6.895866],[112.0852752,-6.8958776],[112.0853308,-6.8958884],[112.0853784,-6.8958947],[112.0854184,-6.8958947],[112.0854514,-6.8958875],[112.0854772,-6.895874],[112.0854907,-6.8958539],[112.0854971,-6.8958344],[112.0855053,-6.8958171],[112.0855227,-6.8958036],[112.0855476,-6.8957938],[112.0855762,-6.8957871],[112.0855986,-6.8957816],[112.0856139,-6.8957758],[112.0856185,-6.8957665],[112.0856155,-6.8957547],[112.0856058,-6.8957365],[112.0855976,-6.8957137],[112.0855982,-6.8956881],[112.08561,-6.895669],[112.0856316,-6.8956557],[112.0856625,-6.8956447],[112.0856987,-6.8956337],[112.0857346,-6.8956248],[112.0857655,-6.8956174],[112.0857918,-6.8956022],[112.0858171,-6.8955738],[112.0858463,-6.8955233],[112.0858686,-6.8954818],[112.0858882,-6.8954458],[112.0859049,-6.8954204],[112.0859191,-6.8954023],[112.0859305,-6.8953891],[112.0859417,-6.8953828],[112.085954,-6.8953824],[112.0859712,-6.8953853],[112.0859855,-6.8953813],[112.0859942,-6.8953648],[112.0859982,-6.8953341],[112.0860016,-6.8952969],[112.0860048,-6.8952523],[112.0860071,-6.8952064],[112.0860077,-6.8951617],[112.0860092,-6.8951308],[112.0860158,-6.8951114],[112.0860293,-6.8951008],[112.0860537,-6.8950915],[112.0860856,-6.8950843],[112.086126,-6.8950767],[112.0861664,-6.8950665],[112.0862081,-6.8950507],[112.0862385,-6.8950293],[112.0862451,-6.8950051],[112.0862333,-6.8949759],[112.0862129,-6.8949395],[112.0862077,-6.8949133],[112.0862121,-6.894891],[112.0862259,-6.8948738],[112.0862445,-6.8948554],[112.086266,-6.8948321],[112.0862887,-6.8948006],[112.086301,-6.8947636],[112.086298,-6.8947291],[112.0862794,-6.8947042],[112.0862508,-6.8946851],[112.0862244,-6.8946693],[112.0862117,-6.8946547],[112.0862157,-6.8946405],[112.0862388,-6.8946269],[112.0862758,-6.8946138],[112.0863187,-6.8945977],[112.0863608,-6.8945738],[112.0863926,-6.8945402],[112.0864171,-6.8945],[112.0864353,-6.894466],[112.0864507,-6.8944389],[112.0864643,-6.8944207],[112.0864776,-6.8944059],[112.0864918,-6.8943953],[112.08651,-6.8943873],[112.0865337,-6.8943811],[112.0865635,-6.8943754],[112.0865927,-6.8943716],[112.0866168,-6.8943729],[112.0866398,-6.8943784],[112.0866667,-6.8943902],[112.0866917,-6.8943953],[112.0867154,-6.8943961],[112.0867439,-6.8943917],[112.0867886,-6.8943883],[112.0868465,-6.8943875],[112.0869058,-6.8943892],[112.0869559,-6.8943873],[112.0869991,-6.8943655],[112.0870388,-6.8943206],[112.0870739,-6.8942557],[112.0870964,-6.8942115],[112.0871127,-6.8941848],[112.0871266,-6.8941747],[112.0871412,-6.894173],[112.0871583,-6.8941818],[112.0871757,-6.8941977],[112.0871952,-6.8942189],[112.0872127,-6.8942402],[112.0872326,-6.8942633],[112.0872552,-6.89428],[112.0872815,-6.8942916],[112.0873081,-6.8942931],[112.0873318,-6.8942789],[112.0873549,-6.8942398],[112.0873779,-6.8941761],[112.0873995,-6.8941],[112.0874295,-6.8940386],[112.0874805,-6.8940088],[112.0875745,-6.8940107],[112.0876754,-6.894027],[112.0877526,-6.8940439],[112.0877953,-6.8940556],[112.087815,-6.8940672],[112.0878232,-6.8940828],[112.0878264,-6.8941044],[112.0878304,-6.8941304],[112.0878378,-6.894152],[112.0878545,-6.8941687],[112.0878818,-6.8941808],[112.0879191,-6.8941893],[112.0879554,-6.894196],[112.0879893,-6.8942003],[112.0880259,-6.8942032],[112.0880644,-6.8942043],[112.0881037,-6.8942041],[112.0881317,-6.8942079],[112.0881461,-6.8942176],[112.0881539,-6.8942352],[112.0881615,-6.8942506],[112.0881841,-6.8942637],[112.0882224,-6.8942734],[112.0882789,-6.8942798],[112.0883216,-6.8942836],[112.0883529,-6.894287],[112.0883735,-6.8942914],[112.0883885,-6.8942971],[112.0884008,-6.894306],[112.0884168,-6.8943227],[112.0884378,-6.8943428],[112.0884689,-6.8943689],[112.0885086,-6.8943983],[112.0885592,-6.8944317],[112.0886129,-6.8944634],[112.0886741,-6.8944958],[112.0887297,-6.8945258],[112.0887794,-6.8945552],[112.088826,-6.8945829],[112.0888884,-6.8946154],[112.0889654,-6.8946533],[112.0890451,-6.8946895],[112.0891084,-6.8947157],[112.0891646,-6.8947357],[112.0892177,-6.8947532],[112.0892751,-6.8947744],[112.0893351,-6.8947979],[112.0893969,-6.8948214],[112.0894572,-6.8948412],[112.0895105,-6.8948552],[112.08956,-6.8948628],[112.0896074,-6.8948656],[112.0896567,-6.8948615],[112.0897003,-6.8948535],[112.0897411,-6.8948463],[112.0897819,-6.8948398],[112.0898215,-6.8948328],[112.0898587,-6.8948211],[112.0898917,-6.894808],[112.0899192,-6.8947936],[112.0899406,-6.8947797],[112.0899569,-6.8947589],[112.089967,-6.8947308],[112.0899706,-6.8946881],[112.0899812,-6.8946604],[112.09001,-6.8946437],[112.0900472,-6.8946384],[112.0900838,-6.8946365],[112.0901145,-6.8946348],[112.0901405,-6.8946276],[112.090161,-6.8946166],[112.0901756,-6.8946026],[112.0901873,-6.8945876],[112.0902019,-6.8945707],[112.0902239,-6.894559],[112.0902486,-6.8945535],[112.0902812,-6.8945506],[112.0903138,-6.8945466],[112.0903601,-6.8945394],[112.0904035,-6.8945332],[112.0904426,-6.8945296],[112.0904798,-6.8945294],[112.0905171,-6.8945317],[112.090552,-6.8945332],[112.0905947,-6.8945349],[112.0906406,-6.8945358],[112.090692,-6.894537],[112.0907379,-6.8945341],[112.0907802,-6.8945235],[112.0908141,-6.8945045],[112.090845,-6.8944789],[112.0908727,-6.8944537],[112.0909059,-6.894434],[112.0909442,-6.894423],[112.0909939,-6.8944198],[112.091047,-6.894423],[112.0911043,-6.8944298],[112.0911559,-6.8944338],[112.0912033,-6.8944351],[112.0912473,-6.8944344],[112.0912985,-6.8944344],[112.091348,-6.8944372],[112.0913916,-6.8944414],[112.0914307,-6.8944473],[112.0914675,-6.8944557],[112.0915081,-6.8944697],[112.0915424,-6.894491],[112.0915741,-6.8945101],[112.0916061,-6.894525],[112.0916435,-6.8945368],[112.0916827,-6.8945455],[112.0917222,-6.8945466],[112.0917612,-6.8945396],[112.0917884,-6.8945212],[112.0918134,-6.8944916],[112.0923051,-6.8946296],[112.0923277,-6.8945644],[112.0924281,-6.8945995],[112.092408,-6.8946873],[112.0925219,-6.8947025],[112.0925642,-6.8947063],[112.0925925,-6.8947014],[112.0926205,-6.8946951],[112.0926471,-6.8946896],[112.0926791,-6.8946874],[112.0927059,-6.8946887],[112.0927349,-6.8946925],[112.0927743,-6.8945945],[112.09298,-6.8946472],[112.09296,-6.8947601],[112.0930241,-6.894767],[112.093066,-6.8947814],[112.0931127,-6.8947958],[112.0931533,-6.8948055],[112.0931952,-6.8948131],[112.0932337,-6.8948211],[112.0932659,-6.8948302],[112.0933076,-6.8948444],[112.0933602,-6.8948611],[112.0934484,-6.8948863],[112.0935223,-6.894907],[112.0935887,-6.8949256],[112.0936393,-6.894939],[112.0936752,-6.89494],[112.0936947,-6.8949252],[112.0937082,-6.8948893],[112.0937177,-6.8948516],[112.0937251,-6.8948192],[112.0937323,-6.8947968],[112.0937412,-6.8947848],[112.0937581,-6.8947778],[112.0937871,-6.8947782],[112.093829,-6.8947839],[112.0938813,-6.8947941],[112.093932,-6.8948027],[112.0939693,-6.8948091],[112.0939942,-6.8948142],[112.0940122,-6.8948192],[112.0940281,-6.8948256],[112.0940397,-6.8948332],[112.094048,-6.8948453],[112.094049,-6.8948637],[112.0940461,-6.8948867],[112.0940425,-6.8949104],[112.0940395,-6.894932],[112.0940399,-6.8949498],[112.094049,-6.8949622],[112.0940733,-6.8949743],[112.0941104,-6.8949872],[112.0941525,-6.8950018],[112.0941939,-6.8950141],[112.0942322,-6.8950227],[112.0942639,-6.8950268],[112.0943173,-6.895031],[112.0943424,-6.8949156],[112.0944453,-6.8949382],[112.0944403,-6.8950135],[112.0945281,-6.8950361],[112.0945356,-6.8950561],[112.0946686,-6.8951113],[112.0946557,-6.8951638],[112.0946572,-6.8951928],[112.094671,-6.8952091],[112.0946887,-6.8952234],[112.0947299,-6.8952274],[112.0947761,-6.8952336],[112.0948205,-6.895238],[112.0948704,-6.895241],[112.0949159,-6.8952448],[112.0949567,-6.8952522],[112.0949973,-6.8952619],[112.0950405,-6.8952731],[112.0950953,-6.8952856],[112.0951564,-6.8952981],[112.0952402,-6.8953148],[112.0953123,-6.8953317],[112.0953722,-6.8953472],[112.0954228,-6.8953609],[112.0954723,-6.8953732],[112.0955302,-6.8953865],[112.0955969,-6.8954043],[112.0956605,-6.8954218],[112.0957198,-6.8954392],[112.0957765,-6.8954521],[112.0958274,-6.8954603],[112.0958791,-6.8954669],[112.0959222,-6.8954743],[112.0959656,-6.8954836],[112.0960022,-6.8954917],[112.0960485,-6.8954875],[112.0960824,-6.8954835],[112.0961107,-6.8954712],[112.0961378,-6.8954515],[112.0961621,-6.89543],[112.0961846,-6.8954075],[112.0962023,-6.8953866],[112.0962182,-6.8953652],[112.0962292,-6.8953196],[112.0963722,-6.8953497],[112.0963448,-6.8954832],[112.0963446,-6.8955429],[112.0964291,-6.8955529],[112.0965031,-6.8955595],[112.0965568,-6.8955663],[112.096605,-6.8955745],[112.0966476,-6.8955826],[112.0966852,-6.8955893],[112.0967199,-6.8955948],[112.0967563,-6.8955991],[112.0967844,-6.8955991],[112.0968058,-6.8955929],[112.0968288,-6.8955454],[112.0971199,-6.8955755],[112.0971174,-6.8956232],[112.097236,-6.8956377],[112.0972819,-6.895646],[112.0973381,-6.8956542],[112.0973908,-6.8956608],[112.0974456,-6.8956667],[112.0975038,-6.8956737],[112.0975619,-6.8956811],[112.0976125,-6.8956857],[112.0976521,-6.8956834],[112.0976842,-6.8956724],[112.0977147,-6.8956525],[112.0977382,-6.8956318],[112.0977612,-6.895613],[112.0977855,-6.8955971],[112.0978179,-6.8955814],[112.0978526,-6.8955685],[112.0978945,-6.8955596],[112.0979429,-6.8955584],[112.0980043,-6.8955641],[112.098069,-6.895573],[112.0981278,-6.8955808],[112.0981822,-6.8955874],[112.0982302,-6.8955931],[112.0982759,-6.8955996],[112.0983176,-6.8956068],[112.0983561,-6.8956142],[112.0983918,-6.8956208],[112.09842,-6.8956242],[112.0984588,-6.8956349],[112.0984647,-6.8956056],[112.0985092,-6.8956153],[112.0986763,-6.8956667],[112.098678,-6.8956851],[112.0987575,-6.8957115],[112.0988029,-6.8957277],[112.0988573,-6.895744],[112.0989096,-6.8957542],[112.0989438,-6.8957597],[112.0989684,-6.8957614],[112.0990157,-6.8957528],[112.0990373,-6.8957462],[112.0990548,-6.8957365],[112.0990677,-6.8957219],[112.0990741,-6.8957014],[112.0990796,-6.8956758],[112.0990872,-6.895651],[112.0991018,-6.8956288],[112.0991232,-6.8956113],[112.0991578,-6.8956026],[112.0991993,-6.8956036],[112.0992492,-6.8956115],[112.0992854,-6.8956193],[112.0993108,-6.8956252],[112.0993267,-6.8956305],[112.0993449,-6.8956381],[112.0993719,-6.8956489],[112.0994128,-6.8956597],[112.0994563,-6.895668],[112.0995012,-6.8956739],[112.0995361,-6.8956783],[112.0995727,-6.8956834],[112.0996055,-6.8956838],[112.0996309,-6.8956777],[112.0996699,-6.8956181],[112.0997886,-6.8956416],[112.0998053,-6.8956181],[112.0998906,-6.8956349],[112.0998856,-6.8956867],[112.0999668,-6.8957062],[112.0999926,-6.8957158],[112.1000171,-6.8957253],[112.1000455,-6.8957348],[112.100073,-6.8957412],[112.1001026,-6.8957439],[112.100132,-6.8957452],[112.1001601,-6.8957471],[112.1001885,-6.8957515],[112.1002168,-6.8957568],[112.1002462,-6.8957617],[112.1002653,-6.895764],[112.1002807,-6.8957632],[112.1002913,-6.8957583],[112.1003017,-6.8957498],[112.1003133,-6.8957405],[112.10033,-6.8957337],[112.1003491,-6.8957314],[112.1003759,-6.8957325],[112.1004032,-6.8957361],[112.1004383,-6.8957422],[112.1004779,-6.8957519],[112.1005246,-6.8957655],[112.1005822,-6.8957856],[112.1006442,-6.8958097],[112.1007006,-6.8958342],[112.1007531,-6.8958571],[112.1007967,-6.8958741],[112.1008346,-6.8958866],[112.1008623,-6.8958917],[112.1008834,-6.8958955],[112.1009016,-6.8959009],[112.1009171,-6.8959062],[112.100935,-6.8959121],[112.100956,-6.895918],[112.1009881,-6.8959271],[112.1010277,-6.8959368],[112.1010749,-6.8959444],[112.1011123,-6.8959453],[112.1011489,-6.8959413],[112.1011811,-6.8959351],[112.1012194,-6.8959324],[112.1012515,-6.8959356],[112.1012932,-6.8959474],[112.1013346,-6.8959618],[112.1013829,-6.8959798],[112.1014343,-6.895998],[112.1014829,-6.896014],[112.101521,-6.896024],[112.1015466,-6.8960244],[112.1015693,-6.8960117],[112.1015923,-6.8959874],[112.1016236,-6.8959595],[112.1016484,-6.8959464],[112.1016771,-6.8959442],[112.101712,-6.8959497],[112.1017544,-6.8959588],[112.1017869,-6.8959635],[112.10181,-6.8959622],[112.1018254,-6.8959527],[112.1018381,-6.8959375],[112.1018493,-6.8959197],[112.101861,-6.8959021],[112.1018728,-6.8958865],[112.1018855,-6.8958755],[112.101901,-6.8958702],[112.101924,-6.8958696],[112.1019568,-6.8958727],[112.1020021,-6.8958803],[112.102052,-6.8958899],[112.1021038,-6.8958998],[112.1021557,-6.8959098],[112.1022094,-6.8959216],[112.1022633,-6.895932],[112.1023156,-6.8959406],[112.1024214,-6.895961],[112.1024967,-6.8959594],[112.1027225,-6.8960196],[112.1028329,-6.8960447],[112.1029516,-6.8960698],[112.102927,-6.8961645],[112.1029206,-6.8961968],[112.1029143,-6.8962207],[112.1029088,-6.896241],[112.1029003,-6.8962707],[112.1028899,-6.8963066],[112.102884,-6.8963445],[112.1028929,-6.8963669],[112.102917,-6.8963794],[112.1029458,-6.8963889],[112.1029758,-6.8964001],[112.1030071,-6.8964111],[112.1030403,-6.8964194],[112.10307,-6.8964221],[112.1030926,-6.896417],[112.1031097,-6.8964046],[112.1031273,-6.8963834],[112.1031472,-6.8963555],[112.1031742,-6.896328],[112.1032026,-6.8963174],[112.1032333,-6.8963182],[112.1032593,-6.8963227],[112.1032826,-6.8963223],[112.1033033,-6.8963149],[112.1033257,-6.8963034],[112.1033532,-6.8962895],[112.1033879,-6.8962772],[112.1034258,-6.8962677],[112.1034698,-6.896259],[112.1035131,-6.8962514],[112.1035567,-6.8962421],[112.1035965,-6.8962315],[112.1036356,-6.8962195],[112.1036748,-6.8962053],[112.103709,-6.8961909],[112.1037391,-6.8961759],[112.1037611,-6.8961602],[112.1037778,-6.8961425],[112.1037934,-6.8961205],[112.1038093,-6.8960991],[112.1038256,-6.8960831],[112.1038446,-6.8960689],[112.1038694,-6.8960554],[112.1038931,-6.8960457],[112.1039221,-6.8960401],[112.103958,-6.896039],[112.1040014,-6.8960377],[112.1040464,-6.8960346],[112.1040981,-6.896028],[112.1041406,-6.8960231],[112.1041886,-6.8960172],[112.1042326,-6.8960092],[112.1042745,-6.8959986],[112.1043119,-6.8959872],[112.1043456,-6.8959794],[112.1043716,-6.8959762],[112.1043957,-6.8959762],[112.1044219,-6.8959789],[112.1044503,-6.8959821],[112.1044797,-6.8959838],[112.1044992,-6.8959758],[112.104507,-6.8959588],[112.1045055,-6.8959307],[112.1045032,-6.8958968],[112.1045044,-6.8958567],[112.1045093,-6.8958129],[112.1045135,-6.8957687],[112.1045161,-6.8957287],[112.1045184,-6.895698],[112.1045205,-6.8956728],[112.1045226,-6.8956453],[112.1045224,-6.8956221],[112.1045231,-6.8956011],[112.1045256,-6.8955852],[112.1045292,-6.8955668],[112.1045288,-6.8955531],[112.1045237,-6.8955379],[112.1045131,-6.895525],[112.1045034,-6.8955099],[112.104496,-6.8954913],[112.1044979,-6.8954721],[112.1045104,-6.8954575],[112.1045345,-6.8954467],[112.1045633,-6.8954376],[112.1045948,-6.8954308],[112.104631,-6.8954276],[112.104675,-6.8954266],[112.1047261,-6.8954268],[112.1047712,-6.8954259],[112.1048135,-6.8954213],[112.1048442,-6.8954135],[112.1048681,-6.8954004],[112.1048854,-6.8953839],[112.1049002,-6.8953591],[112.1049125,-6.895331],[112.1049233,-6.8952984],[112.1049339,-6.8952722],[112.1049419,-6.895248],[112.1049481,-6.8952184],[112.1049523,-6.8951877],[112.104955,-6.8951556],[112.104958,-6.8951266],[112.1049597,-6.8950989],[112.1049622,-6.8950731],[112.1049679,-6.8950521],[112.1049783,-6.8950344],[112.1049957,-6.8950198],[112.105016,-6.8950092],[112.1050441,-6.8950029],[112.1050693,-6.8950005],[112.1051002,-6.8950003],[112.1051274,-6.8950022],[112.1051547,-6.895006],[112.105182,-6.895012],[112.1052114,-6.8950168],[112.1052427,-6.8950223],[112.10527,-6.8950244],[112.105292,-6.8950196],[112.1053106,-6.8950041],[112.1053257,-6.8949813],[112.1053379,-6.8949576],[112.1053502,-6.894943],[112.1053661,-6.8949394],[112.1053915,-6.8949438],[112.1054228,-6.894951],[112.1054547,-6.894958],[112.1054801,-6.8949665],[112.1055032,-6.8949792],[112.105526,-6.8949955],[112.1055495,-6.895013],[112.1055728,-6.8950299],[112.1055939,-6.8950447],[112.1056108,-6.8950585],[112.1056278,-6.895075],[112.1056481,-6.8950981],[112.1056677,-6.8951222],[112.1056893,-6.8951501],[112.1057119,-6.8951791],[112.1057365,-6.895207],[112.1057608,-6.895233],[112.1057851,-6.8952552],[112.1058086,-6.8952715],[112.1058368,-6.8952836],[112.1058676,-6.8952935],[112.1059051,-6.8953064],[112.105947,-6.8953225],[112.1059956,-6.8953413],[112.1060473,-6.8953756],[112.1061032,-6.8953985],[112.1061605,-6.8954224],[112.1062195,-6.8954467],[112.1062811,-6.8954736],[112.1063535,-6.8955073],[112.1064178,-6.8955401],[112.1064747,-6.8955699],[112.1065144,-6.8955922],[112.1065493,-6.8956102],[112.1065817,-6.8956259],[112.106623,-6.8956424],[112.1066695,-6.8956598],[112.1067152,-6.8956775],[112.1067569,-6.8956951],[112.1067958,-6.8957124],[112.1068337,-6.8957283],[112.1068665,-6.8957429],[112.1068969,-6.8957556],[112.1069273,-6.8957834],[112.1069374,-6.8957494],[112.1069601,-6.8957541],[112.1069899,-6.8957661],[112.1070358,-6.8957879],[112.1070775,-6.8958086],[112.1071223,-6.8958289],[112.1071625,-6.8958473],[112.1072057,-6.8958664],[112.1072391,-6.895881],[112.1072734,-6.8958943],[112.1073045,-6.895907],[112.1073326,-6.8959195],[112.1073622,-6.8959339],[112.1073927,-6.8959487],[112.1074265,-6.8959641],[112.1074625,-6.8959808],[112.1074953,-6.8959984],[112.1075298,-6.8960179],[112.1075592,-6.8960344],[112.1075841,-6.8960506],[112.1076036,-6.8960669],[112.1076233,-6.8960913],[112.1076351,-6.8961135],[112.1076419,-6.8961367],[112.1076461,-6.8961571],[112.107652,-6.8961759],[112.1076624,-6.8961985],[112.1076753,-6.8962224],[112.1076916,-6.8962495],[112.1077083,-6.8962757],[112.1077271,-6.896302],[112.1077487,-6.8963276],[112.1077743,-6.8963517],[112.1078029,-6.8963718],[112.1078407,-6.8963921],[112.1078799,-6.8964082],[112.1079167,-6.8964179],[112.1079518,-6.8964202],[112.107985,-6.8964134],[112.1080169,-6.8963993],[112.1080512,-6.8963823],[112.108088,-6.8963648],[112.1081301,-6.8963449],[112.1081731,-6.8963223],[112.1082139,-6.896299],[112.1082505,-6.896277],[112.1082835,-6.8962563],[112.1083078,-6.8962446],[112.1083292,-6.8962463],[112.1083531,-6.8962671],[112.1083797,-6.8962998],[112.1084068,-6.8963367],[112.1084324,-6.8963766],[112.108457,-6.8964158],[112.1084813,-6.8964598],[112.1085082,-6.8964981],[112.1085363,-6.8965321],[112.108571,-6.8965605],[112.108608,-6.8965835],[112.1086543,-6.8966064],[112.1087019,-6.8966276],[112.1087451,-6.8966473],[112.1087775,-6.8966649],[112.108802,-6.8966816],[112.1088261,-6.8966982],[112.1088526,-6.8967149],[112.1088879,-6.8967331],[112.1089268,-6.8967534],[112.1089704,-6.896776],[112.1090135,-6.8968014],[112.1090523,-6.896826],[112.1090922,-6.8968505],[112.1091373,-6.8968733],[112.1091862,-6.8968901],[112.1092287,-6.8968972],[112.1092695,-6.8968962],[112.1093112,-6.8968884],[112.109345,-6.8968778],[112.1093677,-6.8968638],[112.1093818,-6.8968431],[112.1093911,-6.8968133],[112.109403,-6.896783],[112.1094231,-6.8967545],[112.1094574,-6.896731],[112.1094986,-6.8967124],[112.1095471,-6.8966999],[112.1095959,-6.8966956],[112.1096448,-6.8966988],[112.1096918,-6.8967083],[112.1097351,-6.8967206],[112.1097836,-6.8967386],[112.1098365,-6.8967629],[112.1098927,-6.8967932],[112.1099437,-6.8968234],[112.1099934,-6.8968535],[112.1100431,-6.8968839],[112.1100918,-6.8969148],[112.1101472,-6.8969484],[112.1102035,-6.8969783],[112.1102629,-6.8970001],[112.1103203,-6.8970089],[112.1103799,-6.8970094],[112.1104417,-6.8970075],[112.1105064,-6.8970121],[112.1105703,-6.8970242],[112.1106213,-6.8970409],[112.1106634,-6.8970665],[112.1106947,-6.8970965],[112.1107264,-6.8971329],[112.110755,-6.897171],[112.1107831,-6.8972099],[112.11081,-6.8972469],[112.110839,-6.8972808],[112.1108718,-6.8973125],[112.1109103,-6.8973434],[112.1109513,-6.8973703],[112.1109919,-6.8973899],[112.1110159,-6.8974072],[112.1110493,-6.8974182],[112.1110764,-6.8974246],[112.1111005,-6.8974254],[112.1111221,-6.8974203],[112.111142,-6.8974142],[112.1111695,-6.8974029],[112.1111848,-6.8973809],[112.1112161,-6.8973809],[112.1112712,-6.8974073],[112.1113162,-6.8974255],[112.1113545,-6.8974447],[112.1113854,-6.8974659],[112.1114084,-6.8974885],[112.1114292,-6.8975145],[112.111433,-6.897553],[112.1114588,-6.8975829],[112.1114891,-6.8976144],[112.111532,-6.8976531],[112.1115699,-6.8976831],[112.1116052,-6.8977096],[112.1116365,-6.8977341],[112.1116659,-6.8977584],[112.1117029,-6.8977884],[112.1117448,-6.8978199],[112.1117921,-6.8978413],[112.1118548,-6.8978749],[112.1118948,-6.897889],[112.111932,-6.8978994],[112.1119766,-6.8979165],[112.1120204,-6.8979328],[112.1120653,-6.8979487],[112.1121086,-6.897962],[112.1121537,-6.8979738],[112.1121943,-6.8979815],[112.1122343,-6.8979846],[112.1122711,-6.8979846],[112.1123069,-6.8979857],[112.1123509,-6.8979778],[112.1123723,-6.897991],[112.1124038,-6.8980012],[112.1124288,-6.8980109],[112.1124491,-6.8980196],[112.1124639,-6.898027],[112.1125048,-6.898043],[112.1124914,-6.8980806],[112.1125944,-6.8981247],[112.1126233,-6.8981376],[112.1126504,-6.8981492],[112.1126802,-6.8981621],[112.1127124,-6.898178],[112.1127603,-6.8982003],[112.1128029,-6.898212],[112.1128355,-6.8982262],[112.1128677,-6.8982397],[112.1128994,-6.8982535],[112.1129343,-6.8982674],[112.1129675,-6.8982801],[112.1129984,-6.8982909],[112.1130261,-6.8983009],[112.1130473,-6.8983087],[112.1130655,-6.8983167],[112.1130924,-6.8983361],[112.1130765,-6.898368],[112.1130724,-6.898407],[112.113069,-6.8984514],[112.1130813,-6.8984882],[112.1131084,-6.8985229],[112.1131704,-6.8985661],[112.1132804,-6.8986323],[112.1133458,-6.898677],[112.1134018,-6.8987132],[112.1134435,-6.8987417],[112.1134875,-6.8987741],[112.1135275,-6.8988067],[112.1135704,-6.8988399],[112.1136183,-6.8988716],[112.1136711,-6.8989004],[112.1137209,-6.8989217],[112.1137704,-6.8989389],[112.113816,-6.8989552],[112.1138636,-6.898974],[112.1139172,-6.8989941],[112.1139785,-6.8990167],[112.1140454,-6.8990423],[112.1141219,-6.8990728],[112.1142021,-6.8991068],[112.1142776,-6.8991394],[112.1143568,-6.8991719],[112.1144359,-6.8992026],[112.1145125,-6.8992284],[112.1145596,-6.8992472],[112.1145954,-6.8992623],[112.1146288,-6.8992778],[112.1146741,-6.899296],[112.1147238,-6.899315],[112.1147815,-6.8993357],[112.1148368,-6.8993552],[112.1148934,-6.899374],[112.1149444,-6.8993897],[112.1149967,-6.8994051],[112.1150392,-6.8994191],[112.115083,-6.8994371],[112.1151308,-6.899458],[112.115196,-6.8994864],[112.1152562,-6.8995132],[112.1153087,-6.899535],[112.1153675,-6.8995593],[112.1154359,-6.899587],[112.1155488,-6.8996323],[112.1156438,-6.8996657],[112.1157259,-6.8996945],[112.1157904,-6.8997176],[112.1158534,-6.8997404],[112.1159089,-6.8997601],[112.1159643,-6.8997798],[112.1160189,-6.8998001],[112.1160758,-6.8998229],[112.1161257,-6.8998456],[112.1161712,-6.8998669],[112.1162188,-6.8998858],[112.1162698,-6.8999039],[112.1163212,-6.8999234],[112.1163722,-6.8999435],[112.1164187,-6.8999625],[112.1164695,-6.8999812],[112.1165232,-6.9000017],[112.1165818,-6.9000241],[112.1166497,-6.9000497],[112.1167204,-6.9000747],[112.1167885,-6.9000967],[112.1168627,-6.9001191],[112.1169226,-6.9001379],[112.1169848,-6.9001616],[112.1170402,-6.90018],[112.1170999,-6.9001984],[112.1171589,-6.9002142],[112.1172238,-6.90023],[112.1172824,-6.9002432],[112.1173201,-6.9002506],[112.1173518,-6.9002549],[112.1173831,-6.9002568],[112.1174195,-6.9002566],[112.1174479,-6.9002532],[112.117476,-6.9002447],[112.1175018,-6.9002331],[112.1175259,-6.9002202],[112.1175471,-6.9002058],[112.1175646,-6.9001885],[112.1175805,-6.9001663],[112.1175938,-6.9001434],[112.1176105,-6.9001098],[112.1176294,-6.9000649],[112.1176581,-6.8999862],[112.1176884,-6.8998982],[112.1177203,-6.899803],[112.1177406,-6.8997455],[112.117755,-6.8997036],[112.1177664,-6.8996731],[112.1177802,-6.8996412],[112.1177954,-6.8996033],[112.1178136,-6.8995593],[112.1178305,-6.8995181],[112.1178479,-6.8994773],[112.117864,-6.8994394],[112.1178815,-6.899399],[112.1178993,-6.8993603],[112.1179175,-6.8993218],[112.1179361,-6.8992831],[112.1179551,-6.8992441],[112.1179714,-6.8992073],[112.1179829,-6.8991743],[112.1179913,-6.8991437],[112.1179991,-6.8991149],[112.1180085,-6.8990931],[112.1180182,-6.8990766],[112.1180277,-6.8990647],[112.1180366,-6.8990576],[112.1180459,-6.8990531],[112.1180565,-6.8990518],[112.1180645,-6.8990571],[112.1180702,-6.8990717],[112.1180696,-6.8990992],[112.1180647,-6.8991284],[112.1180552,-6.8991591],[112.1180415,-6.8991936],[112.118025,-6.8992319],[112.1180057,-6.8992793],[112.1179846,-6.8993178],[112.1179657,-6.8993484],[112.1179501,-6.8993742],[112.1179393,-6.8994],[112.1179289,-6.8994271],[112.1179179,-6.8994546],[112.1179086,-6.8994811],[112.1179006,-6.8995077],[112.1178915,-6.899535],[112.1178807,-6.899564],[112.1178678,-6.8995942],[112.1178549,-6.8996258],[112.1178371,-6.8996647],[112.1178193,-6.8997026],[112.1177971,-6.8997518],[112.117777,-6.8998064],[112.1177538,-6.8998724],[112.117737,-6.8999228],[112.1177237,-6.899963],[112.1177127,-6.8999995],[112.1177068,-6.9000339],[112.1177089,-6.9000642],[112.1177195,-6.9000875],[112.1177396,-6.9001087],[112.1177717,-6.9001326],[112.1178212,-6.9001612],[112.1178788,-6.9001925],[112.1179437,-6.9002272],[112.1180178,-6.9002691],[112.1180846,-6.900308],[112.1181559,-6.9003503],[112.1182266,-6.9003905],[112.1183046,-6.9004343],[112.1183926,-6.9004813],[112.118473,-6.9005253],[112.1185553,-6.9005659],[112.1186304,-6.9006037],[112.1187091,-6.9006441],[112.1187982,-6.9006894],[112.1188974,-6.9007389],[112.1190222,-6.9007965],[112.1191381,-6.9008472],[112.1192672,-6.9008975],[112.119403,-6.9009457],[112.1195235,-6.9009872],[112.1195989,-6.9010134],[112.1196435,-6.9010283],[112.1196858,-6.9010444],[112.1197313,-6.9010598],[112.1197962,-6.9010808],[112.1198684,-6.9011017],[112.1199496,-6.9011248],[112.120016,-6.9011453],[112.1200774,-6.9011656],[112.1201404,-6.9011865],[112.1202145,-6.9012119],[112.1202959,-6.9012388],[112.1203752,-6.9012644],[112.1204376,-6.9012824],[112.1204865,-6.9012923],[112.1205193,-6.9012913],[112.1205506,-6.9012765],[112.1205734,-6.9012536],[112.1206003,-6.9012301],[112.1206312,-6.901225],[112.1206744,-6.9012377],[112.1207253,-6.9012633],[112.1207947,-6.9012987],[112.1208901,-6.9013437],[112.1210154,-6.9013985],[112.1211252,-6.9014423],[112.1212286,-6.9014795],[112.1213122,-6.9015094],[112.1213968,-6.9015386],[112.1214854,-6.9015692],[112.1215753,-6.9016003],[112.1216602,-6.9016314],[112.1217391,-6.9016613],[112.1218296,-6.9016951],[112.121921,-6.9017306],[112.1220312,-6.9017787],[112.122119,-6.9018157],[112.1222017,-6.9018493],[112.1222783,-6.9018779],[112.1223517,-6.9019043],[112.1224308,-6.9019312],[112.1225074,-6.9019566],[112.1225948,-6.9019849],[112.1226747,-6.9020122],[112.1227543,-6.9020387],[112.1228281,-6.9020638],[112.1229047,-6.9020877],[112.1229677,-6.9021099],[112.1230147,-6.9021292],[112.123043,-6.9021478],[112.1230593,-6.9021709],[112.1230646,-6.9022078],[112.1230642,-6.9022537],[112.1230606,-6.9023146],[112.1230627,-6.9023597],[112.1230733,-6.9023943],[112.1230917,-6.9024184],[112.123115,-6.9024395],[112.1231406,-6.902459],[112.1231723,-6.9024825],[112.1232118,-6.9025089],[112.1232656,-6.9025394],[112.1233233,-6.9025662],[112.1233845,-6.9025866],[112.1234414,-6.9025933],[112.1234872,-6.9025981],[112.1236759,-6.9025925],[112.123689,-6.9025639],[112.1236969,-6.9025469],[112.123714,-6.9025188],[112.1237335,-6.9024998],[112.1237669,-6.9024761],[112.1238109,-6.9024586],[112.1238752,-6.902452],[112.123963,-6.9024571],[112.1240735,-6.9024774],[112.1241574,-6.9025011],[112.1242239,-6.9025246],[112.124273,-6.9025438],[112.1243167,-6.9025603],[112.1243624,-6.9025743],[112.1244147,-6.9025866],[112.1244707,-6.9025937],[112.12453,-6.9025921],[112.1245932,-6.902584],[112.1246607,-6.9025779],[112.1247284,-6.902576],[112.1247874,-6.9025764],[112.1248416,-6.9025766],[112.1248941,-6.9025764],[112.1249438,-6.9025768],[112.1250087,-6.9025762],[112.1250815,-6.9025724],[112.1251928,-6.9025633],[112.1252742,-6.9025567],[112.1253457,-6.9025525],[112.1254092,-6.9025514],[112.1254663,-6.9025521],[112.125527,-6.9025538],[112.125579,-6.9025531],[112.125629,-6.9025493],[112.1256766,-6.9025438],[112.125725,-6.9025387],[112.1257789,-6.9025362],[112.125832,-6.9025368],[112.1258824,-6.902539],[112.1259209,-6.9025363],[112.1259473,-6.9025257],[112.1259691,-6.9025052],[112.125989,-6.9024841],[112.1260076,-6.9024691],[112.1260218,-6.9024552],[112.1260311,-6.9024402],[112.1260383,-6.9024201],[112.1260482,-6.902405],[112.1260662,-6.9023949],[112.1260906,-6.9023902],[112.1261242,-6.9023881],[112.1261654,-6.9023869],[112.1262128,-6.9023852],[112.1262518,-6.9023852],[112.126285,-6.9023873],[112.1263178,-6.9023926],[112.1263569,-6.9023972],[112.1264003,-6.9023989],[112.1264415,-6.9023964],[112.126476,-6.9023934],[112.12651,-6.9023894],[112.1265416,-6.9023847],[112.126576,-6.9023799],[112.1266078,-6.9023733],[112.1266433,-6.9023663],[112.1266835,-6.9023594],[112.126732,-6.9023545],[112.1267787,-6.9023539],[112.1268221,-6.9023553],[112.1268652,-6.9023564],[112.1269086,-6.9023547],[112.1269513,-6.9023509],[112.1269919,-6.9023452],[112.1270302,-6.9023376],[112.1270567,-6.9023223],[112.1270702,-6.9022982],[112.1270795,-6.9022701],[112.1270916,-6.9022521],[112.1271237,-6.9022415],[112.1271716,-6.9022367],[112.1272511,-6.9022326],[112.1273289,-6.9022312],[112.1274133,-6.9022305],[112.1274762,-6.9022276],[112.1275415,-6.9022229],[112.1276001,-6.9022202],[112.127656,-6.9022233],[112.127714,-6.9022348],[112.1277742,-6.9022458],[112.1278377,-6.9022559],[112.1279041,-6.9022616],[112.1279651,-6.9022652],[112.1280287,-6.9022659],[112.1280865,-6.9022635],[112.1281438,-6.9022572],[112.1281975,-6.9022534],[112.1282574,-6.9022551],[112.1283194,-6.9022599],[112.1283848,-6.9022631],[112.1284423,-6.9022637],[112.1284903,-6.9022639],[112.1285276,-6.9022659],[112.1285538,-6.902272],[112.1285783,-6.902283],[112.1286056,-6.9023024],[112.1286369,-6.902327],[112.128678,-6.9023613],[112.12873,-6.9023892],[112.1287971,-6.9024139],[112.1288855,-6.9024393],[112.1289504,-6.902452],[112.1290065,-6.9024541],[112.1290638,-6.9024471],[112.1291389,-6.9024387],[112.1292056,-6.902438],[112.1292627,-6.9024396],[112.1293075,-6.9024411],[112.1293568,-6.9024377],[112.1294053,-6.902432],[112.1294546,-6.9024264],[112.1295026,-6.9024243],[112.1295489,-6.902426],[112.129605,-6.9024321],[112.1296784,-6.9024427],[112.1297638,-6.9024524],[112.1298573,-6.9024594],[112.1299242,-6.9024613],[112.1299688,-6.9024594],[112.1299982,-6.9024543],[112.1300192,-6.9024431],[112.1300333,-6.9024247],[112.1300405,-6.9023955],[112.1300446,-6.9023657],[112.1300494,-6.9023435],[112.1300581,-6.9023268],[112.130074,-6.9023128],[112.1301017,-6.902298],[112.130144,-6.9022847],[112.1301924,-6.9022764],[112.1302402,-6.9022711],[112.1302811,-6.9022644],[112.1303244,-6.9022523],[112.1303714,-6.9022373],[112.1304118,-6.9022225],[112.1304473,-6.9022025],[112.1304687,-6.902178],[112.1304799,-6.902145],[112.130485,-6.9021202],[112.1304909,-6.9020996],[112.1304962,-6.902081],[112.130499,-6.9020617],[112.1304998,-6.9020418],[112.1305,-6.9020205],[112.1305009,-6.9019963],[112.130503,-6.9019726],[112.1305059,-6.9019485],[112.1305089,-6.901924],[112.130511,-6.9018973],[112.1305135,-6.9018717],[112.1305165,-6.901843],[112.1305197,-6.9018049],[112.130522,-6.9017613],[112.1305245,-6.9017114],[112.1305267,-6.9016699],[112.1305286,-6.901627],[112.1305311,-6.9015718],[112.1305334,-6.9015288],[112.1305362,-6.9014895],[112.13054,-6.9014567],[112.1305461,-6.9014214],[112.1305544,-6.9013831],[112.1305626,-6.9013389],[112.13057,-6.9012932],[112.130576,-6.9012475],[112.1305825,-6.9012079],[112.130592,-6.9011677],[112.1306049,-6.9011244],[112.1306195,-6.9010856],[112.1306337,-6.9010528],[112.1306498,-6.9010258],[112.1306716,-6.9009968],[112.1306995,-6.9009663],[112.130731,-6.9009344],[112.1307657,-6.9009027],[112.1307941,-6.900879],[112.1308207,-6.9008586],[112.1308436,-6.900843],[112.1308626,-6.9008339],[112.1308761,-6.9008369],[112.1308808,-6.9008521],[112.1308759,-6.9008739],[112.1308609,-6.9008946],[112.130844,-6.9009113],[112.1308285,-6.9009244],[112.1308097,-6.9009405],[112.1307862,-6.9009623],[112.1307598,-6.9009888],[112.1307312,-6.9010211],[112.1307082,-6.9010533],[112.1306893,-6.9010861],[112.1306737,-6.901122],[112.1306621,-6.9011535],[112.1306521,-6.9011838],[112.130643,-6.901216],[112.1306356,-6.9012525],[112.1306324,-6.9012995],[112.1306286,-6.9013541],[112.130624,-6.9014148],[112.1306147,-6.9014823],[112.1306081,-6.9015307],[112.1306064,-6.9015745],[112.1306075,-6.901616],[112.1306085,-6.9016665],[112.1306115,-6.901716],[112.1306176,-6.9017613],[112.1306276,-6.9018002],[112.1306388,-6.9018341],[112.1306551,-6.9018607],[112.1306786,-6.9018863],[112.1307037,-6.901913],[112.1307276,-6.9019471],[112.1307517,-6.9019767],[112.1307773,-6.9020018],[112.1308108,-6.9020215],[112.1308575,-6.9020323],[112.1309191,-6.9020291],[112.1309821,-6.9020118],[112.1310289,-6.9019849],[112.131061,-6.9019538],[112.1310826,-6.9019225],[112.1310993,-6.9018889],[112.1311093,-6.9018546],[112.1311141,-6.9018165],[112.1311173,-6.9017759],[112.1311224,-6.9017336],[112.1311315,-6.9016966],[112.1311408,-6.9016761],[112.1311495,-6.9016678],[112.1311585,-6.9016718],[112.1311685,-6.9016858],[112.1311776,-6.9017139],[112.1311816,-6.9017478],[112.131185,-6.9017897],[112.1311918,-6.9018356],[112.1312034,-6.9018779],[112.1312275,-6.9019153],[112.1312666,-6.9019392],[112.1313183,-6.9019551],[112.1313701,-6.9019688],[112.131412,-6.9019887],[112.1314505,-6.9020154],[112.1314981,-6.9020433],[112.1315463,-6.9020687],[112.1316142,-6.9020985],[112.1316866,-6.9021264],[112.1317589,-6.9021491],[112.1318222,-6.9021605],[112.1318732,-6.9021639],[112.1319129,-6.9021575],[112.1319472,-6.9021455],[112.1319757,-6.9021286],[112.1319997,-6.9021131],[112.1320335,-6.9020962],[112.1320589,-6.9020898],[112.1321033,-6.9020814],[112.132135,-6.9020772],[112.1321879,-6.902075],[112.1322091,-6.9020729],[112.1322387,-6.9020687],[112.1322641,-6.9020581],[112.1322768,-6.9020433],[112.1322979,-6.9020222],[112.132317,-6.9020116],[112.1323402,-6.9020095],[112.1323656,-6.9020052],[112.1323931,-6.9020052],[112.1324227,-6.9020116],[112.1324481,-6.9020222],[112.1324481,-6.9020348],[112.1324397,-6.9020518],[112.1324397,-6.9020581],[112.132446,-6.9020623],[112.1324926,-6.9020687],[112.132501,-6.9020687],[112.1325052,-6.9020687],[112.1325052,-6.902092],[112.1325031,-6.9021173],[112.1325031,-6.9021269],[112.1325454,-6.9021374],[112.1325581,-6.9021332],[112.1325666,-6.9021332],[112.132592,-6.9021332],[112.1326174,-6.9021332],[112.1326364,-6.9021332],[112.1326512,-6.9021332],[112.1327041,-6.9020951],[112.1327189,-6.9020846],[112.1327422,-6.9020676],[112.1327506,-6.9020211],[112.1328162,-6.9020211],[112.1328691,-6.9020274],[112.1329051,-6.9020317],[112.1329156,-6.9020317],[112.1329178,-6.9021015],[112.132958,-6.9021015],[112.1329664,-6.9020613],[112.1330616,-6.9020655],[112.1330743,-6.9021184],[112.1332055,-6.9020824],[112.1332076,-6.9019872],[112.1332922,-6.9019894],[112.1332964,-6.9020465],[112.1333472,-6.9020444],[112.1333472,-6.9019978],[112.1334297,-6.9019957],[112.1334318,-6.9020782],[112.1334762,-6.9020782],[112.1335312,-6.902074],[112.1335503,-6.902074],[112.1336201,-6.9020803],[112.1336455,-6.9020867],[112.1336878,-6.9020888],[112.133728,-6.9020867],[112.1337682,-6.9020719],[112.1337999,-6.9020676],[112.133857,-6.9020655],[112.1338824,-6.9020613],[112.1338824,-6.9019555],[112.1339586,-6.9019597],[112.133984,-6.9019661],[112.1340136,-6.9019661],[112.1340241,-6.9019661],[112.1340622,-6.9019661],[112.1340728,-6.9019661],[112.1340961,-6.9019682],[112.1341045,-6.9019724],[112.1341172,-6.9019915],[112.1341193,-6.9020147],[112.1341193,-6.9020169],[112.1341913,-6.9020211],[112.1342653,-6.9020211],[112.1343097,-6.9020211],[112.1343351,-6.9020211],[112.1343415,-6.9020211],[112.134352,-6.9019936],[112.1344219,-6.9019957],[112.1344197,-6.9020084],[112.1344938,-6.9020084],[112.1345022,-6.9019872],[112.134572,-6.9019915],[112.1345763,-6.9020105],[112.1346207,-6.9019999],[112.1346144,-6.9019576],[112.1347244,-6.9019534],[112.1347413,-6.9019872],[112.1348598,-6.9019936],[112.1348576,-6.9019407],[112.1349824,-6.901928],[112.1349846,-6.9019746],[112.1349888,-6.9020063],[112.1350607,-6.9019957],[112.1350946,-6.9019851],[112.1351305,-6.9019788],[112.1351665,-6.9019767],[112.135194,-6.9019767],[112.1352321,-6.9019767],[112.1352575,-6.9019746],[112.1352934,-6.9019746],[112.1353294,-6.9019746],[112.135359,-6.9019746],[112.1353527,-6.901854],[112.1354182,-6.901854],[112.1354288,-6.9019301],[112.1354775,-6.9019301],[112.1355028,-6.9019301],[112.135543,-6.9019153],[112.135598,-6.9019132],[112.1356425,-6.9019174],[112.135653,-6.9019196],[112.1357398,-6.901928],[112.1357673,-6.901873],[112.1358688,-6.9018603],[112.1359217,-6.9018624],[112.1359323,-6.9018868],[112.1360042,-6.9018741],[112.1360825,-6.9018804],[112.1361206,-6.9018889],[112.1361459,-6.9018868],[112.1361671,-6.9018804],[112.1361819,-6.9018677],[112.1361946,-6.9018656],[112.1362306,-6.9018677],[112.1362602,-6.901872],[112.1362898,-6.9018741],[112.1363194,-6.9018741],[112.1363363,-6.901891],[112.1363385,-6.9019164],[112.1364379,-6.901927],[112.1365162,-6.9019248],[112.1365817,-6.9019206],[112.1366304,-6.9019164],[112.1366769,-6.9019185],[112.1367256,-6.9019164],[112.1367806,-6.9019143],[112.1368229,-6.9019143],[112.136861,-6.9019143],[112.1369604,-6.9019206],[112.1369985,-6.9019227],[112.1370577,-6.9019206],[112.1371127,-6.9019185],[112.1371762,-6.9019121],[112.1372248,-6.9019037],[112.1372375,-6.9019037],[112.1373158,-6.9018952],[112.137356,-6.9018952],[112.1374025,-6.9018952],[112.1374427,-6.9018952],[112.1374829,-6.9018952],[112.1375104,-6.9018952],[112.1375633,-6.9019016],[112.1375675,-6.9018275],[112.1376458,-6.9018064],[112.1376775,-6.9018],[112.1377241,-6.9017937],[112.1377939,-6.9017852],[112.1378362,-6.901781],[112.1378637,-6.9017789],[112.137887,-6.9017789],[112.1379081,-6.901781],[112.1379145,-6.9018318],[112.1379208,-6.9018571],[112.1380625,-6.9018635],[112.1381218,-6.9018635],[112.1382085,-6.9018508],[112.1382254,-6.9018296],[112.1382826,-6.9018275],[112.1383312,-6.9018296],[112.1383629,-6.9018402],[112.1383904,-6.9018445],[112.1384053,-6.9018423],[112.1384539,-6.9018275],[112.1384518,-6.9017577],[112.138657,-6.901745],[112.138676,-6.9017831],[112.1387247,-6.9017725],[112.1387987,-6.9017768],[112.1388432,-6.901781],[112.1389172,-6.9017831],[112.1389532,-6.901781],[112.138987,-6.9017789],[112.1390864,-6.9017768],[112.1391774,-6.9017746],[112.1392261,-6.9017746],[112.1392197,-6.9017514],[112.1393001,-6.9017535],[112.1394016,-6.9017556],[112.1394059,-6.9018106],[112.1394757,-6.9018212],[112.1395476,-6.9018201],[112.1395772,-6.9018159],[112.1396724,-6.9018095],[112.1397105,-6.9018074],[112.1397422,-6.9018074],[112.1398015,-6.9018011],[112.1398565,-6.9017926],[112.1398945,-6.9017905],[112.1399263,-6.9017884],[112.1399834,-6.901782],[112.1400193,-6.901782],[112.1400532,-6.901782],[112.1400786,-6.9017799],[112.1401124,-6.9017799],[112.1401251,-6.9017778],[112.1401272,-6.901727],[112.140178,-6.9017186],[112.1402161,-6.9017122],[112.140261,-6.9017073],[112.1402669,-6.9017461],[112.1403769,-6.901744],[112.1404192,-6.9017376],[112.1404721,-6.901727],[112.1405186,-6.901727],[112.1405757,-6.901727],[112.1406307,-6.9017249],[112.1406773,-6.9017249],[112.1407259,-6.9017249],[112.1408782,-6.901727],[112.1409396,-6.9017207],[112.1409967,-6.9017059],[112.1410644,-6.901689],[112.1411173,-6.901672],[112.1411807,-6.9016509],[112.141223,-6.9016382],[112.1413055,-6.9016149],[112.14135,-6.9016022],[112.1414917,-6.9015663],[112.1415256,-6.901562],[112.1416461,-6.9015345],[112.1417181,-6.9015155],[112.1417456,-6.9015028],[112.1418069,-6.9014838],[112.1418598,-6.9014668],[112.141919,-6.9014457],[112.1419761,-6.9014288],[112.1420565,-6.9014076],[112.1421158,-6.9013886],[112.1421686,-6.9013716],[112.1422131,-6.9013526],[112.1422575,-6.9013251],[112.1423612,-6.9012796],[112.1424056,-6.9012669],[112.1424373,-6.90125],[112.1424564,-6.9012394],[112.1424902,-6.9012225],[112.1425812,-6.9011908],[112.1426192,-6.901176],[112.1426806,-6.9011485],[112.1427377,-6.9011189],[112.1427716,-6.9010977],[112.1428075,-6.9010765],[112.142835,-6.9010596],[112.1428424,-6.9010317],[112.1428625,-6.9009813],[112.1428691,-6.9008853],[112.1428695,-6.9007766],[112.1428629,-6.9006537],[112.1428577,-6.9005225],[112.1428509,-6.9003941],[112.1428483,-6.9002847],[112.1428456,-6.900172],[112.1428414,-6.9000646],[112.1428329,-6.8999624],[112.1428242,-6.8998677],[112.1428164,-6.8997748],[112.1428109,-6.8996729],[112.1428037,-6.8995716],[112.1427938,-6.8994675],[112.1427796,-6.8993658],[112.1427589,-6.8992505],[112.14274,-6.8991354],[112.1427208,-6.8990203],[112.1427007,-6.8988991],[112.1426812,-6.8987899],[112.1426615,-6.8986693],[112.1426395,-6.8985347],[112.1426205,-6.8984097],[112.142608,-6.8983056],[112.142608,-6.8982139],[112.1426127,-6.8981232],[112.1426142,-6.898022],[112.1426072,-6.8979023],[112.1426008,-6.8977756],[112.1425934,-6.8976484],[112.1425892,-6.8975429],[112.142586,-6.8974456],[112.1425841,-6.897351],[112.1425797,-6.8972345],[112.1425727,-6.8971225],[112.1425606,-6.8970178],[112.1425507,-6.8969301],[112.1425456,-6.8968508],[112.142549,-6.8967747],[112.1425615,-6.8967065],[112.1425797,-6.8966434],[112.1425996,-6.8965861],[112.1426209,-6.8965311],[112.1426436,-6.8964799],[112.1426687,-6.8964219],[112.1426971,-6.8963608],[112.1427307,-6.8962869],[112.1427631,-6.8962169],[112.1427957,-6.8961405],[112.142831,-6.8960587],[112.1428589,-6.8959965],[112.1428803,-6.8959449],[112.1428972,-6.8958983],[112.1429097,-6.8958569],[112.142923,-6.8958131],[112.1429385,-6.8957729],[112.1429571,-6.8957314],[112.1429761,-6.8956925],[112.1429975,-6.8956508],[112.1430186,-6.8956051],[112.1430419,-6.8955499],[112.1430609,-6.8954966],[112.1430783,-6.8954448],[112.1430956,-6.8953936],[112.143117,-6.8953396],[112.1431445,-6.8952929],[112.1431803,-6.8952561],[112.1432433,-6.8952137],[112.1433288,-6.8951614],[112.1434328,-6.8950901],[112.143502,-6.8950432],[112.1435454,-6.8950136],[112.143575,-6.8950056],[112.1436019,-6.8950088],[112.143626,-6.8950244],[112.1436285,-6.8950488],[112.1436114,-6.8950722],[112.1435813,-6.895094],[112.1435424,-6.895116],[112.1434963,-6.8951393],[112.1434496,-6.8951636],[112.1434058,-6.8951882],[112.1433675,-6.8952121],[112.1433279,-6.8952366],[112.1432943,-6.8952593],[112.1432653,-6.8952833],[112.1432395,-6.8953084],[112.143209,-6.8953416],[112.1431828,-6.8953744],[112.1431597,-6.8954107],[112.1431384,-6.8954528],[112.1431223,-6.895492],[112.1431069,-6.8955302],[112.1430929,-6.895569],[112.1430794,-6.8956053],[112.143065,-6.8956485],[112.1430472,-6.8956938],[112.1430265,-6.8957486],[112.1430083,-6.8957898],[112.1429907,-6.8958287],[112.1429738,-6.8958653],[112.1429562,-6.8959106],[112.1429378,-6.8959567],[112.1429182,-6.8960113],[112.1429019,-6.8960551],[112.1428868,-6.8960965],[112.1428706,-6.8961348],[112.1428517,-6.8961746],[112.1428302,-6.8962137],[112.1428132,-6.8962495],[112.1427997,-6.8962831],[112.1427857,-6.8963212],[112.1427675,-6.8963697],[112.1427432,-6.8964223],[112.1427233,-6.8964659],[112.1427056,-6.8965042],[112.1426897,-6.896541],[112.142673,-6.8965791],[112.1426577,-6.8966144],[112.1426453,-6.8966447],[112.1426364,-6.8966732],[112.1426292,-6.8967018],[112.1426239,-6.8967366],[112.1426203,-6.896781],[112.1426199,-6.8968481],[112.1426235,-6.8969149],[112.1426292,-6.8969954],[112.1426326,-6.897047],[112.1426353,-6.8970883],[112.1426376,-6.8971187],[112.1426381,-6.8971515],[112.1426379,-6.8971845],[112.1426372,-6.8972247],[112.1426381,-6.8972641],[112.1426408,-6.8972992],[112.1426457,-6.8973375],[112.1426518,-6.8973775],[112.1426599,-6.897427],[112.1426656,-6.8974631],[112.1426709,-6.8974947],[112.1426755,-6.897523],[112.1426791,-6.8975511],[112.1426804,-6.8975788],[112.1426789,-6.897607],[112.1426759,-6.8976364],[112.142674,-6.8976677],[112.1426738,-6.8977015],[112.142677,-6.8977398],[112.1426831,-6.8977832],[112.142695,-6.8978374],[112.1427013,-6.897879],[112.1427058,-6.897918],[112.1427087,-6.8979539],[112.1427119,-6.8979954],[112.142713,-6.898039],[112.1427127,-6.8980853],[112.142713,-6.8981301],[112.1427155,-6.8981739],[112.1427193,-6.8982164],[112.1427231,-6.8982571],[112.1427276,-6.8983009],[112.142735,-6.8983477],[112.1427436,-6.8983993],[112.1427534,-6.8984619],[112.1427591,-6.898503],[112.1427639,-6.8985355],[112.1427677,-6.8985594],[112.1427707,-6.8985839],[112.1427726,-6.8986099],[112.1427745,-6.8986391],[112.1427766,-6.8986782],[112.1427798,-6.8987235],[112.1427855,-6.8987808],[112.1427897,-6.8988206],[112.1427933,-6.898853],[112.1427965,-6.8988782],[112.1427995,-6.8989029],[112.1428024,-6.8989279],[112.1428054,-6.898955],[112.1428092,-6.8989856],[112.1428158,-6.8990214],[112.1428225,-6.8990618],[112.1428282,-6.8991011],[112.1428329,-6.8991439],[112.1428376,-6.899187],[112.1428424,-6.8992391],[112.1428481,-6.8992809],[112.1428534,-6.8993152],[112.1428598,-6.8993486],[112.1428672,-6.8993882],[112.1428731,-6.8994411],[112.1428788,-6.899491],[112.1428826,-6.899539],[112.142889,-6.8995826],[112.1428964,-6.8996272],[112.1429042,-6.8996786],[112.1429105,-6.8997328],[112.1429137,-6.8997853],[112.1429146,-6.8998278],[112.1429139,-6.8998693],[112.1429143,-6.8999033],[112.1429173,-6.8999291],[112.1429243,-6.8999501],[112.1429359,-6.8999685],[112.1429503,-6.8999829],[112.1429738,-6.8999955],[112.1430013,-6.9000036],[112.1430356,-6.9000078],[112.1430705,-6.9000093],[112.1431214,-6.9000114],[112.1431894,-6.900015],[112.1432683,-6.9000209],[112.1433302,-6.9000233],[112.1433762,-6.9000243],[112.1434113,-6.9000243],[112.1434354,-6.9000335],[112.1434517,-6.900057],[112.1434563,-6.9001097],[112.1434574,-6.9001647],[112.1434561,-6.9002217],[112.1434563,-6.9002627],[112.1434591,-6.9002985],[112.1434608,-6.9003245],[112.1434618,-6.9003505],[112.1434608,-6.9003772],[112.1434589,-6.9004252],[112.1434565,-6.9004937],[112.1434544,-6.9005995],[112.1434542,-6.9006649],[112.143457,-6.9007123],[112.1434629,-6.9007423],[112.143472,-6.9007759],[112.14348,-6.9008087],[112.1434857,-6.9008402],[112.1434906,-6.9008707],[112.1434953,-6.9008969],[112.1435056,-6.9009175],[112.1435274,-6.9009272],[112.1435758,-6.9009263],[112.1436548,-6.90092],[112.1437421,-6.9009096],[112.1438134,-6.900902],[112.1438716,-6.9008948],[112.1439268,-6.900887],[112.1439797,-6.9008773],[112.1440372,-6.9008656],[112.1440946,-6.9008536],[112.144157,-6.9008419],[112.1442196,-6.900835],[112.1442816,-6.900828],[112.1443402,-6.9008187],[112.1443905,-6.9008062],[112.1444337,-6.900791],[112.1444736,-6.9007747],[112.1445221,-6.9007573],[112.144572,-6.9007421],[112.1446147,-6.9007345],[112.1446412,-6.9007379],[112.1446645,-6.9007514],[112.1446901,-6.9007637],[112.144729,-6.9007694],[112.1447747,-6.9007668],[112.1448227,-6.9007573],[112.1448659,-6.9007446],[112.144902,-6.9007307],[112.1449283,-6.9007171],[112.1449498,-6.9007021],[112.1449687,-6.9006877],[112.144989,-6.9006748],[112.1450067,-6.900667],[112.1450247,-6.9006649],[112.1450433,-6.9006697],[112.145062,-6.9006837],[112.1450753,-6.9007034],[112.1450867,-6.9007239],[112.1451015,-6.9007393],[112.1451305,-6.9007486],[112.1451584,-6.9007493],[112.1451836,-6.900747],[112.1452001,-6.9007465],[112.1452151,-6.9007501],[112.1452344,-6.9007632],[112.1452684,-6.9007752],[112.1453192,-6.9007828],[112.1453875,-6.9007604],[112.1454222,-6.9007278],[112.1454368,-6.9006928],[112.1454366,-6.9006628],[112.145441,-6.9006405],[112.1454533,-6.9006245],[112.1454749,-6.9006116],[112.145502,-6.9005984],[112.1455331,-6.9005817],[112.1455614,-6.9005619],[112.1455904,-6.9005369],[112.1456192,-6.9005073],[112.1456484,-6.9004743],[112.145679,-6.9004392],[112.1457112,-6.9004062],[112.1457419,-6.9003793],[112.1457713,-6.9003594],[112.1458034,-6.9003412],[112.145839,-6.9003198],[112.1458798,-6.9002894],[112.1459187,-6.9002502],[112.1459549,-6.9002037],[112.1459887,-6.9001559],[112.1460192,-6.900111],[112.1460475,-6.9000629],[112.1460681,-6.9000124],[112.146081,-6.8999552],[112.146085,-6.8999136],[112.1460869,-6.8998771],[112.1460877,-6.8998453],[112.1460886,-6.8998109],[112.1460875,-6.8997709],[112.1460833,-6.8997252],[112.1460734,-6.8996755],[112.1460638,-6.8996258],[112.1460605,-6.8995773],[112.1460638,-6.8995333],[112.146071,-6.899484],[112.1460786,-6.8994271],[112.146088,-6.8993618],[112.1460958,-6.8993013],[112.1461038,-6.8992482],[112.1461108,-6.8991963],[112.146115,-6.899142],[112.146118,-6.8990789],[112.1461203,-6.8990101],[112.1461237,-6.8989248],[112.1461265,-6.8988055],[112.1461271,-6.8986879],[112.1461271,-6.8985801],[112.146126,-6.8985094],[112.1461269,-6.8984644],[112.1461296,-6.8984324],[112.1461336,-6.898402],[112.146136,-6.8983707],[112.1461356,-6.8983313],[112.1461296,-6.8982865],[112.1461205,-6.8982384],[112.1461119,-6.8981892],[112.1461106,-6.898142],[112.1461159,-6.8980885],[112.1461182,-6.8980481],[112.146115,-6.8980102],[112.1461025,-6.897973],[112.1460837,-6.8979323],[112.1460552,-6.8978843],[112.1460139,-6.8978297],[112.1459646,-6.8977688],[112.1459151,-6.897707],[112.1458694,-6.8976451],[112.1458307,-6.8975903],[112.1457939,-6.8975344],[112.1457567,-6.8974817],[112.1457239,-6.8974345],[112.1456909,-6.8973873],[112.1456551,-6.8973391],[112.1456272,-6.8973039],[112.1456001,-6.897271],[112.1455739,-6.8972402],[112.145546,-6.8972067],[112.1455166,-6.8971712],[112.1454874,-6.8971333],[112.1454578,-6.8970919],[112.1454296,-6.89705],[112.1454049,-6.8970119],[112.1453776,-6.8969696],[112.1453471,-6.896922],[112.1453112,-6.8968674],[112.1452682,-6.896804],[112.1452265,-6.8967464],[112.1451794,-6.8966834],[112.1451258,-6.8966106],[112.1450613,-6.8965215],[112.1450148,-6.8964572],[112.1449797,-6.8964111],[112.1449515,-6.8963768],[112.144927,-6.8963464],[112.1449029,-6.8963155],[112.1448775,-6.8962848],[112.1448521,-6.8962592],[112.1448081,-6.8962247],[112.1447582,-6.8961922],[112.1446924,-6.8961543],[112.1446412,-6.8961268],[112.1445999,-6.8961044],[112.1445572,-6.8960832],[112.1445094,-6.8960606],[112.1444618,-6.896039],[112.1444222,-6.896021],[112.1443835,-6.8960039],[112.1443455,-6.8959874],[112.1443012,-6.8959686],[112.1442619,-6.895951],[112.1442274,-6.8959337],[112.144195,-6.8959159],[112.1441741,-6.8959004],[112.1441656,-6.8958869],[112.1441735,-6.8958789],[112.1441969,-6.8958797],[112.1442314,-6.8958913],[112.1442706,-6.89591],[112.1443135,-6.8959322],[112.1443617,-6.8959565],[112.1444151,-6.8959823],[112.1444641,-6.8960037],[112.1445088,-6.8960229],[112.1445532,-6.8960428],[112.1445923,-6.8960635],[112.1446308,-6.8960849],[112.1446649,-6.8961025],[112.1446996,-6.8961175],[112.1447294,-6.8961274],[112.1447582,-6.8961357],[112.1447836,-6.8961439],[112.1448115,-6.8961592],[112.1448447,-6.8961831],[112.1448881,-6.8962207],[112.1449206,-6.8962525],[112.1449462,-6.8962802],[112.1449687,-6.8963068],[112.1449877,-6.8963301],[112.1450076,-6.896354],[112.1450273,-6.8963781],[112.1450501,-6.8964069],[112.1450755,-6.8964397],[112.1451017,-6.8964773],[112.1451212,-6.8965044],[112.1451394,-6.8965279],[112.1451576,-6.8965486],[112.145177,-6.8965704],[112.1451942,-6.8965909],[112.1452113,-6.896614],[112.1452314,-6.8966415],[112.1452553,-6.8966764],[112.1452782,-6.8967077],[112.1453018,-6.8967386],[112.1453251,-6.8967697],[112.1453471,-6.8967993],[112.1453689,-6.8968289],[112.1453882,-6.8968547],[112.1454076,-6.8968833],[112.1454271,-6.8969112],[112.1454501,-6.8969453],[112.145477,-6.8969838],[112.1455092,-6.8970328],[112.1455456,-6.8970883],[112.1455781,-6.8971346],[112.1456118,-6.8971792],[112.1456431,-6.8972163],[112.1456714,-6.8972495],[112.1456972,-6.8972804],[112.1457197,-6.8973089],[112.1457457,-6.897342],[112.1457761,-6.8973759],[112.1458125,-6.8974125],[112.145843,-6.8974434],[112.1458722,-6.8974739],[112.1458984,-6.8975042],[112.1459249,-6.8975361],[112.1459504,-6.8975687],[112.1459756,-6.8976004],[112.146001,-6.8976334],[112.146026,-6.8976669],[112.1460495,-6.8977007],[112.1460723,-6.897736],[112.1460918,-6.8977629],[112.14611,-6.8977874],[112.1461275,-6.8978122],[112.1461461,-6.8978393],[112.1461656,-6.8978674],[112.1461878,-6.8978957],[112.1462115,-6.8979199],[112.1462377,-6.8979378],[112.1462608,-6.8979463],[112.1462879,-6.8979507],[112.1463297,-6.8979552],[112.1463856,-6.8979615],[112.1464529,-6.8979685],[112.1465085,-6.897974],[112.1465569,-6.8979787],[112.1466001,-6.8979818],[112.1466384,-6.8979863],[112.1466765,-6.8979918],[112.146719,-6.8979983],[112.146766,-6.8980038],[112.1468127,-6.8980093],[112.146854,-6.8980138],[112.1469026,-6.8980206],[112.1469523,-6.8980271],[112.1470158,-6.898036],[112.1470666,-6.8980392],[112.1471036,-6.8980383],[112.1471304,-6.8980311],[112.1471531,-6.8980208],[112.1471742,-6.8980043],[112.1471886,-6.8979823],[112.1471943,-6.8979484],[112.1471895,-6.8979099],[112.147181,-6.8978697],[112.1471725,-6.8978264],[112.1471677,-6.897787],[112.1471673,-6.8977483],[112.1471709,-6.8977191],[112.1471812,-6.8976979],[112.1471939,-6.8976908],[112.1472119,-6.8976924],[112.1472322,-6.8976912],[112.1472563,-6.8976715],[112.1472751,-6.8976238],[112.1472726,-6.8975493],[112.1472625,-6.8974823],[112.1472546,-6.8974334],[112.1472618,-6.8974079],[112.1472819,-6.8973935],[112.1473062,-6.8973821],[112.1473318,-6.8973724],[112.1473547,-6.8973646],[112.1473777,-6.8973588],[112.1474042,-6.8973536],[112.1474279,-6.8973474],[112.1474531,-6.8973362],[112.1474767,-6.8973241],[112.1475051,-6.8973119],[112.1475377,-6.8973021],[112.1475667,-6.897292],[112.1475923,-6.8972806],[112.1476185,-6.8972679],[112.1476498,-6.8972548],[112.1476845,-6.897241],[112.1477181,-6.8972264],[112.1477456,-6.8972144],[112.147771,-6.8972031],[112.1477977,-6.8971917],[112.1478285,-6.897182],[112.14787,-6.897175],[112.1479216,-6.897175],[112.1479766,-6.8971801],[112.1480363,-6.8971924],[112.1480845,-6.8972019],[112.1481292,-6.8972093],[112.1481799,-6.8972125],[112.1482254,-6.8972057],[112.1482692,-6.8971932],[112.1483047,-6.8971835],[112.1483267,-6.8971866],[112.148336,-6.8971987],[112.1483363,-6.897215],[112.1483295,-6.8972349],[112.1483202,-6.8972567],[112.1483109,-6.897281],[112.1483075,-6.8973076],[112.1483128,-6.8973335],[112.1483282,-6.8973639],[112.1483458,-6.8973946],[112.1483597,-6.8974255],[112.1483661,-6.8974517],[112.1483693,-6.8974731],[112.1483718,-6.8974932],[112.1483765,-6.8975128],[112.1483851,-6.8975321],[112.1483995,-6.8975524],[112.1484238,-6.8975772],[112.1484596,-6.8976083],[112.1485078,-6.8976482],[112.1485497,-6.8976825],[112.1485897,-6.8977136],[112.1486257,-6.8977392],[112.148669,-6.8977635],[112.1487113,-6.8977843],[112.1487551,-6.8978046],[112.1487873,-6.8978202],[112.1488171,-6.8978365],[112.148844,-6.8978524],[112.1488689,-6.8978682],[112.1488869,-6.8978829],[112.1488996,-6.8978971],[112.1489098,-6.8979149],[112.1489254,-6.8979394],[112.148947,-6.8979715],[112.1489753,-6.8980055],[112.1490071,-6.8980307],[112.1490401,-6.8980447],[112.1490737,-6.8980508],[112.1491054,-6.8980563],[112.1491439,-6.8980665],[112.149186,-6.8980785],[112.1492368,-6.8980893],[112.1492817,-6.8980961],[112.1493343,-6.8980986],[112.1493883,-6.8980982],[112.1494448,-6.8980927],[112.1494871,-6.8980825],[112.1495203,-6.8980658],[112.1495446,-6.8980468],[112.1495708,-6.8980203],[112.1495947,-6.8979931],[112.1496167,-6.8979607],[112.1496377,-6.8979254],[112.1496591,-6.8978871],[112.1496825,-6.8978526],[112.1497054,-6.8978247],[112.1497306,-6.8977995],[112.1497538,-6.8977739],[112.1497735,-6.8977462],[112.149787,-6.8977161],[112.1497947,-6.8976853],[112.1497972,-6.8976548],[112.1497959,-6.89762],[112.1497927,-6.8975838],[112.1497908,-6.8975343],[112.1497862,-6.8975009],[112.1497803,-6.8974729],[112.1497773,-6.8974536],[112.1497798,-6.8974339],[112.1497902,-6.8974166],[112.1498016,-6.8973963],[112.1498105,-6.8973715],[112.1498156,-6.8973421],[112.149816,-6.8973087],[112.1498118,-6.8972672],[112.1498052,-6.8972235],[112.1497999,-6.8971801],[112.1497985,-6.8971435],[112.1498014,-6.8971134],[112.1498116,-6.8970925],[112.1498304,-6.8970775],[112.1498571,-6.8970697],[112.1498884,-6.8970701],[112.1499216,-6.8970743],[112.1499571,-6.8970781],[112.1499973,-6.8970792],[112.1500375,-6.8970777],[112.1500771,-6.8970743],[112.1501154,-6.8970673],[112.1501488,-6.8970576],[112.1501879,-6.8970447],[112.150226,-6.8970345],[112.1502664,-6.8970257],[112.1503053,-6.8970189],[112.1503457,-6.897014],[112.1503893,-6.8970108],[112.1504392,-6.8970081],[112.1504788,-6.8970053],[112.1505133,-6.8970022],[112.1505412,-6.8970005],[112.1505744,-6.8969988],[112.1506125,-6.8969958],[112.1506516,-6.8969891],[112.1506798,-6.8969766],[112.1506994,-6.8969571],[112.1507185,-6.8969319],[112.150742,-6.8969074],[112.1507707,-6.8968803],[112.1507978,-6.8968524],[112.1508268,-6.8968221],[112.1508608,-6.896797],[112.1509034,-6.8967794],[112.1509543,-6.8967686],[112.1510132,-6.8967602],[112.1510709,-6.8967483],[112.1511191,-6.8967365],[112.1511682,-6.8967274],[112.151223,-6.8967286],[112.1512922,-6.8967405],[112.15137,-6.896761],[112.1514371,-6.8967788],[112.1515001,-6.8967953],[112.1515539,-6.8968059],[112.1516,-6.8968126],[112.151644,-6.8968173],[112.1516939,-6.8968232],[112.151744,-6.8968303],[112.1517948,-6.8968377],[112.1518517,-6.8968417],[112.1518983,-6.8968504],[112.1519459,-6.8968604],[112.1519977,-6.8968744],[112.152048,-6.8968865],[112.1520969,-6.8968998],[112.1521521,-6.8969137],[112.1522082,-6.8969258],[112.1522642,-6.896936],[112.152312,-6.8969432],[112.1523632,-6.8969487],[112.1524036,-6.8969522],[112.1524436,-6.8969561],[112.1524804,-6.8969613],[112.1525215,-6.8969688],[112.1525596,-6.8969753],[112.1525995,-6.8969776],[112.1526408,-6.896974],[112.1526884,-6.8969641],[112.1527368,-6.8969546],[112.1527853,-6.8969482],[112.1528339,-6.896951],[112.1528794,-6.8969622],[112.1529304,-6.8969819],[112.152982,-6.8970041],[112.1530237,-6.8970225],[112.1530594,-6.8970369],[112.1530907,-6.8970468],[112.1531166,-6.8970529],[112.1531424,-6.8970565],[112.1531667,-6.8970584],[112.1531955,-6.8970623],[112.1532211,-6.8970711],[112.1532433,-6.8970881],[112.1532583,-6.8971094],[112.153267,-6.8971333],[112.153268,-6.8971551],[112.1532646,-6.897175],[112.1532587,-6.8971979],[112.1532534,-6.8972226],[112.1532494,-6.8972524],[112.1532462,-6.8972787],[112.1532424,-6.8973076],[112.153239,-6.8973379],[112.1532354,-6.8973728],[112.1532323,-6.8974106],[112.1532312,-6.8974505],[112.1532266,-6.8974884],[112.153223,-6.8975223],[112.15322,-6.8975545],[112.1532206,-6.8975901],[112.1532206,-6.8976205],[112.1532187,-6.8976465],[112.1532168,-6.8976643],[112.1532168,-6.8976838],[112.15322,-6.8977062],[112.153227,-6.897729],[112.1532346,-6.8977515],[112.1532388,-6.897772],[112.1532399,-6.8977879],[112.1532388,-6.8978046],[112.1532382,-6.8978223],[112.1532386,-6.8978505],[112.1532405,-6.8978907],[112.1532412,-6.8979258],[112.153242,-6.8979556],[112.1532437,-6.8979816],[112.1532462,-6.8980112],[112.15325,-6.8980428],[112.1532553,-6.8980787],[112.1532642,-6.8981132],[112.1532816,-6.8981538],[112.153305,-6.898182],[112.1533433,-6.8982109],[112.1533966,-6.8982365],[112.1534584,-6.8982577],[112.1535337,-6.8982714],[112.1535949,-6.8982704],[112.1536433,-6.8982647],[112.1536877,-6.8982541],[112.1537332,-6.8982425],[112.1537802,-6.8982258],[112.153817,-6.8982082],[112.1538481,-6.89819],[112.1538768,-6.8981724],[112.1539037,-6.8981572],[112.1539297,-6.8981445],[112.153953,-6.8981339],[112.153972,-6.8981268],[112.1539898,-6.8981238],[112.1540089,-6.8981234],[112.1540304,-6.8981219],[112.1540522,-6.8981151],[112.1540725,-6.8981039],[112.1540918,-6.8980908],[112.1541136,-6.898076],[112.1541417,-6.8980578],[112.1541677,-6.8980402],[112.1541895,-6.8980242],[112.1542077,-6.8980089],[112.1542223,-6.897992],[112.1542373,-6.8979679],[112.1542458,-6.8979315],[112.1542407,-6.8978828],[112.1542185,-6.8978168],[112.1541855,-6.8977405],[112.1541478,-6.8976704],[112.1541112,-6.8976097],[112.1540698,-6.8975475],[112.1540338,-6.8974913],[112.1540031,-6.8974395],[112.1539788,-6.8974008],[112.1539568,-6.8973742],[112.1539359,-6.8973583],[112.1539124,-6.8973483],[112.1538878,-6.8973421],[112.1538589,-6.8973381],[112.1538244,-6.8973326],[112.1537876,-6.8973252],[112.1537544,-6.8973163],[112.1537355,-6.8973089],[112.153726,-6.8973007],[112.1537252,-6.8972899],[112.1537351,-6.897282],[112.1537539,-6.8972787],[112.1537772,-6.8972812],[112.1538015,-6.8972859],[112.1538276,-6.8972905],[112.1538481,-6.897292],[112.1538663,-6.8972886],[112.1538796,-6.8972763],[112.1538855,-6.89726],[112.153884,-6.897238],[112.1538762,-6.8972118],[112.1538665,-6.8971835],[112.1538589,-6.8971562],[112.1538578,-6.8971335],[112.1538633,-6.8971183],[112.1538747,-6.8971122],[112.1538872,-6.897118],[112.1539016,-6.8971362],[112.1539177,-6.8971658],[112.1539299,-6.8971929],[112.1539437,-6.8972213],[112.1539555,-6.8972459],[112.153968,-6.897271],[112.1539816,-6.8972956],[112.1539951,-6.8973186],[112.1540095,-6.89734],[112.1540201,-6.8973559],[112.1540304,-6.8973711],[112.1540376,-6.8973838],[112.1540488,-6.8974026],[112.1540628,-6.8974276],[112.1540823,-6.8974617],[112.154103,-6.8975027],[112.1541241,-6.8975429],[112.1541474,-6.8975886],[112.1541705,-6.8976309],[112.1541946,-6.8976726],[112.1542179,-6.8977077],[112.1542435,-6.8977381],[112.1542695,-6.8977648],[112.1543006,-6.8977893],[112.1543277,-6.8978069],[112.1543613,-6.8978215],[112.1543989,-6.8978344],[112.1544345,-6.8978467],[112.154466,-6.8978594],[112.1544933,-6.8978716],[112.1545223,-6.8978843],[112.1545538,-6.897896],[112.154595,-6.8979099],[112.1546352,-6.8979237],[112.154678,-6.8979385],[112.1547152,-6.8979533],[112.1547592,-6.8979717],[112.1548064,-6.8979884],[112.1548493,-6.8980017],[112.1548861,-6.8980102],[112.1549204,-6.8980155],[112.1549587,-6.8980159],[112.1549879,-6.898011],[112.1550139,-6.898],[112.1550391,-6.8979892],[112.155071,-6.8979806],[112.1551061,-6.8979734],[112.1551449,-6.8979651],[112.1551861,-6.8979531],[112.1552265,-6.8979385],[112.1552699,-6.897919],[112.1553033,-6.8979036],[112.155335,-6.8978924],[112.155367,-6.8978845],[112.1554048,-6.8978761],[112.1554425,-6.8978646],[112.1554749,-6.8978496],[112.1555005,-6.8978342],[112.155528,-6.8978126],[112.1555559,-6.8977874],[112.15558,-6.8977593],[112.1556001,-6.8977322],[112.1556177,-6.8977034],[112.155635,-6.897673],[112.155653,-6.8976457],[112.1556684,-6.8976241],[112.1556849,-6.8976032],[112.1557019,-6.8975824],[112.1557217,-6.8975592],[112.1557431,-6.8975337],[112.155767,-6.8975077],[112.1557935,-6.8974838],[112.1558182,-6.8974683],[112.1558423,-6.8974585],[112.1558709,-6.8974521],[112.1559064,-6.8974473],[112.1559462,-6.8974447],[112.1559832,-6.8974445],[112.1560236,-6.8974468],[112.1560653,-6.8974523],[112.1561125,-6.8974623],[112.1561637,-6.8974767],[112.1562206,-6.8974923],[112.1562764,-6.8975048],[112.1563276,-6.8975133],[112.1563703,-6.8975213],[112.1564078,-6.8975315],[112.1564452,-6.8975444],[112.1564799,-6.8975573],[112.156504,-6.8975668],[112.1565233,-6.8975763],[112.1565385,-6.8975871],[112.1565561,-6.8976034],[112.1565766,-6.8976252],[112.1565973,-6.8976489],[112.1566149,-6.8976713],[112.1566276,-6.8976929],[112.1566331,-6.897713],[112.1566316,-6.897735],[112.1566246,-6.8977561],[112.156617,-6.8977756],[112.1566115,-6.8977938],[112.1566102,-6.8978126],[112.1566174,-6.8978329],[112.1566358,-6.89785],[112.1566631,-6.897863],[112.1566938,-6.8978697],[112.1567196,-6.8978689],[112.1567369,-6.8978553],[112.1567492,-6.8978333],[112.1567634,-6.8978012],[112.1567773,-6.8977669],[112.1567926,-6.8977384],[112.1568095,-6.8977191],[112.156829,-6.8977147],[112.1568586,-6.8977231],[112.1568916,-6.8977367],[112.1569271,-6.8977502],[112.1569582,-6.8977604],[112.1569815,-6.8977661],[112.1570033,-6.8977695],[112.1570249,-6.8977714],[112.1570483,-6.8977667],[112.1570744,-6.897754],[112.1571021,-6.8977274],[112.1571194,-6.8977028],[112.1571353,-6.897677],[112.1571492,-6.8976554],[112.1571674,-6.8976322],[112.157188,-6.8976085],[112.1572087,-6.8975848],[112.1572288,-6.8975623],[112.1572472,-6.8975403],[112.1572656,-6.8975173],[112.1572823,-6.8974934],[112.1572971,-6.8974682],[112.1573126,-6.8974386],[112.1573305,-6.8974056],[112.1573494,-6.8973739],[112.1573707,-6.8973394],[112.1573944,-6.8972994],[112.1574262,-6.897244],[112.1574524,-6.8971981],[112.1574812,-6.8971512],[112.1575127,-6.8971047],[112.1575525,-6.8970482],[112.1575893,-6.8969947],[112.1576174,-6.8969539],[112.1576402,-6.8969195],[112.1576673,-6.896878],[112.1576912,-6.8968435],[112.1577175,-6.8968118],[112.1577437,-6.8967851],[112.1577765,-6.8967576],[112.1578086,-6.896731],[112.157838,-6.8967092],[112.1578687,-6.8966874],[112.1578916,-6.8966694],[112.1579138,-6.8966474],[112.1579339,-6.8966216],[112.1579578,-6.8965894],[112.15798,-6.8965643],[112.1580009,-6.8965423],[112.1580208,-6.8965243],[112.1580418,-6.8965055],[112.1580537,-6.8964949],[112.1580654,-6.8964939],[112.158075,-6.8964957],[112.1580779,-6.8965023],[112.1580773,-6.8965082],[112.1580679,-6.896526],[112.158061,-6.896534],[112.158042,-6.8965569],[112.1580234,-6.8965784],[112.1580096,-6.896596],[112.1579982,-6.8966108],[112.1579868,-6.8966271],[112.1579713,-6.8966487],[112.1579495,-6.8966736],[112.1579243,-6.8966982],[112.1578943,-6.8967204],[112.157867,-6.8967382],[112.1578361,-6.8967555],[112.1578065,-6.8967731],[112.1577775,-6.8967923],[112.1577532,-6.8968137],[112.157734,-6.8968384],[112.1577166,-6.8968731],[112.1576997,-6.8969112],[112.1576787,-6.8969554],[112.1576601,-6.8969897],[112.1576415,-6.897021],[112.1576254,-6.8970509],[112.1576094,-6.8970829],[112.1575867,-6.8971178],[112.1575658,-6.8971457],[112.1575442,-6.8971701],[112.1575235,-6.8971947],[112.1575034,-6.8972192],[112.1574858,-6.8972446],[112.1574699,-6.897271],[112.1574556,-6.8972996],[112.1574382,-6.8973316],[112.1574181,-6.8973646],[112.1573972,-6.8973965],[112.1573745,-6.8974331],[112.1573547,-6.8974659],[112.1573278,-6.8975086],[112.1573001,-6.897548],[112.1572656,-6.8975943],[112.1572347,-6.8976381],[112.1572104,-6.897674],[112.1571916,-6.8977123],[112.1571791,-6.8977568],[112.1571723,-6.8978126],[112.1571696,-6.8978591],[112.1571666,-6.8978902],[112.1571632,-6.8979122],[112.1571596,-6.8979302],[112.1571583,-6.8979469],[112.1571619,-6.8979624],[112.1571765,-6.8979759],[112.1572021,-6.8979865],[112.1572362,-6.8979952],[112.1572698,-6.8980013],[112.1573016,-6.8980053],[112.157332,-6.8980062],[112.1573547,-6.8979996],[112.1573728,-6.8979869],[112.1573864,-6.8979672],[112.157398,-6.8979446],[112.1574071,-6.8979175],[112.1574143,-6.8978907],[112.1574202,-6.897864],[112.1574264,-6.8978369],[112.157434,-6.8978063],[112.1574452,-6.8977701],[112.1574562,-6.8977371],[112.1574668,-6.8977079],[112.1574763,-6.897685],[112.1574869,-6.8976679],[112.1575,-6.8976531],[112.1575165,-6.897644],[112.1575353,-6.8976381],[112.157556,-6.8976326],[112.1575772,-6.8976222],[112.1575943,-6.897607],[112.1576091,-6.8975877],[112.1576225,-6.8975653],[112.1576379,-6.8975416],[112.157654,-6.8975186],[112.1576722,-6.897494],[112.157691,-6.8974688],[112.1577075,-6.8974473],[112.1577221,-6.8974289],[112.157735,-6.8974143],[112.1577481,-6.8974016],[112.1577642,-6.8973916],[112.1577803,-6.8973859],[112.1577987,-6.8973868],[112.1578069,-6.8973933],[112.1578088,-6.8974081],[112.1578033,-6.8974257],[112.1577923,-6.8974464],[112.1577792,-6.8974674],[112.1577629,-6.89749],[112.157746,-6.8975126],[112.1577306,-6.8975327],[112.1577156,-6.8975537],[112.1577003,-6.8975778],[112.1576859,-6.8976047],[112.1576686,-6.8976389],[112.1576555,-6.8976662],[112.1576462,-6.8976901],[112.1576411,-6.8977089],[112.1576369,-6.8977284],[112.1576314,-6.8977494],[112.1576254,-6.8977709],[112.1576185,-6.897794],[112.1576104,-6.8978168],[112.1576032,-6.8978388],[112.157596,-6.8978625],[112.1575899,-6.8978879],[112.1575823,-6.8979196],[112.1575755,-6.8979469],[112.15757,-6.8979696],[112.1575656,-6.8979856],[112.1575607,-6.8980066],[112.1575554,-6.8980313],[112.1575499,-6.8980603],[112.1575425,-6.8980899],[112.1575345,-6.898117],[112.1575277,-6.8981403],[112.1575239,-6.898161],[112.157523,-6.8981794],[112.1575247,-6.8981963],[112.1575338,-6.8982114],[112.1575563,-6.8982245],[112.1575956,-6.8982374],[112.1576498,-6.8982467],[112.1576944,-6.8982505],[112.1577325,-6.8982505],[112.1577564,-6.8982454],[112.1577727,-6.8982357],[112.1577856,-6.8982205],[112.1578014,-6.8981936],[112.1578133,-6.8981669],[112.1578237,-6.8981378],[112.1578323,-6.8981098],[112.1578402,-6.898084],[112.1578482,-6.8980578],[112.1578558,-6.8980284],[112.1578641,-6.8979962],[112.1578713,-6.8979632],[112.1578782,-6.897934],[112.1578856,-6.8979059],[112.1578943,-6.897878],[112.1579047,-6.8978517],[112.157915,-6.8978278],[112.1579263,-6.897805],[112.157937,-6.8977876],[112.1579466,-6.8977792],[112.1579525,-6.8977819],[112.1579523,-6.8977978],[112.1579463,-6.8978225],[112.1579389,-6.8978505],[112.1579294,-6.8978801],[112.157922,-6.897907],[112.1579133,-6.8979366],[112.1579047,-6.8979645],[112.1578941,-6.8979952],[112.1578865,-6.8980203],[112.1578808,-6.8980434],[112.1578768,-6.8980646],[112.1578713,-6.8980857],[112.1578643,-6.8981058],[112.1578543,-6.8981299],[112.1578431,-6.8981566],[112.1578319,-6.8981866],[112.1578198,-6.8982173],[112.1578091,-6.8982461],[112.1578,-6.8982721],[112.1577949,-6.8982947],[112.1577968,-6.8983127],[112.1578069,-6.8983273],[112.1578294,-6.8983347],[112.1578567,-6.8983366],[112.1578884,-6.8983336],[112.1579127,-6.8983239],[112.1579307,-6.8983085],[112.157944,-6.8982865],[112.1579535,-6.8982636],[112.1579626,-6.8982401],[112.1579724,-6.8982154],[112.1579834,-6.8981875],[112.1579925,-6.89816],[112.1580014,-6.8981284],[112.1580081,-6.898099],[112.1580172,-6.8980624],[112.1580265,-6.8980248],[112.1580424,-6.8979799],[112.1580574,-6.8979459],[112.1580758,-6.8979118],[112.1580913,-6.8978858],[112.1581065,-6.8978602],[112.15812,-6.8978393],[112.1581321,-6.8978204],[112.1581429,-6.8978082],[112.1581526,-6.8978012],[112.1581613,-6.8978029],[112.1581636,-6.8978115],[112.1581609,-6.8978302],[112.1581554,-6.8978505],[112.1581496,-6.8978725],[112.1581446,-6.8978907],[112.1581384,-6.8979103],[112.1581295,-6.8979319],[112.158116,-6.8979584],[112.1580993,-6.897988],[112.1580817,-6.8980184],[112.1580646,-6.8980491],[112.1580515,-6.8980779],[112.1580394,-6.8981098],[112.1580255,-6.8981494],[112.1580157,-6.8981826],[112.1580085,-6.898212],[112.1580037,-6.8982374],[112.1579975,-6.8982624],[112.1579887,-6.8982901],[112.1579783,-6.8983201],[112.1579664,-6.8983552],[112.1579535,-6.898399],[112.1579438,-6.8984417],[112.1579375,-6.8984735],[112.1579356,-6.8984953],[112.1579379,-6.8985099],[112.1579457,-6.898523],[112.1579616,-6.8985333],[112.1579857,-6.898541],[112.1580151,-6.8985424],[112.1580396,-6.8985378],[112.1580583,-6.8985251],[112.1580724,-6.8985052],[112.1580851,-6.8984807],[112.1580972,-6.8984534],[112.1581082,-6.8984255],[112.158119,-6.8983963],[112.1581298,-6.8983652],[112.1581435,-6.8983245],[112.158159,-6.8982789],[112.1581776,-6.8982306],[112.1581941,-6.8981898],[112.1582089,-6.8981528],[112.1582216,-6.8981193],[112.158233,-6.898088],[112.1582463,-6.8980561],[112.1582603,-6.8980225],[112.1582768,-6.8979806],[112.1582914,-6.8979397],[112.1583051,-6.8979],[112.1583197,-6.8978615],[112.1583339,-6.8978264],[112.1583489,-6.8977874],[112.158362,-6.8977513],[112.158376,-6.8977138],[112.1583895,-6.8976899],[112.1583986,-6.8976844],[112.1584001,-6.8976979],[112.1583906,-6.8977293],[112.1583764,-6.8977714],[112.1583648,-6.8978105],[112.1583563,-6.8978352],[112.1583498,-6.8978536],[112.1583436,-6.8978716],[112.1583379,-6.8978926],[112.1583326,-6.897918],[112.1583271,-6.8979433],[112.1583197,-6.8979687],[112.1583108,-6.8979947],[112.1583001,-6.8980225],[112.158288,-6.8980572],[112.1582761,-6.8980965],[112.1582594,-6.8981445],[112.1582459,-6.8981796],[112.1582338,-6.898208],[112.1582237,-6.8982323],[112.1582137,-6.8982579],[112.1582017,-6.8982909],[112.158189,-6.8983294],[112.1581761,-6.8983755],[112.1581647,-6.8984149],[112.1581596,-6.8984439],[112.158164,-6.8984621],[112.1581826,-6.8984743],[112.1582087,-6.898483],[112.1582402,-6.8984891],[112.1582679,-6.8984908],[112.1582937,-6.8984887],[112.1583178,-6.8984811],[112.1583394,-6.8984697],[112.1583589,-6.8984551],[112.1583756,-6.898439],[112.158391,-6.8984191],[112.1584033,-6.8983952],[112.1584139,-6.8983664],[112.1584236,-6.8983349],[112.1584333,-6.8982989],[112.1584431,-6.898264],[112.1584541,-6.8982291],[112.1584655,-6.8981949],[112.158475,-6.8981627],[112.1584839,-6.8981295],[112.1584909,-6.8980967],[112.1584976,-6.8980612],[112.1585053,-6.898029],[112.1585167,-6.897992],[112.1585321,-6.8979474],[112.1585497,-6.8978987],[112.1585662,-6.8978494],[112.1585827,-6.8978003],[112.1585956,-6.8977589],[112.15861,-6.8977159],[112.1586233,-6.897681],[112.1586394,-6.8976446],[112.1586584,-6.897608],[112.1586785,-6.8975738],[112.158705,-6.8975316],[112.1587297,-6.8974905],[112.1587621,-6.8974326],[112.1587866,-6.8973848],[112.1588145,-6.8973294],[112.1588302,-6.8972897],[112.1588461,-6.8972543],[112.1588604,-6.8972247],[112.1588776,-6.897196],[112.1588937,-6.8971735],[112.1589059,-6.8971634],[112.158915,-6.8971676],[112.1589182,-6.8971841],[112.1589159,-6.897205],[112.1589089,-6.89723],[112.1589008,-6.897256],[112.1588903,-6.8972848],[112.1588769,-6.8973146],[112.1588583,-6.8973493],[112.1588372,-6.897391],[112.1588179,-6.8974308],[112.1587995,-6.8974731],[112.1587872,-6.8975063],[112.1587784,-6.8975361],[112.1587746,-6.8975598],[112.1587737,-6.8975808],[112.1587758,-6.8976002],[112.1587813,-6.8976173],[112.1587949,-6.8976317],[112.1588186,-6.8976446],[112.1588617,-6.8976599],[112.1589108,-6.8976717],[112.1589622,-6.8976802],[112.1590102,-6.897685],[112.1590502,-6.8976878],[112.1590868,-6.8976908],[112.159116,-6.897696],[112.1591422,-6.8977032],[112.1591632,-6.8977134],[112.1591805,-6.897729],[112.1591909,-6.8977494],[112.1591943,-6.8977733],[112.1591915,-6.8977974],[112.1591852,-6.8978219],[112.1591773,-6.8978475],[112.1591695,-6.8978756],[112.1591617,-6.8979061],[112.1591551,-6.8979387],[112.1591481,-6.8979754],[112.159139,-6.898016],[112.1591276,-6.8980668],[112.1591198,-6.8981051],[112.1591145,-6.898138],[112.1591101,-6.8981663],[112.1591048,-6.8981925],[112.1590967,-6.8982192],[112.1590862,-6.8982473],[112.1590773,-6.8982746],[112.1590718,-6.8983032],[112.1590686,-6.8983332],[112.1590665,-6.8983669],[112.1590667,-6.8983905],[112.1590815,-6.8984096],[112.1591107,-6.8984261],[112.1591613,-6.8984544],[112.159183,-6.8984849],[112.1591913,-6.8985206],[112.1591974,-6.8985452],[112.1592213,-6.8985644],[112.1592507,-6.898578],[112.1592869,-6.8985919],[112.1593214,-6.8986055],[112.1593578,-6.8986199],[112.1593893,-6.8986334],[112.1594253,-6.8986491],[112.1594587,-6.8986666],[112.1594968,-6.8986865],[112.15953,-6.8987051],[112.1595645,-6.8987239],[112.1596004,-6.898744],[112.1596406,-6.8987646],[112.1596732,-6.8987798],[112.1597007,-6.8987885],[112.1597216,-6.8987904],[112.1597392,-6.8987832],[112.1597876,-6.8987324],[112.1599974,-6.8987639],[112.1599891,-6.898829],[112.1599953,-6.8988646],[112.1600667,-6.8988644],[112.1601672,-6.8988724],[112.1601894,-6.8988784],[112.16022,-6.8988803],[112.1602579,-6.8988801],[112.1603074,-6.898879],[112.1603624,-6.8988767],[112.1604261,-6.8988758],[112.1604855,-6.8988769],[112.1605435,-6.8988799],[112.1606046,-6.8988809],[112.1606789,-6.8988807],[112.1607739,-6.8988779],[112.1608579,-6.8988767],[112.1609393,-6.898876],[112.1609977,-6.8988752],[112.161059,-6.8988748],[112.1611178,-6.8988752],[112.161187,-6.8988771],[112.1612482,-6.8988775],[112.1613015,-6.8988777],[112.1613474,-6.8988775],[112.161395,-6.8988771],[112.1614491,-6.898876],[112.1615177,-6.8988735],[112.1616107,-6.8988712],[112.1617148,-6.8988695],[112.1618274,-6.8988697],[112.1619361,-6.8988705],[112.1620387,-6.8988698],[112.1621191,-6.8988759],[112.1622197,-6.8988758],[112.16221,-6.8989828],[112.1624159,-6.898956],[112.1624529,-6.8989552],[112.1624969,-6.8989482],[112.1625475,-6.8989391],[112.1626056,-6.8989308],[112.1626689,-6.8989249],[112.1627324,-6.8989188],[112.1627888,-6.8989137],[112.1628462,-6.8989086],[112.1629094,-6.898905],[112.1629911,-6.8989006],[112.1630778,-6.8988957],[112.1631447,-6.8988887],[112.1631942,-6.8988737],[112.1632335,-6.8988693],[112.1632784,-6.8988646],[112.1633361,-6.8988581],[112.1633949,-6.8988494],[112.1634501,-6.8988399],[112.1635066,-6.898832],[112.1635565,-6.8988278],[112.1636043,-6.8988242],[112.1636503,-6.8988198],[112.1636945,-6.8988128],[112.1637408,-6.898805],[112.1637901,-6.8987954],[112.1638381,-6.8987868],[112.1638889,-6.8987775],[112.1639439,-6.898769],[112.1640031,-6.898761],[112.1640615,-6.8987536],[112.1641159,-6.8987459],[112.1641738,-6.8987373],[112.1642316,-6.8987288],[112.1642961,-6.8987206],[112.1643549,-6.8987136],[112.1644105,-6.8987074],[112.1644749,-6.8987034],[112.1645461,-6.8987],[112.1646325,-6.8986967],[112.1647095,-6.8986935],[112.1647962,-6.8986921],[112.1648685,-6.898693],[112.1649455,-6.8986961],[112.1649929,-6.8986985],[112.1650312,-6.8986996],[112.1650661,-6.8987],[112.1651086,-6.8987009],[112.1651546,-6.898703],[112.1652024,-6.8987074],[112.1652574,-6.8987151],[112.1653198,-6.8987275],[112.1653868,-6.8987423],[112.1654547,-6.8987561],[112.1655199,-6.8987663],[112.1655812,-6.8987739],[112.1656339,-6.8987792],[112.1656896,-6.8987847],[112.1657414,-6.8987895],[112.1657881,-6.8987929],[112.1658307,-6.8987927],[112.165877,-6.8987895],[112.1659305,-6.8987825],[112.1659954,-6.8987764],[112.1660693,-6.8987696],[112.1661505,-6.8987658],[112.1662256,-6.8987637],[112.1662806,-6.898765],[112.1662996,-6.8987654],[112.1663529,-6.8987704],[112.1663962,-6.8987712],[112.1664512,-6.89877],[112.166503,-6.8987696],[112.1665646,-6.8987703],[112.1666284,-6.8987716],[112.1666976,-6.8987737],[112.1667656,-6.8987712],[112.1668327,-6.8987652],[112.166893,-6.8987559],[112.1669374,-6.8987462],[112.1669684,-6.8987363],[112.166995,-6.8987261],[112.1670198,-6.8987164],[112.1670434,-6.8987062],[112.1670614,-6.8986949],[112.1670746,-6.8986803],[112.1670822,-6.8986632],[112.1670859,-6.8986433],[112.1670871,-6.8986227],[112.1670885,-6.898603],[112.1670929,-6.8985854],[112.167104,-6.8985676],[112.1671213,-6.8985505],[112.1671438,-6.8985341],[112.1671697,-6.8985207],[112.1672004,-6.8985075],[112.1672307,-6.8984959],[112.1672571,-6.8984837],[112.1672782,-6.8984712],[112.1672962,-6.8984587],[112.1673115,-6.898448],[112.1673274,-6.8984374],[112.1673418,-6.8984263],[112.1673584,-6.8984096],[112.1673698,-6.8983898],[112.1673832,-6.8983678],[112.1673973,-6.8983463],[112.1674098,-6.8983206],[112.167416,-6.8982889],[112.1674179,-6.8982521],[112.1674165,-6.8982096],[112.1674163,-6.898167],[112.16742,-6.8981286],[112.1674297,-6.898096],[112.1674449,-6.8980689],[112.1674632,-6.8980421],[112.167482,-6.8980171],[112.1675023,-6.8979919],[112.1675252,-6.8979683],[112.1675523,-6.897944],[112.1675837,-6.8979197],[112.1676163,-6.8978978],[112.1676536,-6.8978798],[112.1676961,-6.8978646],[112.1677487,-6.8978486],[112.1678079,-6.8978287],[112.1678805,-6.8978015],[112.1679739,-6.897762],[112.1680403,-6.8977317],[112.1680926,-6.8977058],[112.1681326,-6.8976852],[112.168178,-6.8976655],[112.1682298,-6.8976452],[112.1682955,-6.8976218],[112.1683632,-6.8975952],[112.1684231,-6.8975686],[112.1684703,-6.8975427],[112.1685113,-6.8975159],[112.1685506,-6.8974895],[112.1685915,-6.8974627],[112.1686318,-6.8974381],[112.1686663,-6.8974173],[112.1686984,-6.8973963],[112.1687278,-6.8973736],[112.1687539,-6.8973465],[112.1687724,-6.8973183],[112.1687856,-6.8972832],[112.1687928,-6.8972399],[112.1687916,-6.8971898],[112.1687858,-6.8971415],[112.1687789,-6.8970938],[112.1687729,-6.8970552],[112.1687683,-6.8970218],[112.1687639,-6.8969924],[112.1687595,-6.8969635],[112.1687565,-6.8969351],[112.1687532,-6.8969052],[112.1687505,-6.8968719],[112.1687472,-6.8968312],[112.168743,-6.8967845],[112.1687382,-6.8967336],[112.1687326,-6.8966857],[112.1687278,-6.8966418],[112.1687232,-6.8965978],[112.1687183,-6.8965525],[112.1687111,-6.896503],[112.1687019,-6.8964528],[112.1686926,-6.8964019],[112.1686859,-6.8963621],[112.168682,-6.8963276],[112.1686792,-6.8962883],[112.1686753,-6.8962423],[112.1686695,-6.8961842],[112.1686621,-6.8961121],[112.1686489,-6.8960156],[112.1686323,-6.8958928],[112.1686114,-6.8957612],[112.168601,-6.8956853],[112.1685955,-6.8956395],[112.1685941,-6.8956086],[112.1685934,-6.8955732],[112.1685927,-6.895526],[112.1685908,-6.8954853],[112.1685867,-6.8954433],[112.1685807,-6.8954045],[112.1685749,-6.8953645],[112.1685689,-6.8953263],[112.1685617,-6.8952865],[112.1685534,-6.8952458],[112.168546,-6.8952067],[112.1685423,-6.8951681],[112.1685418,-6.8951288],[112.1685397,-6.8950767],[112.168533,-6.8950114],[112.1685242,-6.8949184],[112.1685136,-6.8948277],[112.1685039,-6.8947634],[112.1684955,-6.8947138],[112.1684886,-6.8946654],[112.1684854,-6.8946328],[112.1684831,-6.8946083],[112.1684801,-6.8945868],[112.168475,-6.8945625],[112.1684696,-6.8945371],[112.1684657,-6.8945116],[112.1684639,-6.8944855],[112.1684622,-6.8944591],[112.1684597,-6.8944334],[112.168456,-6.8944059],[112.1684535,-6.8943793],[112.1684523,-6.8943518],[112.1684516,-6.8943296],[112.1684497,-6.8943027],[112.1684456,-6.8942715],[112.1684396,-6.8942387],[112.168434,-6.8942072],[112.1684292,-6.8941771],[112.1684257,-6.8941468],[112.168425,-6.8941186],[112.1684294,-6.8940893],[112.1684403,-6.8940627],[112.1684562,-6.8940409],[112.168474,-6.8940229],[112.1684942,-6.8940067],[112.1685233,-6.8939861],[112.1685615,-6.8939604],[112.1686052,-6.893931],[112.1686355,-6.8939081],[112.1686586,-6.8938878],[112.168675,-6.8938686],[112.1686898,-6.8938475],[112.1687026,-6.8938216],[112.1687141,-6.8937909],[112.1687241,-6.8937594],[112.1687366,-6.8937291],[112.1687479,-6.893702],[112.1687606,-6.8936729],[112.1687717,-6.8936449],[112.1687819,-6.8936169],[112.1687916,-6.893585],[112.1688016,-6.8935475],[112.1688129,-6.8935092],[112.1688298,-6.8934618],[112.1688511,-6.8934019],[112.1688698,-6.893354],[112.1688872,-6.8933097],[112.1689036,-6.8932642],[112.1689212,-6.8932137],[112.1689404,-6.8931633],[112.1689598,-6.8931166],[112.1689783,-6.8930757],[112.1689954,-6.8930417],[112.1690111,-6.8930144],[112.1690262,-6.8929956],[112.1690396,-6.8929847],[112.1690544,-6.8929804],[112.1690678,-6.892981],[112.169081,-6.8929878],[112.1690891,-6.8930028],[112.1690914,-6.8930248],[112.1690854,-6.8930493],[112.1690768,-6.8930747],[112.1690685,-6.8931013],[112.1690597,-6.8931302],[112.1690505,-6.8931589],[112.1690389,-6.8931878],[112.1690259,-6.8932154],[112.16901,-6.8932438],[112.1689966,-6.8932718],[112.1689852,-6.8933019],[112.1689753,-6.8933324],[112.1689605,-6.893368],[112.1689427,-6.8934064],[112.1689205,-6.8934494],[112.168902,-6.8934853],[112.1688835,-6.8935198],[112.1688689,-6.8935547],[112.1688578,-6.8935933],[112.1688515,-6.8936315],[112.1688441,-6.8936653],[112.1688312,-6.8937008],[112.1688138,-6.893738],[112.1687969,-6.8937792],[112.1687856,-6.8938079],[112.1687757,-6.8938323],[112.1687634,-6.893854],[112.1687461,-6.8938771],[112.1687229,-6.8939024],[112.1686956,-6.8939276],[112.1686656,-6.8939523],[112.1686343,-6.893975],[112.1686047,-6.8939958],[112.1685772,-6.8940159],[112.1685511,-6.8940379],[112.1685268,-6.8940617],[112.1685069,-6.8940846],[112.1684942,-6.8941054],[112.1684877,-6.8941297],[112.1684865,-6.8941561],[112.1684898,-6.8941917],[112.1684932,-6.894231],[112.1684992,-6.8942861],[112.1685076,-6.8943442],[112.1685208,-6.8944166],[112.1685291,-6.8944702],[112.1685351,-6.8945121],[112.1685386,-6.8945435],[112.1685409,-6.8945748],[112.1685432,-6.894606],[112.1685441,-6.8946405],[112.168545,-6.8946726],[112.168546,-6.8947001],[112.168549,-6.8947277],[112.1685527,-6.894757],[112.1685592,-6.8948063],[112.1685642,-6.8948512],[112.1685682,-6.8948956],[112.1685712,-6.8949321],[112.1685756,-6.8949675],[112.1685846,-6.8950036],[112.1685955,-6.8950323],[112.1686103,-6.8950557],[112.1686325,-6.8950684],[112.1686637,-6.8950635],[112.1687123,-6.8950284],[112.1687752,-6.8949703],[112.1688471,-6.8949002],[112.1689135,-6.8948338],[112.1689716,-6.8947799],[112.1690289,-6.8947246],[112.169054,-6.8947407],[112.1689626,-6.8948227],[112.1688918,-6.8948974],[112.1688101,-6.8949791],[112.1687396,-6.8950517],[112.1686866,-6.8951061],[112.1686552,-6.8951426],[112.1686403,-6.895166],[112.1686366,-6.8951884],[112.1686392,-6.8952155],[112.1686471,-6.8952561],[112.1686575,-6.8953106],[112.1686665,-6.8953644],[112.168673,-6.8954009],[112.168679,-6.8954278],[112.1686848,-6.8954521],[112.1686903,-6.8954773],[112.1686954,-6.895503],[112.1687003,-6.8955282],[112.1687037,-6.895552],[112.1687056,-6.8955737],[112.1687053,-6.895592],[112.1687021,-6.8956087],[112.1686984,-6.8956228],[112.1686954,-6.8956348],[112.1686935,-6.8956487],[112.1686926,-6.8956619],[112.1686922,-6.8956767],[112.1686922,-6.8956954],[112.1686942,-6.8957202],[112.1686982,-6.8957495],[112.1687033,-6.8957863],[112.1687086,-6.895824],[112.1687134,-6.8958645],[112.1687192,-6.8959071],[112.1687227,-6.8959459],[112.1687282,-6.8959926],[112.1687356,-6.8960472],[112.1687502,-6.8961199],[112.1687676,-6.8961746],[112.1687756,-6.896189],[112.1687842,-6.8962152],[112.1687893,-6.8962411],[112.1687942,-6.8962788],[112.1688041,-6.8963334],[112.1688145,-6.8963977],[112.1688231,-6.8964622],[112.1688323,-6.896527],[112.1688393,-6.8965869],[112.1688478,-6.8966438],[112.1688578,-6.8967066],[112.1688707,-6.8967785],[112.1688844,-6.8968706],[112.1689017,-6.8969717],[112.1689151,-6.8970696],[112.1689295,-6.8971765],[112.1689489,-6.8972577],[112.1689579,-6.8973723],[112.1691226,-6.8973741],[112.169247,-6.897367],[112.1693924,-6.8973723],[112.1693903,-6.8971267],[112.1694281,-6.8971288],[112.1694323,-6.8973702],[112.1696506,-6.8973681],[112.1696527,-6.8971246],[112.1696988,-6.8971225],[112.1697051,-6.8973723],[112.1699339,-6.8973702],[112.1699277,-6.8971237],[112.1699276,-6.8971225],[112.1699292,-6.8971224],[112.1699717,-6.8971204],[112.169978,-6.8973681],[112.1700914,-6.8973807],[112.1701857,-6.897368],[112.1702535,-6.8973664],[112.1703025,-6.8973615],[112.1703474,-6.8973497],[112.1703903,-6.8973341],[112.1704398,-6.8973072],[112.170427,-6.8972036],[112.170411,-6.8970701],[112.1703895,-6.8969049],[112.1703668,-6.8967344],[112.1703409,-6.8965507],[112.1703111,-6.8963476],[112.1702736,-6.8960985],[112.1702355,-6.8958459],[112.1701957,-6.89558],[112.1701587,-6.8953277],[112.1701193,-6.8950686],[112.1700835,-6.8948268],[112.1700458,-6.8945787],[112.1700145,-6.8943833],[112.1699864,-6.8941805],[112.1699497,-6.8941578],[112.1699313,-6.8941175],[112.1699153,-6.8940675],[112.1699047,-6.8940132],[112.1698975,-6.8939627],[112.1698913,-6.8939169],[112.1698843,-6.8938631],[112.1698765,-6.8937933],[112.1698707,-6.893723],[112.1698635,-6.8936728],[112.1698552,-6.8936338],[112.1698457,-6.8936],[112.1698369,-6.8935515],[112.1698302,-6.8934915],[112.1698244,-6.8934074],[112.169821,-6.8933553],[112.1698173,-6.8933164],[112.1698131,-6.8932871],[112.1698096,-6.8932561],[112.169808,-6.8932272],[112.1698059,-6.8931976],[112.1698011,-6.8931633],[112.1697906,-6.8931242],[112.1697789,-6.8930891],[112.1697678,-6.8930613],[112.1697562,-6.8930393],[112.1697381,-6.8930157],[112.1697162,-6.8929912],[112.16969,-6.8929586],[112.1696762,-6.8929309],[112.169678,-6.8929147],[112.1696951,-6.8929119],[112.1697159,-6.8929202],[112.1697368,-6.8929387],[112.1697562,-6.892966],[112.1697726,-6.8929979],[112.1697872,-6.8930324],[112.1698008,-6.8930662],[112.1698147,-6.8931062],[112.1698244,-6.8931423],[112.16983,-6.8931781],[112.1698334,-6.8932084],[112.1698369,-6.8932334],[112.1698422,-6.8932602],[112.1698476,-6.8932878],[112.1698531,-6.8933215],[112.1698563,-6.8933525],[112.16986,-6.8933808],[112.1698649,-6.8934087],[112.1698728,-6.8934411],[112.1698816,-6.8934772],[112.1698913,-6.893517],[112.169898,-6.8935538],[112.1699028,-6.8935892],[112.1699084,-6.8936391],[112.1699137,-6.8936895],[112.1699197,-6.8937437],[112.1699262,-6.8937909],[112.1699327,-6.8938364],[112.1699385,-6.8938783],[112.1699435,-6.8939183],[112.1699509,-6.893959],[112.169957,-6.8939907],[112.1699632,-6.8940194],[112.1699699,-6.8940451],[112.1699792,-6.8940703],[112.1699898,-6.8940985],[112.1700021,-6.8941386],[112.1700162,-6.8941969],[112.1700326,-6.8942876],[112.1700499,-6.8944042],[112.1700715,-6.8945577],[112.1701001,-6.8947489],[112.170127,-6.8949291],[112.1701533,-6.8951001],[112.1701769,-6.8952574],[112.1701987,-6.8954165],[112.1702227,-6.8955817],[112.1702475,-6.8957526],[112.1702743,-6.8959283],[112.1702981,-6.896083],[112.1703243,-6.8962639],[112.1703541,-6.8964707],[112.1703897,-6.8967248],[112.1704235,-6.8969612],[112.1704566,-6.8971876],[112.1704748,-6.8972981],[112.1706837,-6.8972577]]]]}}]}